method,domain,training_seed,environment_seed,episode_id,windows,endpoint_force_mae_N,endpoint_force_mae_N_h1,endpoint_force_mae_N_h2,endpoint_force_mae_N_h3,endpoint_force_mae_N_h4,endpoint_force_mae_N_h5,interval_peak_mae_N,interval_peak_mae_N_h1,interval_peak_mae_N_h2,interval_peak_mae_N_h3,interval_peak_mae_N_h4,interval_peak_mae_N_h5,height_mae_m,height_mae_m_h1,height_mae_m_h2,height_mae_m_h3,height_mae_m_h4,height_mae_m_h5,contact_phase_endpoint_force_mae_N,contact_forecast_fraction,peak_episode_coverage,height_episode_coverage,joint_episode_coverage,contact_force_error_sum,contact_force_component_count
vision_world_model,test_id,0,20350000,id_000,30,1.2495354559334615,1.062214510111759,1.107230807054374,1.2497169504149093,1.3675673796277907,1.460947632458475,3.7387520146369932,3.214042349656423,3.313536286354065,3.7290950616200766,4.0793767213821415,4.357709654172262,0.0026327519596088676,0.002410059542550395,0.002469620269645626,0.0025909565136923145,0.0027000459396125127,0.0029930775325434904,1.8706576182924035,0.66,1.0,1.0,1.0,1111.1706252656877,594
vision_world_model,test_id,0,20350001,id_001,30,0.042625206580592524,0.050024850273297894,0.04264630081339015,0.040586274820897314,0.03970637847152021,0.04016222852385706,0.12082590579986573,0.10535836219787598,0.11845691998799641,0.12060057322184245,0.12638719081878663,0.13332648277282716,0.0014347447423885267,0.001988880600159367,0.0014889984430434802,0.0012976771065344413,0.001222353735162566,0.0011758138270427784,,0.0,1.0,1.0,1.0,0.0,0
vision_world_model,test_id,0,20350002,id_002,30,1.2286280075005358,1.1642687882607181,1.203404465214246,1.2206960699417524,1.2524838656600978,1.3022868484258652,2.973062348365784,2.8574399948120117,2.899122786521912,2.9277256965637206,3.043898510932922,3.137124752998352,0.00478995779917265,0.0033029120105008284,0.003897074881630639,0.004750289244111627,0.0055904163125281535,0.006409096547092001,1.8744702914864133,0.6466666666666666,1.0,1.0,1.0,1090.9417096450925,582
vision_world_model,test_id,0,20350003,id_003,30,0.040011168027089705,0.05081833203633626,0.042338453543682895,0.03765102451046308,0.03498569263352288,0.03426233741144339,0.12396955966949463,0.12132701873779297,0.12277304331461589,0.12267796993255616,0.12503335475921631,0.12803641160329182,0.0006587096668469409,0.0010386563061426082,0.0006477039384966095,0.0005572596215642989,0.0005325482420933743,0.0005173802259378135,,0.0,1.0,1.0,1.0,0.0,0
vision_world_model,test_id,0,20350004,id_004,30,0.5706632340865003,0.4726896277214918,0.5987378379743961,0.5691061763092875,0.5918380331558486,0.6209444952714774,1.549754074414571,1.2794492681821188,1.654043467839559,1.5617847601572672,1.6030691703160604,1.6504237055778503,0.004192624939993644,0.0041612419571417075,0.0038902533822692932,0.004022574686678127,0.004303615854587406,0.004585438819291691,0.9176348008713497,0.6066666666666667,1.0,1.0,1.0,501.02860127575696,546
vision_world_model,test_id,0,20350005,id_005,30,0.039857371279762854,0.04032325146512853,0.04029739329384433,0.039768740141557325,0.03986971957816018,0.03902775192012389,0.11318736076354981,0.10692938168843587,0.10944778124491374,0.1130065679550171,0.11523653666178385,0.12131653626759847,0.0003640711315286656,0.0004988164330522219,0.00032817530057703456,0.00031524795728425187,0.0003426045955469211,0.0003355113711828987,,0.0,1.0,1.0,1.0,0.0,0
vision_world_model,test_id,0,20350006,id_006,30,0.3131450570560992,0.36331904189040265,0.2877852624903123,0.2716995519689388,0.2956810237011976,0.34724040522964467,0.5722092445691427,0.7990002632141113,0.537859054406484,0.4279015938440959,0.4901308099428813,0.6061545014381409,0.008014281528691452,0.00570865540454785,0.007637478950588653,0.008608033853427817,0.008993537444621325,0.009123701990271607,0.47429776010400754,0.6266666666666667,1.0,1.0,1.0,267.50393669866025,564
vision_world_model,test_id,0,20350007,id_007,30,0.03991104462080532,0.03838104330417183,0.04125733383827739,0.04074584899677171,0.03971312584148513,0.039457871123320526,0.13189364910125734,0.14007097085316975,0.1370935837427775,0.12968633969624838,0.12751328945159912,0.12510406176249186,0.0003434534114785492,0.00036098737424860395,0.0003166751315196355,0.00031263343601798017,0.00035175417627518376,0.0003752169393313428,,0.0,1.0,1.0,1.0,0.0,0
vision_world_model,test_id,0,20350008,id_008,30,1.590116736361136,1.4009718888749678,1.4485792041963172,1.590905714304083,1.6989995535670055,1.8111273208633065,4.478989164034526,3.969408981005351,4.1025060971577965,4.485365645090739,4.763949513435364,5.073715583483378,0.0032247403525980187,0.0032302416084955135,0.00282070115111613,0.0031668168861263743,0.003308706656874468,0.0035972354603776087,2.410117481049581,0.6533333333333333,1.0,1.0,1.0,1417.1490788571537,588
vision_world_model,test_id,0,20350009,id_009,30,0.9200723173386521,0.846994248425795,0.8749817898910907,0.9419822782691982,0.9528722562102808,0.9835310138968958,2.436710817813873,2.3259910980860394,2.3236144264539083,2.4983543793360394,2.4930978576342264,2.5424963275591534,0.008186722388491035,0.005059421187615954,0.007033849511450778,0.008514568176663791,0.009682187044139331,0.01064358602258532,1.4464255039983078,0.6266666666666667,1.0,1.0,1.0,815.7839842550457,564
vision_world_model,test_id,0,20350010,id_010,30,1.047660505655739,1.1087129229058823,1.0838710338705115,0.9151505939041574,1.1052137855440378,1.025354192054106,3.839919075171153,3.9977278391520183,4.032711084683736,3.6751461267471313,3.7873199621836346,3.7066903630892436,0.0035461780102923513,0.003158878740699341,0.003018534703490635,0.003210836225965371,0.0037751853349618615,0.004567455046344549,1.5386235739470218,0.6733333333333333,1.0,1.0,1.0,932.4058858118951,606
vision_world_model,test_id,0,20350011,id_011,30,1.0687643837100929,1.059590558687018,1.0720424331931604,1.0690626284728448,1.0578135415911674,1.0853127566062741,2.6979600389798484,2.696420701344808,2.7351219495137533,2.7056885242462156,2.6536405285199485,2.6989284912745157,0.006117812952337166,0.004705250166201343,0.005318461273175975,0.005966261153419813,0.006828509597107768,0.00777058257178093,1.6255149967917257,0.6466666666666666,1.0,1.0,1.0,946.0497281327844,582
vision_world_model,test_id,0,20350012,id_012,30,0.03507420382979844,0.03791343559407526,0.03383852938810984,0.03355731659879287,0.034482492196063204,0.035579245371951,0.11275893529256185,0.1301603635152181,0.11815783977508545,0.107949693997701,0.10571885108947754,0.10180792808532715,0.0004961520091940959,0.0004830506630241871,0.000481878500431776,0.00046800170869876944,0.0005121865542605519,0.0005356426195551951,,0.0,1.0,1.0,1.0,0.0,0
vision_world_model,test_id,0,20350013,id_013,30,0.658465599915944,0.5297679226069401,0.6542512537782184,0.6958890294707898,0.7058722124848928,0.7065475812388791,1.8348159670829773,1.422291342417399,1.847766637802124,1.9598795453707376,1.9823559880256654,1.9617863217989604,0.004141610759931306,0.003528087966454526,0.003350541368126869,0.0037935987580567597,0.0046283953396293025,0.005407430367389073,1.0614872337191028,0.6066666666666667,1.0,1.0,1.0,579.5720296106301,546
vision_world_model,test_id,0,20350014,id_014,30,0.9821813859169682,1.119887344352901,0.9799956856709388,0.9453046052820153,0.9374148906932936,0.9283044035856922,2.50349462668101,2.950814366340637,2.488904285430908,2.387916262944539,2.356576450665792,2.333261768023173,0.0034473659470677376,0.0027984755385356643,0.002754048580148568,0.0031678505164260667,0.003859879441248874,0.0046565756589795155,1.6174582361700607,0.5933333333333334,1.0,1.0,1.0,863.7226981148124,534
vision_world_model,test_id,0,20350015,id_015,30,1.4808178616646264,1.4856449699236287,1.5084397132198015,1.4857649608825645,1.4823308508843183,1.4419088134128186,3.8982503787676492,3.95121146440506,4.0159544229507445,3.935209075609843,3.8866111238797507,3.7022658069928487,0.004954620506614446,0.0032261928853889307,0.003794797936764856,0.00482572759501636,0.005915797428072741,0.007010586687829346,2.3975773568305634,0.6133333333333333,1.0,1.0,1.0,1323.462700970471,552
vision_world_model,test_id,0,20350016,id_016,30,2.586345300856564,2.538127872472008,2.544139936545657,2.6427797071842685,2.6406605592204464,2.5660184288604393,7.158454898198445,7.019972586631775,7.078012728691101,7.221919322013855,7.331856226921081,7.140513626734416,0.005030009896339228,0.004505267331842333,0.0047272000733452535,0.004956436149465541,0.00528019501750047,0.005680950909542541,3.935550580688176,0.6533333333333333,1.0,1.0,1.0,2314.1037414446473,588
vision_world_model,test_id,0,20350017,id_017,30,0.05265579322146045,0.048797126735250156,0.05407460503694084,0.05438903503947788,0.05340263849745194,0.05261556079818143,0.1704858938852946,0.17897864977518718,0.1747947057088216,0.16806908448537192,0.16505258083343505,0.16553444862365724,0.0004166423118052383,0.0007279646505291263,0.000404254257834206,0.0003293320614223679,0.00031726966456820566,0.0003043909246722857,,0.0,1.0,1.0,1.0,0.0,0
vision_world_model,test_id,0,20350018,id_018,30,1.537047914692925,1.5539680591473977,1.5485048384923075,1.505155604498254,1.550477585506936,1.5271334858197305,4.148887478510539,4.247281686464945,4.195046782493591,4.067903033892313,4.126116673151652,4.108089216550192,0.0032797934262392423,0.0018348874912286798,0.0025061797893916565,0.0032966192462481557,0.004055116209201515,0.004706164395126204,2.485150420160937,0.6133333333333333,1.0,1.0,1.0,1371.8030319288373,552
vision_world_model,test_id,0,20350019,id_019,30,2.4829688592627646,2.28562994842521,2.466642359188861,2.5624445793632833,2.570672272373405,2.5294551369630627,7.422597326437632,6.885035173098246,7.397389562924703,7.6658464233080545,7.641321595509847,7.523393877347311,0.005531799487459163,0.004131662861133615,0.0043166303114655115,0.0053959759185090665,0.006414040081047763,0.007400688265139858,3.818397044434606,0.6466666666666666,1.0,1.0,1.0,2222.3070798609406,582
vision_world_model,test_id,0,20350020,id_020,30,2.235146021356599,2.286114337326338,2.134109314634568,2.279572801395423,2.2246836962799232,2.251249957146744,6.301215404669444,6.433379232883453,6.05600544611613,6.4542540868123375,6.236197392145793,6.326240865389506,0.009129089328926056,0.006077644880861044,0.007408911501988769,0.009071698761545122,0.010617365750173727,0.01246982575006162,3.397461360442065,0.6466666666666666,1.0,1.0,1.0,1977.3225117772818,582
vision_world_model,test_id,0,20350021,id_021,30,0.969697916822301,0.893545086743931,0.8184348082997732,0.921600495196051,1.0456194563251402,1.1692897375466096,2.685089126427968,2.420064417521159,2.19534486134847,2.565829141934713,2.9079776048660277,3.3362296064694723,0.004811377855755078,0.004755041945221213,0.004734316545849045,0.004776132153347134,0.004727286261428768,0.00506411237292923,1.4267858147449028,0.6733333333333333,1.0,1.0,1.0,864.6322037354112,606
vision_world_model,test_id,0,20350022,id_022,30,0.04060150491280688,0.049576102197170256,0.043765728423992796,0.039164177638789016,0.03589919263290035,0.034602323671181996,0.12943917512893677,0.13905694882074993,0.13275437355041503,0.1275649070739746,0.12424635887145996,0.12357328732808431,0.00047072115587070584,0.0006511889359292884,0.00042208666757990917,0.00042571114609017967,0.0004308935914499064,0.00042372543830424545,,0.0,1.0,1.0,1.0,0.0,0
vision_world_model,test_id,0,20350023,id_023,30,0.5672130223115285,0.7167919922827019,0.5067492956088648,0.5011626125830743,0.5215565937467748,0.5898046173362268,1.0757721638679505,1.5271933476130168,0.9123108466466268,0.9113186160723369,0.9220971981684367,1.1059408108393352,0.004857838771616419,0.004194330024377754,0.0042048248617599406,0.00468660230981186,0.005292010462532441,0.0059114261996001,0.8594157694426087,0.6466666666666666,1.0,1.0,1.0,500.17997781559825,582
vision_world_model,test_id,0,20350024,id_024,30,0.35840220398373074,0.35211183350119324,0.35276776185880104,0.3686123953925239,0.3747142907852928,0.34380473838084274,0.6766954326629638,0.6261182943979899,0.6595587809880574,0.6735691070556641,0.7603013515472412,0.6639296293258667,0.005903898941663405,0.004284475119008372,0.00517589293885976,0.005886372310730318,0.006679959203271816,0.007492795136446754,0.5236405599925692,0.6533333333333333,1.0,1.0,1.0,307.9006492756307,588
vision_world_model,test_id,0,20350025,id_025,30,1.3928822700182597,1.170425962843001,1.3277994967479674,1.5253378234079316,1.5582683509422672,1.3825797161501314,4.1301358183225,3.4157845973968506,4.042027270793914,4.36848992506663,4.452097241083781,4.372280057271322,0.008348178587233027,0.007270035485271364,0.00825361415045336,0.008726402022875845,0.008756939220863085,0.008733902056701482,2.1150894841831813,0.6533333333333333,1.0,1.0,1.0,1243.6726166997105,588
vision_world_model,test_id,0,20350026,id_026,30,2.4557817346147366,2.654949710932043,2.5305401347370613,2.440438857736687,2.3777984011090463,2.2751815685588452,6.036198388735453,6.643990071614583,6.272855075200399,5.982592932383219,5.843572664260864,5.437981200218201,0.0049500669150923686,0.004727075113138805,0.0042803030538683135,0.004218526669622709,0.005091846342353771,0.006432583396478246,3.744405908655806,0.6533333333333333,1.0,1.0,1.0,2201.710674289614,588
vision_world_model,test_id,0,20350027,id_027,30,0.9795411345776585,0.9948049274376697,0.9626523784879181,0.9878402670224508,0.9694797474683987,0.982928352471855,2.588512231508891,2.6771374464035036,2.55553244749705,2.6065961082776385,2.5364583214124043,2.5668368339538574,0.00808489899422663,0.005967313660463939,0.007170831920423855,0.008229330325654398,0.00915848432535616,0.009898534739234795,1.554681093108216,0.62,1.0,1.0,1.0,867.5120499543846,558
vision_world_model,test_id,0,20350028,id_028,30,0.03972380590521627,0.05248329622877969,0.03928538186268674,0.035380469552344744,0.03514275532215834,0.03632712656011184,0.11617245833079021,0.1475888729095459,0.1232351541519165,0.10695942242940266,0.10159444014231364,0.1014844020207723,0.0005589425051584839,0.000702430447563529,0.000565486199532946,0.0005246864476551612,0.0005118134819592038,0.0004902959490815799,,0.0,1.0,1.0,1.0,0.0,0
vision_world_model,test_id,0,20350029,id_029,30,1.033245025674502,0.9948860578859846,0.9681030554076036,1.0724049556793438,1.0446386805011167,1.0861923788984618,2.9412428069114687,2.7305806001027424,2.814731768767039,3.096238652865092,2.951478377978007,3.1131846348444623,0.009934754429850727,0.006503030770303061,0.007786147963876526,0.010150457099856187,0.01161320813698694,0.013620928178230922,1.5525758775635337,0.6533333333333333,1.0,1.0,1.0,912.9146160073578,588
vision_world_model,test_geometry_ood,0,20351000,geometry_ood_000,30,0.6562388662828339,0.6304855251684784,0.6690629336982965,0.6729206326728066,0.6617036803729004,0.6470215595016877,1.610498382250468,1.5069292386372883,1.643823266029358,1.6471787055333456,1.6420717636744182,1.6124889373779296,0.003600197779208732,0.0031245346064679323,0.0026951220507423082,0.003208915547778209,0.00406371498053583,0.004908701710519381,1.0554736510243719,0.5866666666666667,1.0,1.0,1.0,557.2900877408683,528
vision_world_model,test_geometry_ood,0,20351001,geometry_ood_001,30,0.038759219671289126,0.0493235408845875,0.040226632232467335,0.03644438011364804,0.03392762937065628,0.03387391575508648,0.1273956537246704,0.1605128049850464,0.13536042372385662,0.12031165758768718,0.11235915819803874,0.10843422412872314,0.0005346028464070211,0.000712346068272988,0.0004585716815199703,0.00047057554863082863,0.0005196103913476691,0.0005119105422636494,,0.0,1.0,1.0,1.0,0.0,0
vision_world_model,test_geometry_ood,0,20351002,geometry_ood_002,30,0.04180120914346642,0.039820298904346095,0.04245140784316593,0.04264712824175755,0.042592706862423155,0.04149450386563937,0.14092233180999755,0.14323445955912273,0.14258405367533367,0.14092090129852294,0.13760948181152344,0.14026276270548502,0.00030968001888444024,0.0004772944841533899,0.000274082669056952,0.0002410526465003689,0.00027430617871383826,0.00028166411599765223,,0.0,1.0,1.0,1.0,0.0,0
vision_world_model,test_geometry_ood,0,20351003,geometry_ood_003,30,3.7346081541830465,3.61445312489652,3.660476109613147,3.759576464133958,3.755403005507671,3.8831320667639373,7.719348559379577,7.428994639714559,7.544935480753581,7.769082752863566,7.84308299223582,8.010646931330363,0.010472424651961774,0.009539365749030063,0.009735641605220734,0.010314969520550221,0.011026912861658881,0.011745233523348967,5.6919473260419355,0.6533333333333333,0.0,1.0,0.0,3346.865027712658,588
vision_world_model,test_geometry_ood,0,20351004,geometry_ood_004,30,0.732028320910823,0.9898159796889457,0.7537636059853766,0.6555560217135482,0.6305970936392744,0.6304089035269701,1.8793153309822082,2.586683456103007,1.9310187975565591,1.680230728785197,1.634570097923279,1.5640735745429992,0.0045828958173903325,0.003029097589508941,0.003530741036714365,0.004472116151979814,0.00547216907919695,0.006410355229551593,1.0998234408203686,0.5733333333333334,1.0,1.0,1.0,567.5088954633102,516
vision_world_model,test_geometry_ood,0,20351005,geometry_ood_005,30,0.0524419154971838,0.06378072982447015,0.05469212132609553,0.05029863061176406,0.047276522198485,0.046161573525104256,0.16056999683380127,0.1937050978342692,0.16290652751922607,0.15115216573079426,0.14717968304951987,0.14790651003519695,0.0005773011692023525,0.0006411520764231682,0.000547010488420104,0.0005489340905720989,0.000577501265797764,0.0005719079247986277,,0.0,1.0,1.0,1.0,0.0,0
vision_world_model,test_geometry_ood,0,20351006,geometry_ood_006,30,0.795097002596077,0.8387755431959198,0.7731830744279755,0.8205778439425759,0.7843892758505212,0.7585592755633924,2.275794827143351,2.417473344008128,2.2378104170163473,2.363902799288432,2.208838629722595,2.1509489456812543,0.002795506393692146,0.0019009471133661767,0.0016353379158924022,0.0025859636448634167,0.0034014351200312375,0.004453848174307495,1.1655998187094825,0.6466666666666666,1.0,1.0,1.0,678.3790944889188,582
vision_world_model,test_geometry_ood,0,20351007,geometry_ood_007,30,0.03596804399043321,0.048961032492419086,0.037385795244740117,0.03269393321954542,0.030484510771930217,0.030314948223531247,0.12418372790018717,0.14357802867889405,0.1271271308263143,0.11955637137095133,0.11604750156402588,0.11460960706075032,0.0010197937744669617,0.001487194886431098,0.0010254994112377366,0.000869418327541401,0.0008498697308823467,0.000866986516242226,,0.0,1.0,1.0,1.0,0.0,0
vision_world_model,test_geometry_ood,0,20351008,geometry_ood_008,30,1.7064693490726253,1.5572472442872822,1.6032575183444553,1.7278954094896715,1.7859632161342436,1.8579833571074738,4.845312595367432,4.21932776371638,4.565760258833567,4.973563901583353,5.113210622469584,5.354700430234273,0.008519232491962611,0.008549551607575267,0.008071270930425574,0.008091437649757912,0.008528867651087542,0.009355034620966762,2.5807624790798296,0.6466666666666666,1.0,1.0,1.0,1502.0037628244609,582
vision_world_model,test_geometry_ood,0,20351009,geometry_ood_009,30,1.5093323900757565,1.6240846446404855,1.4162870714440943,1.4786747380884158,1.5050837990517418,1.522531697154045,2.4333261108398436,2.7227840662002563,2.1813285032908123,2.371815737088521,2.392440406481425,2.498261841138204,0.006419506630239388,0.005662152543663979,0.00571255919833978,0.00624368484908094,0.0068243878233867385,0.0076547487367254995,2.2448618477086226,0.6666666666666666,1.0,1.0,1.0,1346.9171086251736,600
vision_world_model,test_geometry_ood,0,20351010,geometry_ood_010,30,1.7240546145786841,1.7258565973490476,1.6791233480390575,1.7286018831034502,1.7351835489686993,1.7515076954331663,4.819584592183431,4.686925840377808,4.685482327143351,4.85477286974589,4.903231728076935,4.967510195573171,0.010492766860794896,0.008084372240894784,0.0090243797050789,0.010407341143582017,0.011778110809003314,0.01316963040541547,2.664416505896952,0.64,1.0,1.0,1.0,1534.7039073966444,576
vision_world_model,test_geometry_ood,0,20351011,geometry_ood_011,30,2.210115788653493,2.466818889975548,2.2213314446931083,2.14856240707967,2.0904613982679114,2.1234048032512267,3.6825269079208374,4.734424781799317,3.719036102294922,3.398570418357849,3.235796006520589,3.3248072306315106,0.013968851900814722,0.011079538543708623,0.012505090679042041,0.01380792479418839,0.015401536536713441,0.017050168950421114,3.264110099585733,0.6733333333333333,1.0,0.0,0.0,1978.0507203489542,606
vision_world_model,test_geometry_ood,0,20351012,geometry_ood_012,30,0.8599089322177073,0.8279061467076342,0.82291819004135,0.8294412297817568,0.8954893826403552,0.9237897119174401,1.7917856748898824,1.7446550528208415,1.7078048944473267,1.6794400930404663,1.8824874361356099,1.9445408980051677,0.005544472887025525,0.003532784994846831,0.0044957627464706695,0.005450378509704023,0.006561450318743786,0.007681987865362316,1.3138380198494384,0.6333333333333333,1.0,1.0,1.0,748.8876713141799,570
vision_world_model,test_geometry_ood,0,20351013,geometry_ood_013,30,1.2083291443871955,1.1148260338956284,1.1843845606988503,1.2425881246829198,1.2309535417084894,1.26889346095009,1.2024187858899433,1.0319795489311219,1.1216810703277589,1.2301777680714925,1.2541654109954834,1.3740901311238607,0.013207214811506371,0.011242271959781646,0.01261325916275382,0.013247922819573432,0.014108829681451123,0.014823790433971832,1.794830450102066,0.6666666666666666,1.0,1.0,1.0,1076.8982700612396,600
vision_world_model,test_geometry_ood,0,20351014,geometry_ood_014,30,1.3038343831524253,1.261102032268213,1.369187307337092,1.3208189981886083,1.300845533816351,1.2672180441518626,3.2335819546381632,3.089800786972046,3.362784226735433,3.279702321688334,3.245558023452759,3.1900644143422445,0.0029392350488342345,0.002681237579478572,0.0023610464568870762,0.0026344955860016245,0.0031979772572716075,0.003821418364532292,1.9489117779891298,0.66,1.0,1.0,1.0,1157.6535961255431,594
vision_world_model,test_geometry_ood,0,20351015,geometry_ood_015,30,1.6627413532955364,1.2951851001888928,1.5532614036463201,1.7527211481912268,1.7928333240457708,1.9197057904054722,3.7362273081143695,2.625631022453308,3.4402759114901227,4.039761598904928,4.0853090524673465,4.4901589552561445,0.009172517528447012,0.005515934635574619,0.008885433016500126,0.010083991087352235,0.010420525749213993,0.010956703153594087,2.5286852189697653,0.6533333333333333,1.0,1.0,1.0,1486.866908754222,588
vision_world_model,test_geometry_ood,0,20351016,geometry_ood_016,30,0.06294586482561297,0.05972462445497513,0.06432879511266947,0.06506542921480206,0.06333050727844239,0.06227996806717581,0.18566945552825928,0.19743682543436686,0.1898311932881673,0.1839741547902425,0.17860138416290283,0.17850371996561687,0.0005178451491519809,0.0007517220064376791,0.0005183644127100707,0.0004481902190794547,0.00044197211197266975,0.00042897699556003016,,0.0,1.0,1.0,1.0,0.0,0
vision_world_model,test_geometry_ood,0,20351017,geometry_ood_017,30,1.3200577015471127,1.36749902135796,1.1425508544676835,1.3214331334870724,1.3536575386921565,1.4151479597306913,1.3999338595072428,1.6959847529729208,0.8856708367665609,1.3546703577041626,1.460527729988098,1.6028156201044719,0.01065437195279325,0.00801510769330586,0.008808440812087308,0.010823830271450181,0.012269791910269608,0.013354689076853296,2.003321908141936,0.6533333333333333,1.0,1.0,1.0,1177.9532819874585,588
vision_world_model,test_geometry_ood,0,20351018,geometry_ood_018,30,0.5168928398109145,0.4738599688021673,0.40402641172210374,0.5297279421550533,0.5683558472846117,0.6084940290906363,1.039567101796468,0.9277603228886923,0.791642689704895,1.021211822827657,1.1701154510180156,1.2871052225430806,0.0030496153181108336,0.0016494753964555761,0.0018739964424942931,0.002883434617736687,0.003908814738194147,0.004932355395673464,0.7769414318415025,0.64,1.0,1.0,1.0,447.5182647407055,576
vision_world_model,test_geometry_ood,0,20351019,geometry_ood_019,30,0.046046718419012096,0.053317709256791405,0.04732267761396037,0.044670945985449684,0.04283191961132818,0.04209033962753084,0.14912220160166423,0.1786210298538208,0.15122551918029786,0.14014208316802979,0.13722168604532878,0.1384006897608439,0.00036736557725816963,0.0004474557548140486,0.00034840700682252644,0.00032501641156462333,0.0003551230824086815,0.0003608256306809684,,0.0,1.0,1.0,1.0,0.0,0
vision_world_model,test_geometry_ood,0,20351020,geometry_ood_020,30,0.06039329360756609,0.05479135002113051,0.06158300410542223,0.06296970548315181,0.061713741512762176,0.060908666915363736,0.18022491455078124,0.18547847270965576,0.18358851273854573,0.1796246608098348,0.17571720282236736,0.1767157236735026,0.0005054893018677831,0.0007685026619583368,0.0005019062043478092,0.0004296318705504139,0.00042201603452364603,0.0004053897379587094,,0.0,1.0,1.0,1.0,0.0,0
vision_world_model,test_geometry_ood,0,20351021,geometry_ood_021,30,3.3263743520362508,3.2501925436158974,3.2512600887566805,3.34920004196465,3.361544410346283,3.4196746754977436,8.241642957528432,7.933054089546204,8.099378609657288,8.298724023501078,8.404736347993214,8.472321716944377,0.013863937788798164,0.01178687292849645,0.013031525731397172,0.01407283426184828,0.01487286458723247,0.015555591435016444,5.0749680575642255,0.6533333333333333,1.0,1.0,1.0,2984.0812178477645,588
vision_world_model,test_geometry_ood,0,20351022,geometry_ood_022,30,1.8824033919245833,1.731433167329265,1.6261812469818526,1.9102508566859695,2.029818737744871,2.114332950880958,5.727875614960988,5.201782671610514,4.972906112670898,5.829479249318441,6.199461166063944,6.435748875141144,0.003823987524180363,0.002929600452383359,0.00218231682277595,0.003278221593548854,0.004533451954678943,0.006196346797514707,2.8281502297258054,0.64,1.0,1.0,1.0,1629.014532322064,576
vision_world_model,test_geometry_ood,0,20351023,geometry_ood_023,30,1.5174507333959142,1.5578024840396312,1.5277093412561549,1.5253520003002552,1.5174651463205615,1.4589246950629684,1.8276129007339477,1.9406037251154582,1.879947559038798,1.9108092149098714,1.7152846892674765,1.6914193153381347,0.017244805013760925,0.013178440373546133,0.015128657295523833,0.01705618460352222,0.019262043316848575,0.02159869947936386,2.2505448163176576,0.6666666666666666,1.0,0.0,0.0,1350.3268897905946,600
vision_world_model,test_geometry_ood,0,20351024,geometry_ood_024,30,0.6259198467723197,0.6277639675264557,0.6264838708357678,0.6390552264120843,0.6198196824640035,0.6164764866232872,0.9427369864781697,0.9827502250671387,0.9297233740488688,0.9885840018590292,0.9028934955596923,0.9097338358561198,0.0022668965025028835,0.002174998305660362,0.0016512469369142006,0.0021197742122846344,0.0023761778177383047,0.0030122852399169157,0.9238167925038522,0.66,1.0,1.0,1.0,548.7471747472882,594
vision_world_model,test_geometry_ood,0,20351025,geometry_ood_025,30,0.6615932057094243,0.5538555923021502,0.6407365969692668,0.658935935339994,0.6858672448744376,0.768570659061273,1.181642059882482,0.853064481417338,1.092254904905955,1.1111289262771606,1.3122559070587159,1.53950607975324,0.007485201413510367,0.005990002321777865,0.00699024711890767,0.0075758500296312075,0.008167175595493367,0.008702732001741728,1.0594293858460235,0.6066666666666667,1.0,1.0,1.0,578.4484446719289,546
vision_world_model,test_geometry_ood,0,20351026,geometry_ood_026,30,1.1444787871403,1.0039322795139418,1.1537351621107923,1.1862664607146547,1.2041954533507426,1.1742645800113678,2.390558223724365,1.989741841952006,2.445706868171692,2.5197346210479736,2.5754770755767824,2.4221307118733724,0.0044613984343595805,0.002753855043556541,0.003611754257387171,0.004503934748936444,0.0052746226079761985,0.006162825513941547,1.7590524345739849,0.64,1.0,1.0,1.0,1013.2142023146152,576
vision_world_model,test_geometry_ood,0,20351027,geometry_ood_027,30,0.5159448553290632,0.44935821284436517,0.4705613184927238,0.506602945799629,0.5700091557991174,0.5831926437094808,0.5014992348353068,0.3565874735514323,0.39926515420277914,0.43944900830586753,0.6378413041432699,0.6743532339731853,0.009548149780991177,0.007688734835634629,0.008794818915581952,0.009671484764354924,0.010402239703883728,0.011183470685500652,0.7689154885606873,0.6466666666666666,1.0,1.0,1.0,447.50881434231997,582
vision_world_model,test_geometry_ood,0,20351028,geometry_ood_028,30,1.3166022138587303,1.2529943416515985,1.4592279861991604,1.3167280408243338,1.3021738420964943,1.2518868585220642,3.0491190163294473,2.774091370900472,3.3748838265736896,3.1047547658284507,3.003187823295593,2.9886772950490315,0.0028987275265778102,0.0026183548519232622,0.0022344960772898046,0.0025839459597288322,0.003106637454281251,0.003950203289665903,1.962535950653255,0.6666666666666666,1.0,1.0,1.0,1177.521570391953,600
vision_world_model,test_geometry_ood,0,20351029,geometry_ood_029,30,1.9003340941708948,1.8944400160262982,1.8904277889471914,1.875455925323897,1.9399572871211501,1.9013894534359375,3.2233541202545166,3.214039381345113,3.1574674050013223,3.18905607064565,3.2541431029637655,3.302064641316732,0.011886101076379418,0.008577757596503944,0.01042995071814706,0.011974841759850582,0.013538322654009486,0.014909632653386021,3.077822937204948,0.6133333333333333,1.0,0.0,0.0,1698.9582613371313,552
vision_world_model,test_physics_ood,0,20352000,physics_ood_000,30,1.1216604830655788,1.1582765665940113,0.8936893511977461,1.0796917002855075,1.1834826965298917,1.2931621007207368,2.5240267435709636,2.593593223889669,1.8073318243026733,2.3844544490178428,2.7429457028706867,3.0918085177739463,0.00598022458376363,0.005233105621300638,0.004839057863379518,0.005418503637580822,0.006633922620676458,0.007776533175880711,1.7013875795845068,0.6533333333333333,1.0,1.0,1.0,1000.4158967956901,588
vision_world_model,test_physics_ood,0,20352001,physics_ood_001,30,0.03976396313971943,0.04784973847369353,0.040725739631387925,0.03809452121042543,0.03664711900055408,0.0355026973825362,0.13830901463826498,0.1665623982747396,0.139553173383077,0.1305102825164795,0.12717025279998778,0.12774896621704102,0.0003899252802754442,0.00034217246963332096,0.00039095989583681025,0.0004096943885087967,0.00041092466562986374,0.0003958749817684293,,0.0,1.0,1.0,1.0,0.0,0
vision_world_model,test_physics_ood,0,20352002,physics_ood_002,30,0.03129456721453203,0.03158506191232138,0.032036960621674854,0.03100940821071466,0.030434418614539833,0.03140698671340943,0.11555499235788981,0.11270174185434977,0.11851553916931153,0.11695474783579508,0.11448250611623129,0.11512042681376139,0.00040228772753228743,0.0003297795037118097,0.00040581255840758484,0.00040987182486181456,0.00043418983307977517,0.0004317849176004529,,0.0,1.0,1.0,1.0,0.0,0
vision_world_model,test_physics_ood,0,20352003,physics_ood_003,30,2.7380400849216513,2.6329331854565274,2.6133518519707852,2.8369202831346128,2.815106754253308,2.7918883497930236,6.90585172812144,6.724575209617615,6.624605552355448,7.094218333562215,7.094471780459086,6.991387764612834,0.008228257983379688,0.006148768012644723,0.007259202050045132,0.00840029453781123,0.009250005788635463,0.010083019527761887,4.16775948645509,0.6533333333333333,1.0,1.0,1.0,2450.642578035593,588
vision_world_model,test_physics_ood,0,20352004,physics_ood_004,30,2.805900317442914,2.733744449685845,2.699368300837361,2.914506516295175,2.815991195353369,2.865891125042819,8.086302343209585,7.846346191565195,7.797770706812541,8.383345468839009,8.118586198488872,8.285463150342306,0.01012686285811166,0.008497550947746882,0.009772140734518568,0.010337846962890277,0.010658883753543099,0.011367891891859471,4.251568551118276,0.6533333333333333,1.0,1.0,1.0,2499.9223080575466,588
vision_world_model,test_physics_ood,0,20352005,physics_ood_005,30,1.7657535359097851,1.8016820892898573,1.8328239316120745,1.758996874632107,1.740950450156298,1.6943143338585893,4.181574923197428,4.349931899706522,4.415931153297424,4.142972358067831,4.067949398358663,3.9310898065567015,0.0057474033418111505,0.004014036191316943,0.004843154712580145,0.005684435033860306,0.006544593609093378,0.007650797162204981,2.623244443933169,0.6666666666666666,1.0,1.0,1.0,1573.9466663599014,600
vision_world_model,test_physics_ood,0,20352006,physics_ood_006,30,0.8633480289909574,0.8031446871244246,0.8535609712203344,0.8816432285639975,0.909599403043588,0.868791855002443,1.776545639038086,1.6398885329564412,1.8224823236465455,1.8403544108072916,1.8484744628270466,1.7315284649531046,0.007163218564819544,0.004952381442611416,0.005514366113735984,0.0072894399869255725,0.008496743731666357,0.009563161549158395,1.2866889998028275,0.66,1.0,1.0,1.0,764.2932658828795,594
vision_world_model,test_physics_ood,0,20352007,physics_ood_007,30,1.8092731753281421,1.5699851971947485,1.7152203815264835,1.8533819173152248,1.9073278135309617,2.000450567073292,4.90851338148117,4.266995839277903,4.7040897051493324,4.990929945309957,5.157109212875366,5.423442204793294,0.004736428285638491,0.004021507439514001,0.003956842189654708,0.00481137620517984,0.005138639197684825,0.0057537763961590825,2.737022980262025,0.6533333333333333,1.0,1.0,1.0,1609.3695123940706,588
vision_world_model,test_physics_ood,0,20352008,physics_ood_008,30,1.1814877841497462,1.2760789872871505,1.16949513896058,1.1549234505121906,1.1557100775548153,1.1512312664339939,2.6276235644022625,3.0498083432515464,2.6405907313028973,2.5238961219787597,2.471175463994344,2.452647161483765,0.005783982911574033,0.0038045406884824238,0.004668225992160538,0.005743610077964452,0.006819079544705649,0.007884458254557103,1.9475886486610223,0.5933333333333334,1.0,1.0,1.0,1040.012338384986,534
vision_world_model,test_physics_ood,0,20352009,physics_ood_009,30,0.8675392437043289,0.45785127261446584,0.6915952231941952,0.8708413986489176,1.0917760152162777,1.2256323088477883,2.054396863778432,0.8314696550369263,1.622018051147461,2.0952401955922446,2.6311097820599874,3.092146635055542,0.008013611494097858,0.011805745602274934,0.0077318615590532625,0.006735375601177414,0.006825910842356582,0.0069691638656271,1.3006861487039763,0.66,1.0,1.0,1.0,772.6075723301619,594
vision_world_model,test_physics_ood,0,20352010,physics_ood_010,30,2.082066296512882,1.916781292628083,2.066862305833234,2.081066723395553,2.164678516363104,2.180942644344436,5.562034920056661,5.195757524172465,5.53354864915212,5.534704891840617,5.7533416112264,5.792821923891704,0.0031465366886307797,0.0023191996500827373,0.0028041103544334573,0.003130566297719876,0.0035686775227077305,0.003910129618210097,3.102714227090279,0.6666666666666666,1.0,1.0,1.0,1861.6285362541676,600
vision_world_model,test_physics_ood,0,20352011,physics_ood_011,30,0.5024151124743124,0.33090644046250317,0.39486271077767016,0.4804027266593443,0.584792641343342,0.7211110431287023,1.0968073670069376,0.6496239026387532,0.8476157029469807,1.0495692173639932,1.2393269777297973,1.6979010343551635,0.007317242848997315,0.005650032905396074,0.006927564041689038,0.007662843815827121,0.007994638783081124,0.008351134698993215,0.7437576533478945,0.6533333333333333,1.0,1.0,1.0,437.32950016856194,588
vision_world_model,test_physics_ood,0,20352012,physics_ood_012,30,1.3008026032977633,1.2077652376352086,1.2391048659260073,1.2826112969674999,1.3434360801345773,1.431095535825524,2.6591151491800944,2.497293972969055,2.4908970753351847,2.5962626536687217,2.7210448185602822,2.9900772253672283,0.008008244004255781,0.006268937245476991,0.007759102938386301,0.00852681539254263,0.008717462102261682,0.008768902342611302,1.9090839817370027,0.6733333333333333,1.0,1.0,1.0,1156.9048929326236,606
vision_world_model,test_physics_ood,0,20352013,physics_ood_013,30,0.9335067423665896,1.2879183792612618,0.9953029635336457,0.844400452165347,0.7730728149310582,0.7668391019416352,2.2350280793507893,3.2896963477134706,2.363156970342,1.9102188229560852,1.7598429560661315,1.8522252996762594,0.006698143088142388,0.005756196895769487,0.006139441284661492,0.006676529816468246,0.00719210344638365,0.007726443997429063,1.5250624154047627,0.6,1.0,1.0,1.0,823.5337043185718,540
vision_world_model,test_physics_ood,0,20352014,physics_ood_014,30,1.6910838490496907,1.849684941685862,1.7000136430271797,1.6318901083225177,1.6425788710307745,1.6312516811821196,3.7684285616874695,4.416888054211935,3.8621477762858074,3.569366391499837,3.5080320954322817,3.485708491007487,0.003916063987805198,0.0026128526272562644,0.0029398791026324033,0.00371196815588822,0.00459816048387438,0.00571745956937472,2.5901544535551797,0.6466666666666666,1.0,1.0,1.0,1507.4698919691145,582
vision_world_model,test_physics_ood,0,20352015,physics_ood_015,30,1.7047029098992545,1.6476509783210025,1.6221041581489974,1.7456004702382617,1.7306440168577764,1.7775149259302352,4.436898609002431,4.370197184880575,4.258572785059611,4.553524641195933,4.477006538709005,4.5251918951670325,0.0070223857512852796,0.006306069472339004,0.006131499730205784,0.00692031837728185,0.0074659844724616654,0.008288056704138095,2.7268456166483275,0.62,0.0,1.0,0.0,1521.5798540897667,558
vision_world_model,test_physics_ood,0,20352016,physics_ood_016,30,0.7659726721627844,0.5781843739044336,0.6484779299547275,0.7875137963228755,0.8568236828264263,0.9588635778054595,2.0546896052360535,1.4411483526229858,1.7503085136413574,2.130170806248983,2.3321508089701335,2.6196695446968077,0.003918210458165656,0.004318986002666255,0.003668264427687973,0.0034821197817412517,0.003769890605083977,0.004351791473648821,1.131520205028355,0.6666666666666666,1.0,0.0,0.0,678.9121230170131,600
vision_world_model,test_physics_ood,0,20352017,physics_ood_017,30,0.7437960133701563,0.7630237001718746,0.759441916582485,0.7370551808426777,0.7296786525183254,0.7297806167354186,1.5697674036026001,1.676543688774109,1.6571671644846597,1.5362146615982055,1.489382016658783,1.4895294864972433,0.004561532519292086,0.0028710596767875054,0.0035786431981250644,0.004421896440908313,0.005416621877035747,0.006519441403603802,1.2087258813005906,0.6,1.0,1.0,1.0,652.711975902319,540
vision_world_model,test_physics_ood,0,20352018,physics_ood_018,30,1.4057235730066895,1.3774914586088725,1.375205986926125,1.403626359274818,1.4121050695371298,1.4601889906865027,3.262265112400055,3.204146424929301,3.1851673126220703,3.269606069723765,3.2801687836647035,3.372236971060435,0.007214103418712815,0.0058379856442722184,0.006916171273527046,0.007432061045741041,0.00776081745668004,0.008123481673343728,2.234958835186497,0.62,1.0,1.0,1.0,1247.1070300340652,558
vision_world_model,test_physics_ood,0,20352019,physics_ood_019,30,2.0235534869879483,1.9498655715957285,2.0187436884269117,2.0291049022020564,2.0701725588076645,2.0498807139073807,5.027667083740234,4.8892644564310705,5.101474873224894,5.000649642944336,5.0849782705307005,5.06196817557017,0.005140151533220584,0.004222714485755811,0.00487778623161527,0.0049031960079446435,0.0055647775414399804,0.0061322833993472155,3.015080676979075,0.6666666666666666,1.0,1.0,1.0,1809.048406187445,600
vision_world_model,test_physics_ood,0,20352020,physics_ood_020,30,1.2444310364748041,1.2322436434527237,1.2276598965749144,1.225158521057003,1.2479734310673343,1.2891196902220448,2.4415768869717915,2.511561870574951,2.4285396575927733,2.3676065524419148,2.397482868035634,2.5026934862136843,0.00491110910816739,0.0035766577580943703,0.004216597205959261,0.00485652283920596,0.005537900025956333,0.006367867711621026,1.8972749986023325,0.6466666666666666,1.0,1.0,1.0,1104.2140491865575,582
vision_world_model,test_physics_ood,0,20352021,physics_ood_021,30,1.2692124046550857,1.175171169017752,1.2012363499858314,1.2789235631210936,1.3313407598477272,1.3593901813030242,2.5601074806849162,2.36760315100352,2.3564315676689147,2.5590088963508606,2.7170251607894897,2.8004686276117963,0.007004966315192481,0.005222503980621696,0.006216854442997525,0.007154856851169219,0.007837623889402796,0.008592992411771168,1.9947216486796102,0.6266666666666667,1.0,1.0,1.0,1125.0230098553002,564
vision_world_model,test_physics_ood,0,20352022,physics_ood_022,30,0.3746953489745243,0.4134775584977534,0.3290717565558023,0.36842107015351455,0.36016673396548465,0.4023396257000665,0.8821813408533732,1.087878131866455,0.8450785319010417,0.8841876268386841,0.7491790612538656,0.8445833524068197,0.010037159509956838,0.009145911468658596,0.009066438814625145,0.009891332332820942,0.010693542810622602,0.0113885721230569,0.544958393749552,0.66,1.0,1.0,1.0,323.7052858872339,594
vision_world_model,test_physics_ood,0,20352023,physics_ood_023,30,2.5254160663459655,2.5561541623332436,2.5195457266436683,2.491479939594865,2.512997222257157,2.546903280900895,6.692468899091085,6.822264854113261,6.710486094156901,6.608360147476196,6.652322483062744,6.668910916646322,0.004085997104023894,0.0037606461012425524,0.003832247602986172,0.003976512849718953,0.0042216754596059525,0.004638903506565839,3.8840851609481506,0.6466666666666666,1.0,1.0,1.0,2260.5375636718236,582
vision_world_model,test_physics_ood,0,20352024,physics_ood_024,30,1.0787438055355516,0.996347436391645,1.0487901726530657,1.1567582846412228,1.1385994198628597,1.0532237141289644,2.640440581639608,2.412835454940796,2.6318329016367596,2.810610858599345,2.7949453274408977,2.551978365580241,0.007127536304372673,0.006705743542018657,0.007177795689009751,0.00755398120963946,0.007233108040721466,0.006967053040474032,1.6344627190070848,0.6533333333333333,1.0,1.0,1.0,961.0640787761658,588
vision_world_model,test_physics_ood,0,20352025,physics_ood_025,30,0.39576840703065197,0.3591017787862155,0.3343129564283623,0.3922429809450275,0.41924807160264915,0.47393624739100537,0.5736263140042623,0.5287705024083456,0.49788884321848553,0.591724181175232,0.5929652094841004,0.6567828337351481,0.010335884843952954,0.0060365089875025054,0.008631293820993353,0.010681058885529638,0.01248756234999746,0.013843000175741811,0.5908839663927804,0.6533333333333333,1.0,1.0,1.0,347.4397722389549,588
vision_world_model,test_physics_ood,0,20352026,physics_ood_026,30,0.034753367470370396,0.04125106539577246,0.035515775655706724,0.033183549178971185,0.031731879690455066,0.032084567430946564,0.11052873134613037,0.1057027260462443,0.1123179833094279,0.11192483901977539,0.1112121025721232,0.11148600578308106,0.0007785531311916809,0.0010961058860023817,0.0007556163744690518,0.0006805202923715114,0.000678069187172999,0.0006824539159424603,,0.0,1.0,1.0,1.0,0.0,0
vision_world_model,test_physics_ood,0,20352027,physics_ood_027,30,1.5048913931225736,1.3862064969208505,1.443013169347412,1.5474451410894592,1.5152182842708297,1.632573873984317,3.822167361577352,3.6161496162414553,3.659771474202474,3.9369033495585124,3.7826683362325033,4.115344031651815,0.008937258415389806,0.007626595383044332,0.007978497950049738,0.009061203594319523,0.009675513200151423,0.010344481949384013,2.216834824095809,0.6733333333333333,1.0,1.0,1.0,1343.4019034020603,606
vision_world_model,test_physics_ood,0,20352028,physics_ood_028,30,0.6750593860737152,0.7195603619433112,0.6598247253025572,0.6163053736711542,0.6491121955836813,0.730494273867872,1.4643332409858703,1.5984214742978413,1.492011062304179,1.357579779624939,1.3441943645477294,1.5294595241546631,0.016282827562342086,0.009043951037650306,0.013801416587860634,0.01744022828837236,0.019864186943353464,0.021264354954473673,1.0622472840905404,0.62,1.0,0.0,0.0,592.7339845225215,558
vision_world_model,test_physics_ood,0,20352029,physics_ood_029,30,0.4772282389261656,0.42200701060808365,0.4635636479490333,0.45671710378179947,0.480352794399692,0.5635006378922197,0.6526057966550192,0.4592640519142151,0.583864418665568,0.5575176000595092,0.7185327370961507,0.9438501755396526,0.004142663162201643,0.002708081152134885,0.0031744920881465076,0.003937801839007686,0.004858471006931116,0.00603446972478802,0.7684255810420373,0.6066666666666667,1.0,1.0,1.0,419.5603672489524,546
vision_world_model,test_combined_ood,0,20353000,combined_ood_000,30,0.0638687690719962,0.06209151181909773,0.06534164676235782,0.06509016238980823,0.06392612422092094,0.06289440016779635,0.1751897891362508,0.1859402100245158,0.17768254280090331,0.17154887517293294,0.16974900563557943,0.17102831204732258,0.0005898058895642559,0.0006320284252675871,0.0005598381278105081,0.0005752386176027357,0.0005933229889099797,0.0005886012882304688,,0.0,1.0,1.0,1.0,0.0,0
vision_world_model,test_combined_ood,0,20353001,combined_ood_001,30,0.0379270594401492,0.05293663636677795,0.03683076894117726,0.03280551257646746,0.03293108644170894,0.034131292874614395,0.12362568696339925,0.17031516234079996,0.13558265368143718,0.1122604211171468,0.10249298413594564,0.09747721354166666,0.0005335504453008374,0.0006375708888905744,0.0005491315542409818,0.00048758289970767996,0.0004995985276764259,0.0004938683559885249,,0.0,1.0,1.0,1.0,0.0,0
vision_world_model,test_combined_ood,0,20353002,combined_ood_002,30,0.8965821381989453,0.9452118700784113,0.8934013995859358,0.8422640278728472,0.8805073110179769,0.921526082439555,1.8341194518407187,1.941107416152954,1.7568978865941365,1.6444522698720296,1.8800230900446573,1.9481165965398153,0.004196013722879192,0.004991150465017805,0.0041167105509278675,0.003643994813319296,0.003935136032911638,0.004293076752219349,1.3658024640883215,0.64,1.0,1.0,1.0,786.7022193148732,576
vision_world_model,test_combined_ood,0,20353003,combined_ood_003,30,1.8685379290704927,1.3906133361781636,1.7839964042314225,1.931243731909328,2.081013988186088,2.155822184847461,4.016333735783895,2.5703091541926066,3.8325529019037883,4.242856280008952,4.596467955907186,4.839482386906941,0.01212731638457626,0.009160596209888657,0.010527538993240644,0.011934727341091881,0.0137109320377931,0.015302787340867022,2.839870274231649,0.6533333333333333,1.0,0.0,0.0,1669.8437212482095,588
vision_world_model,test_combined_ood,0,20353004,combined_ood_004,30,1.336085686926316,1.2620226858416572,1.2313411995561587,1.3071088601938552,1.401340774498466,1.4786149145414431,3.520691647529602,3.291809328397115,3.219802141189575,3.432777384916941,3.7145569682121278,3.944512414932251,0.0034369723859708754,0.002879589276077847,0.0027270744903944433,0.0033228215334626535,0.0038821381768987823,0.004373238453020652,2.069019372918921,0.6333333333333333,1.0,1.0,1.0,1179.3410425637849,570
vision_world_model,test_combined_ood,0,20353005,combined_ood_005,30,0.04847666111671262,0.06068595906512605,0.050880382913682194,0.046087394406398134,0.04285472461746798,0.04187484458088875,0.15628012816111247,0.18378268082936605,0.15964969793955486,0.14892136255900065,0.144757080078125,0.1442898193995158,0.0003850165370386094,0.0007011761229174832,0.0003402737221525361,0.0002879676719506582,0.00028623605224614343,0.000309429115926226,,0.0,1.0,1.0,1.0,0.0,0
vision_world_model,test_combined_ood,0,20353006,combined_ood_006,30,0.033409286091725034,0.038374286890029904,0.034854595218267705,0.032537646426094906,0.03069014348503616,0.03058975843919648,0.12021566549936931,0.12327392101287842,0.12326790491739908,0.1191641887029012,0.11755975087483723,0.11781256198883057,0.0003636217334618171,0.0006017728437048693,0.00035024782021840414,0.0002906354726292193,0.00028898622452591856,0.0002864663062306742,,0.0,1.0,1.0,1.0,0.0,0
vision_world_model,test_combined_ood,0,20353007,combined_ood_007,30,0.0469796790348159,0.06119435032208761,0.04979023639526632,0.04459925422237979,0.040557039922310245,0.03875751431203551,0.14745176633199056,0.17284591992696127,0.1533493439356486,0.14231082598368328,0.13625107606252035,0.13250166575113934,0.00044327100506052374,0.0007769947580527515,0.0004042767744977027,0.00034536217087103677,0.0003359669499332085,0.0003537543719479193,,0.0,1.0,1.0,1.0,0.0,0
vision_world_model,test_combined_ood,0,20353008,combined_ood_008,30,0.43932306431647805,0.4359242921488153,0.43185066818777057,0.4395960106203953,0.43906171859966386,0.45018263202574516,0.7592756056785583,0.759816575050354,0.743595274289449,0.7618299802144368,0.7448971470197042,0.7862390518188477,0.00429588614574944,0.003462901517438392,0.003321473308218022,0.004031654047624519,0.004894054172715793,0.0057693476827504735,0.6731180520264354,0.58,1.0,1.0,1.0,351.36762315779924,522
vision_world_model,test_combined_ood,0,20353009,combined_ood_009,30,2.599541155083312,2.5780210498099527,2.485235934890807,2.5250996859951154,2.678333649246229,2.731015455474456,4.765755481719971,4.792995039621989,4.418403482437133,4.553992740313212,4.999769822756449,5.063616323471069,0.008062633445952087,0.006908237491734326,0.007222892355639487,0.008063844211089114,0.008759771361170957,0.009358421810126553,3.9942571675705745,0.6466666666666666,1.0,1.0,1.0,2324.6576715260744,582
vision_world_model,test_combined_ood,0,20353010,combined_ood_010,30,0.04141453367140558,0.042365942688451876,0.04218220522420274,0.04121037477420436,0.04122528802189562,0.04008885764827331,0.1198794953028361,0.11549319426218668,0.11728537877400716,0.1204801877339681,0.12043920358022055,0.12569951216379802,0.0003457146145713826,0.00048065300021941465,0.0003135043584431211,0.0002931278276567658,0.000320637330878526,0.0003206505556590855,,0.0,1.0,1.0,1.0,0.0,0
vision_world_model,test_combined_ood,0,20353011,combined_ood_011,30,2.0996518352006874,1.9770487765678102,2.0478105985869965,2.1236435997610292,2.1473779023935395,2.202378298694061,4.627268632253011,4.238436488310496,4.541284465789795,4.626506904760997,4.810948117574056,4.919167184829712,0.017631220194355895,0.014442013572746267,0.0160617968494383,0.017531933565624058,0.019258858705870806,0.020861498278100042,3.39845822835881,0.6133333333333333,1.0,0.0,0.0,1875.948942054063,552
vision_world_model,test_combined_ood,0,20353012,combined_ood_012,30,1.6279623695193894,1.5759998030132718,1.5837751615585551,1.5945136141342422,1.6692240923850072,1.7162991765058704,4.0890963888168335,3.9638057947158813,3.965012709299723,3.9856037775675457,4.21928768157959,4.311771980921427,0.004512119923407833,0.0027473816842151183,0.003537822832974295,0.004424596026850244,0.00535517263924703,0.0064956264337524775,2.510902587453731,0.64,1.0,1.0,1.0,1446.2798903733492,576
vision_world_model,test_combined_ood,0,20353013,combined_ood_013,30,0.4775604122877121,0.4417861955033408,0.43302135968373884,0.4317661110311747,0.5046535324512257,0.5765748627690805,0.7442448822657267,0.5347502787907918,0.6354897181193034,0.6683955272038777,0.8616000970204671,1.0209887901941934,0.007299723095493391,0.006768875798055281,0.007074473328733196,0.00723676160365964,0.007506894756807015,0.007911609990211824,0.7109525801287484,0.6466666666666666,1.0,1.0,1.0,413.77440163493156,582
vision_world_model,test_combined_ood,0,20353014,combined_ood_014,30,1.0701413129332165,0.9962234151032235,1.0152782617343796,1.0658857194085916,1.1220586072136132,1.1512605612062745,2.288918492794037,2.057196601231893,2.1266661643981934,2.289980491002401,2.455297271410624,2.5154519359270733,0.00454630603082478,0.0032320616223538916,0.0036013762660635014,0.004252929093005757,0.005201742805851003,0.00644342036684975,1.6396286972513836,0.64,1.0,1.0,1.0,944.426129616797,576
vision_world_model,test_combined_ood,0,20353015,combined_ood_015,30,0.04402312080479331,0.05289415487398704,0.04593815468251705,0.04248180153469245,0.039677544145120515,0.03912394878764947,0.13315711975097655,0.1654295841852824,0.1407808462778727,0.12727945645650227,0.11896909872690836,0.11332661310831706,0.0004652300294643889,0.0005321478956223775,0.00039465859978614993,0.00044033194038396083,0.00047408710912956545,0.0004849246023998906,,0.0,1.0,1.0,1.0,0.0,0
vision_world_model,test_combined_ood,0,20353016,combined_ood_016,30,1.1586858997576766,1.222985004199048,1.1893706801864836,1.1826568320600523,1.123958276025951,1.0744587063168487,2.622330018679301,2.8747812589009603,2.7129427194595337,2.688809057076772,2.4747692147890725,2.360347843170166,0.0025088389279941717,0.0021458069677464664,0.0021939200989436356,0.002490395107694591,0.002714656660100445,0.0029994158054857203,1.7711970947836477,0.6466666666666666,1.0,1.0,1.0,1030.836709164083,582
vision_world_model,test_combined_ood,0,20353017,combined_ood_017,30,1.6454452222088973,1.5045845314032502,1.5785902521883448,1.6825256671756506,1.7097714540238182,1.7517542062534226,3.021603031158447,2.5580328623453776,2.8256881833076477,3.106995157400767,3.2501521428426106,3.3671468098958335,0.0175942930035914,0.013619733031373472,0.016000835108570755,0.017867678275797515,0.019525663773917283,0.020957554828297968,2.6300361041099793,0.62,1.0,0.0,0.0,1467.5601460933685,558
vision_world_model,test_combined_ood,0,20353018,combined_ood_018,30,0.06027253426197502,0.05843156899015109,0.061344227939844134,0.06185484605116977,0.06030731120457252,0.05942471712413761,0.18215418020884197,0.1959641695022583,0.18518999417622883,0.17960734367370607,0.1749017318089803,0.1751076618830363,0.00041957480755324165,0.0005965748219750822,0.0004141223073626558,0.00035905110804984965,0.0003664521461663147,0.00036167365421230593,,0.0,1.0,1.0,1.0,0.0,0
vision_world_model,test_combined_ood,0,20353019,combined_ood_019,30,0.03791456384377347,0.04732102441291015,0.03653036095201969,0.034884318978422216,0.03486047316756513,0.03597664170795017,0.12557147026062013,0.17306986649831135,0.13432764212290446,0.11421995957692464,0.10509621302286784,0.10114367008209228,0.0004907050843272979,0.0005546133810033401,0.000488514708316264,0.0004503196794151639,0.00048550108913332225,0.00047457656376839925,,0.0,1.0,1.0,1.0,0.0,0
vision_world_model,test_combined_ood,0,20353020,combined_ood_020,30,0.04143324732780457,0.04038957342919376,0.04241315585871538,0.0416146081354883,0.04203730095177889,0.0407115982638465,0.12443698565165202,0.11895762284596761,0.124276336034139,0.1261189063390096,0.12449688911437988,0.12833517392476398,0.00034606932507206997,0.0005576818327729901,0.0002905863802880049,0.00026102729995424546,0.0003066616520906488,0.00031438946025446056,,0.0,1.0,1.0,1.0,0.0,0
vision_world_model,test_combined_ood,0,20353021,combined_ood_021,30,1.4245776168836488,1.5058496973166864,1.459811874686016,1.380552207533684,1.394118460164302,1.3825558447175557,2.5285431226094564,2.8770114262898763,2.5975337902704876,2.3578134457270306,2.4009060700734457,2.409450880686442,0.008546430723120769,0.006927164351024354,0.007901352673070506,0.008564655086956918,0.009258854812166343,0.010080126692385723,2.1134157440811396,0.6666666666666666,1.0,1.0,1.0,1268.0494464486837,600
vision_world_model,test_combined_ood,0,20353022,combined_ood_022,30,0.9360313774769505,1.0780715270174874,1.0489683208987117,0.959358510768248,0.8181597539327211,0.7755987747675843,1.6086369848251343,2.0136982520421345,1.817332418759664,1.6258559147516887,1.2972748438517252,1.289023494720459,0.008364354829924802,0.0064887617869923515,0.00723491240448008,0.008021917818890263,0.009316436049994081,0.010759746089267235,1.3843186553881224,0.66,1.0,1.0,1.0,822.2852813005447,594
vision_world_model,test_combined_ood,0,20353023,combined_ood_023,30,1.3580215016297168,1.366204227734771,1.344532095040712,1.3516588358829418,1.3517384188042747,1.3759739306858845,2.8025184798240663,2.8158517281214395,2.780686056613922,2.7770554542541506,2.7810844262441,2.8579147338867186,0.011964975108082096,0.010398170359743138,0.011096374069650968,0.011939202167559415,0.012788360790970425,0.013602768152486533,2.211491896003321,0.6066666666666667,1.0,1.0,1.0,1207.4745752178133,546
vision_world_model,test_combined_ood,0,20353024,combined_ood_024,30,0.044285809360444545,0.059420555767913656,0.04059584718197584,0.03852444353202979,0.040858220950596866,0.04202997936970658,0.11579746961593627,0.14668450355529786,0.11179227034250895,0.10043547948201498,0.10712436040242514,0.11295073429743449,0.000788831946750482,0.0011678700141298274,0.0008605891955085099,0.0005998608578617374,0.0006218338540444772,0.0006940058122078578,,0.0,1.0,1.0,1.0,0.0,0
vision_world_model,test_combined_ood,0,20353025,combined_ood_025,30,0.042651942587561074,0.04927813137571017,0.04447669035030736,0.04202981140050623,0.039059648890462186,0.03841543092081944,0.14622362772623698,0.1687579313913981,0.15479788780212403,0.143214480082194,0.13440082867940267,0.1299470106760661,0.0004269916269307335,0.00048559057371069987,0.000364375754725188,0.0003880915988702327,0.00043955135721868524,0.0004573488501288618,,0.0,1.0,1.0,1.0,0.0,0
vision_world_model,test_combined_ood,0,20353026,combined_ood_026,30,0.04212545490099324,0.05487764173497756,0.04207426491710875,0.03848628474192487,0.03745761110136906,0.037731472009585966,0.12739863554636638,0.15367058118184407,0.1308731158574422,0.12149511973063151,0.11685044765472412,0.11410391330718994,0.0010383913844513397,0.0012774947021777431,0.0010112670133821666,0.000971685687545687,0.0009647108459224303,0.0009667986732286711,,0.0,1.0,1.0,1.0,0.0,0
vision_world_model,test_combined_ood,0,20353027,combined_ood_027,30,1.5979149636295107,1.089490363208784,1.4167809021348754,1.7263113828168974,1.8006011133599613,1.956391056627035,3.2382861200968422,1.5303455511728923,2.758848508199056,3.672224005063375,3.9045456488927206,4.325466887156169,0.015980922209564596,0.008164603422240664,0.013431646422638248,0.017574473951632776,0.019430889713112263,0.021302997538199028,2.4292018276886367,0.6533333333333333,1.0,0.0,0.0,1428.3706746809185,588
vision_world_model,test_combined_ood,0,20353028,combined_ood_028,30,1.626937389096452,1.4872856547849045,1.5376736926535766,1.7340257381192512,1.65045199872305,1.7252498612014784,4.298830759525299,3.766340132554372,4.063390986124674,4.653667775789897,4.372347497940064,4.638407405217489,0.013858420556255927,0.014386467135045678,0.01247819249983877,0.012948761344887316,0.013809031923301518,0.015669649878206352,2.450167546554427,0.6466666666666666,1.0,1.0,1.0,1425.9975120946765,582
vision_world_model,test_combined_ood,0,20353029,combined_ood_029,30,0.03339708922637834,0.04026863204522265,0.03463189690891239,0.03148764467073811,0.030027630304296813,0.0305696422027217,0.12792757193247478,0.1536219278971354,0.1357367197672526,0.12262953122456868,0.11549735069274902,0.11215233008066813,0.0004538310664550712,0.0005814578073720137,0.00044063970757027466,0.00040575363576256983,0.0004003198118880391,0.00044098436968245853,,0.0,1.0,1.0,1.0,0.0,0
vision_world_model,test_id,1,20350000,id_000,30,1.2269018611767226,1.0689721767997575,1.107368817128655,1.221543381911599,1.3281896151395307,1.4084353149040705,3.678430523077647,3.2650473713874817,3.3542245944341023,3.6522902170817058,3.953291583061218,4.167298849423727,0.00251476171950344,0.0020998785437162343,0.002164449265304332,0.0023650057264603674,0.0027699901373125614,0.0031744849247237047,1.8317199085873586,0.66,1.0,1.0,1.0,1088.041625700891,594
vision_world_model,test_id,1,20350001,id_001,30,0.0955823816669484,0.09181265044543478,0.09710645229659147,0.09648959790873858,0.09654965874635511,0.09595354893762205,0.37072585900624594,0.3498308499654134,0.37592286268870034,0.3758471647898356,0.3758126497268677,0.3762157678604126,0.0006381908734329045,0.0006068622033732633,0.0005218974469850461,0.0006360932990598182,0.0007014784767913322,0.0007246229409550627,,0.0,1.0,1.0,1.0,0.0,0
vision_world_model,test_id,1,20350002,id_002,30,1.1437210107098024,1.2421676885336637,1.140153242657996,1.1129675967204902,1.1141673627930382,1.1091491628438235,2.750263910293579,3.138485296567281,2.7582730452219644,2.6382835507392883,2.6516162514686585,2.564661407470703,0.003766170445596799,0.0036978948085258406,0.0035710215781970573,0.0037685414232934513,0.0038713196214909353,0.003922074796476712,1.7310829474318683,0.6466666666666666,1.0,1.0,1.0,1007.4902754053473,582
vision_world_model,test_id,1,20350003,id_003,30,0.06344018776383664,0.058259306475520134,0.061713866258247034,0.06368989858569371,0.0657500304799113,0.06778783701981107,0.3033338173230489,0.280568261941274,0.30111996332804364,0.30585864384969075,0.31158217589060466,0.3175400416056315,0.0008704122163665792,0.0006993325194343924,0.0008069826018375655,0.0009248378686606884,0.0009611392316098015,0.0009597688602904479,,0.0,1.0,1.0,1.0,0.0,0
vision_world_model,test_id,1,20350004,id_004,30,0.8611661432435115,0.8359060379676521,0.8404931681127183,0.8610747187605334,0.8772539842666851,0.8911028071099685,2.2171389547983806,2.1587154428164164,2.1718268275260924,2.2150251229604083,2.260189350446065,2.2799380302429197,0.002136485648419087,0.0018580491770990193,0.0018905111122876407,0.001960620821531241,0.002332558005582541,0.0026406891255949935,1.3621578679962472,0.6066666666666667,1.0,1.0,1.0,743.738195925951,546
vision_world_model,test_id,1,20350005,id_005,30,0.05821789125808411,0.06503271867210667,0.05884486999776628,0.057040689720047846,0.05545206939180692,0.05471910850869285,0.22843886216481527,0.23372605641682942,0.2399824619293213,0.22728562355041504,0.22073204517364503,0.22046812375386557,0.0005775762054448327,0.0005641811372091373,0.0005432953320754071,0.0005625615206857523,0.0006114049969861905,0.0006064380402676761,,0.0,1.0,1.0,1.0,0.0,0
vision_world_model,test_id,1,20350006,id_006,30,0.4883047896913356,0.36757063313076893,0.4211936126049194,0.4876924547159837,0.5395229780011707,0.6255442700038354,0.9324155060450235,0.5342304984728495,0.728588338692983,0.9459833065668742,1.1163718183835347,1.3369035681088766,0.004653140513692051,0.0025648771280733246,0.0037191303718524674,0.004789731123795112,0.005719497702860584,0.0064724662418787675,0.7485718208873737,0.6266666666666667,1.0,1.0,1.0,422.19450698047876,564
vision_world_model,test_id,1,20350007,id_007,30,0.05537514020999273,0.04951959179921283,0.05538583595512642,0.05611257501360443,0.057530528782970373,0.058327169499049585,0.280436315536499,0.2691296815872192,0.28163381417592365,0.282737668355306,0.2825497547785441,0.2861306587855021,0.00047073113343988854,0.0003686306377251943,0.0003527916967868805,0.00045765069080516696,0.000562024263975521,0.0006125583779066802,,0.0,1.0,1.0,1.0,0.0,0
vision_world_model,test_id,1,20350008,id_008,30,1.3492879068747992,1.2667962606478897,1.3159484080142445,1.348438604383005,1.3823209659506877,1.4329352953781684,3.544349846839905,3.3381373008092243,3.477457030614217,3.5316080331802366,3.6164487838745116,3.758098085721334,0.004711958819728655,0.0042506239182936644,0.004216448272927664,0.004711274527168522,0.005110731371678412,0.005270716008575012,2.026560208113978,0.6533333333333333,1.0,1.0,1.0,1191.6174023710191,588
vision_world_model,test_id,1,20350009,id_009,30,0.874709985303796,1.0349035640868047,0.9353690391199456,0.8508306036806769,0.7840135369035933,0.7684331827279595,2.257865426540375,2.7228571653366087,2.447359851996104,2.206706436475118,1.9954435626665752,1.9169601162274679,0.0025337642120818295,0.0024951953596125047,0.0024039540905505417,0.0021782605598370235,0.0024952326086349784,0.0030961784417741,1.3612565040350595,0.6266666666666667,1.0,1.0,1.0,767.7486682757735,564
vision_world_model,test_id,1,20350010,id_010,30,1.1195047044236628,1.1908518931724958,1.1985975587016178,0.9713088755495847,1.1854045970779326,1.0513605976166824,4.386070045630137,4.432500433921814,4.66554791132609,4.21515212059021,4.359350872039795,4.257798890272777,0.003235384445482244,0.0028648663545027377,0.0031782728775093952,0.003097302687820047,0.003427691210526973,0.0036087890970520676,1.6394294868238737,0.6733333333333333,1.0,1.0,1.0,993.4942690152675,606
vision_world_model,test_id,1,20350011,id_011,30,0.8159682376206749,0.8677219182873765,0.832680703420192,0.7932470592980584,0.7977507906138069,0.7884407164839407,2.081803233623505,2.2282232364018757,2.141491985321045,2.028780229886373,2.0464664816856386,1.9640542348225911,0.0022603514747849356,0.0016268799721729011,0.0016303383900473515,0.0021988584116722147,0.0027381043260296186,0.003107576274002592,1.224212062714743,0.6466666666666666,1.0,1.0,1.0,712.4914204999804,582
vision_world_model,test_id,1,20350012,id_012,30,0.07660943342372775,0.07380573936841554,0.0769392036108507,0.07697582672246628,0.0773669462547534,0.07795945116215282,0.3252664200464884,0.31673558553059894,0.3269564469655355,0.3273248275121053,0.32570639451344807,0.3296088457107544,0.0008521236494804422,0.0009116830537095666,0.0008261169772595167,0.0008306792005896568,0.0008447300099457304,0.0008474090058977406,,0.0,1.0,1.0,1.0,0.0,0
vision_world_model,test_id,1,20350013,id_013,30,0.6935634834681534,0.5433890161156241,0.5815060138805873,0.6770545409578416,0.7932070487437562,0.8726607976429578,1.8849576743443808,1.4440072218577067,1.574287192026774,1.8392552177111308,2.1765508532524107,2.3906878868738812,0.0021168131420078377,0.0015915930387564003,0.0018685878293278316,0.002071283202773581,0.002356842769465099,0.0026957588697162768,1.090473114074491,0.6066666666666667,1.0,1.0,1.0,595.3983202846721,546
vision_world_model,test_id,1,20350014,id_014,30,1.0078013509574035,1.308363508929809,1.0716691363085475,0.9225448707739512,0.8673849216765828,0.8690443170981275,2.641683670679728,3.5854236682256064,2.814532931645711,2.3946263551712037,2.2063297430674234,2.2075056552886965,0.0034212920636249085,0.0019742725339407722,0.002761246586063256,0.003491972309226791,0.004161865951027721,0.004717102937866003,1.642993380842305,0.5933333333333334,1.0,1.0,1.0,877.3584653697908,534
vision_world_model,test_id,1,20350015,id_015,30,2.0717981493928366,2.028631750959903,2.067197945072419,2.0523785279235907,2.0854444524066316,2.125338070601639,5.66216991742452,5.546406730016073,5.652508457501729,5.617010911305745,5.708423062165578,5.786500426133474,0.0025942910679926474,0.0018252001687263449,0.0022173250443302097,0.0026582518476061523,0.002941151890748491,0.0033295263885520397,3.322240648480753,0.6133333333333333,1.0,1.0,1.0,1833.8768379613757,552
vision_world_model,test_id,1,20350016,id_016,30,2.5222939579023254,2.499148786202487,2.507821896465288,2.5708507162311838,2.5483814410968786,2.4852669495157897,7.080668691794077,6.979525327682495,7.0719126542409265,7.156966594854991,7.199923300743103,6.995015581448873,0.0032113263895735145,0.0027542275260202588,0.0029875402920879423,0.0031832457558872798,0.003479027934372425,0.003652590439499666,3.8302896321516764,0.6533333333333333,1.0,1.0,1.0,2252.2103037051857,588
vision_world_model,test_id,1,20350017,id_017,30,0.06374496061975757,0.06059617171477941,0.06456290158546633,0.06451588354797827,0.06424367273640301,0.06480617351416085,0.25569654305775963,0.23867371877034504,0.26023235321044924,0.2562445084253947,0.2589661200841268,0.26436601479848226,0.000652705526445061,0.0006190600028882424,0.000718566724875321,0.0006503988057374954,0.0006615034692610303,0.0006139986294632156,,0.0,1.0,1.0,1.0,0.0,0
vision_world_model,test_id,1,20350018,id_018,30,1.5373994992756181,1.4299302943464782,1.4457897186279296,1.5030069703857103,1.6273919332151612,1.6808785798028112,4.231646219889323,4.005855711301168,3.9916990756988526,4.13994759718577,4.405069017410279,4.615659697850545,0.0026256087748333812,0.0022095880509975054,0.0023347788451549907,0.00266993809879447,0.0028627562026182812,0.003050982676601658,2.465771200526776,0.6133333333333333,1.0,1.0,1.0,1361.1057026907802,552
vision_world_model,test_id,1,20350019,id_019,30,1.5959387909020815,1.4809061854456862,1.5785214077991745,1.6548890351421304,1.647842487713529,1.6175348384098873,4.626906011104584,4.299221118291219,4.593145656585693,4.792143181959788,4.762810699144999,4.687209399541219,0.0022367181471781806,0.00256042549929892,0.0021748818340711295,0.001979160463088192,0.002178247703704983,0.0022908752357276778,2.413848237784202,0.6466666666666666,1.0,1.0,1.0,1404.8596743904054,582
vision_world_model,test_id,1,20350020,id_020,30,1.8961958630589975,1.8598194172605873,1.7307587545572056,1.9378730546579592,1.944663125028213,2.0078649637910226,5.223818439642589,5.142793933550517,4.771679651737213,5.348140772183736,5.3280419190724695,5.528435921669006,0.002571106638060883,0.0013606390197916578,0.0020565575143943232,0.002386619111833473,0.0030845662695355713,0.0039671512747493885,2.8626749326324545,0.6466666666666666,1.0,1.0,1.0,1666.0768107920885,582
vision_world_model,test_id,1,20350021,id_021,30,1.1916583365160558,1.3295459325321846,1.227576578491264,1.1545405079714126,1.127627232670784,1.1190014309146339,3.051252348423004,3.456710958480835,3.132476488749186,2.9215771198272704,2.8725625197092692,2.87293465534846,0.004637341695682456,0.002482220053207129,0.0036960201066297787,0.004597318180215856,0.005811003122168283,0.006600147016191234,1.7298434059575152,0.6733333333333333,1.0,1.0,1.0,1048.2851040102541,606
vision_world_model,test_id,1,20350022,id_022,30,0.07014282854687837,0.06562467410953508,0.06719103650086455,0.07012593765846557,0.07270280704316166,0.07506968742236494,0.32022931416829425,0.2928563435872396,0.31501362721125287,0.32207175095876056,0.3302322268486023,0.34097262223561603,0.0010435242438688874,0.0009315057075582444,0.0008663355411651234,0.0010932162093619505,0.0011657825865161915,0.0011607811747429272,,0.0,1.0,1.0,1.0,0.0,0
vision_world_model,test_id,1,20350023,id_023,30,0.6286070746866366,0.5652334784364534,0.5968515540059242,0.6089186244333784,0.6635158412572411,0.7085158753001856,1.3748886466026307,1.3531294027964273,1.2453447739283243,1.3016300280888875,1.424977719783783,1.5493613084157307,0.0038337151256079473,0.003441231290344149,0.003492860660965865,0.0037726635637227446,0.004111492583372941,0.004350327529634038,0.9287092639357364,0.6466666666666666,1.0,1.0,1.0,540.5087916105986,582
vision_world_model,test_id,1,20350024,id_024,30,0.6108091257864402,0.3469186139913897,0.5075705571514036,0.6718074307673507,0.7342329485445387,0.7935160784775184,1.4520695845286051,0.6707917292912801,1.1605754137039184,1.5988151629765828,1.8616409142812094,1.968524702390035,0.003956802562073184,0.002529958698626918,0.0030974077177233993,0.0038138739318431666,0.004724653907275448,0.005618118554896985,0.9038538154607423,0.6533333333333333,1.0,1.0,1.0,531.4660434909165,588
vision_world_model,test_id,1,20350025,id_025,30,1.6260496549846397,1.6460035923040575,1.5952535199932754,1.6945044194141197,1.6961923505283065,1.4982943926834398,4.8069429222742714,4.883021752039592,4.804184206326803,4.838446513811747,4.829872441291809,4.679189697901408,0.004346189863669376,0.004458495830961814,0.003796042113875349,0.0039966302535807095,0.004519968421664089,0.0049598126982649164,2.4400833899212278,0.6533333333333333,1.0,1.0,1.0,1434.769033273682,588
vision_world_model,test_id,1,20350026,id_026,30,2.9889831890124414,3.0657403426244856,2.9769114504257836,2.9514432766164345,2.9683664560731913,2.9824544193223117,7.685382498105367,7.941869346300761,7.677189524968465,7.575785024960836,7.637876367568969,7.594192226727803,0.0050581096784056475,0.0037868695061964294,0.004371643209985147,0.005008534376975149,0.005771760894761732,0.006351740404109781,4.52513702739613,0.6533333333333333,1.0,1.0,1.0,2660.7805721089244,588
vision_world_model,test_id,1,20350027,id_027,30,0.9479690760829382,1.0435018922823172,0.9709599683578644,0.9390467061661184,0.8929291594773531,0.8934076541310383,2.4844213835398357,2.824461058775584,2.5777906934420267,2.4622727990150453,2.295109037558238,2.2624733289082846,0.003812871541789112,0.002139129694357204,0.003057558700675145,0.003825205525693794,0.004667637394353126,0.00537482639386629,1.4972404291032142,0.62,1.0,1.0,1.0,835.4601594395936,558
vision_world_model,test_id,1,20350028,id_028,30,0.08733173500746488,0.08632884659907884,0.0873253354181846,0.0871159702953365,0.08782504053993358,0.0880634821847909,0.341948717435201,0.3335460583368937,0.34453925291697185,0.34336535930633544,0.34346622625986734,0.34482669035593666,0.0009812522842548787,0.0010179021939014396,0.0009862116809623938,0.0009778596033963064,0.0009692544389205674,0.0009550335040936867,,0.0,1.0,1.0,1.0,0.0,0
vision_world_model,test_id,1,20350029,id_029,30,1.0905205495986674,0.9636252418160438,1.0590777864886656,1.167962320562866,1.1440304004690713,1.11790699865669,3.0347148060798643,2.6968156894048056,3.011505885918935,3.2605181137720742,3.1217034419377643,3.083030899365743,0.0043233755463734265,0.0035779278880606097,0.0036838202620856466,0.0039364458411000666,0.004784550094821801,0.005634133645799011,1.6256973175522016,0.6533333333333333,1.0,1.0,1.0,955.9100227206945,588
vision_world_model,test_geometry_ood,1,20351000,geometry_ood_000,30,0.4266504980209801,0.375574254968928,0.4028382063222428,0.435703187999833,0.45435591026002337,0.4647809305538734,0.9911991167068481,0.8918141523996989,0.9747080286343892,1.0057023525238038,1.0368880033493042,1.0468830466270447,0.003683032284801205,0.0038751944239872197,0.0034499613529381653,0.003584012439629684,0.003656639092757056,0.0038493541146939,0.6466800007813921,0.5866666666666667,1.0,1.0,1.0,341.447040412575,528
vision_world_model,test_geometry_ood,1,20351001,geometry_ood_001,30,0.056164815320322914,0.05195963769737217,0.054006247429384126,0.05657707920504941,0.058351353659398024,0.059929758610410826,0.2735940933227539,0.24880005518595377,0.27530110677083336,0.2785127401351929,0.2803647438685099,0.2849918206532796,0.0005028469142659257,0.0005292313367438813,0.000556595353797699,0.0004876432028443863,0.0004544675447201977,0.0004862971332234641,,0.0,1.0,1.0,1.0,0.0,0
vision_world_model,test_geometry_ood,1,20351002,geometry_ood_002,30,0.05775025922184189,0.05530589354327983,0.05842703124508262,0.059165667442397936,0.057863530164791475,0.05798917371365759,0.24714117527008056,0.23766075770060222,0.2534148931503296,0.24864084720611573,0.24639994303385418,0.24958943525950114,0.0006433011925158402,0.000654021631150196,0.0006738241373871763,0.000629941855246822,0.0006420902907848358,0.0006166280480101704,,0.0,1.0,1.0,1.0,0.0,0
vision_world_model,test_geometry_ood,1,20351003,geometry_ood_003,30,3.8120264012883935,3.775336945998586,3.773394648109873,3.8222402383987273,3.7929462688768076,3.8962139050579734,8.204797712961833,8.10546318689982,8.116694887479147,8.217633859316509,8.244989967346191,8.339206663767497,0.006139861134967456,0.004128368994376312,0.00524300829662631,0.006164268574987849,0.007148988207336515,0.008014671601510296,5.807861384999033,0.6533333333333333,1.0,1.0,1.0,3415.022494379431,588
vision_world_model,test_geometry_ood,1,20351004,geometry_ood_004,30,0.6900992657264902,0.7040450423128075,0.7254133682594531,0.7039264835934672,0.6616103545659118,0.6555010799008111,1.7001781034469605,1.7610838929812114,1.8356067299842835,1.739809266726176,1.6275261441866558,1.5368644833564757,0.005061182517092675,0.004990165544829021,0.005086725360403458,0.0050809969892725345,0.005035385109173755,0.005112639581784606,1.0737206501951224,0.5733333333333334,1.0,1.0,1.0,554.0398555006832,516
vision_world_model,test_geometry_ood,1,20351005,geometry_ood_005,30,0.06176651836062471,0.06094525820679135,0.0617856433822049,0.0618031637225714,0.06212387128422658,0.06217465520732933,0.2296763817469279,0.20125147501627605,0.2326818863550822,0.23474957942962646,0.23759167194366454,0.24210729598999023,0.001029669603255267,0.0009464253361026446,0.001091427846889322,0.0010827324508378903,0.0010505454226707419,0.000977216959775736,,0.0,1.0,1.0,1.0,0.0,0
vision_world_model,test_geometry_ood,1,20351006,geometry_ood_006,30,1.5271548310460317,1.370747272318436,1.5196572414081957,1.5884834192279311,1.5831030915698243,1.5737831307057706,4.250863869984944,3.9622071027755736,4.30389301776886,4.424701801935831,4.316422820091248,4.24709460735321,0.003812920974645143,0.0016741560713853687,0.0028342394003023704,0.003962990629952401,0.004893819564798226,0.005699399206787348,2.278152745613937,0.6466666666666666,1.0,1.0,1.0,1325.8848979473114,582
vision_world_model,test_geometry_ood,1,20351007,geometry_ood_007,30,0.08630986962260472,0.08370886138743824,0.08632025045032303,0.08696682149958279,0.08737492614115278,0.08717848863452674,0.34111999670664467,0.3300308148066203,0.3429412285486857,0.3436117092768351,0.3437297026316325,0.3452865282694499,0.0005381996386374036,0.0006262684085716804,0.00048788264005755386,0.0004648220996993283,0.0005374211546344061,0.0005746038902240495,,0.0,1.0,1.0,1.0,0.0,0
vision_world_model,test_geometry_ood,1,20351008,geometry_ood_008,30,2.52707874210034,2.6127943605650215,2.58147307034168,2.557762656433301,2.4731714773923157,2.410192145769381,7.206109048525493,7.4407911936442055,7.402189787228902,7.325880869229635,7.018733970324198,6.842949422200521,0.006505635878226409,0.007986940687987953,0.006009510074121257,0.005492695475307604,0.005878385389223695,0.007160647764491538,3.8411787050917003,0.6466666666666666,1.0,1.0,1.0,2235.5660063633695,582
vision_world_model,test_geometry_ood,1,20351009,geometry_ood_009,30,1.2934491136380368,1.5038651386482849,1.2128528392977185,1.2474705632879501,1.2383647940121592,1.2646922329440713,1.7568092966079711,2.3069574356079103,1.5462951024373373,1.6461247205734253,1.570038104057312,1.7146311203638713,0.004015823100538303,0.0057319777086377146,0.003145312238484621,0.0030450992402620614,0.003930856718216092,0.004225869597091029,1.9138809524228175,0.6666666666666666,1.0,1.0,1.0,1148.3285714536905,600
vision_world_model,test_geometry_ood,1,20351010,geometry_ood_010,30,2.2235949690846932,2.183830077842706,2.2812477582651707,2.2719310279107754,2.2098579183013904,2.171108063103424,6.255530093510946,6.043805456161499,6.424342759450277,6.431343213717143,6.267710105578105,6.110448932647705,0.0061810218632066,0.007391287413580964,0.006679105758666992,0.00586045019250984,0.005547863446796934,0.005426402504478271,3.4262162224881143,0.64,1.0,1.0,1.0,1973.500544153154,576
vision_world_model,test_geometry_ood,1,20351011,geometry_ood_011,30,2.1639164424004655,2.659964413899514,2.132643831666145,2.086012435083588,1.9452351549433338,1.995726376409746,3.5025470995903016,5.168907638390859,3.488352632522583,3.162356066703796,2.782393527030945,2.9107256333033242,0.007926782673069586,0.009379443324481448,0.009024815532999735,0.007526909315492958,0.006979944816945741,0.006722800375428051,3.179304423529913,0.6733333333333333,1.0,1.0,1.0,1926.6584806591272,606
vision_world_model,test_geometry_ood,1,20351012,geometry_ood_012,30,0.505198400395198,0.5271323543766306,0.4574471041560173,0.40321084550685354,0.5454907941425012,0.5927109037939873,0.7582107806205749,0.849600100517273,0.6950330813725789,0.4259020249048869,0.8456034382184346,0.9749152580897014,0.0042076544937056795,0.004452610070196291,0.004029582592193037,0.004029828775674105,0.004294738910781841,0.004231512119683127,0.7167958633941517,0.6333333333333333,1.0,1.0,1.0,408.57364213466644,570
vision_world_model,test_geometry_ood,1,20351013,geometry_ood_013,30,1.6076544242103894,1.409150238480005,1.6793153929834566,1.7191673444584012,1.625822877449294,1.6048162676807907,2.3188253060976662,1.7786505659421286,2.5362730662027997,2.581342275937398,2.3920764287312823,2.3057841936747234,0.006094882117273907,0.007638326263986528,0.007697538038094838,0.0057616671896539625,0.0049777408440907795,0.004399138250543426,2.3808484449299674,0.6666666666666666,1.0,1.0,1.0,1428.5090669579804,600
vision_world_model,test_geometry_ood,1,20351014,geometry_ood_014,30,1.3658173958429445,1.397009805843441,1.3712862796046668,1.3788761236601406,1.3433379257511762,1.3385768443552983,3.7673161967595417,3.931083099047343,3.765153972307841,3.7906078974405926,3.6854719638824465,3.6642640511194866,0.0038254742491214224,0.004398988916849097,0.0035210273849467437,0.0031457144922266405,0.003616193955531344,0.004445446496053288,2.0200102983077093,0.66,1.0,1.0,1.0,1199.8861171947792,594
vision_world_model,test_geometry_ood,1,20351015,geometry_ood_015,30,2.0640993637736473,1.595220878140794,2.0624063609788816,2.2983066025992027,2.1706110273772437,2.1939519497721145,4.752588217258453,3.4686932007471722,4.73766706387202,5.405973140398661,5.026370429992676,5.1242372512817385,0.006964903602687021,0.006686331114421288,0.006846986125068118,0.006466760331143935,0.0068954685314868884,0.007928971911314874,3.1127226502241783,0.6533333333333333,1.0,1.0,1.0,1830.2809183318168,588
vision_world_model,test_geometry_ood,1,20351016,geometry_ood_016,30,0.06225686028392779,0.06041874465429121,0.06334828882374698,0.06313102624068657,0.06181920935503311,0.06256703234588107,0.2748692242304484,0.2701650778452555,0.2791449467341105,0.27556296984354656,0.2726796388626099,0.2767934878667196,0.0004777307474675278,0.00048666080304731927,0.0005124355123067895,0.0004629557370208204,0.00047077342169359325,0.0004558282632691165,,0.0,1.0,1.0,1.0,0.0,0
vision_world_model,test_geometry_ood,1,20351017,geometry_ood_017,30,1.7396252062632185,1.7634477903859482,1.4928580730765437,1.7977780057531265,1.8126576768234373,1.831384485277037,2.526605930328369,2.543263792991638,1.7710853497187296,2.69751140276591,2.7667496760686237,2.8544194300969443,0.00800180678643907,0.0072643551315801835,0.008838322196000566,0.008027682480557512,0.0079977532926326,0.007880920831424495,2.615988750074876,0.6533333333333333,1.0,1.0,1.0,1538.2013850440271,588
vision_world_model,test_geometry_ood,1,20351018,geometry_ood_018,30,0.8595378989891873,0.8529412497145434,0.8648036361361543,0.8639982726424933,0.854532930534333,0.8614134059184128,1.974422555764516,1.992490291595459,2.103904382387797,1.936242926120758,1.9158411820729573,1.9236339966456095,0.0027565145577924948,0.003113908206190293,0.0018527182653391113,0.002008196571841836,0.0029447939828969537,0.003862955762694279,1.2875477994740423,0.64,1.0,1.0,1.0,741.6275324970484,576
vision_world_model,test_geometry_ood,1,20351019,geometry_ood_019,30,0.061261461538573106,0.06135298469000393,0.06160777660293711,0.061292982836150464,0.061113711363739436,0.06093985220003459,0.23297375202178955,0.21244658629099528,0.23646485805511475,0.23614654541015626,0.23811489741007488,0.2416958729426066,0.0008770843571983278,0.0008969754989569385,0.0009390259316811959,0.0008965853388266017,0.0008562547872619082,0.0007965802292649944,,0.0,1.0,1.0,1.0,0.0,0
vision_world_model,test_geometry_ood,1,20351020,geometry_ood_020,30,0.05990716438740492,0.05610163943428132,0.060433259875410136,0.06124637003781067,0.0603965382816063,0.06135801430791617,0.26547609011332196,0.2631624460220337,0.27059348424275714,0.26556217670440674,0.26221893628438314,0.26584340731302897,0.0004932608036324382,0.0005371934579064449,0.0005151043762452901,0.0004709267406724393,0.00048169615135217704,0.0004613832919858396,,0.0,1.0,1.0,1.0,0.0,0
vision_world_model,test_geometry_ood,1,20351021,geometry_ood_021,30,3.495013859195428,3.484645846258435,3.471288317400548,3.5048116150726045,3.4811060728091334,3.5332174444364175,8.967921427885692,8.936531440416973,8.932079633076986,8.98620552221934,8.983093353112539,9.00169719060262,0.004777256597299129,0.004593381274025888,0.004012283884609739,0.004436485015321523,0.00502353683890154,0.005820595973636955,5.300751212391952,0.6533333333333333,0.0,1.0,0.0,3116.8417128864676,588
vision_world_model,test_geometry_ood,1,20351022,geometry_ood_022,30,1.4619859173749057,1.1611678876189722,1.3777486105346017,1.4910806940661536,1.6248761816571156,1.655056212997685,4.102133906682332,3.292572808265686,3.8908987998962403,4.18476300239563,4.551625482241312,4.590809440612793,0.007325488042552024,0.005702475524352242,0.006613048612295339,0.00723305237867559,0.008088367187883704,0.008990496509553244,2.1741552192898883,0.64,1.0,1.0,1.0,1252.3134063109756,576
vision_world_model,test_geometry_ood,1,20351023,geometry_ood_023,30,1.4225691704783174,1.4651784989155001,1.3689796352345083,1.4168001332941154,1.4237527884542942,1.4381347964931694,1.4187682501475016,1.5081891059875487,1.3363470713297525,1.453117569287618,1.3398000160853067,1.4563874880472818,0.007043575396916519,0.008227767702192069,0.007024746287303666,0.006400028169931223,0.006725660315714777,0.006839674509440859,2.1089853739738462,0.6666666666666666,1.0,1.0,1.0,1265.3912243843079,600
vision_world_model,test_geometry_ood,1,20351024,geometry_ood_024,30,0.6838929108509587,0.8200184176262054,0.6736312143297659,0.6868795572262671,0.6046347388583753,0.6343006262141797,1.266045821507772,1.869403608640035,1.2613457043965657,1.2034431060155233,0.9963079452514648,0.9997287432352702,0.006112617369508371,0.003247222467325628,0.00487487877253443,0.006438810820691287,0.007398009455452363,0.008604165331538146,0.9919809444434313,0.66,1.0,1.0,1.0,589.2366809993982,594
vision_world_model,test_geometry_ood,1,20351025,geometry_ood_025,30,0.9220853343854348,0.8354003660898242,0.9273873554646141,0.9238736677707897,0.9485874404095941,0.9751778421923518,1.8358159999052683,1.4796566764513652,1.8032661398251852,1.8486369887987772,1.9759389281272888,2.0715812663237254,0.009086550104742248,0.007398130166499565,0.00838381303474307,0.009136084847462674,0.009925005010639627,0.010589717464366306,1.4855277794532669,0.6066666666666667,1.0,1.0,1.0,811.0981675814837,546
vision_world_model,test_geometry_ood,1,20351026,geometry_ood_026,30,1.1925144193921653,1.2115444882876343,1.109315338668724,1.155332997130851,1.249288409617212,1.2370908632564048,2.7005126372973125,2.6978227456410724,2.471336038907369,2.6077200969060264,2.8996418118476868,2.8260424931844077,0.004246577549104889,0.004439462375982354,0.004123006019896517,0.003949341791061063,0.004261752074429145,0.004459325484155367,1.7968730568471882,0.64,1.0,1.0,1.0,1034.9988807439804,576
vision_world_model,test_geometry_ood,1,20351027,geometry_ood_027,30,0.7225487924408581,0.6412184688987004,0.6626210873532626,0.6929357657829921,0.7948687584967249,0.8210998816726108,1.1181007877985636,0.8234025796254476,0.9563908259073893,1.0637730836868287,1.3155961116154988,1.4313413381576539,0.009981219139881432,0.008050359149153034,0.009024817880708724,0.009995243690597514,0.010972771312420566,0.01186290366652732,1.0885806230130475,0.6466666666666666,1.0,1.0,1.0,633.5539225935936,582
vision_world_model,test_geometry_ood,1,20351028,geometry_ood_028,30,1.4793140113105376,1.60394369220982,1.505962544079456,1.4994966977586348,1.4461713263764977,1.3409957961282797,3.6521450805664064,4.000420745213827,3.772267492612203,3.760017991065979,3.5181634505589803,3.2098557233810423,0.004283484670644005,0.00584548955084756,0.004367328974573563,0.003646380299081405,0.0035134705093999704,0.004044754019317528,2.1799191322674356,0.6666666666666666,1.0,1.0,1.0,1307.9514793604612,600
vision_world_model,test_geometry_ood,1,20351029,geometry_ood_029,30,1.860960977913605,1.720315567072895,1.837570902539624,1.8664513552975324,1.9512784698564145,1.9291885948015584,3.380717410246531,3.0976161042849224,3.3138150056203206,3.4071885983149213,3.5058622042338055,3.5791051387786865,0.009120214216430516,0.006986702679811666,0.008187471023605515,0.009184072694430749,0.010127285427976555,0.011115539256328097,2.994123561307788,0.6133333333333333,1.0,1.0,1.0,1652.756205841899,552
vision_world_model,test_physics_ood,1,20352000,physics_ood_000,30,1.7229523464137066,1.7929432964676784,1.7201077477592561,1.7748472037414709,1.6972138097871923,1.6296496743129358,4.387826080322266,4.605863849322001,4.3933437665303545,4.527962144215902,4.3298366467158,4.0821239948272705,0.0041361076136430105,0.00436876273015514,0.0044425615691579875,0.003923197443752239,0.0037709212124658127,0.004175095112683872,2.5931106449602184,0.6533333333333333,1.0,1.0,1.0,1524.7490592366084,588
vision_world_model,test_physics_ood,1,20352001,physics_ood_001,30,0.07220911563063662,0.08860917124483321,0.07532765462787615,0.06892130592217048,0.06517491029161546,0.06301253606668777,0.30039785226186116,0.3251999338467916,0.3067790905634562,0.2938363512357076,0.28904696305592853,0.2871269226074219,0.0007252027412566046,0.0006726173645195862,0.0007866746784808735,0.0007737957367983957,0.0007311046084699531,0.0006618213180142144,,0.0,1.0,1.0,1.0,0.0,0
vision_world_model,test_physics_ood,1,20352002,physics_ood_002,30,0.0804813242993421,0.07764366151144107,0.08085001969916952,0.08128405866316624,0.08116013455308146,0.08146874706985222,0.3380457544326782,0.3350471258163452,0.34098186492919924,0.33979249795277916,0.33672922452290854,0.337678058942159,0.0008453116798773408,0.0007339295659524699,0.0008431522563720743,0.0008709626078295211,0.0008817109318139652,0.0008968030374186735,,0.0,1.0,1.0,1.0,0.0,0
vision_world_model,test_physics_ood,1,20352003,physics_ood_003,30,2.710536737042583,2.889069189607269,2.7172917395105793,2.7656630381941794,2.6323506314928333,2.548309086408052,6.807756131490072,7.446611611048381,6.91223258972168,6.870639856656393,6.5516594250996905,6.257637174924215,0.00340803413807104,0.0025991175789386034,0.0026934181456454097,0.003284049874249225,0.003855893238990878,0.004607691852531085,4.120804607107932,0.6533333333333333,1.0,1.0,1.0,2423.0331089794636,588
vision_world_model,test_physics_ood,1,20352004,physics_ood_004,30,0.9126331381789512,0.5194939501894017,0.7610114712164634,0.9440943074930045,1.1022614993155002,1.236304462680386,2.05681290547053,0.9005833864212036,1.6421644727389018,2.142951234181722,2.5984875996907553,2.9998778343200683,0.00716448909137398,0.0059813029443224275,0.006688701722305268,0.0068900123432589075,0.007693685230333358,0.00856874321664994,1.3420022812665624,0.6533333333333333,1.0,1.0,1.0,789.0973413847387,588
vision_world_model,test_physics_ood,1,20352005,physics_ood_005,30,2.379835249990639,2.2523695392327174,2.4002415396480097,2.4141848858342403,2.4259081687260835,2.406472116512143,6.337542861302694,5.984576757748922,6.444999527931214,6.431667892138163,6.44521553516388,6.381254593531291,0.0029540261319683245,0.0028135498694609852,0.0026336334606943033,0.002748528029769659,0.0031145406692909697,0.003459878630625705,3.54596146710217,0.6666666666666666,1.0,1.0,1.0,2127.576880261302,600
vision_world_model,test_physics_ood,1,20352006,physics_ood_006,30,0.9676570806362562,0.6834917063514392,0.9321994410413835,1.0699832250260644,1.1033125985206829,1.0492984322417114,1.9171247053146363,1.1400350014368692,1.8479477882385253,2.1896596829096477,2.2707696914672852,2.1372113625208535,0.004171122807698945,0.003363927744794637,0.0035958665578315657,0.003924948357356091,0.00480057984823361,0.005170291530278822,1.431984299317203,0.66,1.0,1.0,1.0,850.5986737944186,594
vision_world_model,test_physics_ood,1,20352007,physics_ood_007,30,1.0272449977054363,1.0353109150090152,1.0415504550768269,1.0779022865618269,0.984078732608921,0.9973825992705921,2.3893461298942564,2.499994699160258,2.495341408252716,2.4991932551066083,2.2077695528666177,2.244431734085083,0.0026717572973575443,0.0020236922059363375,0.0022251543821766974,0.0025866456601458293,0.0030421172617934645,0.0034811769767353934,1.5220824900228962,0.6533333333333333,1.0,1.0,1.0,894.9845041334629,588
vision_world_model,test_physics_ood,1,20352008,physics_ood_008,30,1.2313279527529246,1.1654974055476486,1.217482352981137,1.2157079072048267,1.2500941534837087,1.3078579445473022,3.224772604306539,3.1750625173250833,3.24937584400177,3.166071057319641,3.2039859771728514,3.329367625713348,0.0029376541601959616,0.0017320731848788759,0.001851049744679282,0.0026115485505821805,0.0037219269938456516,0.004771672326993818,2.0306536118580163,0.5933333333333334,1.0,1.0,1.0,1084.3690287321806,534
vision_world_model,test_physics_ood,1,20352009,physics_ood_009,30,1.0796886141494744,0.5125778736443155,0.7843983000558283,1.1558045773870416,1.4288454308691951,1.5168168887909916,2.4938873839378357,0.7889629602432251,1.6758490959803263,2.7079256534576417,3.466194729010264,3.8305044809977216,0.003785702823661268,0.00317026471796756,0.0031947182569031915,0.0038897852801407376,0.00421361707461377,0.00446012878868108,1.5906510478895322,0.66,1.0,1.0,1.0,944.846722446382,594
vision_world_model,test_physics_ood,1,20352010,physics_ood_010,30,2.3836143542702,2.399655076737205,2.47052367584159,2.3867097747926085,2.363383931449304,2.2977993125302922,6.502062619527181,6.664575974146525,6.811098178227742,6.495015716552734,6.384304213523865,6.1553190151850385,0.0023660057550296187,0.002555933683955421,0.002217300414728622,0.002113232140739759,0.0023012894360969465,0.002642273099627346,3.5448456531266372,0.6666666666666666,1.0,1.0,1.0,2126.9073918759823,600
vision_world_model,test_physics_ood,1,20352011,physics_ood_011,30,0.44369175823198426,0.46012304104450674,0.4409713809688886,0.44750892935941616,0.41721757031563256,0.45263786947147716,0.8733085934321085,0.9668929417928059,0.895281728108724,0.8876417557398478,0.7450579404830933,0.8716686010360718,0.0035728184514058135,0.0033335695896918576,0.003144062209563951,0.0032901132362894714,0.0036361136357299984,0.0044602335857537884,0.6300976180224395,0.6533333333333333,1.0,1.0,1.0,370.4973993971944,588
vision_world_model,test_physics_ood,1,20352012,physics_ood_012,30,1.120226666993565,1.3145497291762795,1.1781898840847942,1.0675145134847197,1.0085407155876358,1.0323384926343957,2.174309811592102,2.8429950952529905,2.4062331676483155,2.015187621116638,1.769336175918579,1.8377969980239868,0.003274395508536448,0.0027960049686953426,0.0026060545506576696,0.002910323968778054,0.0037231828086078168,0.004336411245943358,1.6413113637012813,0.6733333333333333,1.0,1.0,1.0,994.6346864029765,606
vision_world_model,test_physics_ood,1,20352013,physics_ood_013,30,2.3421673570635417,2.2138354452637334,2.3072607620929677,2.354687895429217,2.4008262141918144,2.4342264683399764,6.564742909272511,6.274483072757721,6.500768287976583,6.589376970132192,6.69223913749059,6.766847078005473,0.005038538432175604,0.003193953538235898,0.004361451273628821,0.005212895514947983,0.005922434872870023,0.006501956961195295,3.841688897250289,0.6,1.0,1.0,1.0,2074.512004515156,540
vision_world_model,test_physics_ood,1,20352014,physics_ood_014,30,1.9410950960239604,2.1211216738447547,1.96326514053055,1.904073402699497,1.8964796133856807,1.820535649659319,4.7066633939743046,5.348995073636373,4.811211983362834,4.592343227068583,4.473170336087545,4.307596349716187,0.004225389692777147,0.003796244238037616,0.003841973231950154,0.003929106165499737,0.004498915219058593,0.005060709609339634,2.9677817015508605,0.6466666666666666,1.0,1.0,1.0,1727.2489503026009,582
vision_world_model,test_physics_ood,1,20352015,physics_ood_015,30,1.8992221070846749,1.8709667532911731,1.8361091008409858,1.893518409702099,1.9099182781039012,1.9855979934852157,4.855417676766714,4.777471303939819,4.677664748827616,4.870467571417491,4.893961564699809,5.057523194948832,0.00430506066341574,0.004238290941187491,0.004284281112874547,0.0040996790941183765,0.004120992655710628,0.004782059513187656,3.0267412024333167,0.62,1.0,1.0,1.0,1688.9215909577906,558
vision_world_model,test_physics_ood,1,20352016,physics_ood_016,30,1.1272129318821762,0.9876458198246029,1.218118221167889,1.161529724113643,1.118243239281906,1.1505276550228396,2.741166913509369,2.292246921857198,3.0446153322855634,2.8445271253585815,2.7047869126001993,2.819658275445302,0.0051318589691072706,0.003943122442190846,0.004865692210538934,0.004998122144024819,0.005612327348596106,0.006240030700185647,1.642996210505565,0.6666666666666666,1.0,1.0,1.0,985.797726303339,600
vision_world_model,test_physics_ood,1,20352017,physics_ood_017,30,0.7201530424712432,0.7384722085152235,0.7219890122405357,0.7091964730165071,0.7142690017405483,0.7168385168434017,1.6304502805074057,1.762492295106252,1.6672152558962503,1.5988412618637085,1.5656935652097066,1.5580090244611104,0.0032095349583930025,0.0026060151091466346,0.0026201281580142677,0.003053352553009366,0.0035515286843292417,0.0042166502874655025,1.15097922893517,0.6,1.0,1.0,1.0,621.5287836249918,540
vision_world_model,test_physics_ood,1,20352018,physics_ood_018,30,1.0682504358577232,1.3354941920584276,1.1462046813219786,1.0290521670132875,0.9331894025620487,0.8973117363328735,2.262656734784444,3.0886967261632283,2.5207502047220864,2.1513015389442445,1.8475377639134725,1.704997440179189,0.0031874200856933993,0.0021576689769669125,0.002419542639593904,0.0031169327169967196,0.003854943986516446,0.0043880121083930135,1.6898157726038634,0.62,1.0,1.0,1.0,942.9172011129558,558
vision_world_model,test_physics_ood,1,20352019,physics_ood_019,30,2.527659694366157,2.51082607758128,2.5372410020894476,2.53039809136341,2.5392985825012957,2.520534718295352,6.728750368754069,6.725122316678365,6.861006792386373,6.706311440467834,6.710674937566122,6.640636356671651,0.0022687096329173074,0.002309638036725422,0.002084068302065134,0.0022385162534192204,0.002335626048928437,0.002375699523448323,3.760524406246841,0.6666666666666666,1.0,1.0,1.0,2256.3146437481046,600
vision_world_model,test_physics_ood,1,20352020,physics_ood_020,30,1.4427344558636348,1.4306854840057592,1.4506887340607741,1.4257037121181686,1.4555262175388635,1.4510681315946081,3.206754600207011,3.1867438475290935,3.256274398167928,3.1586076895395916,3.2506202856699624,3.181526780128479,0.004905192991330598,0.003930768564653893,0.004391198776041468,0.00469966564172258,0.005304983031237498,0.0061993489429975545,2.1985300313361322,0.6466666666666666,1.0,1.0,1.0,1279.544478237629,582
vision_world_model,test_physics_ood,1,20352021,physics_ood_021,30,0.996105681810942,1.179917952687376,1.038053414867156,0.9542938598121206,0.9150815327134397,0.8931816489746173,1.7750967311859132,2.406829086939494,1.9361115018526713,1.604726239045461,1.5036081711451212,1.424208656946818,0.003982001948170364,0.0030752176380095383,0.0031066298329581817,0.0034965367366870245,0.004643903827915589,0.005587721705281486,1.5539718157023932,0.6266666666666667,1.0,1.0,1.0,876.4401040561497,564
vision_world_model,test_physics_ood,1,20352022,physics_ood_022,30,0.8768437773092753,0.619286930312713,0.7396563834717704,0.8900024149877329,1.0036070447518595,1.131666113022301,2.1348193510373434,1.5322116533915202,1.8437289913495383,2.1717987378438313,2.38495143254598,2.7414059400558473,0.004365513520509315,0.003688697276326517,0.0035271995739700893,0.004025011346675456,0.004858336170824865,0.005728323234749647,1.3009801912827021,0.66,1.0,1.0,1.0,772.7822336219251,594
vision_world_model,test_physics_ood,1,20352023,physics_ood_023,30,2.8344976449654333,2.7585554969186585,2.810169215924624,2.8255207653881773,2.8682376604216793,2.910005086174028,7.9836293069521584,7.764035058021546,7.91388296286265,7.978312814235688,8.102951987584431,8.158963712056478,0.004675891181298842,0.0035234445395569006,0.003859767069419225,0.004465196262268971,0.005293571669608354,0.0062374763656407595,4.344167245001471,0.6466666666666666,1.0,1.0,1.0,2528.3053365908563,582
vision_world_model,test_physics_ood,1,20352024,physics_ood_024,30,1.646821442824892,1.7453842352713562,1.649814223808547,1.7141686344415776,1.6010892130434513,1.5236509075595273,4.297584676742554,4.645652937889099,4.351900370915731,4.450740464528402,4.140514016151428,3.8991155942281086,0.0038354256958700716,0.004204699106048792,0.004338997311424464,0.0036479184598041075,0.0036012869289455316,0.0033842266731274624,2.477083031393803,0.6533333333333333,1.0,1.0,1.0,1456.5248224595562,588
vision_world_model,test_physics_ood,1,20352025,physics_ood_025,30,0.5005999345456561,0.4941383453292979,0.47565953676692313,0.4934788286065062,0.5017728799540135,0.5379500820715394,0.7223270392417908,0.7791594823201498,0.6651899814605713,0.7432019313176473,0.703444794813792,0.7206390062967937,0.0051388378833265354,0.004585409781429917,0.004249673197045922,0.004472395506066581,0.005551548758133625,0.006835162173956633,0.7205542918725484,0.6533333333333333,1.0,1.0,1.0,423.68592362105846,588
vision_world_model,test_physics_ood,1,20352026,physics_ood_026,30,0.07330830486491323,0.06231082790634698,0.07247473982473214,0.0751762850313551,0.07756419701294767,0.07901547454918424,0.3250084988276164,0.2980943202972412,0.324448029200236,0.32987171014149985,0.3340570529301961,0.3385713815689087,0.0008935020739833514,0.0007804948797759911,0.000906795038220783,0.0009319392071726421,0.0009239070311499139,0.0009243742135974268,,0.0,1.0,1.0,1.0,0.0,0
vision_world_model,test_physics_ood,1,20352027,physics_ood_027,30,1.208950848488344,1.1342793005518614,1.1287963548157778,1.1726064427962735,1.2429978533440993,1.3660742909337082,2.901053853034973,2.731716855367025,2.699292222658793,2.7883941491444904,2.9852991342544555,3.3005669037501018,0.005023861817705135,0.00492511127376929,0.004397648766947289,0.004664379742462188,0.005179850120718281,0.005952319184628626,1.7715839702795835,0.6733333333333333,1.0,1.0,1.0,1073.5798859894276,606
vision_world_model,test_physics_ood,1,20352028,physics_ood_028,30,0.5088161532415284,0.4955238996177084,0.4387638136537539,0.4949922730214894,0.533820932234327,0.5809798476803634,0.8857259114583333,1.2167036334673564,0.6638501087824503,0.78219233751297,0.8438278992970785,0.9220555782318115,0.006593210032248559,0.010361162227733681,0.006677898776251823,0.005045507995722194,0.005052413866117907,0.005829067295417189,0.7900247469838161,0.62,1.0,1.0,1.0,440.8338088169694,558
vision_world_model,test_physics_ood,1,20352029,physics_ood_029,30,0.5260476573887799,0.5294103116521405,0.5269403028198414,0.5109140136796567,0.5234076428227127,0.539566015969548,0.7466877365112304,0.798488465944926,0.7806163311004639,0.6962360541025797,0.7171140869458517,0.7409837444623312,0.004540785219675551,0.0034079566714353858,0.004186896638323863,0.004670506533390532,0.004957838666935762,0.005480727588292211,0.8129840992090903,0.6066666666666667,1.0,1.0,1.0,443.8893181681633,546
vision_world_model,test_combined_ood,1,20353000,combined_ood_000,30,0.06362554792728689,0.06168899077715145,0.06430469218434559,0.06391463320081432,0.06386384474527505,0.06435557872884803,0.27059375286102294,0.27088606357574463,0.270588747660319,0.2666632175445557,0.26924839019775393,0.27558234532674153,0.0007391527675402661,0.0007576362346298993,0.0007633591924483577,0.0007369561120867729,0.0007440356033233305,0.0006937766952129702,,0.0,1.0,1.0,1.0,0.0,0
vision_world_model,test_combined_ood,1,20353001,combined_ood_001,30,0.08348055838710731,0.08795620882883667,0.08522088888825642,0.08289617567012707,0.08113878815331393,0.08019073039500249,0.33517910321553546,0.3446611007054647,0.3410225709279378,0.3342336098353068,0.32841840585072835,0.32755982875823975,0.0009125235599155227,0.0013198527274653315,0.0008843222671809296,0.0007978465058840811,0.0007528499467298388,0.0008077463523174325,,0.0,1.0,1.0,1.0,0.0,0
vision_world_model,test_combined_ood,1,20353002,combined_ood_002,30,1.0822427679287892,1.2568122025268773,1.06970012485981,1.0279824209916923,1.044012477580044,1.0127066136855218,2.603976792494456,3.2148732900619508,2.594710191090902,2.429321245352427,2.471028145154317,2.309951090812683,0.004916467953007668,0.0053581221533628804,0.004285292482624451,0.004476955944361786,0.0051160127390176054,0.005345956445671618,1.6281723717305188,0.64,1.0,1.0,1.0,937.8272861167789,576
vision_world_model,test_combined_ood,1,20353003,combined_ood_003,30,1.980114096338964,1.1989983018384212,1.875149943969316,2.1499688434931965,2.332054336865743,2.344399055528144,4.207520438830058,1.8825190305709838,3.895922311147054,4.723540902137756,5.227230604489645,5.308389345804851,0.00915306380096202,0.008709806157276035,0.010445659735705704,0.009525382848611723,0.008888334388999889,0.008196135874216755,2.9894068743178277,0.6533333333333333,1.0,1.0,1.0,1757.7712420988828,588
vision_world_model,test_combined_ood,1,20353004,combined_ood_004,30,1.222932192991591,1.0943845184726848,1.1578519617000387,1.211140310495264,1.2889316317107942,1.362352542579174,2.8829182235399884,2.602808618545532,2.7168183008829754,2.810029192765554,3.0368606090545653,3.2480743964513143,0.004325649000432653,0.004747098994751771,0.004262402975776543,0.004133932555365997,0.0042714662326034155,0.0042133442436655365,1.8544948832899855,0.6333333333333333,1.0,1.0,1.0,1057.0620834752917,570
vision_world_model,test_combined_ood,1,20353005,combined_ood_005,30,0.06166977951303124,0.05820552808129125,0.06128077407677968,0.062236171681433916,0.0630937526623408,0.06353267106331056,0.27802232424418133,0.2547844727834066,0.2803078810373942,0.28284826278686526,0.284507950146993,0.28766305446624757,0.0007144306180998683,0.0007866994633028905,0.0007763738782765964,0.000706210396795844,0.0006721892413528015,0.000630680110771209,,0.0,1.0,1.0,1.0,0.0,0
vision_world_model,test_combined_ood,1,20353006,combined_ood_006,30,0.06512472667627864,0.05590760312560532,0.06377947321161628,0.06658124900940392,0.06890447583670417,0.07045083219806353,0.3042458422978719,0.28001771767934164,0.30306164423624676,0.30821041266123456,0.3123092810312907,0.31763015588124593,0.0007435833158281942,0.0006632681664389869,0.0006736266775988042,0.0007494986328917245,0.00080437344731763,0.0008271496548938255,,0.0,1.0,1.0,1.0,0.0,0
vision_world_model,test_combined_ood,1,20353007,combined_ood_007,30,0.05528842267062929,0.051393897013945714,0.05276530309476786,0.055960509460419416,0.05755060153702895,0.05877180224698451,0.26990421454111735,0.2382518450419108,0.2713451544443766,0.27665573755900064,0.27938927014668785,0.28387906551361086,0.0006959324762768423,0.0007425280772925664,0.00074866673288246,0.000688695878488943,0.0006603290239581838,0.000639442668762058,,0.0,1.0,1.0,1.0,0.0,0
vision_world_model,test_combined_ood,1,20353008,combined_ood_008,30,0.3877193772027062,0.3558758155753215,0.3547414733821319,0.39496536599472165,0.40563068229498134,0.4273835487663746,0.7809032281239827,0.7009457270304362,0.7112357974052429,0.8132141987482707,0.8164073705673218,0.8627130468686421,0.006650015874765813,0.006640091449177514,0.006056634449244787,0.006270239544877162,0.006748832133598626,0.007534281796930979,0.5623552710731368,0.58,1.0,1.0,1.0,293.5494515001774,522
vision_world_model,test_combined_ood,1,20353009,combined_ood_009,30,2.9011564692109824,3.0358581884039775,2.9363556225266723,2.828160397770504,2.87398258411429,2.831425553239468,5.781996145248413,6.276904129981995,5.862228020032247,5.549462095896403,5.691509008407593,5.529877471923828,0.005060215929988772,0.00701612225966528,0.004673784556022535,0.004208713606931269,0.004496555662869165,0.004905903564455609,4.448331537269235,0.6466666666666666,1.0,1.0,1.0,2588.928954690695,582
vision_world_model,test_combined_ood,1,20353010,combined_ood_010,30,0.05440726183147894,0.05697713180755575,0.0561440121796396,0.054219652236335805,0.052675918655263054,0.05201959427860048,0.23699395179748536,0.23638425668080648,0.24658888181050617,0.23655665715535482,0.23175370693206787,0.2336862564086914,0.0005943994860475262,0.0006222575670108199,0.0005850383662618696,0.0005759155494160951,0.0006037363860135277,0.0005850495615353187,,0.0,1.0,1.0,1.0,0.0,0
vision_world_model,test_combined_ood,1,20353011,combined_ood_011,30,2.2266437176004468,2.1180025483998985,2.1969119363464413,2.239456801949483,2.258951406258469,2.3198958950479414,5.137283020019531,4.884461756547292,5.06043344338735,5.100109108289083,5.255282290776571,5.386128501097361,0.00860563306681191,0.0071841098251752555,0.00783023815214013,0.008626411552540958,0.009330143230423952,0.01005726257377925,3.599155385646146,0.6133333333333333,1.0,1.0,1.0,1986.7337728766724,552
vision_world_model,test_combined_ood,1,20353012,combined_ood_012,30,1.078474027785576,1.2163181136776176,1.0367319527703027,0.990158313461062,1.0597300766035915,1.0894316824153065,2.5622145628929136,2.93154243628184,2.42177148660024,2.3130752205848695,2.541002869606018,2.6036808013916017,0.0034038794874989738,0.003317122592125088,0.0031194260654350122,0.003177789643329258,0.003545979127132644,0.003859080009472867,1.6387420528206147,0.64,1.0,1.0,1.0,943.915422424674,576
vision_world_model,test_combined_ood,1,20353013,combined_ood_013,30,0.5339831591294043,0.4948661134888728,0.47248034826997254,0.4985487778671086,0.5752611870463523,0.6287593689747155,0.8068792231877645,0.6757408618927002,0.6975971698760987,0.735084613164266,0.9088968435923258,1.0170766274134317,0.006064061621436849,0.0049325375468470154,0.0054552559624426065,0.006071488986102243,0.006625474590691738,0.007235551021100643,0.7927288421880954,0.6466666666666666,1.0,1.0,1.0,461.36818615347147,582
vision_world_model,test_combined_ood,1,20353014,combined_ood_014,30,0.8340892057348457,0.8583787912606365,0.7789819599543181,0.7792201141102446,0.8667569655097194,0.8871081978393097,1.6870387848218282,1.7050658067067463,1.5167993466059366,1.546120039621989,1.8174946824709575,1.8497140487035115,0.0037409072446947297,0.0042964530177414416,0.0038178014336153867,0.0031801098414386314,0.0033953435757818323,0.004014828354896357,1.2552898855517722,0.64,1.0,1.0,1.0,723.0469740778208,576
vision_world_model,test_combined_ood,1,20353015,combined_ood_015,30,0.050177655855400696,0.04893173859972093,0.04957113640589846,0.049572887488951285,0.05069993957877159,0.052112577203661206,0.2592920430501302,0.24108952681223553,0.26350651582082113,0.2624836365381877,0.2628864924112956,0.2664940436681112,0.0007208590698428452,0.000717096832037593,0.0006629373868539309,0.0006820426206104457,0.0007460486221437652,0.0007961698875684913,,0.0,1.0,1.0,1.0,0.0,0
vision_world_model,test_combined_ood,1,20353016,combined_ood_016,30,1.4239594407690068,1.339947325312015,1.3437972559076217,1.4381468665889567,1.488398089280559,1.5095076667558815,3.7421484851837157,3.499171431859334,3.5008759339650473,3.772005792458852,3.9250117421150206,4.0136775255203245,0.004820015102547283,0.00500743726734072,0.00446043568275248,0.004538667508556197,0.004866896008995051,0.0052266390450919666,2.1626181294373477,0.6466666666666666,1.0,1.0,1.0,1258.6437513325363,582
vision_world_model,test_combined_ood,1,20353017,combined_ood_017,30,1.6720140972505841,1.5973363696390557,1.6293590572455692,1.7023842274211347,1.705852223560214,1.725138608386947,3.332821242014567,3.205866038799286,3.2594554384549457,3.351839812596639,3.3960092147191365,3.450935705502828,0.0101389324090754,0.006531483420015623,0.008440837201972803,0.010314365619948754,0.011928129007962222,0.013479846795477594,2.667163043146065,0.62,1.0,1.0,1.0,1488.2769780755043,558
vision_world_model,test_combined_ood,1,20353018,combined_ood_018,30,0.06432847985376915,0.06534346879149476,0.06507835286772913,0.06419677787149945,0.0633436659247511,0.06368013381337126,0.2795742352803548,0.2820438543955485,0.28555553754170737,0.2791019837061564,0.2745654026667277,0.2766043980916341,0.0004100322707866629,0.0003975236089900136,0.00039823227173959214,0.0004061610088683665,0.00043277473499377567,0.00041546972934156654,,0.0,1.0,1.0,1.0,0.0,0
vision_world_model,test_combined_ood,1,20353019,combined_ood_019,30,0.06436290821060538,0.06753561816488703,0.0639860416141649,0.06309273784152336,0.06328749864672621,0.0639126447857254,0.2842439142862956,0.27282989819844566,0.2881945212682088,0.28571928342183434,0.2858089288075765,0.2886669397354126,0.0009120743519936998,0.001345407923993965,0.0008395193765560786,0.0007888526190072298,0.0007838579282785455,0.0008027339121326804,,0.0,1.0,1.0,1.0,0.0,0
vision_world_model,test_combined_ood,1,20353020,combined_ood_020,30,0.05594778249040246,0.054447742023815714,0.055716550391581326,0.05713157492379348,0.05624278390573131,0.056200261207090485,0.23442183335622152,0.21763264338175456,0.24106873671213785,0.23762259483337403,0.23594863414764405,0.2398365577061971,0.0007143357062401871,0.0007075478283998867,0.0007398072979412973,0.0007044429463955263,0.0007217826244110862,0.0006980978340531389,,0.0,1.0,1.0,1.0,0.0,0
vision_world_model,test_combined_ood,1,20353021,combined_ood_021,30,1.3486505281262928,1.5446662819426922,1.4671048809049858,1.3084254078463549,1.2416213186561234,1.1814347512813077,2.42393950621287,3.1113033533096313,2.7448076963424684,2.326790539423625,2.027109066645304,1.9096868753433227,0.007155245137400925,0.006847723988660921,0.006341037701349706,0.006871443521231413,0.007505655036463092,0.008210365439299493,1.9957462062810858,0.6666666666666666,1.0,1.0,1.0,1197.4477237686515,600
vision_world_model,test_combined_ood,1,20353022,combined_ood_022,30,1.2851114037198326,1.5895224578368168,1.3599842543610268,1.2515757501953177,1.1416335091408756,1.0828410470651255,2.9937773315111795,4.010881531238556,3.1968208233515423,2.8631612141927083,2.5141329924265543,2.3838900963465375,0.010077383341267706,0.006595900460767249,0.008687214405896763,0.010362873839524885,0.011762324941810221,0.012978603058339406,1.910460372941462,0.66,1.0,1.0,1.0,1134.8134615272284,594
vision_world_model,test_combined_ood,1,20353023,combined_ood_023,30,1.2478847636758452,1.2942095877292255,1.2502135537771715,1.2168913678783508,1.2173743603544103,1.2607349486400683,2.456851513385773,2.6447723627090456,2.4792631467183432,2.3705458720525105,2.3571367859840393,2.432539399464925,0.01073939914116636,0.009482401865534484,0.009902355746210864,0.01062198169917489,0.011436127444418768,0.01225412895049279,2.0222620051627085,0.6066666666666667,1.0,1.0,1.0,1104.1550548188388,546
vision_world_model,test_combined_ood,1,20353024,combined_ood_024,30,0.10836893695303136,0.11885072266062101,0.11044522759815058,0.10674964038448201,0.10397138296523029,0.1018277111566729,0.39090772946675617,0.4028228044509888,0.3976907173792521,0.3903237819671631,0.3830157200495402,0.38068562348683677,0.0006828065061320861,0.000630188345288237,0.0006899859989061951,0.0006926768304159244,0.000693430018145591,0.0007077513379044831,,0.0,1.0,1.0,1.0,0.0,0
vision_world_model,test_combined_ood,1,20353025,combined_ood_025,30,0.06308017485464612,0.05668708096361823,0.06233194020266334,0.06513693865595592,0.06540388707071543,0.06584102738027771,0.2923819669087728,0.2756670554478963,0.29485705693562825,0.29796724319458007,0.296100656191508,0.2973178227742513,0.0006676617502428902,0.0007063731109762254,0.000729274774979179,0.0006585309883424391,0.0006066301177876691,0.0006374997591289381,,0.0,1.0,1.0,1.0,0.0,0
vision_world_model,test_combined_ood,1,20353026,combined_ood_026,30,0.10597476314546334,0.11020605892149939,0.108771394389785,0.10511917113843891,0.10359725132584571,0.10217993995174765,0.3909699026743571,0.38698620001475015,0.3983525991439819,0.3924828211466471,0.38915590445200604,0.38787198861440025,0.0007245087406287591,0.0006388863393416007,0.0006813851806024711,0.000745695181346188,0.0007716110053782661,0.0007849659964752694,,0.0,1.0,1.0,1.0,0.0,0
vision_world_model,test_combined_ood,1,20353027,combined_ood_027,30,1.3765188767305678,0.9539085511428614,1.2261520119487412,1.454827505370809,1.550405241135094,1.697301074055334,2.2992586437861124,0.9728368759155274,1.8064157485961914,2.507881999015808,2.8925058841705322,3.316652711232503,0.01444964192652454,0.012414317232711861,0.014873019074245045,0.01568575024139136,0.015084891386019686,0.014190231698254745,2.0718807992303656,0.6533333333333333,1.0,0.0,0.0,1218.265909947455,588
vision_world_model,test_combined_ood,1,20353028,combined_ood_028,30,2.19787030990132,2.070042521589332,2.2383284314225116,2.3762565470611055,2.181938342667288,2.1227857067663636,5.887430878480275,5.52750518321991,6.045145404338837,6.4176373958587645,5.79739313920339,5.649473269780477,0.011735600708828618,0.00974630656419322,0.010318281610185902,0.011642430955544115,0.013003267184831201,0.013967717229388655,3.3151462264487015,0.6466666666666666,1.0,0.0,0.0,1929.4151037931442,582
vision_world_model,test_combined_ood,1,20353029,combined_ood_029,30,0.07503739181905984,0.07108267124535309,0.07535588548829159,0.07591758668422699,0.07645734151204427,0.07637347416538331,0.3188052320480347,0.31077757676442463,0.3220905065536499,0.32108839352925617,0.31997389793395997,0.3200957854588827,0.0006870093332448353,0.0006903568127502997,0.0006217725089906405,0.0006637324423839648,0.0006959711007463435,0.0007632138013529281,,0.0,1.0,1.0,1.0,0.0,0
vision_world_model,test_id,2,20350000,id_000,30,0.6737621044305464,0.6733994741510186,0.6077840593643486,0.6597207192435033,0.696520896597455,0.7313853727964064,1.9644289588928223,1.9919339934984843,1.756618857383728,1.911745802561442,2.0262834270795187,2.135562713940938,0.0034418455342529342,0.0025480185451063637,0.0029258204895692566,0.003375935977480064,0.003881791059393436,0.004477661599715551,0.9927764430591955,0.66,1.0,1.0,1.0,589.7092071771622,594
vision_world_model,test_id,2,20350001,id_001,30,0.07207843507122662,0.07582616901232136,0.07111232238304284,0.07077786454723942,0.07114802199519343,0.07152779741833608,0.17009213129679362,0.19176087379455567,0.1683568557103475,0.16624300479888915,0.16327985922495525,0.16082006295522053,0.0012968959015173217,0.0021631448025194308,0.0012399848046091696,0.0010633311428440114,0.0010119455323244135,0.0010060732252895831,,0.0,1.0,1.0,1.0,0.0,0
vision_world_model,test_id,2,20350002,id_002,30,1.24256869536928,1.2695326906111506,1.1721419708182415,1.2316264666202996,1.2613516233240565,1.2781907254726523,2.827878764470418,2.942041047414144,2.6045732816060383,2.7757786870002747,2.910310169061025,2.9066906372706094,0.002854972719214857,0.0023788525334869823,0.002719989450027545,0.0028755233079815904,0.003066400155269851,0.003234098149308314,1.8977946074890721,0.6466666666666666,1.0,1.0,1.0,1104.51646155864,582
vision_world_model,test_id,2,20350003,id_003,30,0.0941874644988113,0.12672229206396474,0.10898003490227792,0.09035749458190467,0.07742294663977292,0.06745455430613624,0.22016578197479247,0.25948355595270794,0.23123143911361693,0.21175483067830403,0.2008270025253296,0.1975320816040039,0.0006843053766836723,0.0009160770685411989,0.0005417371556783716,0.0006709457491524517,0.0006729600912270447,0.0006198068188192944,,0.0,1.0,1.0,1.0,0.0,0
vision_world_model,test_id,2,20350004,id_004,30,0.7458470303089254,0.7322661072636644,0.755814621463004,0.7629836994947659,0.7524278391876982,0.7257428841354946,1.9095984427134196,1.8724123279253642,1.953788904349009,1.9798821647961935,1.9244356075922648,1.8174732089042664,0.003223109889853125,0.0028080904119027156,0.002974240966917326,0.003257531412721922,0.0034559495087402563,0.003619737148983404,1.191087113338567,0.6066666666666667,1.0,1.0,1.0,650.3335638828576,546
vision_world_model,test_id,2,20350005,id_005,30,0.05705169617715809,0.047467521350416875,0.05303804385993216,0.05784657520966397,0.062398900733225876,0.06450743973255157,0.13452927827835082,0.14671963850657146,0.12696808179219563,0.12598416805267335,0.13336360851923626,0.13961089452107747,0.0006475631597762306,0.0006930438103154302,0.000634382381880035,0.0006556011193121473,0.0006317972671240568,0.000622991220249484,,0.0,1.0,1.0,1.0,0.0,0
vision_world_model,test_id,2,20350006,id_006,30,0.527138085435662,0.41804392917288674,0.4905433833702571,0.5317048778964414,0.5790544604779118,0.616343776260813,1.073149913152059,0.7591747919718425,0.9593568166097005,1.0967458128929137,1.2330034653345743,1.3174686789512635,0.003623252453398891,0.002802854069159366,0.003135551077624162,0.0034212838121068976,0.004042476000419507,0.004714097307684521,0.8172447810392061,0.6266666666666667,1.0,1.0,1.0,460.9260565061122,564
vision_world_model,test_id,2,20350007,id_007,30,0.06393210269096825,0.08708238051169448,0.0716554641827113,0.05950814819791251,0.05295936723964082,0.048455153322882125,0.14786887168884277,0.175294828414917,0.1560024658838908,0.1429628531138102,0.13582998116811115,0.1292542298634847,0.0006429175163308779,0.0006882785819470882,0.0005451305924604337,0.0006160002085380256,0.0006700454823051889,0.0006951327164036532,,0.0,1.0,1.0,1.0,0.0,0
vision_world_model,test_id,2,20350008,id_008,30,0.9683533660218947,1.0092502484822439,0.9201563360790411,0.9699996317633324,0.9667548441328109,0.9756057696520455,2.637690865198771,2.740188992023468,2.522337476412455,2.660258348782857,2.6200396537780763,2.645629854996999,0.0037588143057655544,0.0038473425782285632,0.003579663147684187,0.003612465428886935,0.003742502474536498,0.004012097899491588,1.4491786162470321,0.6533333333333333,1.0,1.0,1.0,852.1170263532549,588
vision_world_model,test_id,2,20350009,id_009,30,0.8990105258611342,0.8856798164029088,0.8776252567250695,0.9004293957207766,0.9081911253328953,0.9231270351240204,2.319094847838084,2.343824835618337,2.270752771695455,2.336435385545095,2.329831333955129,2.314629912376404,0.00437675015690426,0.0037922964819396537,0.004021768004167825,0.004289057057273264,0.0045997287204954775,0.005180900520645082,1.4132616531288793,0.6266666666666667,1.0,1.0,1.0,797.0795723646879,564
vision_world_model,test_id,2,20350010,id_010,30,1.8059123083617952,1.6713567460783654,1.7952598571777343,1.687375131653001,1.9699501842881242,1.9056196226117512,6.340396613279978,5.805322480201721,6.317119073867798,6.235808686415354,6.640518816312154,6.703214009602864,0.00320766168316671,0.003198644161845247,0.0028865380173859496,0.0031111320771742613,0.003264450371110191,0.0035775437883179013,2.6618309549206605,0.6733333333333333,0.0,1.0,0.0,1613.0695586819202,606
vision_world_model,test_id,2,20350011,id_011,30,0.8219296484440565,0.836878016580724,0.8040107893343601,0.8149840890119473,0.8226450796342558,0.8311302676589952,2.035098346074422,2.0651521762212117,1.9930812994639078,2.0477052211761473,2.048191261291504,2.02136177221934,0.0048032052725708735,0.0035880774667020887,0.00421298264991492,0.004741462440385173,0.0054031680396292355,0.006070335766222948,1.2478857354558621,0.6466666666666666,1.0,1.0,1.0,726.2694980353117,582
vision_world_model,test_id,2,20350012,id_012,30,0.050416852629019154,0.05292417996873458,0.04900763821270731,0.048862869282149606,0.05019095489341352,0.05109862078809076,0.17020323594411213,0.1784693161646525,0.16618336836496989,0.16652673880259197,0.1694659153620402,0.17037084102630615,0.0004972646043946346,0.0005303256136054794,0.00038629298408826194,0.0004632353006551663,0.0005379330017603934,0.0005685361218638718,,0.0,1.0,1.0,1.0,0.0,0
vision_world_model,test_id,2,20350013,id_013,30,0.7494037605785868,0.3921158380133824,0.6656071880935794,0.8159632392732116,0.9090694421113261,0.9642630954014344,2.0822743511199953,0.9751892566680909,1.84305229584376,2.2995388587315877,2.582753388086955,2.710837956269582,0.0018417737091658637,0.0013800262357108295,0.001242722567015638,0.001801142850308679,0.0022503203518378237,0.002534656540956348,1.1996477735356765,0.6066666666666667,1.0,1.0,1.0,655.0076843504794,546
vision_world_model,test_id,2,20350014,id_014,30,0.8925356030588348,1.0861574661607543,0.867738893110719,0.8277484432173272,0.8359759056940674,0.8450573071113063,2.1725811886787416,2.7328569809595744,2.057237164179484,1.997866960366567,2.020490797360738,2.054454040527344,0.0019622893383105596,0.002771937451325357,0.0020876387095389265,0.001897600576436768,0.0016401144171444078,0.0014141555371073385,1.458311011289222,0.5933333333333334,1.0,1.0,1.0,778.7380800284445,534
vision_world_model,test_id,2,20350015,id_015,30,1.87457582215882,1.7238744009079205,1.8266964164976445,1.8943349410779775,1.9456182579199472,1.9823550943906108,5.1239151159922285,4.736186830202739,5.02236555814743,5.1827439347902935,5.311831971009572,5.366447285811106,0.003929274851301064,0.0038075022865086796,0.003828805514300863,0.003911172594719877,0.003999597854757061,0.004099296006218841,3.031891899075413,0.6133333333333333,1.0,1.0,1.0,1673.604328289628,552
vision_world_model,test_id,2,20350016,id_016,30,2.422020269928293,2.372922292041282,2.3739234655578105,2.468245501474788,2.461695510863016,2.4333145797045694,6.585702263514201,6.4476079861323035,6.468122573693593,6.641506652037303,6.715233651796977,6.656040453910828,0.0025389589881524444,0.0020973100365760428,0.0022389491806582857,0.002367628621868789,0.0027102600957732647,0.0032806470058858394,3.6847492545513676,0.6533333333333333,1.0,1.0,1.0,2166.632561676204,588
vision_world_model,test_id,2,20350017,id_017,30,0.04398804763332009,0.04411663176077935,0.043402978788233466,0.043415095119012724,0.04454089388665226,0.04446463861192266,0.10815650780995686,0.11422775586446127,0.10901037057240805,0.10665740966796874,0.10521299044291178,0.10567401250203451,0.0005091344340083499,0.0006308096460998058,0.0005063577361094455,0.0004657448269426823,0.0004687945591285825,0.0004739654017612338,,0.0,1.0,1.0,1.0,0.0,0
vision_world_model,test_id,2,20350018,id_018,30,1.534707758948207,1.5281581359398033,1.5290405106627278,1.5253860734092692,1.558642036985192,1.532312037744042,4.15315233707428,4.126445357004801,4.136162952582041,4.1596211910247805,4.1881190220514934,4.155413162708283,0.003853355540826063,0.0019846460704381268,0.003116607233338679,0.004023982888126435,0.004717179080277371,0.005424362431949703,2.47756637763097,0.6133333333333333,1.0,1.0,1.0,1367.6166404522955,552
vision_world_model,test_id,2,20350019,id_019,30,1.5039430402033032,1.5395823081334432,1.5628098692434529,1.5620340208729937,1.449562785691685,1.4057262170749405,4.438450670242309,4.597274112701416,4.627604762713115,4.608392906188965,4.240676347414652,4.1183052221934,0.0025964485943162194,0.001994286384433508,0.0022276705169739825,0.0025710080284625293,0.0030053051149783036,0.0031839729267327736,2.2964058038090513,0.6466666666666666,1.0,1.0,1.0,1336.5081778168678,582
vision_world_model,test_id,2,20350020,id_020,30,2.0344221190176905,1.9328719991259278,1.978806519156529,2.1045689477999177,2.0625933710175257,2.093269757988552,5.867881042162577,5.585085006554921,5.733515334129334,6.085604302088419,5.910869638125102,6.02433092991511,0.0035663190685833496,0.00204282549675554,0.0030580761842429636,0.003604804549831897,0.0042118783147695165,0.00491401079731683,3.073889951320858,0.6466666666666666,1.0,1.0,1.0,1789.0039516687393,582
vision_world_model,test_id,2,20350021,id_021,30,0.9036151502488388,0.8734975237295859,0.8479996990826395,0.8686587361101475,0.965144823015564,0.9627749693062571,2.2501352198918663,2.158506242434184,2.0493727604548138,2.1515886068344114,2.427878260612488,2.4633302291234336,0.004646252264501527,0.004603049318150928,0.004630903030435244,0.0046879083500243725,0.004554577587017169,0.004754823036879922,1.327230507145227,0.6733333333333333,1.0,1.0,1.0,804.3016873300076,606
vision_world_model,test_id,2,20350022,id_022,30,0.11562286888352699,0.1478370052555369,0.12875401075515483,0.11077505765068862,0.09910654449421498,0.0916417262620396,0.27812956968943275,0.3234688480695089,0.28609546025594074,0.2649889310201009,0.2557893951733907,0.26030521392822265,0.0007852133324680229,0.0009472972713410854,0.0006399387183288733,0.0007898675200218955,0.0007692282786592841,0.000779734873988976,,0.0,1.0,1.0,1.0,0.0,0
vision_world_model,test_id,2,20350023,id_023,30,0.8030063760922187,1.0072831456963387,0.7623184517129428,0.6923120394349098,0.7510261631053355,0.8020920805115667,1.8878627411524456,2.4538792848587034,1.824530053138733,1.5990090131759644,1.72618301709493,1.8357123374938964,0.002323641199618578,0.001981535992429902,0.002295841478432218,0.0020065003462756675,0.002361241588369012,0.0029730865925860902,1.2204220052904535,0.6466666666666666,1.0,1.0,1.0,710.285607079044,582
vision_world_model,test_id,2,20350024,id_024,30,0.3805917843596803,0.31321742673301034,0.34334523885821305,0.4065297759138048,0.41774918998902044,0.42211729030435285,0.7586319231987,0.5600484848022461,0.6621686259905497,0.7900637944539388,0.8993092934290569,0.8815694173177083,0.0049356849569206435,0.0035119505405115585,0.004156090307515114,0.0049485344788990915,0.005657866170319418,0.006403983287358036,0.5614387637865889,0.6533333333333333,1.0,1.0,1.0,330.1259931065142,588
vision_world_model,test_id,2,20350025,id_025,30,1.3904937999395446,1.3491695463502158,1.357731407446166,1.4632495831284258,1.4672132892120215,1.3151051735608943,4.083932848771413,4.016114974021912,4.09798397620519,4.114296468098958,4.12898621559143,4.062282609939575,0.0037934308033436537,0.004672367746631305,0.0037668429082259535,0.003461680309070895,0.0034596214652992787,0.0036066415874908366,2.1085253625832574,0.6533333333333333,1.0,1.0,1.0,1239.8129131989554,588
vision_world_model,test_id,2,20350026,id_026,30,2.690280713668714,2.567267592396173,2.587444956590318,2.671545298376845,2.7905746246895027,2.834571096290731,6.698818341096242,6.357448029518127,6.4341867685317995,6.645018637180328,7.011667593320211,7.045770676930745,0.002859612493775785,0.0036474074237048625,0.0032667553634382783,0.0026644010407229266,0.002285298181232065,0.0024342004597807925,4.100952887141025,0.6533333333333333,1.0,1.0,1.0,2411.360297638923,588
vision_world_model,test_id,2,20350027,id_027,30,1.0551426063208944,1.0805020790961053,1.0546520626586344,1.059566067200568,1.0431767558989427,1.0378160667502219,2.740978725751241,2.8308545112609864,2.756968704859416,2.764734947681427,2.6995890220006307,2.6527464429537457,0.004380101415687628,0.002940168569330126,0.0036293114130482233,0.00441483724086235,0.005134970809255416,0.005781219045942029,1.677190435242482,0.62,1.0,1.0,1.0,935.872262865305,558
vision_world_model,test_id,2,20350028,id_028,30,0.060754229269093935,0.0626214817373289,0.059171131004889806,0.059959645082967146,0.06067138131087025,0.06134750720941358,0.20481467723846436,0.2226077914237976,0.19865969816843668,0.19991689125696818,0.20032954216003418,0.20255946318308513,0.0006404854233066241,0.0007302415324375033,0.0005631883667471508,0.000601608717503647,0.0006581545496980349,0.0006492339501467844,,0.0,1.0,1.0,1.0,0.0,0
vision_world_model,test_id,2,20350029,id_029,30,1.1608189766233166,0.9524134395540589,1.1706259948408437,1.2597965540985265,1.1985671387467947,1.222691755876359,3.376166674296061,2.801871744791667,3.4841628313064574,3.6879304806391398,3.4028644800186156,3.5040038347244264,0.0035108182893600313,0.0029956930375192314,0.003135860043888291,0.0034373516372094553,0.003826328495051712,0.004158858233131469,1.7434096567769897,0.6533333333333333,1.0,1.0,1.0,1025.1248781848699,588
vision_world_model,test_geometry_ood,2,20351000,geometry_ood_000,30,0.5577502791552494,0.4400329837937736,0.5045888799967038,0.5506226887253838,0.6199326222814205,0.6735742209789654,1.4859628971417744,1.188645076751709,1.3602166771888733,1.4537111520767212,1.6430976231892904,1.7841439565022787,0.003984591747672918,0.0031809858211393777,0.0034044237108901143,0.003892280557192862,0.004477385916591932,0.004967882732550303,0.8644309814853566,0.5866666666666667,1.0,1.0,1.0,456.41955822426826,528
vision_world_model,test_geometry_ood,2,20351001,geometry_ood_001,30,0.06167194565758109,0.08443535982320706,0.06910132651941644,0.05716218925598595,0.050574164361589485,0.04708668832770652,0.15920136928558348,0.18168687025705973,0.1646471659342448,0.15501232941945395,0.14879562854766845,0.14586485226949056,0.0006702519495350619,0.0007768513809423893,0.0006085346569307149,0.000634014984825626,0.0006384084369832029,0.0006934502879933764,,0.0,1.0,1.0,1.0,0.0,0
vision_world_model,test_geometry_ood,2,20351002,geometry_ood_002,30,0.04048219022858474,0.038116074974338214,0.0398008265118632,0.04005398932430479,0.042010628514819674,0.04242943181759781,0.13107547680536905,0.1359589179356893,0.12929723262786866,0.12688915729522704,0.13081281979878742,0.13241925636927288,0.0005474482453428209,0.0005939712825541695,0.0005034400305400292,0.0005305807843493919,0.0005454688061339159,0.0005637803231365978,,0.0,1.0,1.0,1.0,0.0,0
vision_world_model,test_geometry_ood,2,20351003,geometry_ood_003,30,3.823445074260235,3.7660094421977797,3.787118988049527,3.855511942692101,3.8269507944894334,3.881634203872333,7.9751268982887265,7.862368476390839,7.884502267837524,8.028078397115072,8.056801621119181,8.043883728981019,0.007578419576554249,0.007557197982290139,0.007694873547491928,0.007575947818501542,0.00752703178441152,0.007537046750076115,5.828771111441358,0.6533333333333333,0.0,1.0,0.0,3427.3174135275185,588
vision_world_model,test_geometry_ood,2,20351004,geometry_ood_004,30,0.6642865405593895,0.6696676917374134,0.7211668391194609,0.6269973845997204,0.6341428951153325,0.6694578922250205,1.7398805197079976,1.6994903723398844,1.9537233233451843,1.6586753408114114,1.6715331474939983,1.7159804145495097,0.008961914083144317,0.008265023042137424,0.008584316004998982,0.008704510315631827,0.009334716348287959,0.009921004704665393,0.9874487958808769,0.5733333333333334,1.0,0.0,0.0,509.5235786745325,516
vision_world_model,test_geometry_ood,2,20351005,geometry_ood_005,30,0.03783069013928374,0.036468255437082715,0.03669576787700256,0.03715748675167561,0.03898707948004206,0.039844861150615744,0.08356398582458496,0.0930174986521403,0.08508422374725341,0.08222760359446207,0.07963925202687581,0.0778513511021932,0.0007094692737640192,0.0008156572313358386,0.0006990931016237785,0.0006880620921341081,0.0006718460780878861,0.0006726878656384846,,0.0,1.0,1.0,1.0,0.0,0
vision_world_model,test_geometry_ood,2,20351006,geometry_ood_006,30,1.4742610406316816,1.370075050741434,1.4678099013864994,1.5441876780138248,1.4951735248685711,1.494059048148079,4.186339336236318,3.954102087020874,4.2136723359425865,4.405451567967733,4.189362645149231,4.169108045101166,0.00644007004913874,0.005906828102888539,0.006263774866238236,0.006548234738875181,0.006638115388341248,0.006843397149350494,2.198160582196441,0.6466666666666666,1.0,1.0,1.0,1279.3294588383287,582
vision_world_model,test_geometry_ood,2,20351007,geometry_ood_007,30,0.049301440779947574,0.05234608565353685,0.04674397748377588,0.047521522630833916,0.04859923387153281,0.051296384260058406,0.144231112798055,0.16974413394927979,0.13552360534667968,0.1360689878463745,0.13862594763437908,0.14119288921356202,0.0008450968385053177,0.0014579351874999702,0.0008286012608247499,0.0006600834080018103,0.0006531104484262566,0.0006257538877738019,,0.0,1.0,1.0,1.0,0.0,0
vision_world_model,test_geometry_ood,2,20351008,geometry_ood_008,30,2.2950625109072362,2.5249923979346125,2.2223314007640713,2.3098808848299086,2.231921931614892,2.1861859393926957,6.8346803092956545,7.485758713881174,6.65799028078715,6.9145848751068115,6.6167681614557905,6.498299515247345,0.00574222252840021,0.006807179287231217,0.005212305345533726,0.005597549746744335,0.0054318252679271,0.005662252994564672,3.4562964139384604,0.6466666666666666,1.0,1.0,1.0,2011.564512912184,582
vision_world_model,test_geometry_ood,2,20351009,geometry_ood_009,30,1.2649352118124564,1.2780709599558677,1.2264908424889047,1.2690881342420148,1.2759168979194428,1.275109224456052,1.8476170420646667,1.795188037554423,1.7281778971354167,1.885989991823832,1.882367976506551,1.9463613073031107,0.006973946422804147,0.006011088762897998,0.007044196295707176,0.007259313898005834,0.00727993647645538,0.007275196680954347,1.8776721861958503,0.6666666666666666,1.0,0.0,0.0,1126.6033117175102,600
vision_world_model,test_geometry_ood,2,20351010,geometry_ood_010,30,1.7788032590556475,1.7454025927103227,1.7851223508620429,1.797330882648627,1.7888164278844165,1.777344041172829,5.093738956451416,4.923078433672587,5.1233760158220925,5.181388588746389,5.161221178372701,5.079630565643311,0.007925766973833863,0.008030655502807349,0.00780009706504643,0.007858059116794417,0.007971975114196539,0.007968048070324585,2.742746143705315,0.64,1.0,1.0,1.0,1579.8217787742615,576
vision_world_model,test_geometry_ood,2,20351011,geometry_ood_011,30,1.899218605135878,2.1504569401240183,1.695471728199886,1.8361376991081568,1.835919322942694,1.9781073353046343,2.579096403121948,3.568174393971761,2.046385232607524,2.255993707974752,2.3112812121709188,2.713647468884786,0.006035256071093803,0.006004006380680949,0.006666249661551168,0.0061412962968461215,0.005619665343935291,0.005745062672455485,2.806215838728958,0.6733333333333333,1.0,1.0,1.0,1700.5667982697487,606
vision_world_model,test_geometry_ood,2,20351012,geometry_ood_012,30,0.6516459331495894,0.6373953202221957,0.6335434417033361,0.5943320073394311,0.6789853830718332,0.713973513411151,1.1444450211524964,1.1474933862686156,1.1109629074732463,0.9740547219912211,1.2237377564112346,1.265976333618164,0.006931488628809651,0.006118604505900294,0.006400318339001387,0.006823682237882167,0.007432326907292008,0.007882511153972397,0.9604805408993311,0.6333333333333333,1.0,0.0,0.0,547.4739083126187,570
vision_world_model,test_geometry_ood,2,20351013,geometry_ood_013,30,1.6147318989307515,1.5097291214288109,1.7359721764301261,1.6804107214013735,1.5839243069808515,1.563623168412596,2.571339842478434,2.2688855091730753,2.9142330090204873,2.7177651007970174,2.5164838314056395,2.4393317619959514,0.005093278185231611,0.004215943452436477,0.005535022588446736,0.005401014171851178,0.005086628124505902,0.005227782588917762,2.403475482923289,0.6666666666666666,1.0,1.0,1.0,1442.0852897539735,600
vision_world_model,test_geometry_ood,2,20351014,geometry_ood_014,30,1.0737180227889782,0.9004743172994091,1.0630056070784728,1.0623830299824477,1.1529030072295832,1.1898241523549788,2.894361310005188,2.4223967591921487,2.8149957259496055,2.8718604326248167,3.1270127296447754,3.2355409026145936,0.004251532700145617,0.002830053334279607,0.0034608165578295788,0.004159008798887953,0.005005593535800775,0.005802191273930172,1.594348848715851,0.66,1.0,1.0,1.0,947.0432161372155,594
vision_world_model,test_geometry_ood,2,20351015,geometry_ood_015,30,2.2387114171611353,1.891112066215525,2.3291709726365903,2.438913686345849,2.3001202995164527,2.234240061091259,5.681053034464518,4.643137335777283,5.974359281857809,6.296608980496725,5.837812940279643,5.6533466339111325,0.010157540309010074,0.01042025766801089,0.011451820000850906,0.010429376014508307,0.009405800009456773,0.00908044785222349,3.397610388624919,0.6533333333333333,1.0,1.0,1.0,1997.7949085114524,588
vision_world_model,test_geometry_ood,2,20351016,geometry_ood_016,30,0.045236032352679305,0.047271166203750506,0.04611216782488757,0.044756921639459,0.04451161453293429,0.04352829156236516,0.11134634812672933,0.11288483142852783,0.11313067277272543,0.1093684752782186,0.11080540815989176,0.11054235299428304,0.0007077808934263885,0.0009344105414735774,0.0007540372976412375,0.0006785077353318532,0.000602365576196462,0.0005695833164888124,,0.0,1.0,1.0,1.0,0.0,0
vision_world_model,test_geometry_ood,2,20351017,geometry_ood_017,30,1.756660833745781,1.830710976684673,1.617451353919589,1.7819781166397863,1.8019828085270193,1.7511809129578373,2.7696707320213316,2.910816025733948,2.3306179523468016,2.837089840571086,2.960415947437286,2.8094138940175375,0.007706062704479943,0.008572318525208782,0.007486200914718211,0.0069148735259659585,0.007524905086029321,0.008032015470477442,2.671521475316868,0.6533333333333333,1.0,1.0,1.0,1570.8546274863183,588
vision_world_model,test_geometry_ood,2,20351018,geometry_ood_018,30,0.7066368408873678,0.7445939709742864,0.629995286764784,0.6967114727840655,0.7224233523114688,0.739460121602234,1.489404283364614,1.582282837231954,1.3728484908739726,1.3784250577290853,1.5215041160583496,1.5919609149297078,0.006416717728910347,0.006181856667778144,0.006078455147023002,0.006387341717102876,0.006641877873335034,0.006794057239312678,1.058791165240109,0.64,1.0,1.0,1.0,609.8637111783028,576
vision_world_model,test_geometry_ood,2,20351019,geometry_ood_019,30,0.034968676858892045,0.03260770467006498,0.03496825282151501,0.03531212147532238,0.036034587988009056,0.0359207173395488,0.09549695014953613,0.10969891548156738,0.09692415396372477,0.09337112903594971,0.09031940301259359,0.08717114925384521,0.0006094780207301179,0.0008024755011623104,0.0006102090002968908,0.0005541730963159353,0.0005220534803811461,0.0005584790254943073,,0.0,1.0,1.0,1.0,0.0,0
vision_world_model,test_geometry_ood,2,20351020,geometry_ood_020,30,0.04389452616787619,0.044313364072392385,0.04416816844087508,0.04347011133407553,0.043830508345531094,0.04369047864650687,0.11777080376942953,0.1198877493540446,0.1188044548034668,0.11520920594533285,0.11690118312835693,0.11805142561594645,0.0006665059497269492,0.0008641598319324355,0.000706789883164068,0.0006368796030680339,0.00057774594752118,0.0005469544829490284,,0.0,1.0,1.0,1.0,0.0,0
vision_world_model,test_geometry_ood,2,20351021,geometry_ood_021,30,3.3663292823069626,3.322092127189454,3.3160342221872674,3.3898018768471148,3.3955556995131904,3.408162485797786,8.55800905386607,8.484940886497498,8.504415806134542,8.611250559488932,8.648310081164043,8.54112793604533,0.011883095938246697,0.012527265504468232,0.012469832544835906,0.011971725465264172,0.011508554321092863,0.010938101855572313,5.135739189642323,0.6533333333333333,0.0,0.0,0.0,3019.814643509686,588
vision_world_model,test_geometry_ood,2,20351022,geometry_ood_022,30,2.0375846675307385,2.2491619331762194,1.8433496350525982,2.0898184955223567,2.024347855699145,1.9812454182033739,6.080235210259755,6.759770675500234,5.497176917394002,6.247897418340047,6.0293749610582985,5.866956079006195,0.007751814821191753,0.008878896726916235,0.006285521942966928,0.007431101513793692,0.007530360451589028,0.008633193470692883,3.042140275650632,0.64,1.0,0.0,0.0,1752.272798774764,576
vision_world_model,test_geometry_ood,2,20351023,geometry_ood_023,30,1.4537427327161034,1.4430980136307576,1.3603836085750824,1.4354786871622005,1.5108704093533258,1.5188829448591503,1.714388431708018,1.66578848361969,1.438884480794271,1.7005346775054933,1.8201969623565675,1.9465375542640686,0.010000384232068124,0.008014755079057068,0.00938632252024642,0.010246371388590584,0.010870483762118965,0.011483988410327583,2.161245989551147,0.6666666666666666,1.0,0.0,0.0,1296.747593730688,600
vision_world_model,test_geometry_ood,2,20351024,geometry_ood_024,30,0.6732925269628565,0.7164016127586365,0.572828069039517,0.684045348306083,0.6682742496952414,0.7249133550148044,1.3819305300712585,1.5511862675348917,1.0628178556760153,1.4137046813964844,1.3474866986274718,1.5344571471214294,0.004670415242823462,0.005171859710632513,0.0039979544662249586,0.00419980389609312,0.004689770839953174,0.005292687301213543,0.9863156564690498,0.66,1.0,1.0,1.0,585.8714999426156,594
vision_world_model,test_geometry_ood,2,20351025,geometry_ood_025,30,0.7233975854350461,0.7529179924064212,0.7592908659225537,0.7331809326799379,0.6801710990981923,0.6914270370681252,1.309042675892512,1.4024461229642233,1.4116762359937032,1.2719581524531047,1.2345345695813497,1.2245982984701793,0.00994612246286124,0.0073749717635413015,0.008638496215765675,0.010120448264448594,0.01130420290476953,0.0122924931657811,1.1637969756901483,0.6066666666666667,1.0,0.0,0.0,635.433148726821,546
vision_world_model,test_geometry_ood,2,20351026,geometry_ood_026,30,0.8131050048892696,0.90124789311861,0.7961807892347376,0.7205976191908121,0.8110620157275763,0.8364367071746124,1.3698757561047872,1.474317153294881,1.264601989587148,1.1336238940556844,1.4630032380421956,1.5138325055440267,0.004846312107595925,0.004205186754309882,0.004384966898942366,0.00486199171282351,0.005070726138850053,0.005708689033053815,1.220631688348173,0.64,1.0,1.0,1.0,703.0838524885476,576
vision_world_model,test_geometry_ood,2,20351027,geometry_ood_027,30,0.6268395454622805,0.6431070924633079,0.6205726687692934,0.606367274466902,0.642661605288999,0.6214890863229003,0.8477922360102336,0.9165428558985392,0.8628171205520629,0.7823101202646892,0.8771234671274821,0.8001676162083944,0.011505114461760968,0.009333096584305168,0.010580284245467435,0.011670746809492509,0.012570664294374485,0.013370780375165243,0.9455343259696903,0.6466666666666666,1.0,0.0,0.0,550.3009777143598,582
vision_world_model,test_geometry_ood,2,20351028,geometry_ood_028,30,1.0270646067108544,1.1082484579955538,1.1633666174900201,0.9552701299906605,0.9252215566630992,0.983216271414939,2.1623204517364503,2.3082225561141967,2.5091739495595298,1.9501513719558716,1.919385015964508,2.124669365088145,0.004878347990258287,0.00388241100202625,0.004963370280650755,0.005274378457882752,0.005188381167439123,0.005083199043292552,1.523867254840831,0.6666666666666666,1.0,1.0,1.0,914.3203529044986,600
vision_world_model,test_geometry_ood,2,20351029,geometry_ood_029,30,1.8011330585057537,1.7648499783542422,1.8202639342492652,1.7954223899481196,1.847432202556067,1.7776967874210743,3.0552078906695046,3.0841246684392294,3.1343353748321534,3.057690731684367,3.018234972159068,2.9816537062327066,0.01473884322758143,0.012043411055735002,0.014081158003925036,0.015358512689514707,0.01596234559159105,0.016248788797141363,2.9154712064799084,0.6133333333333333,1.0,0.0,0.0,1609.3401059769094,552
vision_world_model,test_physics_ood,2,20352000,physics_ood_000,30,1.308928188915468,1.4556546869687736,1.3430408680087162,1.3556742191418178,1.245554519392964,1.1447166510650681,3.0867613220214842,3.6751248995463053,3.2424283425013223,3.1701107184092203,2.8454943815867106,2.500648268063863,0.00331618742706875,0.003212118160445243,0.00331346873814861,0.0032499003340490163,0.0033369830964754027,0.0034684668062254786,1.985984144681672,0.6533333333333333,1.0,1.0,1.0,1167.758677072823,588
vision_world_model,test_physics_ood,2,20352001,physics_ood_001,30,0.0677577964299255,0.06874606486202942,0.06453772147910462,0.06598359674422277,0.06845491058710548,0.07106668847716517,0.1870402717590332,0.18937058448791505,0.1759632110595703,0.17974832852681477,0.18748325904210408,0.2026359756787618,0.0007167183926018576,0.0008392553388451537,0.0006562775272565583,0.0006747739350733658,0.0007031627736675243,0.0007101223881666858,,0.0,1.0,1.0,1.0,0.0,0
vision_world_model,test_physics_ood,2,20352002,physics_ood_002,30,0.05488118317185177,0.06693251009823548,0.057887921316756144,0.05212824798913466,0.04956934000882837,0.04788789644630419,0.15915743112564087,0.17744235197703043,0.15807436307271322,0.15317138036092123,0.15392982959747314,0.15316923062006632,0.0006344367594768604,0.0006151071555602054,0.0005611150874756277,0.0006351615845536192,0.0006768206212048729,0.0006839793485899766,,0.0,1.0,1.0,1.0,0.0,0
vision_world_model,test_physics_ood,2,20352003,physics_ood_003,30,2.818771821214921,2.756746733530114,2.7614142798301247,2.8926192520600225,2.852429674565792,2.830649166088551,7.062287620703379,6.947827164332072,6.963180593649546,7.175007708867391,7.153333028157552,7.0720896085103355,0.0053472236671950665,0.004691990717158963,0.005016300190861026,0.005306124095416938,0.005652075718777875,0.006069627613760531,4.291847037366864,0.6533333333333333,1.0,1.0,1.0,2523.606057971716,588
vision_world_model,test_physics_ood,2,20352004,physics_ood_004,30,1.3721225349087682,1.1109056095489198,1.3509193098379506,1.452526811727633,1.4373045808739133,1.5089563625554243,3.2881700054804486,2.639707597096761,3.2539367278416953,3.467462905248006,3.4074355363845825,3.672307260831197,0.0075429016289611656,0.0073311187288103005,0.00766470559174195,0.00780988911477228,0.007438894275886317,0.007469900433594982,2.041927126438997,0.6533333333333333,1.0,1.0,1.0,1200.6531503461301,588
vision_world_model,test_physics_ood,2,20352005,physics_ood_005,30,2.195499468839003,2.1554350607924992,2.205871797591034,2.2031156652503543,2.215615887650185,2.1974589329109424,5.581250983079275,5.476822547117869,5.6330920616785685,5.585436240832011,5.614863443374634,5.59604062239329,0.0040771167038474235,0.0031713562183237325,0.0035181043591971197,0.003957938950043172,0.004506508645135909,0.0052316753465371825,3.2723010928866763,0.6666666666666666,1.0,1.0,1.0,1963.3806557320058,600
vision_world_model,test_physics_ood,2,20352006,physics_ood_006,30,0.7851597548379666,0.5552885187996759,0.7438231936759419,0.8363665923269259,0.8798290804338952,0.9104913889533943,1.5579763587315878,0.9017414331436158,1.4867164532343546,1.7407828410466513,1.7941729863484701,1.866468079884847,0.005297404657273243,0.004695153255791714,0.005125164232837657,0.005351238235986481,0.005547686359689882,0.005767781202060481,1.1708190878759128,0.66,1.0,1.0,1.0,695.4665381982923,594
vision_world_model,test_physics_ood,2,20352007,physics_ood_007,30,1.3504855292311144,1.4193269385024905,1.3868087586222424,1.3824964206872714,1.3068983643108771,1.2568971640326911,3.405363193353017,3.663355795542399,3.561887466907501,3.440594466527303,3.249167287349701,3.1118109504381817,0.002929921601122866,0.0026719482615590096,0.0026648403649839262,0.002890023779279242,0.003097419822976614,0.0033253757768155387,2.0158405412546023,0.6533333333333333,1.0,1.0,1.0,1185.3142382577062,588
vision_world_model,test_physics_ood,2,20352008,physics_ood_008,30,0.9746734695902302,0.8854140430999299,0.9725438176343838,0.976676819111324,1.0030060986677805,1.0357265694377322,2.108041950861613,1.9018367568651835,2.117696261405945,2.0982645114262897,2.158348294099172,2.2640639305114747,0.0020089371349604336,0.002448085070742915,0.0018279783388910195,0.0018264855755357227,0.0018844822247046978,0.0020576544649278123,1.5978375083386676,0.5933333333333334,1.0,1.0,1.0,853.2452294528484,534
vision_world_model,test_physics_ood,2,20352009,physics_ood_009,30,1.1691925746968224,0.6245795010796024,0.9880451218018101,1.2541707946091063,1.4191311347608766,1.5600363212327162,3.0587250717480976,1.381380319595337,2.5698777198791505,3.3727826714515685,3.7544254223505655,4.215159225463867,0.005543888068059459,0.0058022909487287205,0.005521935822131733,0.005368940512804936,0.0054006851666296525,0.0056255878900022555,1.7564660896631805,0.66,1.0,1.0,1.0,1043.3408572599292,594
vision_world_model,test_physics_ood,2,20352010,physics_ood_010,30,2.193973977532652,1.9637817324346138,2.146636163505415,2.214648572376205,2.303737980975873,2.3410654383711518,5.836571467717489,5.216661651929219,5.700281476974487,5.874968481063843,6.131063886483511,6.259881842136383,0.0027830237972860535,0.0017550700654586156,0.002141282637603581,0.002720450000682225,0.003340525005478412,0.0039577912772074345,3.271709610546629,0.6666666666666666,1.0,1.0,1.0,1963.0257663279772,600
vision_world_model,test_physics_ood,2,20352011,physics_ood_011,30,0.32335085049271584,0.2767354201111529,0.307113515616705,0.3500732934309377,0.3362247385084629,0.34660728479632075,0.45999101718266805,0.42740257183710734,0.48029393355051675,0.5416042089462281,0.3971847454706828,0.4534696261088053,0.003935705881837445,0.0026032534563758722,0.002948974683143509,0.0036382032558321953,0.004743075708393008,0.0057450223054426415,0.4566484717588846,0.6533333333333333,1.0,1.0,1.0,268.50930139422417,588
vision_world_model,test_physics_ood,2,20352012,physics_ood_012,30,1.1410908312764432,1.212180616478953,1.096644992577947,1.1022501819767059,1.1234049111294249,1.1709734542191856,2.05983278354009,2.3406415939331056,1.9590800444285075,1.9482196648915608,1.9522515416145325,2.0989710728327435,0.003013392262510024,0.0033270186861045657,0.0027892856722852837,0.002738274917161713,0.0029249464423628524,0.0032874355946357053,1.674280108902419,0.6733333333333333,1.0,1.0,1.0,1014.6137459948659,606
vision_world_model,test_physics_ood,2,20352013,physics_ood_013,30,2.194928486134029,2.0521502161036347,2.1463588091156756,2.211297708939916,2.258609359275498,2.306226337235421,6.041227452754974,5.69383047024409,5.915145985285441,6.078369144598643,6.201060179869334,6.317731483777364,0.00444342785825332,0.0035456917636717358,0.003796869656071067,0.0043447132843236124,0.004962613930304846,0.0055672506568953395,3.605759861710033,0.6,0.0,0.0,0.0,1947.1103253234178,540
vision_world_model,test_physics_ood,2,20352014,physics_ood_014,30,1.6762099738522536,1.792168237351709,1.6657911412624848,1.6421116795597805,1.6646293167956174,1.6163494942916765,3.7040584484736123,4.136297837893168,3.702659996350606,3.6063070774078367,3.5856488307317096,3.489378499984741,0.002338782517860333,0.0021454544854350387,0.0019584730771991113,0.002259784929143886,0.002486698387656361,0.0028435017098672687,2.5665866244597124,0.6466666666666666,1.0,1.0,1.0,1493.7534154355526,582
vision_world_model,test_physics_ood,2,20352015,physics_ood_015,30,1.693852367270738,1.6988926499047212,1.6868799684776201,1.7235194658550124,1.689397436297602,1.6705723158187336,4.250182371934255,4.36912278731664,4.262747712930044,4.36488151550293,4.19812833070755,4.056031513214111,0.005094220809502683,0.004298114171251655,0.004661281475273426,0.005023100879043341,0.005482030659914016,0.006006576862030973,2.7076032269866235,0.62,0.0,1.0,0.0,1510.842600658536,558
vision_world_model,test_physics_ood,2,20352016,physics_ood_016,30,1.2549265093128714,1.4808649192253749,1.1045167617085907,1.256183114554733,1.1918365684027472,1.2412311826729112,3.2994329643249514,3.966520869731903,2.8600926995277405,3.3043137311935427,3.109705026944478,3.2565324942270917,0.004448866927220176,0.005170472032235315,0.003677814376230041,0.004190673640308281,0.004298781137913465,0.004906593449413776,1.8631268338362377,0.6666666666666666,1.0,0.0,0.0,1117.8761003017426,600
vision_world_model,test_physics_ood,2,20352017,physics_ood_017,30,0.6123124795883066,0.5713556979265478,0.5810656010069781,0.6127011572735177,0.6308706315544744,0.6655693101800151,1.2369056717554727,1.1475279331207275,1.1831304709116617,1.214812409877777,1.268976891040802,1.3700806538263957,0.004113637054494272,0.004290964396204799,0.004102957850166907,0.004129269424205025,0.004039099055808038,0.0040058945460865894,0.9873941212340638,0.6,1.0,1.0,1.0,533.1928254663944,540
vision_world_model,test_physics_ood,2,20352018,physics_ood_018,30,1.103920588971426,1.2515086983640988,1.1155776052114865,1.0657602406003408,1.0397926676707963,1.046963733010408,2.29404793103536,2.779533855120341,2.3529775023460386,2.160941771666209,2.1039841016133627,2.072802424430847,0.0026487052425121266,0.002223775489255786,0.0021393427004416784,0.0022436118645903966,0.002914414822589606,0.003722381335683167,1.7536771229257988,0.62,1.0,1.0,1.0,978.5518345925957,558
vision_world_model,test_physics_ood,2,20352019,physics_ood_019,30,2.3924609609031013,2.2479941011820403,2.3154731637177366,2.4057480393081074,2.4881926840999062,2.504896816207717,6.215433334509532,5.843972114721934,6.069089778264364,6.215691765149434,6.429794840017954,6.518618174393972,0.004548604659115275,0.0029598051720919707,0.0039721479872241615,0.004443017928861081,0.0052043918520212175,0.006163660355377942,3.5691765602553884,0.6666666666666666,1.0,1.0,1.0,2141.505936153233,600
vision_world_model,test_physics_ood,2,20352020,physics_ood_020,30,1.1955830639228224,1.1686653694551852,1.1651847154626416,1.1690497411725422,1.2303265362667541,1.2446889572569892,2.247042325337728,2.1896140654881795,2.1735817035039267,2.1934076587359113,2.3448598901430766,2.3337483088175457,0.003074442994936059,0.002734927563384796,0.0026422805172236015,0.0029620931095754107,0.003311480104457587,0.003721433680038899,1.8230899778479563,0.6466666666666666,1.0,1.0,1.0,1061.0383671075106,582
vision_world_model,test_physics_ood,2,20352021,physics_ood_021,30,1.0434365876039697,1.1978671378973458,1.0959748725303344,1.0280619474748771,0.9691972906804747,0.9260816894368165,1.7929899056752523,2.327167586485545,1.958742654323578,1.703642185529073,1.5419646422068278,1.4334324598312378,0.004969380268206199,0.004636798795157423,0.004715971076317753,0.004951910201149682,0.0050441493590672815,0.005498071909338857,1.6417640609937516,0.6266666666666667,1.0,1.0,1.0,925.9549304004759,564
vision_world_model,test_physics_ood,2,20352022,physics_ood_022,30,0.49481941759172415,0.5277892423069311,0.465050497237179,0.500483808790644,0.4666503069508407,0.5141232326730258,1.2384624981880188,1.4739129145940144,1.202244186401367,1.2456149101257323,1.076569346586863,1.1939711332321168,0.002599816981431407,0.003654817883701374,0.0027763975493144246,0.002334854012588039,0.002050488935007403,0.0021825265265457954,0.716791212013123,0.66,1.0,1.0,1.0,425.77397993579507,594
vision_world_model,test_physics_ood,2,20352023,physics_ood_023,30,2.532417597755169,2.440839386622732,2.4649668498896062,2.513121685344312,2.595472156101217,2.6476879108179774,7.046094504992167,6.776528493563334,6.867228825887044,7.023179650306702,7.236896745363871,7.326638809839884,0.005722098570161809,0.005302378566314777,0.005685281745779018,0.0057789933945362765,0.005897108162753284,0.005946730981425692,3.894576584470628,0.6466666666666666,1.0,1.0,1.0,2266.6435721619055,582
vision_world_model,test_physics_ood,2,20352024,physics_ood_024,30,1.352277136658215,1.400976770536767,1.34602887255864,1.3887609353185528,1.3436904377924899,1.2819286670846244,3.5385150639216105,3.7821209987004596,3.5534985701243085,3.5997846364974975,3.4822921911875406,3.2748789230982465,0.00459742041459928,0.003321445065860947,0.00416816963115707,0.004684834356885404,0.005138351931236684,0.005674301087856293,2.0513010117586474,0.6533333333333333,1.0,1.0,1.0,1206.1649949140847,588
vision_world_model,test_physics_ood,2,20352025,physics_ood_025,30,0.5177241799049079,0.4861205382686522,0.47032950253536304,0.508625408500019,0.5451588367629382,0.5783866134575671,0.5631444795926412,0.47731072107950845,0.49419082403182985,0.5935348908106486,0.6341849803924561,0.616500981648763,0.0038043532493369035,0.0050448895897716286,0.003126482964338114,0.002477823195901389,0.0033131685069141287,0.005059401989759256,0.7738779638640482,0.6533333333333333,1.0,0.0,0.0,455.0402427520603,588
vision_world_model,test_physics_ood,2,20352026,physics_ood_026,30,0.060329658811291056,0.0766729768883023,0.06194247782437338,0.055359218538635305,0.053962709351132315,0.053710911454011995,0.17414328893025716,0.21131067276000975,0.17567790349324544,0.16606616973876953,0.16024588743845622,0.15741581122080486,0.0006589733848037819,0.0010999104590155185,0.0005825124137724439,0.0005396471203615268,0.0005328942361908655,0.0005399026946785549,,0.0,1.0,1.0,1.0,0.0,0
vision_world_model,test_physics_ood,2,20352027,physics_ood_027,30,1.130788516064899,1.1848305699208543,1.0891660949215294,1.0895842415591082,1.0995252099716002,1.1908364639514022,2.7213202730814614,2.815703105926514,2.6452980359395344,2.641305692990621,2.6346218665440877,2.869672664006551,0.0051765485100137695,0.004970839809781562,0.005341397450926403,0.005449286914275338,0.005163547877843181,0.004957670497242361,1.6556768939882616,0.6733333333333333,1.0,1.0,1.0,1003.3401977568865,606
vision_world_model,test_physics_ood,2,20352028,physics_ood_028,30,0.5040478730429377,0.6241233092215326,0.5129031063057482,0.44683073681468766,0.4497644972366591,0.4866177156360613,0.7006087247530619,1.02925306558609,0.6868159333864848,0.5896189212799072,0.5624922553698222,0.6348634481430053,0.009300376084866002,0.009231106048294654,0.008783947920892387,0.009230475857233007,0.009639041626360267,0.009617308971549695,0.7765048435058004,0.62,1.0,0.0,0.0,433.28970267623663,558
vision_world_model,test_physics_ood,2,20352029,physics_ood_029,30,0.8896503676349918,0.7354753959096141,0.8231589816717638,0.9008945181758867,0.9725599686097768,1.0161629738079176,1.9149895652135214,1.5272623459498087,1.7710781733194987,1.9431297302246093,2.12112029393514,2.21235728263855,0.004562721069475325,0.003991785769661267,0.0047844974741262074,0.004811346717178822,0.004645005466106037,0.0045809699203042935,1.440296106142821,0.6066666666666667,1.0,1.0,1.0,786.4016739539802,546
vision_world_model,test_combined_ood,2,20353000,combined_ood_000,30,0.047137301984346576,0.0469196327134139,0.046256003052824075,0.046095146497504576,0.047686347593035965,0.04872938006495436,0.13042735815048218,0.12611148357391358,0.12963608105977376,0.12998863061269125,0.13172178268432616,0.13467881282170613,0.000704564357486864,0.0008577221073210239,0.000743639290643235,0.0006774813635274767,0.0006345629032390813,0.0006094161227035026,,0.0,1.0,1.0,1.0,0.0,0
vision_world_model,test_combined_ood,2,20353001,combined_ood_001,30,0.04078654900607136,0.03824454392823908,0.03685165459497108,0.03882011202060514,0.04343003822076652,0.04658639626577497,0.15853009144465127,0.1680047869682312,0.15061429341634114,0.15208985010782877,0.15894548098246256,0.16299604574839274,0.0006007838159954797,0.0006480184306080143,0.0005421664526996513,0.0005867041725044449,0.0005928427272010595,0.0006341872969642282,,0.0,1.0,1.0,1.0,0.0,0
vision_world_model,test_combined_ood,2,20353002,combined_ood_002,30,0.6630324683855805,0.5772073678465353,0.5924819968123403,0.6182491985356642,0.7403724871679312,0.7868512915654315,1.1784547106424967,0.9408617655436198,1.0146763841311137,1.0347974260648092,1.4078896681467692,1.4940483093261718,0.004083158554664503,0.0034622596033538383,0.0030104713980108498,0.0039005034836009146,0.004671463835984468,0.0053710944523724415,0.9808831409189023,0.64,1.0,0.0,0.0,564.9886891692877,576
vision_world_model,test_combined_ood,2,20353003,combined_ood_003,30,2.018696162079771,1.1633096627373662,1.9928886366490688,2.271479502113329,2.351279636679424,2.3145233722196683,4.589606988430023,2.0204622745513916,4.529986540476481,5.374078861872355,5.578884744644165,5.444622520605723,0.007222161594157417,0.007821303280070423,0.0070467732303465406,0.006968324078479781,0.007079921039985493,0.007194486341904849,3.071825223740469,0.6533333333333333,1.0,0.0,0.0,1806.2332315593958,588
vision_world_model,test_combined_ood,2,20353004,combined_ood_004,30,1.2724095611563988,1.1268012340387537,1.171706246615698,1.2407219661606683,1.3520160217562482,1.4708023372106254,3.2199019980430603,2.7708480676015217,2.921842670440674,3.1247847199440004,3.463101530075073,3.8189330021540324,0.004027922094489138,0.0033731350558809936,0.0036274995965262253,0.004012148051212232,0.004372553868840138,0.0047542738999860985,1.932809391258317,0.6333333333333333,1.0,1.0,1.0,1101.7013530172408,570
vision_world_model,test_combined_ood,2,20353005,combined_ood_005,30,0.04743990130929483,0.05766946130121748,0.05055461806348628,0.04531662535543243,0.04261113265529275,0.04104766917104522,0.10771677652994792,0.1209742546081543,0.11063629786173503,0.10593921343485514,0.10210545063018799,0.09892866611480713,0.0005684443947393447,0.0006267643203803648,0.0004936285957228392,0.0005455800991815825,0.0005773052204555521,0.0005989437379563848,,0.0,1.0,1.0,1.0,0.0,0
vision_world_model,test_combined_ood,2,20353006,combined_ood_006,30,0.0683803206951254,0.09064826358937556,0.07555575853006707,0.06473567871790793,0.057763196031252545,0.053198706607023874,0.16405615965525308,0.19337428410847982,0.16973934173583985,0.15901126066843668,0.15158891677856445,0.14656699498494466,0.0007124268620585402,0.0008267379986743132,0.0006044766050763428,0.0006702983596672614,0.0007163331223030885,0.000744288224571695,,0.0,1.0,1.0,1.0,0.0,0
vision_world_model,test_combined_ood,2,20353007,combined_ood_007,30,0.07076156537979841,0.09543705120061835,0.080936482300361,0.06733061822338236,0.057772967995454866,0.052330707179175484,0.14637198448181152,0.16952818234761555,0.15360519886016846,0.14200731118520102,0.13482243220011395,0.13189679781595867,0.0006771631381707266,0.0007336826568158964,0.0005915915836036827,0.0006782548608801638,0.0006715071843548989,0.0007107794051989913,,0.0,1.0,1.0,1.0,0.0,0
vision_world_model,test_combined_ood,2,20353008,combined_ood_008,30,0.3629337847150034,0.40715509504079817,0.3492098226522406,0.3319051631105443,0.3542924384896954,0.37210640428173875,0.6487653533617656,0.7902374188105266,0.6469545920689901,0.5960600932439168,0.5976009011268616,0.6129737615585327,0.0026197406952269374,0.003233936522156,0.0025733065170546374,0.002217287531433006,0.0023783327584775784,0.0026958401470134658,0.5232598999964779,0.58,1.0,1.0,1.0,273.1416677981615,522
vision_world_model,test_combined_ood,2,20353009,combined_ood_009,30,2.6706890009591975,3.0591029954142868,2.5763861433706348,2.4937805814668534,2.6045360724752147,2.619639212068998,4.969291766484578,6.209478855133057,4.6801921685536705,4.409852759043376,4.751452906926473,4.795482142766317,0.010966666327634206,0.009893807178984085,0.0103226342665342,0.011126576150612284,0.011591473423565427,0.01189884061847503,4.109543896929915,0.6466666666666666,1.0,0.0,0.0,2391.7545480132103,582
vision_world_model,test_combined_ood,2,20353010,combined_ood_010,30,0.04896545526261131,0.04286876808231076,0.046334638281000984,0.048539815025611055,0.05237855234493812,0.05470550257919563,0.15335773468017577,0.15938495397567748,0.14830231666564941,0.14737584988276164,0.15326002438863118,0.15846552848815917,0.000566054677280287,0.0005064795298191408,0.0005368512317848702,0.000570185649363945,0.0005992293125018477,0.000617527662931631,,0.0,1.0,1.0,1.0,0.0,0
vision_world_model,test_combined_ood,2,20353011,combined_ood_011,30,2.2149559692179577,2.0756607664128146,2.18805809939901,2.243002276350227,2.2687538000858494,2.299304903841888,5.0044316943486535,4.7140722115834555,4.958840497334799,4.994674452145895,5.139937559763591,5.214633750915527,0.01515949056794246,0.013963210765117159,0.014802111316627512,0.015378774236887693,0.015675841582318148,0.015977514938761792,3.58409410208106,0.6133333333333333,1.0,0.0,0.0,1978.419944348745,552
vision_world_model,test_combined_ood,2,20353012,combined_ood_012,30,1.307310048153417,1.337882970418367,1.266340341553506,1.2587657392956317,1.3320038200459547,1.3415573694536256,3.1579452101389567,3.2638499975204467,3.029829168319702,3.0186104655265806,3.241524533430735,3.2359118858973184,0.005407833044203774,0.004973243914234141,0.005328319609786073,0.005382593144410445,0.005438494411646388,0.005916514140941824,2.00007325976104,0.64,1.0,1.0,1.0,1152.0421976223588,576
vision_world_model,test_combined_ood,2,20353013,combined_ood_013,30,0.6965869085345832,0.6812123933600055,0.665272716505246,0.6425732562939326,0.7269241829609705,0.7669519935527609,1.2833572729428608,1.156083083152771,1.221586283047994,1.184737229347229,1.3959277788798015,1.4584519902865092,0.009427688156720251,0.008394525727878015,0.009086647105868905,0.00957555698696524,0.009884246120539805,0.01019746484234929,1.055215555432019,0.6466666666666666,1.0,0.0,0.0,614.135453261435,582
vision_world_model,test_combined_ood,2,20353014,combined_ood_014,30,0.9433220499546991,0.9017444606146051,0.9201396706721021,0.9171176156960428,0.9936776691012912,0.9839308336894546,1.8714911182721456,1.7581410169601441,1.8060248891512554,1.8094987392425537,2.026343854268392,1.957447091738383,0.00616027412431625,0.00638003428078567,0.0060016191680915655,0.00597114724611553,0.0061145334349324305,0.006334036491656055,1.4317310267748933,0.64,1.0,1.0,1.0,824.6770714223385,576
vision_world_model,test_combined_ood,2,20353015,combined_ood_015,30,0.07049505357940991,0.09442026806581351,0.07935267623720897,0.0669421029691067,0.05832071068386237,0.053439509941058026,0.15981515566507976,0.18385099569956462,0.1676587740580241,0.15626672903696695,0.14769931634267172,0.1435999631881714,0.0007433692691847682,0.0007884196772162492,0.0006411864645391082,0.0007105825624118249,0.0007571309251943603,0.0008195267165622984,,0.0,1.0,1.0,1.0,0.0,0
vision_world_model,test_combined_ood,2,20353016,combined_ood_016,30,1.4015961722843349,1.371450314567321,1.418162979464978,1.4247538993238575,1.400523181176848,1.3930904868886702,3.5491144275665283,3.4599374691645304,3.610296909014384,3.652442463239034,3.52287220954895,3.500023086865743,0.004471697633465131,0.002744609067061295,0.004183366308764865,0.004824116992919395,0.005207011328699688,0.005399384469880412,2.142750108304123,0.6466666666666666,1.0,1.0,1.0,1247.0805630329996,582
vision_world_model,test_combined_ood,2,20353017,combined_ood_017,30,1.7254967635994156,1.6390590377462406,1.6677998433717423,1.767724202055898,1.7692865268430775,1.7836142079801196,3.253449829419454,3.061997151374817,3.1262088735898335,3.3195884307225545,3.3650965690612793,3.3943581223487853,0.009947586527559907,0.008065786107908934,0.00919116804919516,0.010094701083532224,0.010869353272331258,0.011516924124831955,2.757849437334845,0.62,1.0,0.0,0.0,1538.8799860328436,558
vision_world_model,test_combined_ood,2,20353018,combined_ood_018,30,0.043387623462412095,0.043747235720770224,0.043833179947816665,0.043149730883952644,0.04338838103123837,0.04281958972828256,0.11732579390207927,0.11644076506296794,0.11736578941345215,0.1153237501780192,0.11802057425181071,0.11947809060414633,0.0005982672446407378,0.0007538605520191292,0.0005903079640120268,0.0005660608333225051,0.0005483819171786308,0.0005327249566713969,,0.0,1.0,1.0,1.0,0.0,0
vision_world_model,test_combined_ood,2,20353019,combined_ood_019,30,0.04802650122385886,0.047756562723467746,0.045061523891571496,0.04643056294363406,0.048866905065046415,0.05201695149557458,0.17386557737986247,0.18621121644973754,0.16857216755549112,0.16907529830932616,0.1707775314648946,0.17469167311986286,0.0006854490380889426,0.000610482469589139,0.0006367062761758765,0.0007093564723618329,0.0007702118290277819,0.0007004881432900826,,0.0,1.0,1.0,1.0,0.0,0
vision_world_model,test_combined_ood,2,20353020,combined_ood_020,30,0.04435767971600096,0.041741838720109725,0.04305469478583998,0.04387657385733393,0.04619448201523887,0.04692080920148227,0.14415298541386923,0.15127355257670086,0.140986434618632,0.13866236209869384,0.1435832103093465,0.1462593674659729,0.0005580536695197224,0.0005222628824412823,0.0005064487767716248,0.0005595209542661906,0.00058727947762236,0.0006147562564971546,,0.0,1.0,1.0,1.0,0.0,0
vision_world_model,test_combined_ood,2,20353021,combined_ood_021,30,1.4779859794862569,1.7803346790166366,1.5530863371574217,1.3595646472337346,1.3751183799778421,1.3218258540456493,2.724208393096924,3.650783483187358,2.9029209931691486,2.3823374191919964,2.369745683670044,2.3152543862660724,0.01139029637289544,0.009488102735485882,0.010715265211183577,0.011563494401828696,0.012222958740312605,0.012961660775666435,2.1997245330984394,0.6666666666666666,1.0,0.0,0.0,1319.8347198590636,600
vision_world_model,test_combined_ood,2,20353022,combined_ood_022,30,1.0391365879194605,0.8982249627407226,1.0440038189809355,1.053931895384772,1.091754743570669,1.107767518920203,2.1691087277730308,1.8851762135823569,2.1653059482574464,2.21676477988561,2.2632476886113486,2.3150490085283915,0.006712422898272052,0.004792964830994606,0.00596173275844194,0.006941324773166949,0.007517559436382726,0.00834853269237404,1.528515919152434,0.66,1.0,0.0,0.0,907.9384559765458,594
vision_world_model,test_combined_ood,2,20353023,combined_ood_023,30,1.404938309505168,1.4621490977290603,1.4160372551427118,1.3896351612173021,1.3721888619992468,1.3846811714375185,2.920720767180125,3.12310954729716,2.9847784598668414,2.8666757265726726,2.812083594004313,2.8169565081596373,0.014677270127770802,0.01270868796079109,0.013911125591645639,0.014912355210011203,0.015601998218335212,0.01625218365807086,2.2890519904852895,0.6066666666666667,1.0,0.0,0.0,1249.8223868049681,546
vision_world_model,test_combined_ood,2,20353024,combined_ood_024,30,0.04854245632266005,0.05363547827841507,0.046255825811790094,0.04505114293553763,0.04789076728953256,0.049879067298024896,0.12834853331247967,0.13125782012939452,0.12024981180826823,0.12345500787099202,0.13052449226379395,0.13625553448994954,0.0006858288240619004,0.0011262353664884964,0.0006372044056964418,0.0005585873577122886,0.0005611154444826146,0.0005460015459296604,,0.0,1.0,1.0,1.0,0.0,0
vision_world_model,test_combined_ood,2,20353025,combined_ood_025,30,0.06298783278299702,0.0845806291533841,0.06991034683047069,0.05909556837545501,0.05296495568214191,0.04838766387353341,0.13669581254323324,0.15755788485209146,0.1404492139816284,0.1319105625152588,0.12879304885864257,0.12476835250854493,0.0006810198274130623,0.0006665417090213547,0.0006037027245232215,0.0006397746716781209,0.0007223573668549458,0.0007727226649876684,,0.0,1.0,1.0,1.0,0.0,0
vision_world_model,test_combined_ood,2,20353026,combined_ood_026,30,0.06620662210302221,0.0730297556043499,0.06421276253337661,0.06288485736068752,0.06446217529268729,0.0664435597240097,0.15893154939015705,0.17107942899068196,0.15205263296763102,0.1539903958638509,0.15700957775115967,0.16052571137746174,0.0011584597546607255,0.0019181500771082937,0.0011623681445295613,0.0009662165539339185,0.0008979756152257323,0.0008475883825061222,,0.0,1.0,1.0,1.0,0.0,0
vision_world_model,test_combined_ood,2,20353027,combined_ood_027,30,1.1931474073396788,1.0910841189117895,1.105798904825416,1.16223428276264,1.2359392340915898,1.370680496106959,2.2592656135559084,1.8093305150667827,2.0432255148887633,2.1739615480105083,2.4727923194567363,2.7970181703567505,0.008006994708169563,0.006509684464739015,0.007216168262918169,0.00804437607876025,0.008754106284080384,0.009510638450349992,1.8084182217115297,0.6533333333333333,1.0,0.0,0.0,1063.3499143663794,588
vision_world_model,test_combined_ood,2,20353028,combined_ood_028,30,1.7723366102120943,1.7887594437019692,1.830575454949091,1.8859303507539962,1.708400932347609,1.648016869307806,4.78928330262502,4.8308847387631735,4.994642758369446,5.1632078170776365,4.5490703821182255,4.408610816796621,0.01978898931799146,0.015524420536045606,0.01715439958109831,0.01919094641149665,0.022103029737869897,0.02497215032344684,2.659320790730289,0.6466666666666666,1.0,0.0,0.0,1547.724700205028,582
vision_world_model,test_combined_ood,2,20353029,combined_ood_029,30,0.055991214820080334,0.07249215690212117,0.05868272953149345,0.05233888423277272,0.048637315661956865,0.04780498777205745,0.16536596457163494,0.18859031995137532,0.16203479766845702,0.15982426007588704,0.1585244099299113,0.15785603523254393,0.0008233757635268072,0.0008707022760063409,0.0007176188092368345,0.0007898960417757431,0.0008313737363399317,0.0009072879542751859,,0.0,1.0,1.0,1.0,0.0,0
visuotactile_world_model,test_id,0,20350000,id_000,30,0.11526626037433743,0.07096800287771556,0.0857359553894235,0.10545667625135846,0.1417296588834789,0.17244100846971075,0.38111538569132486,0.25218677123387656,0.27714827060699465,0.37001862525939944,0.46215351422627765,0.544069747130076,0.0015742105961544439,0.001535870143561624,0.0014294870217175534,0.001480051459899793,0.001643935984854276,0.0017817083707389733,0.15600475576088485,0.66,1.0,1.0,1.0,92.6668249219656,594
visuotactile_world_model,test_id,0,20350001,id_001,30,0.039488693463305635,0.03936840551387932,0.038780440100365215,0.039409517196731435,0.04002708227684101,0.03985802222871118,0.07324962774912516,0.09369254112243652,0.07912726402282715,0.06836626529693604,0.06314497788747152,0.06191709041595459,0.0011946925148367882,0.0015084024518728257,0.0014341324334964157,0.0011917586321942507,0.0009847659501247108,0.000854403106495738,,0.0,1.0,1.0,1.0,0.0,0
visuotactile_world_model,test_id,0,20350002,id_002,30,0.3621533558496998,0.29584878211220106,0.33607410352884065,0.3553252072797881,0.38960958015587593,0.4339091061717934,0.6792755182584127,0.44641362031300863,0.5342707872390747,0.6744965314865112,0.8236919045448303,0.9175047477086385,0.0019122557644732296,0.001462488058799257,0.001214159089916696,0.001614128906900684,0.0022488021175377073,0.003021700649211804,0.5424937429194597,0.6466666666666666,0.0,1.0,0.0,315.7313583791256,582
visuotactile_world_model,test_id,0,20350003,id_003,30,0.041153069165431794,0.04253026334982779,0.04050897830683324,0.040872621536254886,0.04130337558065852,0.04055010705358452,0.06856482187906901,0.06923367182413737,0.06758441925048828,0.06881117820739746,0.06833713054656983,0.06885770956675212,0.00047906069240222373,0.0005892810334141056,0.000507564931952705,0.00041847024500990906,0.00042984571385507785,0.0004501415377793213,,0.0,1.0,1.0,1.0,0.0,0
visuotactile_world_model,test_id,0,20350004,id_004,30,0.15352004307425685,0.10573452890126242,0.12788971405890254,0.15126246383620634,0.18138331040326092,0.20133019817165201,0.4411853098869324,0.2958553036053975,0.3766680916150411,0.4502151131629944,0.5220896005630493,0.5610984404881795,0.003367394930295025,0.002675200420587013,0.003107118300007035,0.00339356479429019,0.003662533906754106,0.003998557229836782,0.2165408525104215,0.6066666666666667,1.0,1.0,1.0,118.23130547069013,546
visuotactile_world_model,test_id,0,20350005,id_005,30,0.025651478320360185,0.02901094848704007,0.024683473993920617,0.02444630970971452,0.025186859060906702,0.024929800350219012,0.047489741643269856,0.05478532314300537,0.048636213938395186,0.04530121485392253,0.04337766170501709,0.04534829457600911,0.0006653109976711372,0.0007706499968965848,0.0007267292860584954,0.0006387841111669938,0.0006101205945014954,0.0005802709997321169,,0.0,1.0,1.0,1.0,0.0,0
visuotactile_world_model,test_id,0,20350006,id_006,30,0.15517132772753636,0.0801030516003569,0.1309707264208959,0.16043406505551602,0.18153846855792735,0.22281032700298561,0.33420007944107055,0.19158751169840496,0.2729941964149475,0.33913899660110475,0.4029883027076721,0.4642913897832235,0.0021611053678983203,0.002153663341111193,0.0020792522428867716,0.0020648956415243447,0.002190423442516476,0.0023172921714528154,0.23421078481453847,0.6266666666666667,1.0,1.0,1.0,132.0948826353997,564
visuotactile_world_model,test_id,0,20350007,id_007,30,0.01856864186210765,0.020472309376216597,0.018204022354135912,0.018146598359776868,0.01819636540280448,0.017823913817604384,0.042187681198120115,0.04520696004231771,0.041548387209574385,0.0420533021291097,0.0411982536315918,0.040931502978006996,0.00038122351902226606,0.0004750036479284366,0.00042601919655377665,0.0003567926469258964,0.00033283753242964546,0.0003154645712735752,,0.0,1.0,1.0,1.0,0.0,0
visuotactile_world_model,test_id,0,20350008,id_008,30,0.16830116152245966,0.12329450113077958,0.14249435130817195,0.17942941242622004,0.18760025675098102,0.20868728599614567,0.4172452783584595,0.3476686954498291,0.37336072127024333,0.4392628828684489,0.4405182361602783,0.48541585604349774,0.0028285138491385927,0.002190822031116113,0.0024500467271233598,0.0027408067680274447,0.003139816674714287,0.0036210770447117585,0.2394973474133405,0.6533333333333333,1.0,1.0,1.0,140.8244402790442,588
visuotactile_world_model,test_id,0,20350009,id_009,30,0.10064680782043271,0.0524511412717402,0.07473046402964327,0.0964407264151507,0.12420423011192017,0.15540747727370924,0.39234669764836627,0.27416237990061443,0.34176435073216754,0.3954326550165812,0.45315850973129274,0.49721559286117556,0.0019304601817081372,0.0015529549292599162,0.0016937061795033515,0.001904583409971868,0.00214257076731883,0.0023584856224867206,0.14342064852330913,0.6266666666666667,1.0,1.0,1.0,80.88924576714635,564
visuotactile_world_model,test_id,0,20350010,id_010,30,0.3972987686118318,0.37248008778939645,0.3567416231561866,0.325643834616575,0.44795570619818237,0.48367259129881857,1.1619285241762798,1.2150010426839193,1.1363323291142782,1.0396670341491698,1.2203998168309529,1.1982423981030783,0.003296599993094181,0.002007559772270421,0.0024494706963499387,0.0032262491430932036,0.004006193411381294,0.004793526942376047,0.5785443647011573,0.6733333333333333,1.0,0.0,0.0,350.59788500890136,606
visuotactile_world_model,test_id,0,20350011,id_011,30,0.19675371238961817,0.11493004069974025,0.1514335209917691,0.18489482159622841,0.23595071772320403,0.296559460937149,0.6761357911427816,0.44733118216196693,0.5783026536305745,0.6661871075630188,0.7880233565966288,0.9008346557617187,0.001237556401368541,0.0009378671568507949,0.0010862198862014339,0.0012149102209756772,0.0014019510456516097,0.0015468336971631894,0.28830692670996144,0.6466666666666666,1.0,1.0,1.0,167.79463134519756,582
visuotactile_world_model,test_id,0,20350012,id_012,30,0.02127070766977138,0.02482039432765709,0.021418428358932335,0.020141706574294302,0.020135589078482653,0.019837420009490517,0.04464581807454427,0.05664108594258626,0.0462309201558431,0.04277814229329427,0.03899462223052978,0.03858431975046794,0.0004127203999087215,0.00043613995270182687,0.00044075691451629005,0.0003919059255470832,0.00039962189427266516,0.0003951773125057419,,0.0,1.0,1.0,1.0,0.0,0
visuotactile_world_model,test_id,0,20350013,id_013,30,0.19277811141891613,0.12952565394548907,0.1544580514749719,0.19086210975009535,0.22822559795652828,0.260819143967496,0.5494216235478719,0.3854913552602132,0.46158501307169597,0.5531932195027669,0.6438435355822245,0.7029949943224589,0.00262548379211997,0.00209621493704617,0.0023326640056135755,0.002599422614245365,0.002908715306936453,0.003190402096758286,0.29206757329663624,0.6066666666666667,1.0,1.0,1.0,159.46889501996338,546
visuotactile_world_model,test_id,0,20350014,id_014,30,0.19865987294663986,0.17841713588891758,0.19521868403794038,0.18159997256265747,0.2057001505461004,0.23236342169758345,0.34770557800928753,0.24255560239156088,0.26104455391565956,0.30659534136454264,0.4082990010579427,0.5200333913167318,0.0016941277217119933,0.0015327893081121147,0.0015660932869650424,0.0015340376102055112,0.001702661948123326,0.002135056455153972,0.30583782654520725,0.5933333333333334,1.0,1.0,1.0,163.31739937514067,534
visuotactile_world_model,test_id,0,20350015,id_015,30,0.19585394118498597,0.17246214268832571,0.1891474461493393,0.20329891900635427,0.2028213146246142,0.2115398834562964,0.4873052899042765,0.48596625328063964,0.49664324124654136,0.502634334564209,0.48952198028564453,0.46176064014434814,0.002880087118440618,0.0019019514264073222,0.0023813807153298208,0.002804715686943382,0.003377335949335247,0.003935051814187318,0.2933093616047172,0.6133333333333333,1.0,1.0,1.0,161.9067676058039,552
visuotactile_world_model,test_id,0,20350016,id_016,30,0.364057828872982,0.2896251714374456,0.29503678453879223,0.40846145887755686,0.4263139332541161,0.4008517962569992,0.6144706209500631,0.5200972398122151,0.5532464265823365,0.6248828450838725,0.708414355913798,0.6657122373580933,0.002733530750653396,0.0015413683412286141,0.0020982775332716603,0.002714063234937688,0.003336705232504755,0.0039772394113242624,0.5407291308146756,0.6533333333333333,1.0,1.0,1.0,317.94872891902924,588
visuotactile_world_model,test_id,0,20350017,id_017,30,0.020387819407300816,0.021429252158850432,0.019081228391991722,0.020272808894515038,0.020888421394758754,0.02026738619638814,0.05369395097096761,0.06425035794576009,0.05649704138437907,0.051413464546203616,0.04841148058573405,0.04789741039276123,0.0003664860913219551,0.0005514345675085981,0.0004301638846906523,0.0003079220031698545,0.00027453607569138206,0.0002683739255492886,,0.0,1.0,1.0,1.0,0.0,0
visuotactile_world_model,test_id,0,20350018,id_018,30,0.20530615689750348,0.16374620110210444,0.19209492026517788,0.20182359243432682,0.2208958201886465,0.24797025049726168,0.4617386603355408,0.3950221538543701,0.42526726722717284,0.46219912767410276,0.49434885183970134,0.5318559010823568,0.002008421185115973,0.0013372200929249326,0.001471057782570521,0.0018830894608981908,0.002372549602296203,0.002978188986890018,0.31870489303474786,0.6133333333333333,1.0,1.0,1.0,175.92510095518082,552
visuotactile_world_model,test_id,0,20350019,id_019,30,0.1484649141008655,0.096431105159637,0.12225342776833309,0.1642069618838529,0.16064144287051427,0.1987916328219904,0.38283406337102255,0.3113938570022583,0.35118345816930135,0.4257827599843343,0.3626236915588379,0.46318655014038085,0.0009618325131790092,0.0009154920233413577,0.0008867690805345774,0.0008619929392201205,0.0009812552055033545,0.0011636533172956357,0.19782631288689026,0.6466666666666666,1.0,1.0,1.0,115.13491410017014,582
visuotactile_world_model,test_id,0,20350020,id_020,30,0.21414259516737527,0.1261390269940926,0.17230377304885122,0.24063008320000437,0.23941123702873787,0.2922288555651903,0.49813391208648683,0.2771096388498942,0.4084225336710612,0.5975080887476604,0.5223874966303508,0.6852418025334676,0.0016293374175438658,0.0010732737369835376,0.0013488160659714291,0.0015747385710710659,0.0019190797446450838,0.002230778969048212,0.29057671956692366,0.6466666666666666,1.0,1.0,1.0,169.11565078794956,582
visuotactile_world_model,test_id,0,20350021,id_021,30,0.2540120102941162,0.1725212816459437,0.17665310008451343,0.2455966532126897,0.3028787642924322,0.372410252235002,0.6752134911219279,0.3559064785639445,0.4221381505330404,0.6494079113006592,0.8566480318705241,1.0919668833414713,0.003208816123660654,0.0020598750988331934,0.0027339691917101544,0.003227241822363188,0.003759714014207323,0.004263280491189411,0.3591749562141132,0.6733333333333333,1.0,1.0,1.0,217.6600234657526,606
visuotactile_world_model,test_id,0,20350022,id_022,30,0.03942610340813796,0.04089608948884739,0.03894777468716105,0.039252109287513624,0.0394156099917988,0.03861893358536893,0.06792531808217367,0.07106637159983317,0.06701968510945638,0.06769938468933105,0.06676832834879558,0.06707282066345215,0.0004834961984306574,0.0005415483765924971,0.000492773538765808,0.0004614956870985528,0.0004587901096480588,0.0004628732800483704,,0.0,1.0,1.0,1.0,0.0,0
visuotactile_world_model,test_id,0,20350023,id_023,30,0.23857381351292134,0.23245375949061578,0.1951397363613877,0.20277770093331735,0.25091563947498796,0.31158223130429785,0.363005432287852,0.31959850788116456,0.2273993968963623,0.2931215246518453,0.41066741148630775,0.5642403205235799,0.003293384383044516,0.0032235942742166418,0.003020400084399929,0.003111786152779435,0.003357506050573041,0.0037536353532535336,0.3544912063276645,0.6466666666666666,1.0,1.0,1.0,206.31388208270073,582
visuotactile_world_model,test_id,0,20350024,id_024,30,0.2231663967213697,0.11383563556397955,0.1699350978144341,0.2460270929357244,0.2887183173042205,0.2973158399884899,0.5461678218841552,0.23903040091196695,0.39443540573120117,0.5810131311416626,0.762482484181722,0.7538776874542237,0.0018634062151735027,0.0014097839826717972,0.0016202389495447278,0.0018707184392648438,0.0021117381324681143,0.0023045515719180305,0.32698479022349225,0.6533333333333333,1.0,1.0,1.0,192.26705665141344,588
visuotactile_world_model,test_id,0,20350025,id_025,30,0.5220861224002308,0.35811310842012367,0.4226244292842845,0.5544666444054909,0.6342558061911,0.6409706237001551,1.2114441760381063,0.8508144021034241,1.0537273248036703,1.2923758308092752,1.3582983414332073,1.5020049810409546,0.002566682586135964,0.003406124928733334,0.0027143890348573525,0.002359318624561032,0.002207672295238202,0.002145908047289898,0.773975110112303,0.6533333333333333,1.0,0.0,0.0,455.09736474603415,588
visuotactile_world_model,test_id,0,20350026,id_026,30,0.35265514123977887,0.31799166835844517,0.308881954000228,0.34462489114246436,0.36943759526022607,0.42233959743753074,0.6148648190498353,0.5705692370732626,0.5381391048431396,0.6148054917653402,0.6593424201011657,0.6914678414662679,0.002009765529073775,0.001606178058621784,0.0017622732867797217,0.0019712507608346643,0.002224351838231087,0.0024847737009016176,0.5197261809213024,0.6533333333333333,1.0,1.0,1.0,305.5989943817258,588
visuotactile_world_model,test_id,0,20350027,id_027,30,0.12002056257385346,0.06263827067903346,0.08771533750825458,0.1221717313138975,0.14681134931743145,0.18076612405065035,0.4691170938809713,0.3385576089223226,0.4056994597117106,0.48528693517049154,0.5258076230684916,0.59023384253184,0.0015921559689256052,0.0010580057355885704,0.0011800400990371904,0.0015086067530016105,0.0019180694594979285,0.0022960577975027264,0.17845626680120344,0.62,1.0,1.0,1.0,99.57859687507153,558
visuotactile_world_model,test_id,0,20350028,id_028,30,0.028553484458890225,0.027387056851552592,0.02778527085772819,0.028622752169354095,0.0293731323029432,0.029599210112873052,0.05818434715270996,0.05686908562978109,0.053781811396280924,0.05817951361338298,0.059417017300923664,0.06267430782318115,0.0005245906106817225,0.0005021661714029809,0.0005575824063271285,0.0005236001840482155,0.0005216360402603944,0.0005179682513698936,,0.0,1.0,1.0,1.0,0.0,0
visuotactile_world_model,test_id,0,20350029,id_029,30,0.21155414386135007,0.11397878964328104,0.16185270204312271,0.21779079128884607,0.2677718669693503,0.2963765693621503,0.48081170399983725,0.24459514617919922,0.39919703801472983,0.5184331019719441,0.5687578757603963,0.6730753580729166,0.0010940976293447118,0.0013496322130473952,0.0010030806336241464,0.0008654909868103763,0.0009487447367670635,0.001303539576474577,0.3021781158595517,0.6533333333333333,1.0,1.0,1.0,177.6807321254164,588
visuotactile_persistence,test_id,0,20350000,id_000,30,0.06178637057542801,0.0035549152228567336,0.06950282069543998,0.07843865209983455,0.07779135211474365,0.07964411274426514,0.2497918192545573,0.12423398494720458,0.2659034729003906,0.283368182182312,0.28667713006337486,0.2887763261795044,0.005992366800783202,0.0028291422912540536,0.004410539041661347,0.0059729502924407525,0.007480380199073503,0.009268822179486354,0.09361571299307274,0.66,,,,55.60773351788521,594
visuotactile_persistence,test_id,0,20350001,id_001,30,0.0,0.0,0.0,0.0,0.0,0.0,0.12529372374216716,0.12529372374216716,0.12529372374216716,0.12529372374216716,0.12529372374216716,0.12529372374216716,0.0008759439170050124,0.0008906982567471762,0.0008789270844620963,0.0008725792247181138,0.0008695114015912016,0.0008680036175064742,,0.0,,,,0.0,0
visuotactile_persistence,test_id,0,20350002,id_002,30,0.22236113448316852,0.15270814574840996,0.1881308673467073,0.20751919703454608,0.23488352317880426,0.328563939107375,0.5670415449142456,0.36152066389719645,0.43979996840159097,0.5261009931564331,0.6500512917836507,0.8577348073323567,0.0065862777161722385,0.0033937582823758325,0.004999970477850487,0.006573911806723723,0.008091880532447249,0.0098718674814639,0.34385742445850803,0.6466666666666666,,,,200.12502103485167,582
visuotactile_persistence,test_id,0,20350003,id_003,30,0.0,0.0,0.0,0.0,0.0,0.0,0.09709582328796387,0.09709582328796387,0.09709582328796387,0.09709582328796387,0.09709582328796387,0.09709582328796387,0.0004963422667545577,0.0005110965420802434,0.0004993254241223137,0.0004929775876613955,0.0004899097800565263,0.0004884019998523096,,0.0,,,,0.0,0
visuotactile_persistence,test_id,0,20350004,id_004,30,0.13795492568415485,0.07915333640606453,0.11927899752950502,0.144269849660082,0.15730753129141198,0.18976491353371078,0.4326107867558797,0.2753345251083374,0.3713886857032776,0.449285360177358,0.5031563957532247,0.5638889670372009,0.005883370981318876,0.0031880965339951216,0.00452593540151914,0.005838458996731788,0.00717376780618603,0.008690596168162302,0.2273982291497058,0.6066666666666667,,,,124.15943311573938,546
visuotactile_persistence,test_id,0,20350005,id_005,30,0.0,0.0,0.0,0.0,0.0,0.0,0.1344645897547404,0.1344645897547404,0.1344645897547404,0.1344645897547404,0.1344645897547404,0.1344645897547404,0.0008451219710210959,0.0008518959434392552,0.0008401247983177503,0.0008418175663488606,0.0008450826435970764,0.0008466889034025371,,0.0,,,,0.0,0
visuotactile_persistence,test_id,0,20350006,id_006,30,0.07068707540579554,0.023660048242244457,0.05529100025693576,0.06748954993155268,0.07807750147249963,0.1289172771257452,0.20449928601582845,0.14865614573160807,0.19183926979700724,0.19924083550771077,0.20730613470077514,0.275454044342041,0.005502291760640219,0.003006844905515512,0.004097394674317911,0.005407707495032809,0.006724444246113611,0.008275067482221251,0.1127985245837163,0.6266666666666667,,,,63.61836786521599,564
visuotactile_persistence,test_id,0,20350007,id_007,30,0.0,0.0,0.0,0.0,0.0,0.0,0.10460854371388753,0.10460854371388753,0.10460854371388753,0.10460854371388753,0.10460854371388753,0.10460854371388753,0.001074215321180721,0.0010889694366293648,0.0010771984506087998,0.0010708506839970748,0.00106778289967527,0.0010662751349930961,,0.0,,,,0.0,0
visuotactile_persistence,test_id,0,20350008,id_008,30,0.05015913013213624,0.006602792884223163,0.011553211624009742,0.025264913480107985,0.09849139613927238,0.10888333653306795,0.39728013674418133,0.3280789295832316,0.3236108303070068,0.36024253368377684,0.4813499053319295,0.49311848481496173,0.006734031864907592,0.0037428594116742414,0.005113631087200096,0.006648237685052057,0.008215105044655502,0.009950326095956067,0.07677417877367793,0.6533333333333333,,,,45.14321711892262,588
visuotactile_persistence,test_id,0,20350009,id_009,30,0.10414012004828288,0.03424902779257132,0.07905896647522846,0.10312672262597415,0.12258320621525248,0.18168267713238795,0.30620903174082437,0.1787229855855306,0.24648759762446085,0.29572890599568685,0.33978771766026816,0.47031795183817543,0.004788126323837787,0.0022701304173097015,0.0034417129044110577,0.004707811027765274,0.006018795274818937,0.007502181994883964,0.16618104263023864,0.6266666666666667,,,,93.72610804345459,564
visuotactile_persistence,test_id,0,20350010,id_010,30,0.46854422251383465,0.4046309417320622,0.4001696329149935,0.4031899438550075,0.5468377709802654,0.5878928230868445,1.8607823332150777,1.6652064085006715,1.7474306344985961,1.7423171758651734,2.0459422985712687,2.103015148639679,0.006259262434129293,0.004123700289831807,0.005152593370682249,0.006208280243057137,0.007194611511658877,0.008617126755416394,0.6958577562086653,0.6733333333333333,,,,421.6898002624512,606
visuotactile_persistence,test_id,0,20350011,id_011,30,0.0982504125767284,0.03126812330964539,0.060971807636734515,0.07659879858709044,0.1186353113502264,0.20377802199994524,0.4362924933433533,0.3043252865473429,0.36777077515920004,0.3893639802932739,0.46306288639704385,0.6569395383199056,0.005067111197470998,0.002621283564561357,0.0038118595567842323,0.0049916804884560404,0.006265087986442571,0.007645644391110788,0.15193362769597174,0.6466666666666666,,,,88.42537131905556,582
visuotactile_persistence,test_id,0,20350012,id_012,30,0.0,0.0,0.0,0.0,0.0,0.0,0.1369070291519165,0.1369070291519165,0.1369070291519165,0.1369070291519165,0.1369070291519165,0.1369070291519165,0.0010433107536906997,0.0010590048196415106,0.0010464655856291453,0.001039734793206056,0.0010364758782088757,0.001034872691767911,,0.0,,,,0.0,0
visuotactile_persistence,test_id,0,20350013,id_013,30,0.12084393468892408,0.07723063178256982,0.099947103832124,0.11897707155440003,0.13611262385319506,0.17195224242233154,0.4423754254976908,0.32801012992858886,0.39679418404897054,0.43857845465342205,0.4846347173055013,0.5638596415519714,0.005456176993902773,0.002781911528048416,0.004064264878009757,0.0053449733066372575,0.006749292047849546,0.008340443208968889,0.19919329893778695,0.6066666666666667,,,,108.75954122003168,546
visuotactile_persistence,test_id,0,20350014,id_014,30,0.17132245567937693,0.05131183374259207,0.164607800087995,0.18247046805918216,0.21359387818309997,0.2446282983240154,0.5003846613566081,0.24130219618479412,0.45159002145131427,0.5223101615905762,0.5990761915842692,0.6876447359720866,0.004543405302877848,0.0015569216920994222,0.002909155581922581,0.004458090721163899,0.006061547606562575,0.007731310912640765,0.2887457118191746,0.5933333333333334,,,,154.19021011143923,534
visuotactile_persistence,test_id,0,20350015,id_015,30,0.19372678028212653,0.09493471313164466,0.14224990559741854,0.1947818654951536,0.2321255351209806,0.30454188206543525,0.48776966412862144,0.3944828987121582,0.4278050184249878,0.4620853265126546,0.5165582458178203,0.6379168311754863,0.004498166514871021,0.001738330345445623,0.0029420797596685587,0.004408874859412511,0.005920098702578495,0.0074814489072499175,0.31585888089477154,0.6133333333333333,,,,174.35410225391388,552
visuotactile_persistence,test_id,0,20350016,id_016,30,0.261668420256012,0.05521900448948145,0.11329382591777377,0.2909285426967674,0.42291823559337194,0.4259824925826656,1.0700633939107258,0.683698836962382,0.8674573500951132,1.04216681321462,1.3408422629038492,1.4161517063776652,0.005224486328661442,0.0022024697546536723,0.0036094266610840957,0.005053900275379419,0.006759657512884587,0.008496977439305435,0.4005128881469572,0.6533333333333333,,,,235.50157823041081,588
visuotactile_persistence,test_id,0,20350017,id_017,30,0.0,0.0,0.0,0.0,0.0,0.0,0.14175894260406494,0.14175894260406494,0.14175894260406494,0.14175894260406494,0.14175894260406494,0.14175894260406494,0.0009587316890247166,0.0009599846554920078,0.0009513269915866356,0.0009580701279143492,0.0009613352051625649,0.0009629414649680257,,0.0,,,,0.0,0
visuotactile_persistence,test_id,0,20350018,id_018,30,0.18252226378872163,0.0832721641390688,0.14616831453103157,0.16743116706299285,0.2365406698236863,0.2791990033868286,0.3888616442680359,0.2788366397221883,0.3212652444839478,0.35586089293162027,0.42573662201563517,0.5626088221867879,0.00526957794597062,0.0022322861943393944,0.0036873678114109983,0.005216627618453155,0.006796882375298689,0.008414725730350863,0.29759064748161135,0.6133333333333333,,,,164.27003740984946,552
visuotactile_persistence,test_id,0,20350019,id_019,30,0.03743637410716878,0.0034472766591029033,0.005728294690036112,0.00911266047300564,0.08539336200079156,0.08350027671290769,0.3099345842997233,0.23122589588165282,0.23424808979034423,0.23624202410380046,0.41966952482859293,0.4282873868942261,0.004566172437819963,0.002061598103803893,0.003255107393488288,0.004516910683984558,0.0058280274621211,0.0071692185457019756,0.05789130016572492,0.6466666666666666,,,,33.6927366964519,582
visuotactile_persistence,test_id,0,20350020,id_020,30,0.06526367964016067,0.012968824555476507,0.02359901037481096,0.03309018620186382,0.13108834317988818,0.12557203388876384,0.3627806599934896,0.24494568506876627,0.2605798085530599,0.26718404293060305,0.5347652594248454,0.5064285039901734,0.0049560179390634096,0.0025253066793084144,0.0037035900983028113,0.0048624258604831995,0.006164727600601812,0.007524039456620812,0.10092321593839278,0.6466666666666666,,,,58.7373116761446,582
visuotactile_persistence,test_id,0,20350021,id_021,30,0.18022155396019418,0.1665659620323115,0.17880763019331627,0.18843474798939294,0.18429670912317103,0.1830027204627792,0.5634401313463847,0.5143663962682088,0.5515043258666992,0.5599971135457357,0.5638971964518229,0.6274356245994568,0.0046358512543762725,0.0019934996768521764,0.0031575539071733755,0.004508044559042901,0.0059476584448323894,0.00757249968398052,0.2676557732082092,0.6733333333333333,,,,162.19939856417477,606
visuotactile_persistence,test_id,0,20350022,id_022,30,0.0,0.0,0.0,0.0,0.0,0.0,0.10935685634613038,0.10935685634613038,0.10935685634613038,0.10935685634613038,0.10935685634613038,0.10935685634613038,0.0005900507994617025,0.0006057450703034798,0.0005932056655486424,0.0005864747916348278,0.0005832158378325403,0.0005816126319890221,,0.0,,,,0.0,0
visuotactile_persistence,test_id,0,20350023,id_023,30,0.17795887120585474,0.10505444039073256,0.11331816145943271,0.1459535002708435,0.22141319167696769,0.3040550622312973,0.5954624366760254,0.3889777183532715,0.45557483037312824,0.5388681411743164,0.6711272160212199,0.9227642774581909,0.005415215968484214,0.003187484476560106,0.004186877777101472,0.00524542077910155,0.006514747468463611,0.007941549341194332,0.2751941307307032,0.6466666666666666,,,,160.16298408526927,582
visuotactile_persistence,test_id,0,20350024,id_024,30,0.06658521133578486,0.01588367811507649,0.02418550370881955,0.07190821247382297,0.11216530705698663,0.10878335532421866,0.2489496405919393,0.12255439758300782,0.12692153453826904,0.22174448172251385,0.4063500722249349,0.36717771689097084,0.0048177140679520865,0.0021052593636947375,0.0033760732195029656,0.004712156035626928,0.00618585975219806,0.0077092219687377415,0.10191613979967071,0.6533333333333333,,,,59.92669020220637,588
visuotactile_persistence,test_id,0,20350025,id_025,30,0.18096920356671845,0.07767427636103498,0.09654387455537088,0.2275092427308361,0.3151031166418559,0.18801550754449434,0.6564330124855041,0.500296700000763,0.5280017018318176,0.6119358817736308,0.7854232867558797,0.8565074920654296,0.004042653494204084,0.0023306180528985957,0.0027992409382325907,0.003722234225521485,0.004953527446681013,0.006407646807686736,0.2769936789286507,0.6533333333333333,,,,162.8722832100466,588
visuotactile_persistence,test_id,0,20350026,id_026,30,0.16578821828174922,0.048129092984729345,0.08670021870897876,0.1634978141221735,0.20613993739502298,0.3244740281978415,1.130772786140442,0.9089035511016845,0.9814032077789306,1.1194625933965048,1.2196092049280802,1.4244853734970093,0.005488219135828937,0.0024155970915065456,0.0038842021216017506,0.005391365146109214,0.007033233670517803,0.008716697649409374,0.2537574769618611,0.6533333333333333,,,,149.2093964535743,588
visuotactile_persistence,test_id,0,20350027,id_027,30,0.09885978431078708,0.031266358637044,0.05955673475853271,0.09849968896143967,0.12247488755318854,0.18250125164373054,0.37272775650024415,0.23410701751708984,0.29438384373982746,0.37132513920466104,0.41119184891382854,0.5526309331258138,0.004776762821857119,0.0020300525793572888,0.0033362034996874475,0.004659273091237992,0.006161109259119257,0.007697175679883609,0.15945126501739854,0.62,,,,88.97380587970838,558
visuotactile_persistence,test_id,0,20350028,id_028,30,0.0,0.0,0.0,0.0,0.0,0.0,0.12389795780181885,0.12389795780181885,0.12389795780181885,0.12389795780181885,0.12389795780181885,0.12389795780181885,0.0009674745495431125,0.0009822288140033683,0.0009704577038064599,0.0009641098751065632,0.000961042067501694,0.0009595342872974773,,0.0,,,,0.0,0
visuotactile_persistence,test_id,0,20350029,id_029,30,0.07770070895863077,0.011758392578404811,0.02050893890360991,0.06497953266112341,0.1516574084551798,0.13959927219483587,0.25969843069712323,0.1555217425028483,0.16074167092641195,0.2232278823852539,0.37507854302724203,0.38392231464385984,0.005367104629597937,0.0027506251586601137,0.0040269724287403125,0.00529145507219558,0.006653268431546166,0.008113202056847513,0.1189296565693328,0.6533333333333333,,,,69.93063806276768,588
visuotactile_shuffled_touch,test_id,0,20350000,id_000,30,1.1073414074981378,1.2327475681590536,1.1100579103351467,1.0715084145466487,1.0561072753535377,1.0662858690963024,2.9721837409337364,3.3041112740834553,2.959683914979299,2.88094246784846,2.8302162448565165,2.88596480290095,0.05422695084824227,0.05308624356597041,0.0538242336071562,0.05428661619856333,0.054751879737402004,0.055185781132119395,1.6591489180696732,0.66,,,,985.534457333386,594
visuotactile_shuffled_touch,test_id,0,20350001,id_001,30,4.092689703911957,4.067539846700512,4.117559181267603,4.11021819445822,4.0921743529538315,4.075956944179618,11.958153185844422,11.784237154324849,11.971532734235128,12.020910199483236,12.01590960820516,11.998176232973735,0.06211262569762766,0.060992875943581264,0.06182238526331882,0.06229395609116182,0.06262393065650637,0.06282998053357006,,0.0,,,,0.0,0
visuotactile_shuffled_touch,test_id,0,20350002,id_002,30,3.4782908984677245,3.585403281569274,3.4721797834047012,3.442849955562916,3.440460489731696,3.4505609820700354,9.769528609116872,10.053894440333048,9.719219748179118,9.677049994468689,9.703116579850514,9.69436228275299,0.05217306704105189,0.05091092391715695,0.0514482333829316,0.05210009399258221,0.052863400464411826,0.05354268344817683,5.3612631387205285,0.6466666666666666,,,,3120.255146735348,582
visuotactile_shuffled_touch,test_id,0,20350003,id_003,30,1.970264997769975,1.9587371777743101,1.9617343453276488,1.9689020909472472,1.9771525672326484,1.9847988075680203,5.814418139457703,5.753332813580831,5.780980134010315,5.815863037109375,5.846634189287822,5.875280523300171,0.046082369411985076,0.0463000238329793,0.04603100551757962,0.045965645047059904,0.04601106698003908,0.0461041056822675,,0.0,,,,0.0,0
visuotactile_shuffled_touch,test_id,0,20350004,id_004,30,1.9067069382251551,1.9603154579384459,1.9006528648754788,1.8791697202560802,1.8892164278671972,1.904180220188573,5.327406379381816,5.440857013066609,5.291996332009633,5.256905019283295,5.29634857972463,5.3509249528249105,0.044855153682098414,0.04399524662100399,0.044545578696609786,0.04488279868188935,0.04525128040695563,0.045600864004033306,3.106409361000913,0.6066666666666667,,,,1696.0995111064985,546
visuotactile_shuffled_touch,test_id,0,20350005,id_005,30,1.2095195318655008,1.273861558569802,1.222976746968925,1.1963114214336708,1.1816808206960558,1.17276711165905,2.792778300444285,2.9081132769584657,2.821391268571218,2.772280752658844,2.739556908607483,2.722549295425415,0.0419446599840497,0.04164981679835667,0.04200319447554648,0.041991314571350816,0.042039197500950344,0.04203977657404418,,0.0,,,,0.0,0
visuotactile_shuffled_touch,test_id,0,20350006,id_006,30,1.3695980482165597,1.4546492979344394,1.420660613777323,1.3682125818812185,1.3180550327317582,1.28641271475806,3.087832903067271,3.3402700185775758,3.22318346897761,3.083694322903951,2.9531930049260455,2.838823699951172,0.0436949107516557,0.04282270913633208,0.043504078531016906,0.04386760356137529,0.04408985417491446,0.04419030835463976,2.172125764318299,0.6266666666666667,,,,1225.0789310755208,564
visuotactile_shuffled_touch,test_id,0,20350007,id_007,30,1.051866755599363,1.0665760320093898,1.0488433769386676,1.0477205965667964,1.047818743572053,1.0483750289099083,2.8622685360908506,2.7719732880592347,2.822643764813741,2.8778456687927245,2.9085608243942263,2.930319134394328,0.050293532346064845,0.049354099742292115,0.04990466836995135,0.05034891764710968,0.05076964562758803,0.051090330343383054,,0.0,,,,0.0,0
visuotactile_shuffled_touch,test_id,0,20350008,id_008,30,1.3060013588993913,1.2459321280320486,1.2599174749002688,1.3213953281028403,1.3380989521120985,1.3646629113497006,3.84588001648585,3.6987395962079366,3.757406711578369,3.87993053595225,3.912729199727376,3.980594038963318,0.003517387156219532,0.0026492913486436008,0.0029920736968051644,0.0034429321259570617,0.003961810578281681,0.0045408280314101525,1.9808752005412973,0.6533333333333333,,,,1164.7546179182827,588
visuotactile_shuffled_touch,test_id,0,20350009,id_009,30,1.90653975971664,1.9120168091522323,1.9149655837979582,1.9148768379042547,1.9146336413402525,1.876205926388502,5.382423186302185,5.40411410331726,5.3972449938456215,5.410793097813924,5.406032586097718,5.293931150436402,0.0020081588249498358,0.0018165113753639162,0.0015655079778904716,0.001734294278624778,0.0022123090961637597,0.002712171396706253,2.9521400579746735,0.6266666666666667,,,,1665.0069926977158,564
visuotactile_shuffled_touch,test_id,0,20350010,id_010,30,1.6869277733005583,1.767112759480046,1.6877722734274963,1.5790663777747087,1.7309345471155313,1.6697529087050094,5.508691702683767,5.674204238255819,5.478686531384786,5.33570302327474,5.545171682039896,5.509693038463593,0.003535031013113136,0.0026572158249715963,0.0030001663719303904,0.00347625389501142,0.003985923066890488,0.004555595906761785,2.4938349657240186,0.6733333333333333,,,,1511.2639892287552,606
visuotactile_shuffled_touch,test_id,0,20350011,id_011,30,2.437994382193105,2.590486967449801,2.4529246225953103,2.3920075449782114,2.3748415693123306,2.3797112066298722,6.514365771611532,6.8731226603190105,6.522386272748311,6.412021760145823,6.388449919223786,6.375848245620728,0.038976736082695425,0.038184905560531966,0.03865948311674098,0.03900933425175026,0.03937328913016245,0.03965666835429147,3.754143014034941,0.6466666666666666,,,,2184.911234168336,582
visuotactile_shuffled_touch,test_id,0,20350012,id_012,30,2.27189054650565,2.2896959995954402,2.262608014357587,2.262755143000848,2.2690456001708905,2.275347975403484,6.536927496592204,6.527069544792175,6.499129056930542,6.526323207219442,6.553045320510864,6.579070353507996,0.05938220489692564,0.05957567864485706,0.05959378001280129,0.05937904422947516,0.05924059948883951,0.059121922108655175,,0.0,,,,0.0,0
visuotactile_shuffled_touch,test_id,0,20350013,id_013,30,1.0858216716069728,1.0588694900843418,1.0608487342380815,1.07517160953333,1.1030478295870125,1.1311706945920983,2.8414632574717205,2.741044020652771,2.7563287099202474,2.816248885790507,2.9114784280459087,2.982216242949168,0.001686818482897555,0.0012007769042005141,0.0013506909541320055,0.001547749569484343,0.001961137168109417,0.0023737378185614945,1.764117397782444,0.6066666666666667,,,,963.2080991892144,546
visuotactile_shuffled_touch,test_id,0,20350014,id_014,30,0.534386827196512,0.5812324614471032,0.540084109051774,0.5205209115727081,0.5161592596934901,0.5139373942174845,0.9699857680002848,1.0786049842834473,0.9427203337351481,0.9369141340255738,0.9419244368871053,0.9497649510701497,0.002833089360113566,0.001642379587671409,0.002034848389060547,0.0027421535768856605,0.003500403785922875,0.004245661461027339,0.8569729689383105,0.5933333333333334,,,,457.6235654130578,534
visuotactile_shuffled_touch,test_id,0,20350015,id_015,30,1.3276111762225629,1.4105815552382006,1.3731088466631869,1.3124360617250204,1.2901364721771744,1.2517929453092316,3.294311274687449,3.4998984734217324,3.374654491742452,3.2804937521616617,3.188351802031199,3.1281578540802,0.0024702065888171395,0.001544839139872541,0.0018110343061077097,0.0024268182537828882,0.0029972757406843205,0.003571065503638238,2.115238095269255,0.6133333333333333,,,,1167.6114285886288,552
visuotactile_shuffled_touch,test_id,0,20350016,id_016,30,4.084133976108084,4.2125204265842005,4.08521404032492,4.07545552417222,4.051288449371027,3.9961914400880536,11.187033010323843,11.457709574699402,11.149971278508504,11.109537827968598,11.155930892626445,11.062015477816264,0.049901566224483156,0.048985648131929335,0.04969077943436181,0.05005842730170116,0.0503449043414245,0.05042807191299895,6.234723233725546,0.6533333333333333,,,,3666.017261430621,588
visuotactile_shuffled_touch,test_id,0,20350017,id_017,30,2.8368348721145757,2.862055973998374,2.8286676621685425,2.823974758365916,2.8302121643804843,2.839263801659561,8.343948449293773,8.30048257112503,8.296257034937542,8.33218621412913,8.373112630844116,8.417703795433045,0.05922905130079016,0.05774206565693021,0.05909266114467755,0.05951817399666955,0.0597642777992102,0.06002807790646329,,0.0,,,,0.0,0
visuotactile_shuffled_touch,test_id,0,20350018,id_018,30,1.9297549635027018,1.8545523625695044,1.8958991273616752,1.9289310281578866,1.9866156687753067,1.9827766306491361,5.346054406166076,5.145394333203634,5.234750731786092,5.374479254086812,5.47066334883372,5.504984362920125,0.0012327779286230604,0.0010088261022853354,0.001033982700513055,0.001103108290893336,0.0013449234965567788,0.0016730490528667967,3.057179503966177,0.6133333333333333,,,,1687.5630861893296,552
visuotactile_shuffled_touch,test_id,0,20350019,id_019,30,0.4890721372473571,0.39835722910033333,0.45304270195257335,0.5089033397638963,0.5179116249912314,0.567145790428751,0.6979370633761088,0.42691969076792396,0.5961469848950703,0.7624179283777873,0.7770417531331381,0.9271589597066243,0.0012808473159869511,0.0009685969562269747,0.0010772254104570796,0.0012288136795784036,0.0014573010499589144,0.0016722994837133835,0.7245385136288875,0.6466666666666666,,,,421.68141493201256,582
visuotactile_shuffled_touch,test_id,0,20350020,id_020,30,1.609896671505024,1.4685213632571201,1.5388875952197445,1.6428623818688923,1.66419957211862,1.7350124450607431,4.2744939064979555,3.8334486802419026,4.080454353491465,4.397256970405579,4.410575167338053,4.650734361012777,0.002565131470716248,0.0017800569301471114,0.0021208431882162888,0.0025136512510168054,0.002989355152628074,0.0034217508315729597,2.4410342902354767,0.6466666666666666,,,,1420.6819569170475,582
visuotactile_shuffled_touch,test_id,0,20350021,id_021,30,2.3908057997085983,2.5752911168150603,2.416762330227842,2.328791158615301,2.312726078523944,2.320458314360844,6.641681221326192,7.1841095606486,6.653051487604777,6.428532258669535,6.428867030143738,6.513845769564311,0.04776334437658079,0.04675997778152426,0.047382087997781736,0.047823474016816664,0.048197321413317694,0.04865386067346359,3.5326310791069084,0.6733333333333333,,,,2140.7744339387864,606
visuotactile_shuffled_touch,test_id,0,20350022,id_022,30,3.8960514039090937,3.756233900630226,3.855516616741402,3.916266175794105,3.9602166718182463,3.99202365456149,11.175195515155792,10.728320674101512,11.047260228792826,11.242019438743592,11.378706296284994,11.479670937856039,0.04371306853136048,0.044072525789185114,0.04381132829003036,0.043524679576512425,0.04353124575767045,0.04362556324340403,,0.0,,,,0.0,0
visuotactile_shuffled_touch,test_id,0,20350023,id_023,30,2.704034480212463,2.6514970758102008,2.6614373438474206,2.6916076846627726,2.733551628411644,2.7820786683302785,7.20926899989446,7.0828861951828,7.127391560872396,7.202842724323273,7.2828943173090614,7.35033020178477,0.004097498091869056,0.0032008067045050364,0.0037189792996893327,0.004163343308027834,0.004547776340041309,0.004856584807081769,4.167059247615616,0.6466666666666666,,,,2425.2284821122885,582
visuotactile_shuffled_touch,test_id,0,20350024,id_024,30,1.6057327982659142,1.467759855950458,1.5313368058246044,1.630882290016032,1.6900587076321245,1.7086263319063517,4.298209808667501,3.88226432800293,4.0718320369720455,4.335401964187622,4.58013809521993,4.6214126189549765,0.0016942459992909183,0.0022609741349394123,0.00182381085663413,0.0015119460877031088,0.0013847831326226393,0.0014897157845553011,2.443157853812081,0.6533333333333333,,,,1436.5768180415034,588
visuotactile_shuffled_touch,test_id,0,20350025,id_025,30,1.6855325806536712,1.6390414441728758,1.6750179109279997,1.7083510368441541,1.7202522409045033,1.6850002704188227,3.489669470787048,3.368105439345042,3.437764819463094,3.58470911582311,3.5005112886428833,3.5572566906611125,0.0030608670068128655,0.0034789858773971597,0.0031617965976086754,0.0028661535722979653,0.002852598756241302,0.0029448002305192253,2.554760505398181,0.6533333333333333,,,,1502.1991771741305,588
visuotactile_shuffled_touch,test_id,0,20350026,id_026,30,1.982608656587286,1.9890152965775794,1.9541462002218597,1.9755224099589719,1.9798282726357381,2.0145311035422817,4.076699435710907,4.065124901135762,3.980328337351481,4.069587286313375,4.131794281800588,4.136662371953329,0.0024244820745661856,0.0018313927420725426,0.0020227006481339533,0.002361010837679108,0.0027354911163759727,0.0031718150285693506,3.0145529901266706,0.6533333333333333,,,,1772.5571581944823,588
visuotactile_shuffled_touch,test_id,0,20350027,id_027,30,2.246679206457403,2.339658039311568,2.266836188485225,2.2304382723859613,2.2016996468106904,2.19476388529357,6.150584837595622,6.415674499670664,6.217623964945475,6.109415992101034,6.019005580743154,5.991204150517782,0.045193040725619846,0.04443754962800692,0.04504024993317823,0.045297414149778586,0.0454997292215315,0.04569026069560399,3.6085508537101543,0.62,,,,2013.571376370266,558
visuotactile_shuffled_touch,test_id,0,20350028,id_028,30,1.086436992602216,1.1353623217903077,1.0912092844955623,1.0730261551630167,1.0673329763114452,1.0652542252507475,2.772346432209015,2.8693265557289123,2.773341389497121,2.7429309844970704,2.7370211799939472,2.739112051328023,0.05048036341633027,0.05027595109228666,0.050622784369625154,0.05048270234838128,0.050480306746127704,0.050540072525230545,,0.0,,,,0.0,0
visuotactile_shuffled_touch,test_id,0,20350029,id_029,30,0.2993989363974995,0.2469513308049904,0.26581420801166034,0.30046602845605874,0.33540849327627154,0.34835462143851653,0.29168747742970785,0.22798892656962078,0.2636457920074463,0.3076219320297241,0.2971594015757243,0.3620213349660238,0.0024504781929620854,0.0018499973773335417,0.002169814360483239,0.002413987232527385,0.002743965497938916,0.003074626496527344,0.4366344309659029,0.6533333333333333,,,,256.7410454079509,588
visuotactile_world_model,test_geometry_ood,0,20351000,geometry_ood_000,30,0.21074947204440833,0.14423180149040288,0.18760248781699274,0.21357210150195494,0.23933897522381611,0.26900199418887494,0.5444612725575765,0.39384400844573975,0.5068660577138265,0.537533720334371,0.6032572269439698,0.6808053493499756,0.005078623452379058,0.004777935158926994,0.004825322683124493,0.005036114369674275,0.005271216318942606,0.005482528731226921,0.277744112860863,0.5866666666666667,1.0,0.0,0.0,146.64889159053564,528
visuotactile_world_model,test_geometry_ood,0,20351001,geometry_ood_001,30,0.02467909555261334,0.03553016350294153,0.02449930135367645,0.022649575345632104,0.02081249691545963,0.019903940645356975,0.07579926649729411,0.10735686620076497,0.07888430754343669,0.0704724391301473,0.06313835779825847,0.059144361813863115,0.0004904102227495362,0.0004393324275345852,0.0005084212791795532,0.0004984545424425354,0.0005173284143287067,0.0004885144502623006,,0.0,1.0,1.0,1.0,0.0,0
visuotactile_world_model,test_geometry_ood,0,20351002,geometry_ood_002,30,0.02161710280097193,0.01982667517537872,0.021963185144381392,0.02202564864936802,0.022501950711011888,0.021768054324719642,0.05251665592193604,0.059546828269958496,0.05476670265197754,0.04936459064483643,0.04865628878275553,0.05024886926015218,0.0003680174828817447,0.00043156635171423356,0.00038275135836253563,0.0003340622177347541,0.00034416848017523687,0.0003475390064219634,,0.0,1.0,1.0,1.0,0.0,0
visuotactile_world_model,test_geometry_ood,0,20351003,geometry_ood_003,30,1.8414884228466286,1.8725371088625655,1.833524436213904,1.784421838281883,1.7411906647392446,1.9757680661355457,2.4545136284828186,2.7533592065175374,2.416942763328552,2.3539626598358154,2.3190820018450418,2.429221510887146,0.007770761832750092,0.007590078543095539,0.007594120727541546,0.007817275267249594,0.007938559403798232,0.007913775222065548,2.807351439652749,0.6533333333333333,0.0,0.0,0.0,1650.7226465158165,588
visuotactile_world_model,test_geometry_ood,0,20351004,geometry_ood_004,30,0.3135105960733361,0.24957259650238686,0.29179917230374286,0.324570670682523,0.32872171795202626,0.3728888229260014,0.7988620122273763,0.6503642559051513,0.7733276685078939,0.8127203385035197,0.8503165165583293,0.9075812816619873,0.005144142060695837,0.004666586751894405,0.004890038014855236,0.005070518737193197,0.005343604289616148,0.0057499625099202,0.4216490970787325,0.5733333333333334,1.0,0.0,0.0,217.57093409262598,516
visuotactile_world_model,test_geometry_ood,0,20351005,geometry_ood_005,30,0.023709727198713355,0.0215341089396841,0.023392709334277444,0.02451089621625013,0.024579034362816148,0.024531887140538958,0.05652360280354818,0.0639387845993042,0.05747454166412354,0.05560862223307292,0.05300737222035726,0.05258869330088298,0.000375430261483416,0.00033264356510092816,0.0003924529048769424,0.00037586515148480736,0.0003795942640863359,0.000396595421868066,,0.0,1.0,1.0,1.0,0.0,0
visuotactile_world_model,test_geometry_ood,0,20351006,geometry_ood_006,30,0.17896533475360937,0.10100300163030625,0.14708770425576304,0.20092252540505595,0.235146011888153,0.21066743058876858,0.4650341216723124,0.33429534832636515,0.42156057357788085,0.5322008768717448,0.5509771823883056,0.48613662719726564,0.0029672277808034174,0.0028310567198786885,0.0028364213299937545,0.0028729147374785195,0.003061410969045634,0.0032343351476204893,0.21215100370065862,0.6466666666666666,1.0,1.0,1.0,123.47188415378332,582
visuotactile_world_model,test_geometry_ood,0,20351007,geometry_ood_007,30,0.034745385019729534,0.03686282727867365,0.033176102572017245,0.03385067582130432,0.03445216427660651,0.03538515515004595,0.06881609916687012,0.07932721773783366,0.06233856678009033,0.06591200033823649,0.06716005802154541,0.0693426529566447,0.0006800736197813725,0.0006644320150371641,0.0006657045383083944,0.0006742661159175137,0.0006848091841675341,0.0007111562454762559,,0.0,1.0,1.0,1.0,0.0,0
visuotactile_world_model,test_geometry_ood,0,20351008,geometry_ood_008,30,0.23056904162694183,0.13030381412762734,0.18956162158606782,0.24974179855133924,0.28103930270299315,0.3021986711666816,0.6446834182739258,0.3187350312868754,0.5549997687339783,0.7388520876566569,0.7701337973276774,0.8406964063644409,0.0031937524986763795,0.0031424491705062487,0.003018507070373744,0.003141903015784919,0.0032713515179542203,0.0033945517187627654,0.3025289800168492,0.6466666666666666,1.0,1.0,1.0,176.07186636980623,582
visuotactile_world_model,test_geometry_ood,0,20351009,geometry_ood_009,30,1.1626577143122752,1.0889319874346257,1.145808941891624,1.1741360035207538,1.184235238449441,1.220176400264932,1.8993550411860147,1.7824305852254232,1.8667596737543741,1.8433248043060302,1.9333754777908325,2.070884664853414,0.0054765245690941815,0.005642519456644853,0.004731855983845889,0.005185016927619775,0.005806456859378765,0.006016773617981623,1.7309935134835541,0.6666666666666666,0.0,0.0,0.0,1038.5961080901325,600
visuotactile_world_model,test_geometry_ood,0,20351010,geometry_ood_010,30,0.143744034525007,0.12032607844513324,0.09741491123826967,0.1242824289119906,0.1636363736871216,0.21306038034251995,0.3541844169298808,0.31024081707000734,0.24568146864573162,0.3069346348444621,0.4078787287076314,0.5001864353815715,0.003959422331778721,0.003717279788543237,0.00379348598071374,0.003954379491430396,0.004094357388870169,0.0042376090093360595,0.1979472250127906,0.64,1.0,0.0,0.0,114.0176016073674,576
visuotactile_world_model,test_geometry_ood,0,20351011,geometry_ood_011,30,1.820792098202639,1.8862084718421102,1.7712284760963586,1.863892115280032,1.723026669729087,1.8596047580656079,2.7850746536254882,3.1863845666249593,2.6927342653274535,2.6290503899256388,2.6134876012802124,2.803716444969177,0.00558365661650896,0.004099765586821983,0.00497191675628225,0.00563198282616213,0.006326608324889094,0.006888009588389347,2.689067659481573,0.6733333333333333,0.0,0.0,0.0,1629.5750016458333,606
visuotactile_world_model,test_geometry_ood,0,20351012,geometry_ood_012,30,0.38007490107996594,0.29716631117173364,0.28738176996509235,0.34248032107328374,0.4417967910567919,0.5315493121329281,0.7974135732650757,0.5856725931167602,0.607735280195872,0.7468040585517883,0.9442563931147258,1.1025995413462322,0.005110516690183431,0.003527754584016899,0.00457039160731559,0.005198656301945448,0.005838174361269921,0.006417606596369296,0.5354448912501858,0.6333333333333333,1.0,0.0,0.0,305.2035880126059,570
visuotactile_world_model,test_geometry_ood,0,20351013,geometry_ood_013,30,1.5373581231509645,1.4288650550569097,1.4808452629794677,1.5594076462917859,1.5621976586472657,1.655474992779394,2.244994495709737,2.0563300609588624,2.2297317028045653,2.2433390458424887,2.302268934249878,2.3933027346928912,0.006481463073287159,0.006941238790750504,0.00643075795378536,0.0063742037125242255,0.006357963227977355,0.006303151681398352,2.2934394748322666,0.6666666666666666,0.0,0.0,0.0,1376.06368489936,600
visuotactile_world_model,test_geometry_ood,0,20351014,geometry_ood_014,30,0.32862793226208953,0.21766592683270575,0.32779568484466937,0.3121511011901829,0.3621162682978643,0.42341068014502525,0.926956660747528,0.6701786915461222,0.8814646402994791,0.8960643768310547,1.0030513048171996,1.1840242902437845,0.0037781926861498506,0.0036236566801865896,0.003692706540459767,0.0037520514510106296,0.003839328223451351,0.003983220535640915,0.46156391831309307,0.66,1.0,1.0,1.0,274.1689674779773,594
visuotactile_world_model,test_geometry_ood,0,20351015,geometry_ood_015,30,0.7483470058751603,0.7837755815436442,0.7119358606843484,0.7347117831309636,0.7577166161810358,0.7535951878358093,0.7626374491055806,0.8811575611432393,0.7784358183542888,0.7488407055536906,0.7078906774520874,0.6968624830245972,0.006030747134548923,0.0066734046830485266,0.006146030325908214,0.0059641503573705755,0.005707807908765972,0.005662342397651325,1.124555988744104,0.6533333333333333,1.0,0.0,0.0,661.2389213815331,588
visuotactile_world_model,test_geometry_ood,0,20351016,geometry_ood_016,30,0.021425466580937306,0.022993383039202956,0.022195299497495095,0.0216133250337508,0.02081553813897901,0.01950978719525867,0.04388643264770508,0.049534726142883304,0.04405008157094319,0.042174116770426436,0.04172691504160563,0.04194632371266683,0.0003146764760216077,0.0003587252227589488,0.0003745700620735685,0.00030460148118436334,0.00027642871718853713,0.00025905689690262077,,0.0,1.0,1.0,1.0,0.0,0
visuotactile_world_model,test_geometry_ood,0,20351017,geometry_ood_017,30,1.415834754243907,1.353870503997637,1.3853225472900603,1.4302491557680899,1.4312717051969635,1.4784598589667843,2.1360765743255614,2.059756072362264,1.9646427869796752,2.1256515820821127,2.164947001139323,2.3653854290644327,0.005332403895445168,0.003886583117612948,0.004671571485232562,0.005648291844408959,0.006091140792705119,0.006364432237266252,2.1484414685650597,0.6533333333333333,0.0,0.0,0.0,1263.283583516255,588
visuotactile_world_model,test_geometry_ood,0,20351018,geometry_ood_018,30,0.28027583062648775,0.18553700485370225,0.20456809560871786,0.28193079728840126,0.3430194687512186,0.3863237866303987,0.6975811664263407,0.3782093365987142,0.5210476994514466,0.6724559426307678,0.8911809126536051,1.02501194079717,0.005387200639816001,0.004205662629101425,0.004955170095975821,0.005460259496855239,0.005940035835374146,0.006374875141773373,0.3974135860011706,0.64,1.0,0.0,0.0,228.91022553667426,576
visuotactile_world_model,test_geometry_ood,0,20351019,geometry_ood_019,30,0.02312086201376385,0.023363680268327396,0.022779180833862888,0.02304554662356774,0.02308136471029785,0.023334537632763386,0.04988424142201742,0.06032619476318359,0.052268664042154946,0.04808339277903239,0.04468429088592529,0.04405866463979085,0.0003696153437097867,0.00041397011373192074,0.00036247683068116505,0.00036430321633815763,0.0003371586363452176,0.0003701679214524726,,0.0,1.0,1.0,1.0,0.0,0
visuotactile_world_model,test_geometry_ood,0,20351020,geometry_ood_020,30,0.023529253703438575,0.025328289355254836,0.024734465084556075,0.023816144756144946,0.022668361105024813,0.021099008216212193,0.047191917101542157,0.05221779346466064,0.048612395922342934,0.04567277431488037,0.044641693433125816,0.044814928372701006,0.00030079153987268607,0.0003788527799770236,0.0003468457143753767,0.0002680401783436537,0.00025523343744377294,0.0002549855892236034,,0.0,1.0,1.0,1.0,0.0,0
visuotactile_world_model,test_geometry_ood,0,20351021,geometry_ood_021,30,1.2372619638705833,1.157262888447278,1.263975462441643,1.2440174541643096,1.2230743842820326,1.2979796300176532,2.1001384059588113,1.884953244527181,1.993972357114156,2.1279152393341065,2.1986175179481506,2.2952336708704633,0.008179558101886263,0.007539814435100804,0.008088954157816868,0.00827973426397269,0.008394290988023082,0.00859499666451787,1.8745114530363836,0.6533333333333333,0.0,0.0,0.0,1102.2127343853936,588
visuotactile_world_model,test_geometry_ood,0,20351022,geometry_ood_022,30,0.2568290030231906,0.15841156219442684,0.22299451476169957,0.2859804580712484,0.3302063728682697,0.28655210722030866,0.8152319049835205,0.5208757837613424,0.7087032794952393,0.9118884960810344,1.03755441904068,0.8971375465393067,0.003776745842769742,0.0039663541790408395,0.0037573078957696755,0.0036481680154489974,0.003688911034259945,0.0038229880893292526,0.28059839374489254,0.64,1.0,1.0,1.0,161.6246747970581,576
visuotactile_world_model,test_geometry_ood,0,20351023,geometry_ood_023,30,1.372925974805322,1.382624821551144,1.3488351119268271,1.3573581882855958,1.360200491030183,1.4156112612328595,1.734136939048767,1.7117116530736287,1.7388689756393432,1.6873564958572387,1.7199106375376383,1.8128369331359864,0.005340793712530285,0.004504423215985298,0.004984842392150313,0.005425851031516989,0.005719261150807143,0.006069590772191684,2.0473664929469426,0.6666666666666666,0.0,0.0,0.0,1228.4198957681656,600
visuotactile_world_model,test_geometry_ood,0,20351024,geometry_ood_024,30,0.43381989368547996,0.33751591706855427,0.3766009942318002,0.4321649651870959,0.4854322967533436,0.5373852951866057,1.016494394938151,0.8267929951349894,0.9000160694122314,0.9679768800735473,1.147945261001587,1.2397407690684001,0.004066958276865383,0.003301834528489659,0.0038984733982943,0.004086048668250441,0.004369034812164803,0.004679399977127711,0.6315150901468264,0.66,1.0,0.0,0.0,375.11996354721487,594
visuotactile_world_model,test_geometry_ood,0,20351025,geometry_ood_025,30,0.4923389716570576,0.5311897607106302,0.4989245840762224,0.48970622746273873,0.44960694254065553,0.49226734349504114,0.6994482378164927,0.8246907075246175,0.704021159807841,0.6571640650431315,0.6385581811269124,0.6728070755799611,0.007550151655159425,0.007098504833508438,0.007498157459000746,0.0076581750608359775,0.007686673252222439,0.007809247670229525,0.797832569649832,0.6066666666666667,1.0,0.0,0.0,435.61658302880824,546
visuotactile_world_model,test_geometry_ood,0,20351026,geometry_ood_026,30,0.2539503737145828,0.19490224020555616,0.18385802435999116,0.22727758078318502,0.30888656510247126,0.35482745812171035,0.5231585836410523,0.28538119395573935,0.3385666608810425,0.5170174876848856,0.7191840807596842,0.7556434949239095,0.004974080218041005,0.00497105618705973,0.004845002241199836,0.0048493015890320144,0.0050110098294680935,0.0051940312434453515,0.34075770697220126,0.64,1.0,0.0,0.0,196.27643921598792,576
visuotactile_world_model,test_geometry_ood,0,20351027,geometry_ood_027,30,0.7077844032645225,0.6376623634042011,0.6590450318944123,0.651051681364576,0.7669915595816241,0.8241713800777991,0.9324248417218526,0.7915474653244019,0.7910590966542562,0.8390688975652059,1.0797823429107667,1.1606664061546326,0.007895135672491354,0.007608231040649116,0.008305117872077971,0.008192818968867262,0.007797708514650973,0.007571801966211448,1.081845972162137,0.6466666666666666,1.0,0.0,0.0,629.6343557983637,582
visuotactile_world_model,test_geometry_ood,0,20351028,geometry_ood_028,30,0.2604478038319697,0.22200997301066916,0.23150400789454578,0.21672887369576427,0.29625452741877073,0.3357416371400985,0.6561868906021118,0.39100310802459715,0.5627644856770834,0.6244119882583619,0.7890167713165284,0.9137380997339885,0.004108901300060097,0.0040914473550704615,0.003945083644551536,0.00395524493069388,0.004140365775189518,0.004412364794795091,0.37588190505746755,0.6666666666666666,1.0,1.0,1.0,225.5291430344805,600
visuotactile_world_model,test_geometry_ood,0,20351029,geometry_ood_029,30,1.2870518453708952,1.161911204809116,1.2420777358114719,1.2651079920327497,1.3988808282651006,1.3672814659360382,1.8204817668596904,1.6551980336507162,1.693578346570333,1.7879304806391398,1.9214933474858602,2.0442086259524026,0.006231384810525924,0.003585649134280781,0.005129559792112559,0.006463989968566845,0.0075901328353211285,0.008387592322348307,2.0821794933011835,0.6133333333333333,0.0,0.0,0.0,1149.3630803022534,552
visuotactile_persistence,test_geometry_ood,0,20351000,geometry_ood_000,30,0.11180467843647218,0.02857498046942055,0.07758807407226413,0.1225913540356689,0.15139103047549723,0.17887795312951008,0.32167759458223977,0.20080331563949586,0.22388298312822977,0.31862434148788454,0.3927290360132853,0.4723482966423035,0.006743851779028773,0.004711336072068662,0.0053550581098534165,0.006512311516174426,0.00789345831144601,0.009247094885601352,0.19057615642580486,0.5866666666666667,,,,100.62421059282497,528
visuotactile_persistence,test_geometry_ood,0,20351001,geometry_ood_001,30,0.0,0.0,0.0,0.0,0.0,0.0,0.19447147846221924,0.19447147846221924,0.19447147846221924,0.19447147846221924,0.19447147846221924,0.19447147846221924,0.0004993571829982102,0.0004789498265987883,0.0004984509258065372,0.0004956816148478538,0.0005106907784162711,0.0005130127693216006,,0.0,,,,0.0,0
visuotactile_persistence,test_geometry_ood,0,20351002,geometry_ood_002,30,0.0,0.0,0.0,0.0,0.0,0.0,0.11996055444081624,0.11996055444081624,0.11996055444081624,0.11996055444081624,0.11996055444081624,0.11996055444081624,0.0005904472401986519,0.0006052016202981273,0.0005934304169689616,0.0005870825378224253,0.0005840147069344918,0.0005825069189692537,,0.0,,,,0.0,0
visuotactile_persistence,test_geometry_ood,0,20351003,geometry_ood_003,30,1.0911292175037994,0.9704472156034576,1.4181713208556175,1.114859584511982,0.8871241323649883,1.0650438341829511,3.6573146120707194,3.3852529366811117,3.4592170317967734,3.6809825261433917,3.7715569496154786,3.9895636161168415,0.01630014802950124,0.013725685502868146,0.014851308489839236,0.016280007055805377,0.017624175676610322,0.01901956342238312,1.670095741077244,0.6533333333333333,,,,982.0162957534194,588
visuotactile_persistence,test_geometry_ood,0,20351004,geometry_ood_004,30,0.17164644265081733,0.09297266238782968,0.14106497479757915,0.1901125649559415,0.18324357724438112,0.25083843386835525,0.558940493663152,0.41817142367362975,0.4684940854708354,0.5488145450750986,0.6398019234339396,0.7194204906622569,0.006832833553198725,0.00516389737604186,0.005528182175476104,0.006499336322303861,0.007830107941602667,0.009142643950569133,0.299383330204914,0.5733333333333334,,,,154.4817983857356,516
visuotactile_persistence,test_geometry_ood,0,20351005,geometry_ood_005,30,0.0,0.0,0.0,0.0,0.0,0.0,0.11649771531422932,0.11649771531422932,0.11649771531422932,0.11649771531422932,0.11649771531422932,0.11649771531422932,0.0007842995529063046,0.0007756113773211837,0.0007969269955841203,0.0007806760452998182,0.0007807145710103213,0.0007875687753160795,,0.0,,,,0.0,0
visuotactile_persistence,test_geometry_ood,0,20351006,geometry_ood_006,30,0.03844662455634938,0.014242601296347048,0.02006198529464503,0.025307639833125804,0.031990192137244675,0.10063070422038436,0.23514336347579956,0.19446730613708496,0.1951205809911092,0.19866971174875894,0.23691399494806925,0.35054522355397544,0.005314922847319394,0.0031625490286387504,0.004080376937054098,0.005246380609848226,0.006431637586016828,0.007653670075039069,0.059453543128375336,0.6466666666666666,,,,34.601962100714445,582
visuotactile_persistence,test_geometry_ood,0,20351007,geometry_ood_007,30,0.0,0.0,0.0,0.0,0.0,0.0,0.15969093243281046,0.15969093243281046,0.15969093243281046,0.15969093243281046,0.15969093243281046,0.15969093243281046,0.0007281919553255041,0.0007008338890348871,0.0007327129521096746,0.0007233319260800878,0.0007432341071156164,0.0007408469022872548,,0.0,,,,0.0,0
visuotactile_persistence,test_geometry_ood,0,20351008,geometry_ood_008,30,0.11920677584595979,0.0993524484996063,0.10421303232045223,0.10532014487026674,0.14396874139395852,0.1431795121455151,0.3052712933222453,0.29950599670410155,0.2851906617482503,0.28135898113250735,0.33649460474650067,0.32380622227986655,0.005710156308875109,0.003445691429078579,0.004358865883356581,0.005658396744790176,0.00691991313554657,0.008167914351603637,0.18434037501952544,0.6466666666666666,,,,107.2860982613638,582
visuotactile_persistence,test_geometry_ood,0,20351009,geometry_ood_009,30,0.46296943441861205,0.37476830064422556,0.42941424085034263,0.6177967785133256,0.4571558893968662,0.43571196268830037,1.9490035343170167,1.9083326816558839,1.9723116715749105,1.9631053447723388,1.953478495279948,1.947789478302002,0.016281795859492073,0.013783858324556302,0.014827197623283913,0.016139415888270985,0.017614395617662617,0.01904411184368655,0.6944541516279181,0.6666666666666666,,,,416.67249097675085,600
visuotactile_persistence,test_geometry_ood,0,20351010,geometry_ood_010,30,0.06815727967354987,0.020987548575633102,0.07306544697946972,0.07758057897703516,0.08000869886535737,0.08914412497025397,0.28937259594599407,0.16468672355016073,0.29815181096394855,0.30608125527699787,0.31162532965342205,0.36631786028544105,0.006671574774663895,0.00416768341868495,0.005145708677203705,0.006594972025292615,0.008013818618686249,0.009435691133451959,0.10649574948992166,0.64,,,,61.34155170619488,576
visuotactile_persistence,test_geometry_ood,0,20351011,geometry_ood_011,30,0.8210156586600674,0.6028519485973649,0.7114578663888905,0.9793719499061505,0.6880928368618091,1.1233036915461223,4.026987153689067,3.837208946545919,3.9171139160792032,4.010425289471944,4.071489262580871,4.298698353767395,0.009964627294490734,0.006844111229293048,0.00831374420085922,0.009896095069901396,0.011547531412603954,0.013221654559796054,1.219330186128813,0.6733333333333333,,,,738.9140927940607,606
visuotactile_persistence,test_geometry_ood,0,20351012,geometry_ood_012,30,0.2916209636173315,0.23246064046397805,0.22239212361681793,0.2763277223644157,0.36354448957782654,0.363379842063619,0.6520558166503906,0.5159196615219116,0.5579094648361206,0.6368889172871908,0.7386975288391113,0.8108635107676189,0.007063822113753607,0.004246493343574306,0.005696765248042842,0.007081117838000258,0.008379708017067363,0.009915026122083266,0.46045415307999704,0.6333333333333333,,,,262.4588672555983,570
visuotactile_persistence,test_geometry_ood,0,20351013,geometry_ood_013,30,0.9268637577951369,0.844607890330048,0.9444284186853716,0.7001976701948378,0.8685072235426762,1.2765775862227504,2.1949670060475666,2.01992982228597,2.2363502979278564,2.2425139904022218,2.2385528564453123,2.237488063176473,0.015491850542215009,0.012587080469044547,0.014082219176149617,0.015493335539940745,0.016923947849621375,0.018372669676318766,1.3902956366927053,0.6666666666666666,,,,834.1773820156232,600
visuotactile_persistence,test_geometry_ood,0,20351014,geometry_ood_014,30,0.14566824798782665,0.019271649647918013,0.09148553653309742,0.19052100779695644,0.21217893088857334,0.21488411507258812,0.4709723361333211,0.25936630566914876,0.34069474538167316,0.5890528281529744,0.5877506494522095,0.5779971520105998,0.00558424316967527,0.004002863494679332,0.004291504811650763,0.005403648988188555,0.0065098580981915195,0.007713340455666184,0.22070946664822222,0.66,,,,131.101423189044,594
visuotactile_persistence,test_geometry_ood,0,20351015,geometry_ood_015,30,0.5212672125454992,0.49886439027937335,0.38335633378527645,0.544763178906093,0.6333919253821174,0.5459602343746357,0.7998793403307597,0.7097281575202942,0.7068073232968648,0.7878964066505432,0.8955801208813985,0.8993846933046977,0.012524668340726445,0.010204010743958254,0.011347743624355644,0.01251980970846489,0.013692926669803759,0.014858850957049677,0.7978579783859682,0.6533333333333333,,,,469.1404912909493,588
visuotactile_persistence,test_geometry_ood,0,20351016,geometry_ood_016,30,0.0,0.0,0.0,0.0,0.0,0.0,0.11416672865549723,0.11416672865549723,0.11416672865549723,0.11416672865549723,0.11416672865549723,0.11416672865549723,0.0005705963168293238,0.0005853506658847134,0.0005735794858386119,0.0005672316222141186,0.0005641637990872066,0.0005626560111219684,,0.0,,,,0.0,0
visuotactile_persistence,test_geometry_ood,0,20351017,geometry_ood_017,30,0.50319330718627,0.3561992766128646,0.4704313173890114,0.45585732029155934,0.651245972887975,0.5822326487499393,2.333259038925171,2.181745672225952,2.1942177136739094,2.3587984720865887,2.3729204018910726,2.5586129347483317,0.008499549923775097,0.005936558304044107,0.007113779064578315,0.008402906412569185,0.009782125525331746,0.011262380312352131,0.770193837530005,0.6533333333333333,,,,452.87397646764293,588
visuotactile_persistence,test_geometry_ood,0,20351018,geometry_ood_018,30,0.19196580494443574,0.13027371405106453,0.17759183533489703,0.18950535819555323,0.2055293659783072,0.2569287511623568,0.5810319685935974,0.4522896925608317,0.51813911596934,0.5985754887262981,0.6359150568644206,0.7002404888470968,0.005283229989581742,0.0041458378817575674,0.0039828455347257355,0.004938252549618482,0.006067508865574685,0.007281705116232236,0.2999465702256809,0.64,,,,172.76922444999218,576
visuotactile_persistence,test_geometry_ood,0,20351019,geometry_ood_019,30,0.0,0.0,0.0,0.0,0.0,0.0,0.11509542465209961,0.11509542465209961,0.11509542465209961,0.11509542465209961,0.11509542465209961,0.11509542465209961,0.0009811033261939884,0.0009657140045116346,0.0009867531907123825,0.0009936242713592947,0.0009653353791994353,0.0009940897851871946,,0.0,,,,0.0,0
visuotactile_persistence,test_geometry_ood,0,20351020,geometry_ood_020,30,0.0,0.0,0.0,0.0,0.0,0.0,0.10957504113515218,0.10957504113515218,0.10957504113515218,0.10957504113515218,0.10957504113515218,0.10957504113515218,0.0004938183321307102,0.0005085726811860998,0.0004968015011399985,0.0004904536375155052,0.00048738581438859303,0.00048587802642335496,,0.0,,,,0.0,0
visuotactile_persistence,test_geometry_ood,0,20351021,geometry_ood_021,30,0.5613171217756139,0.48421335947803323,0.612329479229326,0.5798465239504973,0.5107197371208005,0.6194765090994123,2.467821768124898,2.2111621141433715,2.298843598365784,2.4843851645787556,2.5888484795888265,2.755869483947754,0.00708675153243045,0.0055766816289785,0.005780896358191967,0.006818279111757875,0.008017745420026283,0.009240155143197626,0.8591588598606336,0.6533333333333333,,,,505.1854095980525,588
visuotactile_persistence,test_geometry_ood,0,20351022,geometry_ood_022,30,0.040900592548358775,0.011443186913513474,0.021618806555246315,0.025895965782304606,0.029567570622182553,0.1159774328685469,0.3526183811823527,0.28597984711329144,0.3012111862500509,0.31332677602767944,0.3195877114931742,0.5429863850275676,0.006563462165649981,0.004945591266732663,0.005211171876483908,0.006302734340230624,0.007549663718479375,0.008808149626323333,0.06390717585681058,0.64,,,,36.810533293522894,576
visuotactile_persistence,test_geometry_ood,0,20351023,geometry_ood_023,30,0.8472291848560174,0.8817333651085695,0.731478268156449,0.8138680191503631,0.8014639447132746,1.007602327151431,1.94743665377299,1.9332053025563558,1.9724708080291748,1.9595986684163411,1.9433062235514322,1.9286022663116456,0.008628533717710525,0.006454728415701538,0.007478632568381727,0.0085710121706749,0.00968599416858827,0.010952301265206188,1.2708437772840262,0.6666666666666666,,,,762.5062663704157,600
visuotactile_persistence,test_geometry_ood,0,20351024,geometry_ood_024,30,0.29715478337887263,0.14075278838475544,0.2431353613630765,0.31709859694043796,0.3801506541358928,0.40463651607020035,0.7790342410405476,0.47660245895385744,0.6929758071899415,0.825595498085022,0.9348700761795044,0.9651273647944133,0.005712024438350151,0.0038297520639995735,0.004538903990760445,0.005504357694492986,0.006727613260348638,0.007959495182149112,0.4502345202710191,0.66,,,,267.43930504098535,594
visuotactile_persistence,test_geometry_ood,0,20351025,geometry_ood_025,30,0.30039889169054934,0.284289030424164,0.2961209424215162,0.3003886573430565,0.27094250492777466,0.3502533233362354,0.7332428435484568,0.6924758950869242,0.7212096412976583,0.7282030940055847,0.7355577905972799,0.788767796754837,0.014604719271495318,0.011835951777175068,0.013157223362941294,0.014545326311296474,0.015992084898365042,0.01749301000769871,0.4951630082811253,0.6066666666666667,,,,270.3590025214944,546
visuotactile_persistence,test_geometry_ood,0,20351026,geometry_ood_026,30,0.22098718380762472,0.1490021790895197,0.1774833923826615,0.2124366317772203,0.2536541621718142,0.31235955361690787,0.5716821002960205,0.3988454818725586,0.4948063055674235,0.562166674931844,0.637993319829305,0.7645987192789714,0.008277249516298374,0.0058934526789623,0.006601102002120266,0.008130725283020486,0.009651468542870134,0.011109499074518681,0.3452924746994136,0.64,,,,198.88846542686224,576
visuotactile_persistence,test_geometry_ood,0,20351027,geometry_ood_027,30,0.37013588328328395,0.36677628062251544,0.33105619469036657,0.2702622047522002,0.3969446044829157,0.48564013186842203,0.6827178398768107,0.5935770193735759,0.6045730113983154,0.6123789389928181,0.7974984486897786,0.8055617809295654,0.013308193113965293,0.010652652926122148,0.011935862394360204,0.013260511925909668,0.014624526941527922,0.01606741138190652,0.5723750772421917,0.6466666666666666,,,,333.1222949549556,582
visuotactile_persistence,test_geometry_ood,0,20351028,geometry_ood_028,30,0.18965595461014245,0.08786855420718591,0.09261932323376337,0.21534846207747857,0.2739618021166987,0.2784816314155857,0.5705929025014241,0.35781967639923096,0.4014909346898397,0.6606963157653809,0.7170136928558349,0.7159438927968343,0.006449501705355942,0.004763769606749217,0.005175368173513562,0.006263701831145833,0.007402585272211581,0.008642083643159519,0.28448393191521365,0.6666666666666666,,,,170.6903591491282,600
visuotactile_persistence,test_geometry_ood,0,20351029,geometry_ood_029,30,0.5062084457940526,0.3068185016512871,0.4816531567937798,0.5260695904079411,0.6398107093655401,0.5766902707517148,1.5466756558418273,1.449644156297048,1.4959354003270466,1.5158929586410523,1.5928990364074707,1.6790067275365195,0.007673876368595908,0.0053494104882702235,0.006431353627704084,0.007606502443862458,0.008849787320165585,0.010132327962977191,0.8253398572729118,0.6133333333333333,,,,455.5876012146473,552
visuotactile_shuffled_touch,test_geometry_ood,0,20351000,geometry_ood_000,30,1.7639431868315054,1.7239063099440601,1.751976835500035,1.7550011145313167,1.7776669995134904,1.8111646746686245,4.65823124408722,4.513918224970499,4.599015951156616,4.629256749153138,4.718878070513408,4.830087224642436,0.049075698947999624,0.04768075306977456,0.04836769769511496,0.049144555899935466,0.049880007060710344,0.05030548101446281,2.9252333994297786,0.5866666666666667,,,,1544.523234898923,528
visuotactile_shuffled_touch,test_geometry_ood,0,20351001,geometry_ood_001,30,0.02467909555261334,0.03553016350294153,0.02449930135367645,0.022649575345632104,0.02081249691545963,0.019903940645356975,0.07579926649729411,0.10735686620076497,0.07888430754343669,0.0704724391301473,0.06313835779825847,0.059144361813863115,0.0004904102227495362,0.0004393324275345852,0.0005084212791795532,0.0004984545424425354,0.0005173284143287067,0.0004885144502623006,,0.0,,,,0.0,0
visuotactile_shuffled_touch,test_geometry_ood,0,20351002,geometry_ood_002,30,3.556062225833949,3.185859375115898,3.4232236886603964,3.6190486477377513,3.739076063564668,3.8131033540910315,9.64324984629949,8.549509040514629,9.248762158552806,9.806230946381886,10.178007745742798,10.433739340305328,0.04808572948832686,0.04138330457499251,0.04617192747537047,0.049096624048737186,0.05122015020654847,0.052556641135985654,,0.0,,,,0.0,0
visuotactile_shuffled_touch,test_geometry_ood,0,20351003,geometry_ood_003,30,3.054145024166339,3.065481558876733,3.022667740078436,3.031539371733864,3.0152732819525734,3.1357631681900884,5.5856005915006,5.5915668646494545,5.5031448125839235,5.59942528406779,5.583053187529246,5.650812808672587,0.006476204730570316,0.007111312580915788,0.006762528058607132,0.006451034425602605,0.006145328927474717,0.005910819660251339,4.66345848248904,0.6533333333333333,,,,2742.113587703556,588
visuotactile_shuffled_touch,test_geometry_ood,0,20351004,geometry_ood_004,30,2.2451098532700495,2.204490738455206,2.2287357955757114,2.238615096443229,2.2485983069546314,2.3051093289214704,6.158518579800924,6.000317478179932,6.095366422335307,6.151853577295939,6.2276566823323565,6.317398738861084,0.04627937385890012,0.045494390632181116,0.04579166205367073,0.04622168525820598,0.04676178132649511,0.047127350023947655,3.7907175689334656,0.5733333333333334,,,,1956.0102655696683,516
visuotactile_shuffled_touch,test_geometry_ood,0,20351005,geometry_ood_005,30,1.0273190740475224,1.0605965310397247,1.03241964240248,1.0181912424249782,1.0129840092630022,1.012403945107427,2.9760667443275453,3.050689188639323,2.9896880706151325,2.9577842672665913,2.9425870895385744,2.9395851055781046,0.04492690742171059,0.04382647646513457,0.044396314735058694,0.0449968307162635,0.0455004992429167,0.04591441594917948,,0.0,,,,0.0,0
visuotactile_shuffled_touch,test_geometry_ood,0,20351006,geometry_ood_006,30,1.0677171840456625,1.0806330732380351,1.0469325360014208,1.0625525153966413,1.0904023478635483,1.058065447728667,2.832975817521413,2.8197180151939394,2.745949069658915,2.8584837158521017,2.9043345928192137,2.8363936940828958,0.04241496056395893,0.04139877114600191,0.042024023528210816,0.042595201591029766,0.04301628622924909,0.043040520325303075,1.5865095335337305,0.6466666666666666,,,,923.3485485166311,582
visuotactile_shuffled_touch,test_geometry_ood,0,20351007,geometry_ood_007,30,1.0591870013583038,1.0908586705310477,1.0643015681455532,1.052989915634195,1.0462045728125506,1.0415802796681721,2.8365390133857726,2.859977626800537,2.8362609267234804,2.8299154957135517,2.8276985049247743,2.82884251276652,0.05706667494727299,0.05669206033150355,0.056641130599503715,0.05700314621984338,0.05734291648259386,0.057654121102920425,,0.0,,,,0.0,0
visuotactile_shuffled_touch,test_geometry_ood,0,20351008,geometry_ood_008,30,1.456816860542943,1.3423796879541543,1.4402437132162353,1.5018116105968753,1.506614963979357,1.4930343269680937,3.5313706016540527,3.097493835290273,3.428829006354014,3.6931710720062254,3.708414355913798,3.728944738705953,0.008076144860048469,0.009353727983155598,0.00817963140628611,0.007582464426135024,0.0075530928268563,0.007711807657809307,2.19878849380448,0.6466666666666666,,,,1279.6949033942074,582
visuotactile_shuffled_touch,test_geometry_ood,0,20351009,geometry_ood_009,30,2.071216857445737,2.177888618244065,2.1303589806995458,2.0435877091354793,2.023843350282146,1.9804056288674474,3.940728942553202,4.27126780351003,4.134686835606893,3.8706625938415526,3.740918787320455,3.686108692487081,0.0063608050610249245,0.005825877569926282,0.00619507246495535,0.0063294272559384504,0.0065667603358936805,0.006886887678410858,3.0938322281837465,0.6666666666666666,,,,1856.2993369102478,600
visuotactile_shuffled_touch,test_geometry_ood,0,20351010,geometry_ood_010,30,2.4126936025503607,2.3336760480060343,2.356296402640227,2.4133808141574264,2.4636604074595705,2.4964543404885466,6.315041937033335,5.996053520838419,6.098897763093313,6.3365743398666385,6.523955678939819,6.619728382428487,0.009305790107076366,0.00881837944034487,0.009130405576433987,0.009187989522858212,0.009459429614556333,0.009932746381188432,3.65513741519923,0.64,,,,2105.3591511547565,576
visuotactile_shuffled_touch,test_geometry_ood,0,20351011,geometry_ood_011,30,2.1403252045230734,2.1368260212035644,2.116630890758501,2.240831441597806,2.072260179888043,2.1350774891674518,3.065756088892619,3.1554625988006593,3.214137307802836,3.0492485761642456,2.895283023516337,3.014648938179016,0.007219653463301559,0.00822126439306885,0.0074470523240355154,0.007052989129442721,0.00663001643648992,0.006746945033470789,3.1636217777792477,0.6733333333333333,,,,1917.154797334224,606
visuotactile_shuffled_touch,test_geometry_ood,0,20351012,geometry_ood_012,30,1.203970600263112,1.1549957546612455,1.1314061182240644,1.1711855263656212,1.2376786858878202,1.3245869161768091,2.2936646111806236,2.117706370353699,2.1141005476315815,2.2307743271191915,2.3974451780319215,2.6082966327667236,0.006628973791375756,0.008403160846016059,0.0068147914251312615,0.00607849641625459,0.005887068579128633,0.005961351690348238,1.8363328373288377,0.6333333333333333,,,,1046.7097172774374,570
visuotactile_shuffled_touch,test_geometry_ood,0,20351013,geometry_ood_013,30,0.9305084226311495,0.8612514556385577,0.9845546290537135,0.9220603458169434,0.9408442943563892,0.9438313882901437,0.6405558029810587,0.46348199049631755,0.6559627771377563,0.6404619455337525,0.6832065264383952,0.7596657752990723,0.004949556634140512,0.00547202251230677,0.005083532313195368,0.004738576652016491,0.004614079642730455,0.004839572050453474,1.3831649240525439,0.6666666666666666,,,,829.8989544315264,600
visuotactile_shuffled_touch,test_geometry_ood,0,20351014,geometry_ood_014,30,1.428655637651682,1.4926312191515334,1.4373903431308765,1.3855464389754666,1.396145872378515,1.431564314622018,3.2674155163764955,3.4216585318247477,3.285870663324992,3.158975036938985,3.175842610994975,3.294730738798777,0.0063577610696665945,0.008238145580980927,0.006939387697881708,0.006047821956841896,0.005468879333542039,0.005094570779086401,2.1282725628427785,0.66,,,,1264.1939023286104,594
visuotactile_shuffled_touch,test_geometry_ood,0,20351015,geometry_ood_015,30,1.6718572764249338,1.7058050556729236,1.6825911053262341,1.6654702414991334,1.6582882167503057,1.6471317628760718,3.5127468593915303,3.61513245900472,3.511036471525828,3.506160012880961,3.45940523147583,3.4720001220703125,0.04019930214989775,0.03948287052335218,0.039958362805191425,0.04023105115241681,0.04058521235613929,0.04073901391238906,2.5380921171366144,0.6533333333333333,,,,1492.3981648763292,588
visuotactile_shuffled_touch,test_geometry_ood,0,20351016,geometry_ood_016,30,2.2917481242120266,2.3464058610093264,2.318489304298742,2.2932861197429397,2.2625235384951035,2.2380357975140215,5.876538966496786,5.840042575200399,5.932705469926199,5.9271523038546245,5.867864950497945,5.814929533004761,0.047830316193091374,0.04427002865898733,0.047532434156164524,0.04865695061938216,0.04918075411890944,0.0495114134120134,,0.0,,,,0.0,0
visuotactile_shuffled_touch,test_geometry_ood,0,20351017,geometry_ood_017,30,1.155731310229231,1.0610971436111463,1.1095635017276637,1.1967728124802104,1.193461353590505,1.2177617397366298,0.814741268157959,0.542629329363505,0.6113089879353841,0.8459931453069051,0.9224661191304525,1.1513087590535482,0.007587955177295953,0.007991808167813967,0.007527882019833972,0.007424258832664539,0.007436495701161523,0.007559331165005763,1.7503239522160658,0.6533333333333333,,,,1029.1904839030467,588
visuotactile_shuffled_touch,test_geometry_ood,0,20351018,geometry_ood_018,30,2.2699023407242365,2.411680697680761,2.256395284603867,2.243872281319151,2.2296370080982646,2.207926431919138,6.1835863010088605,6.517663669586182,6.112108266353607,6.095965890089671,6.120866028467814,6.071327650547028,0.04857855833135545,0.04756272286176681,0.04816848409827799,0.048754615208599715,0.04915965159889311,0.04924731788923964,3.506205008028903,0.64,,,,2019.574084624648,576
visuotactile_shuffled_touch,test_geometry_ood,0,20351019,geometry_ood_019,30,0.02312086201376385,0.023363680268327396,0.022779180833862888,0.02304554662356774,0.02308136471029785,0.023334537632763386,0.04988424142201742,0.06032619476318359,0.052268664042154946,0.04808339277903239,0.04468429088592529,0.04405866463979085,0.0003696153437097867,0.00041397011373192074,0.00036247683068116505,0.00036430321633815763,0.0003371586363452176,0.0003701679214524726,,0.0,,,,0.0,0
visuotactile_shuffled_touch,test_geometry_ood,0,20351020,geometry_ood_020,30,3.8233097675898007,3.776546078806536,3.805193146990819,3.824912850993375,3.8456192197278143,3.86427754143046,10.54941306591034,10.311239775021871,10.477394429842631,10.58006148338318,10.656085419654847,10.72228422164917,0.04156971550158536,0.04229667791708683,0.04210755288756142,0.04143603172463675,0.04111099306804438,0.04089732191059738,,0.0,,,,0.0,0
visuotactile_shuffled_touch,test_geometry_ood,0,20351021,geometry_ood_021,30,3.241921511143446,3.137632457529091,3.1730611104828617,3.234799511823803,3.286897732048399,3.377216743833075,8.063526205221812,7.8037503639856975,7.857910323143005,8.08013645807902,8.212603724002838,8.3632301568985,0.009406763215083628,0.009385790089921405,0.009360749980745216,0.009346689520558964,0.009380959595243136,0.009559626888949424,4.942867902943826,0.6533333333333333,,,,2906.40632693097,588
visuotactile_shuffled_touch,test_geometry_ood,0,20351022,geometry_ood_022,30,1.560985507350415,1.3943643854103154,1.5489027324236102,1.6211467993342215,1.651620687906527,1.588892931677401,3.8545900774002075,3.3581931789716086,3.7582045555114747,4.0229469537734985,4.14714644352595,3.986459255218506,0.006977907659796377,0.008430295068925868,0.007546602697887769,0.006563133587284635,0.006109092861879617,0.0062404140830039975,2.3183429317561806,0.64,,,,1335.36552869156,576
visuotactile_shuffled_touch,test_geometry_ood,0,20351023,geometry_ood_023,30,1.5927927544340492,1.5953842614466944,1.613598086622854,1.619338896063467,1.5644968615430925,1.5711456664941377,2.2077719672520955,2.1654147863388062,2.2390879154205323,2.1805648962656656,2.1882163286209106,2.265575909614563,0.008189154857924829,0.008481192755668113,0.008133540682805081,0.00808340796114256,0.008063110577253004,0.008184522312755385,2.3771666623900334,0.6666666666666666,,,,1426.29999743402,600
visuotactile_shuffled_touch,test_geometry_ood,0,20351024,geometry_ood_024,30,2.1480808336018686,2.2480358471680018,2.143241072508196,2.096046206324051,2.1154847755200334,2.137596266489062,5.419818360010783,5.646041345596314,5.345816230773925,5.287783861160278,5.398947556813558,5.420502805709839,0.00546450729908732,0.00552086351866213,0.005589546061431369,0.005391988092257331,0.005385091613667707,0.005435047209418068,3.2288801506262033,0.66,,,,1917.9548094719648,594
visuotactile_shuffled_touch,test_geometry_ood,0,20351025,geometry_ood_025,30,1.905771763327842,1.9326785009561314,1.9198711542516118,1.942769892896629,1.8478587021275112,1.8856805664073262,5.046892118851344,5.071374980608622,5.039438358942667,5.038011725743612,5.038375186920166,5.0472603420416515,0.005915051148428272,0.007420216271808991,0.006407915645589431,0.005720521327263365,0.005185144871938973,0.0048414576255405945,3.123095423107687,0.6066666666666667,,,,1705.2101010167971,546
visuotactile_shuffled_touch,test_geometry_ood,0,20351026,geometry_ood_026,30,2.095954863625682,2.1289564226340087,2.0567152546615235,2.0720661022079487,2.105604394090672,2.1164321445342567,5.263235724767049,5.293103285630544,5.174815281232198,5.205570105711619,5.330479407310486,5.312210543950399,0.005580756232957356,0.006862127676140517,0.006122511435144891,0.005307505706635614,0.0049218540729877224,0.004689782273878033,3.218889722458294,0.64,,,,1854.0804801359773,576
visuotactile_shuffled_touch,test_geometry_ood,0,20351027,geometry_ood_027,30,2.159765756945643,2.1036912665805882,2.103891650359664,2.1476458044515714,2.220185797268318,2.2234142660680742,5.469115379651387,5.367864966392517,5.383718601862589,5.408037288983663,5.585050503412883,5.600905537605286,0.005445301639847458,0.006742088162961106,0.005995621768912922,0.005352356207246582,0.004797725616178165,0.004338716443938514,3.327177962390674,0.6466666666666666,,,,1936.4175741113722,582
visuotactile_shuffled_touch,test_geometry_ood,0,20351028,geometry_ood_028,30,1.2905248836241663,1.4312005141439537,1.319291847664863,1.2309324622154236,1.2444470830882588,1.2267525110083322,2.8183306566874187,3.1894559144973753,2.8428146044413247,2.680024846394857,2.685341397921244,2.694016520182292,0.005198745878878981,0.005979105349009236,0.005717836681287736,0.005013207528584947,0.004703914230534186,0.0045796656049788,1.9209975247457622,0.6666666666666666,,,,1152.5985148474574,600
visuotactile_shuffled_touch,test_geometry_ood,0,20351029,geometry_ood_029,30,1.461564142352177,1.38920618744774,1.4608144581317901,1.4557849949743185,1.5084571386066576,1.493557932600379,1.900473550160726,1.7950830221176148,1.8890413403511048,1.8850525140762329,1.9330326954523722,2.0001581788063048,0.010050846427523841,0.009360427056284001,0.009778716512179623,0.010087097478875269,0.010364329011645168,0.010663662078635146,2.3667104122924036,0.6133333333333333,,,,1306.424147585407,552
visuotactile_world_model,test_physics_ood,0,20352000,physics_ood_000,30,0.5215051523740921,0.38517180868527956,0.4479840647532708,0.5692857939232555,0.5872956787339515,0.617788415774703,0.96983784755071,0.6697838068008423,0.784261413415273,1.0602210442225137,1.1401700735092164,1.1947528998057046,0.0012762618654718002,0.001179519051220268,0.0012015516054816543,0.0012505969498306513,0.0012984240815664331,0.001451217639259994,0.7777268615405576,0.6533333333333333,1.0,1.0,1.0,457.30339458584785,588
visuotactile_world_model,test_physics_ood,0,20352001,physics_ood_001,30,0.03913889641977019,0.04307104513670008,0.039507750111321606,0.038490589366604884,0.037923860943151845,0.036701236541072525,0.07901723543802897,0.08284861246744792,0.08318773110707602,0.0790104866027832,0.07575120131174723,0.07428814570109049,0.0005284062128824492,0.0005543354471834997,0.0005355475354008376,0.0005141254786091546,0.0005206496881631513,0.0005173729150556028,,0.0,1.0,1.0,1.0,0.0,0
visuotactile_world_model,test_physics_ood,0,20352002,physics_ood_002,30,0.029025486287557415,0.029262035660859612,0.028694279284940824,0.028927479529132445,0.02933064562578996,0.02891299133706424,0.05127083460489909,0.0486870288848877,0.0477290153503418,0.052298577626546223,0.05303645928700765,0.05460309187571208,0.00039613083160171904,0.0003789779846556485,0.00044348316732794045,0.000390760557881246,0.00038334522784377135,0.000384087220299989,,0.0,1.0,1.0,1.0,0.0,0
visuotactile_world_model,test_physics_ood,0,20352003,physics_ood_003,30,0.8753829842122892,0.8236493913560278,0.8185702156275511,0.9362854291788406,0.9086945278363096,0.8897153570627173,1.66537797609965,1.6423321167627971,1.5949926137924195,1.7375047524770102,1.7221291144688924,1.6299312829971313,0.002184876105748117,0.002346174205498149,0.0021157578138324123,0.0020122999208979308,0.002092574315611273,0.00235757427290082,1.323705654844743,0.6533333333333333,1.0,1.0,1.0,778.3389250487089,588
visuotactile_world_model,test_physics_ood,0,20352004,physics_ood_004,30,0.30804654044616553,0.2379482723151644,0.31150492790879475,0.28972902129300765,0.32790002319961786,0.373150457514243,0.5082858387629191,0.40153189102808634,0.556623117129008,0.41570860544840493,0.5264840046564738,0.6410815755526225,0.0024194321090665956,0.0021748768903004628,0.0020164663825804987,0.00233060596898819,0.0026703450984011095,0.002904866205062717,0.42362447632920175,0.6533333333333333,1.0,1.0,1.0,249.09119208157063,588
visuotactile_world_model,test_physics_ood,0,20352005,physics_ood_005,30,0.5303847763325191,0.4523235766682774,0.5270988402267297,0.5355262210385667,0.5672220459000932,0.5697531978289286,1.0079412746429444,0.8427287975947062,1.0420663038889566,0.9983180443445842,1.071305767695109,1.0852874596913655,0.0019591480144299568,0.001341334303530554,0.0015894920526382825,0.001903799013234675,0.0022849791178790233,0.002676135584867249,0.7843735842018699,0.6666666666666666,0.0,1.0,0.0,470.6241505211219,600
visuotactile_world_model,test_physics_ood,0,20352006,physics_ood_006,30,0.3250076791561312,0.20405992067729434,0.30435335034918454,0.3249360417533252,0.40103007588121625,0.39065900711963575,0.4764753659566244,0.2188112735748291,0.46095534960428874,0.4889926751454671,0.6294948577880859,0.5841226736704509,0.0014334730454720556,0.001489567116368562,0.001494174109150966,0.0014444625334969412,0.0013881805178243666,0.0013509809505194426,0.4810413739233206,0.66,0.0,1.0,0.0,285.7385761104524,594
visuotactile_world_model,test_physics_ood,0,20352007,physics_ood_007,30,0.22010371214813657,0.13663285941713385,0.20747158174506491,0.21279085908705989,0.25347213115957046,0.29015112933185366,0.36284002780914304,0.20669488112131754,0.3780033191045125,0.323986021677653,0.40571991602579754,0.49979600111643474,0.0020519035530742256,0.0015072986619391788,0.0018423601674536865,0.0020622879654789966,0.0023224410930803665,0.0025251298774189006,0.30413164530380243,0.6533333333333333,1.0,1.0,1.0,178.82940743863583,588
visuotactile_world_model,test_physics_ood,0,20352008,physics_ood_008,30,0.5618337548772494,0.47262475655103725,0.5279270233689911,0.5595497993959321,0.6028850572597649,0.6461821378105217,1.150042746067047,0.9731587886810302,1.0836558938026428,1.1314308563868205,1.215972646077474,1.345995545387268,0.0021620393179667494,0.002228484919760376,0.00204296443456163,0.0019863341973784068,0.0021802829306883115,0.0023721301074450213,0.9228795317005128,0.5933333333333334,1.0,1.0,1.0,492.8176699280739,534
visuotactile_world_model,test_physics_ood,0,20352009,physics_ood_009,30,0.2655142418667674,0.1671981019174887,0.2438192673234476,0.27104594180774355,0.33016824502911835,0.3153396532560388,0.5126083842913309,0.29063446521759034,0.5084181904792786,0.5461715300877888,0.5949358781178792,0.6228818575541178,0.002373203361639753,0.0026181278750300407,0.0024356240949903927,0.002263808979963263,0.0022251603892073034,0.0023232954690077653,0.3887087770703214,0.66,1.0,1.0,1.0,230.89301357977092,594
visuotactile_world_model,test_physics_ood,0,20352010,physics_ood_010,30,0.4687146895358132,0.487654677985443,0.46088342987414865,0.4555540810546113,0.47560585480597284,0.46387540395889015,0.9017051569620769,1.041376256942749,0.8812702020009359,0.8331599950790405,0.8907105048497518,0.862008825937907,0.002522220596826325,0.0017308778983230392,0.002106718928553164,0.0024437749098675946,0.002914371593700101,0.0034153596536877257,0.6903579767048359,0.6666666666666666,0.0,1.0,0.0,414.21478602290154,600
visuotactile_world_model,test_physics_ood,0,20352011,physics_ood_011,30,0.17391676725405786,0.14402307790393631,0.15909877669894032,0.1794455303189655,0.18248084723535513,0.20453560411309202,0.3035847290356954,0.2962369918823242,0.2997435768445333,0.3104546626408895,0.27015525499979653,0.34133315881093346,0.0015938870985216151,0.0014702970394864679,0.0015679498901590705,0.0015945556379544238,0.0016235346032772214,0.0017130983217308918,0.24018983062052604,0.6533333333333333,1.0,1.0,1.0,141.23162040486932,588
visuotactile_world_model,test_physics_ood,0,20352012,physics_ood_012,30,0.7803223677165806,0.6022347546389534,0.6767269510775804,0.776964430945615,0.8644798937978015,0.9812058081229528,1.5386434268951417,1.164740006128947,1.3148143529891967,1.4952289819717408,1.6953176657358806,2.023116127649943,0.0028055829795387882,0.0026783734171961743,0.0025417490823504826,0.0027817302267067134,0.002946727761688332,0.00307933440975224,1.1482017250368894,0.6733333333333333,0.0,1.0,0.0,695.810245372355,606
visuotactile_world_model,test_physics_ood,0,20352013,physics_ood_013,30,0.2841186944804051,0.23456182466405961,0.25193763558442395,0.2773038557782355,0.30871603802467384,0.3480741183506325,0.5544898382822673,0.40025854110717773,0.40032714207967124,0.4953156550725301,0.6480836550394694,0.8284641981124878,0.0010906476942667118,0.0010169681316862503,0.0010516468163890144,0.0010208845254965127,0.0011310600132370988,0.0012326789845246821,0.4193311645123349,0.6,1.0,1.0,1.0,226.43882883666083,540
visuotactile_world_model,test_physics_ood,0,20352014,physics_ood_014,30,0.9390715918876231,0.8933675350931783,0.9006709919414586,0.9158573679419028,0.9787869185830156,1.00667514587856,1.9083628781636557,1.8883082866668701,1.853133757909139,1.832557193438212,1.9324492454528808,2.035365907351176,0.002756177707342431,0.0030958113551605494,0.002785363350994885,0.002654488485616942,0.0026109475875273347,0.0026342777574124435,1.4358547451774688,0.6466666666666666,1.0,1.0,1.0,835.6674616932869,582
visuotactile_world_model,test_physics_ood,0,20352015,physics_ood_015,30,0.5732655994449225,0.4522154662447671,0.5065100104134116,0.5724907622569138,0.6336196964606643,0.7014920618488557,1.141292215983073,0.8623466889063517,0.9810412486394247,1.1529760797818502,1.2860423803329468,1.4240546822547913,0.003018102740170434,0.0027339947894991687,0.002719375202044224,0.002907450111039604,0.003213461187745755,0.0035162324105234197,0.9045993182073785,0.62,1.0,1.0,1.0,504.7664195597172,558
visuotactile_world_model,test_physics_ood,0,20352016,physics_ood_016,30,0.38696854089283284,0.40434761667210195,0.3840501351695922,0.36042460303546653,0.3694640398853355,0.4165563097016679,0.5982690254847208,0.7392853736877442,0.6051382541656494,0.47956477801005043,0.5113335688908894,0.6560231526692708,0.0026917771541047843,0.0022854389545197288,0.0026792660006321966,0.002785993132662649,0.00282813372129264,0.0028800539614167063,0.5548397939652204,0.6666666666666666,0.0,1.0,0.0,332.90387637913227,600
visuotactile_world_model,test_physics_ood,0,20352017,physics_ood_017,30,0.2693661792897102,0.2071284970889489,0.2554995957451562,0.263862905682375,0.2958887719187058,0.32445112601336507,0.497409393787384,0.36077605883280434,0.45877658923467,0.4682189464569092,0.5532702088356019,0.6460051655769348,0.0016370073372187714,0.0014215436880476774,0.0014750918722711503,0.0015597539604641497,0.0017307347268797457,0.001997912438431134,0.43078492900736076,0.6,1.0,1.0,1.0,232.62386166397482,540
visuotactile_world_model,test_physics_ood,0,20352018,physics_ood_018,30,0.5081529760960903,0.38062064952941405,0.44606603766895003,0.51734203942534,0.5624427976500657,0.634293356206682,0.9867484982808431,0.7206775506337484,0.8523990074793498,1.0030194322268169,1.0990955233573914,1.2585509777069093,0.0022364149929489942,0.001991453260416165,0.0020383836313461264,0.002245087529687832,0.002418774634134024,0.0024883759091608227,0.8048751019208449,0.62,1.0,1.0,1.0,449.1203068718314,558
visuotactile_world_model,test_physics_ood,0,20352019,physics_ood_019,30,0.7529773136005841,0.8080033179269068,0.7359766873531044,0.7369201893581905,0.7497614237324645,0.7342249496322539,1.5430682945251464,1.8382999976476033,1.5654022216796875,1.4330461581548055,1.453935154279073,1.424657940864563,0.0013541362271644174,0.001452246296685189,0.0014427616028115154,0.0012677615081580977,0.0012485303993647297,0.0013593813288025557,1.1177929215109907,0.6666666666666666,0.0,1.0,0.0,670.6757529065944,600
visuotactile_world_model,test_physics_ood,0,20352020,physics_ood_020,30,0.7070364536614053,0.5343851240662237,0.6315734634796778,0.7054628040848507,0.7892166243038243,0.8745442523724503,1.2930028827985127,0.9253229856491089,1.118518845240275,1.284137765566508,1.4739953637123109,1.6630394538243611,0.0016630359719662616,0.0022979272180236876,0.001679213682655245,0.0013948064957124491,0.0014147373867065957,0.0015284950767333308,1.078411812199555,0.6466666666666666,1.0,1.0,1.0,627.635674700141,582
visuotactile_world_model,test_physics_ood,0,20352021,physics_ood_021,30,0.7131871482150423,0.5742984277403189,0.6568040491495696,0.7251770704777705,0.7791727698925469,0.8304834238150054,1.2738112465540568,1.0144042174021404,1.1514707843462626,1.2743843833605448,1.4037957469622293,1.5250011006991069,0.0026013674198960266,0.002817320024284224,0.0027459816599730404,0.0026269002022066465,0.0025032716842057806,0.0023133635288104413,1.1251006057974717,0.6266666666666667,1.0,1.0,1.0,634.556741669774,564
visuotactile_world_model,test_physics_ood,0,20352022,physics_ood_022,30,0.21688543907263214,0.16191708366903995,0.20281948008471065,0.2462999993107385,0.22240546757562293,0.2509851647230486,0.4390205462773641,0.34267454544703163,0.4548104047775269,0.5219244559605917,0.40739842255910236,0.46829490264256796,0.00212037021604677,0.002083886282828947,0.0019306615344248713,0.0019983222514080505,0.0021788969441937905,0.002410084067378193,0.30994923420325676,0.66,1.0,1.0,1.0,184.1098451167345,594
visuotactile_world_model,test_physics_ood,0,20352023,physics_ood_023,30,0.5397723796379028,0.46454458558259326,0.49215883489491213,0.5236713611417346,0.5837927216870917,0.6346943948831824,1.0013329402605693,0.8172753890355428,0.8863986253738403,0.9766126712163289,1.11810169617335,1.2082763195037842,0.0013820924532289306,0.0014451809809543192,0.0011333021044265478,0.0011753694018504272,0.001455369898273299,0.0017012398806400598,0.8177752624965141,0.6466666666666666,0.0,1.0,0.0,475.94520277297124,582
visuotactile_world_model,test_physics_ood,0,20352024,physics_ood_024,30,0.37578679491041433,0.23920640716743138,0.31561647264493836,0.4236918172074689,0.4390050735324621,0.461414203999771,0.8012396160761516,0.45270517269770305,0.6665187001228332,0.8983007351557414,0.9651941140492757,1.0234793583552042,0.0012335571747583648,0.0012737913542271901,0.0011040094832424074,0.0010630080359987915,0.0012678867322392761,0.0014590902680841585,0.5517136647752454,0.6533333333333333,1.0,1.0,1.0,324.4076348878443,588
visuotactile_world_model,test_physics_ood,0,20352025,physics_ood_025,30,0.31201782837096187,0.2690063439206117,0.2916702799912956,0.31709102008284795,0.34081626896642975,0.3415052288936244,0.4542594647407532,0.44870587984720867,0.47360662221908567,0.5025343656539917,0.4549676974614461,0.3914827585220337,0.0023783133283723145,0.0020594413004194696,0.0016214330525447926,0.0023228519634964566,0.0027984922227915375,0.0030893481026093165,0.4586511111254392,0.6533333333333333,1.0,1.0,1.0,269.68685334175825,588
visuotactile_world_model,test_physics_ood,0,20352026,physics_ood_026,30,0.03409791136160493,0.03391617911143435,0.03264490032775535,0.03403359713653723,0.034958952375584176,0.03493592785671353,0.057639387448628746,0.06640660762786865,0.052808133761088054,0.05596477190653483,0.05574467976888021,0.05727274417877197,0.0005673216717938583,0.0006503348976063232,0.0006550972000695765,0.0005585966010888417,0.0004989885841496289,0.00047359107605492076,,0.0,1.0,1.0,1.0,0.0,0
visuotactile_world_model,test_physics_ood,0,20352027,physics_ood_027,30,0.35484663439125547,0.2250809173229047,0.2950271839114268,0.35589965600520374,0.40532072013657955,0.49290469458016256,0.7691885765393575,0.4410449902216593,0.5714519341786702,0.7539453109105428,0.9198946317036947,1.1596060156822205,0.0019051954553773005,0.0026301169806780913,0.002030845219269395,0.0017081970659395059,0.0015792285596641401,0.0015775894513353705,0.5133360690218642,0.6733333333333333,1.0,1.0,1.0,311.0816578272497,606
visuotactile_world_model,test_physics_ood,0,20352028,physics_ood_028,30,0.24191339299703637,0.215215346413768,0.22081625517457723,0.24518694589949316,0.25218898598104716,0.27615943151629635,0.32025691827138264,0.27064080635706583,0.23890866041183473,0.3309468825658162,0.35177618662516275,0.40901205539703367,0.0020948048626693587,0.0024323519590931635,0.0020879724877886476,0.0019208908857156833,0.0019672352937050164,0.002065573687044283,0.3659604452550411,0.62,1.0,1.0,1.0,204.20592845231295,558
visuotactile_world_model,test_physics_ood,0,20352029,physics_ood_029,30,0.260251186227219,0.20241150507289501,0.25092382302714716,0.2542664032843378,0.28183259945362804,0.3118216002980868,0.2759444753328959,0.18922549088795979,0.25374557574590045,0.24491980870564778,0.30487914085388185,0.38695236047108966,0.0018110917464946397,0.0011179266187051932,0.0015780552329185107,0.001817381316019843,0.0021148269413970413,0.00242726862343261,0.4061880770306557,0.6066666666666667,1.0,1.0,1.0,221.778690058738,546
visuotactile_persistence,test_physics_ood,0,20352000,physics_ood_000,30,0.10455819712641339,0.022644629867540466,0.03300423328247335,0.1460981836128566,0.1494788671274566,0.1715650717417399,0.8137613995869954,0.6375444014867147,0.6321147362391154,0.8873783906300863,0.942693559328715,0.9690759102503459,0.0065797180309891705,0.0035501027984234193,0.005025808140635491,0.006560102186631412,0.008057092929569383,0.009705484099686145,0.16003805682614294,0.6533333333333333,,,,94.10237741377205,588
visuotactile_persistence,test_physics_ood,0,20352001,physics_ood_001,30,0.0,0.0,0.0,0.0,0.0,0.0,0.09056836764017741,0.09056836764017741,0.09056836764017741,0.09056836764017741,0.09056836764017741,0.09056836764017741,0.00044453497665623826,0.0004592893257116278,0.0004475181456655264,0.0004411702820410331,0.000438102458914121,0.0004365946709488829,,0.0,,,,0.0,0
visuotactile_persistence,test_physics_ood,0,20352002,physics_ood_002,30,0.0,0.0,0.0,0.0,0.0,0.0,0.10781718095143636,0.10781718095143636,0.10781718095143636,0.10781718095143636,0.10781718095143636,0.10781718095143636,0.0007013199524953961,0.0006941057625226676,0.0006964386984085043,0.0007027988438494503,0.0007058728059443335,0.0007073836517520249,,0.0,,,,0.0,0
visuotactile_persistence,test_physics_ood,0,20352003,physics_ood_003,30,0.2061409074233638,0.05551050272252825,0.10196832517782847,0.2763965710997581,0.28492055063446364,0.3119085874822405,2.2733848237991334,1.9548122803370158,2.015108338991801,2.3549724499384563,2.4969728072484334,2.54505824247996,0.006133959479629993,0.0033670192623200517,0.00469471076503396,0.006110041254820923,0.007493872358463704,0.009004153757511327,0.31552179707657724,0.6533333333333333,,,,185.5268166810274,588
visuotactile_persistence,test_physics_ood,0,20352004,physics_ood_004,30,0.08576691262837913,0.014660908633636104,0.032042689766320916,0.13568267987834082,0.1269198919956883,0.11952839286790953,0.38141375382741294,0.2350893537203471,0.24402265946070353,0.49909595648447674,0.4770655711491903,0.45179522832234703,0.006494592272792943,0.004113223877114555,0.00498699573702955,0.006397389189805836,0.007797082490287721,0.009178270069727053,0.1312758866760905,0.6533333333333333,,,,77.19022136554122,588
visuotactile_persistence,test_physics_ood,0,20352005,physics_ood_005,30,0.21495816418176725,0.059235965765805705,0.1957252954857217,0.24026479116744465,0.2846907783713606,0.29487399011850357,1.2229747486114502,0.8771229902903239,1.2371522744496664,1.2672283013661703,1.3599210421244303,1.3734491348266602,0.0053826437370541194,0.002653279147731761,0.003984760547367235,0.005298691646506389,0.006698305256819973,0.00827818208684524,0.32243724627265086,0.6666666666666666,,,,193.46234776359051,600
visuotactile_persistence,test_physics_ood,0,20352006,physics_ood_006,30,0.10278112180013624,0.022423059260472656,0.08581940349605348,0.08342749692706598,0.16587499174185924,0.1563606575752298,0.3448047510782878,0.1880726973215739,0.326492969195048,0.2886276006698608,0.469995371500651,0.45083511670430504,0.005750700940843671,0.0029113303869962694,0.004253716281770418,0.0056125015990498165,0.007179318861259768,0.008796637575142086,0.15572897242444883,0.66,,,,92.50300962012261,594
visuotactile_persistence,test_physics_ood,0,20352007,physics_ood_007,30,0.08099120794071092,0.011647788186868032,0.019057580166392855,0.13415367189380858,0.12210859614941809,0.11798840330706703,0.30069220383962,0.1582106113433838,0.1545705556869507,0.4226926644643148,0.39518445332845054,0.372802734375,0.004644367439905182,0.0019491522340103983,0.003207412986860921,0.004571078061902275,0.006005737117569273,0.007488456799183041,0.12396613460312896,0.6533333333333333,,,,72.89208714663982,588
visuotactile_persistence,test_physics_ood,0,20352008,physics_ood_008,30,0.17400562004910575,0.051415250119235784,0.15399095142881075,0.1880834296345711,0.22254884623818927,0.2539896228247219,1.4003965934117635,1.1002272605895995,1.3577593167622883,1.435152792930603,1.51473335425059,1.5941102425257365,0.006250054913883408,0.0033554048626683653,0.004813549399841577,0.006244677898939699,0.007645633673140158,0.00919100873482724,0.293267898959167,0.5933333333333334,,,,156.60505804419518,534
visuotactile_persistence,test_physics_ood,0,20352009,physics_ood_009,30,0.10045412323955033,0.018158660146097343,0.06839933360202445,0.07630345014234384,0.17737538514451848,0.1620337871627675,0.3410675446192423,0.20383353233337403,0.2995807647705078,0.2791218598683675,0.4527371168136597,0.4700644493103027,0.00571945915153871,0.002821359767888983,0.0040702750828738015,0.005517409706953913,0.00717084346494327,0.009017407735033582,0.1522032170296217,0.66,,,,90.4087109155953,594
visuotactile_persistence,test_physics_ood,0,20352010,physics_ood_010,30,0.21031913270552954,0.13207164671685961,0.1757236759695742,0.2152244990898503,0.26001811739471226,0.2685577243566513,1.4231327374776204,1.2955666224161784,1.3413699467976887,1.4109504063924154,1.5266746520996093,1.5411020596822103,0.005671346475525449,0.0025727944099344312,0.004063221404794604,0.00554988874355331,0.007204142278836419,0.008966685540508479,0.3154786990582943,0.6666666666666666,,,,189.28721943497658,600
visuotactile_persistence,test_physics_ood,0,20352011,physics_ood_011,30,0.08375243165426784,0.013587763201859263,0.027713410183787347,0.06999027331670125,0.1582624889910221,0.14920822257796923,0.368392645517985,0.24202430248260498,0.2580213149388631,0.3197128454844157,0.5232558488845825,0.4989489157994588,0.004325278077352171,0.0018401933930969486,0.0030264954781159758,0.004253893202015509,0.005536369932815433,0.00696943838071699,0.1281924974300018,0.6533333333333333,,,,75.37718848884106,588
visuotactile_persistence,test_physics_ood,0,20352012,physics_ood_012,30,0.19498348116874695,0.1520244437787268,0.18018642432159848,0.18774861676825416,0.19922091315189996,0.2557370078232553,1.2386565399169922,1.2242303212483725,1.2296869119008382,1.2074869314829508,1.1879782517751059,1.3439002831776936,0.006809489392326213,0.003932252254647513,0.005211321565244968,0.006692902429495007,0.008232282386355412,0.009978688325888167,0.28957942747833704,0.6733333333333333,,,,175.48513305187225,606
visuotactile_persistence,test_physics_ood,0,20352013,physics_ood_013,30,0.17854401852767396,0.10126311181682265,0.14514436672971998,0.18214887316183498,0.21604718890480903,0.2481165520251832,0.8046220183372498,0.6157117088635763,0.715567139784495,0.800477143128713,0.8993151545524597,0.9920389453570048,0.004625562997922922,0.002125527469130854,0.0033353226996647813,0.004538338782731443,0.005857636391495665,0.007270989646591867,0.29757336421278996,0.6,,,,160.68961667490657,540
visuotactile_persistence,test_physics_ood,0,20352014,physics_ood_014,30,0.14833391989684766,0.05471307651864158,0.08644605461094114,0.12028882304827372,0.20128692388534547,0.2789347214210365,2.3785176181793215,2.1633862098058065,2.218949580192566,2.298868727684021,2.469220431645711,2.742163141568502,0.007632301059396316,0.004467658527816335,0.006088479573372751,0.007676367224970212,0.009216246920793007,0.010712753050029278,0.22938235035595,0.6466666666666666,,,,133.5005279071629,582
visuotactile_persistence,test_physics_ood,0,20352015,physics_ood_015,30,0.2053813461628225,0.06774715301063326,0.149257273806466,0.20232554781768058,0.2547213528719213,0.3528554033074114,1.2010974923769633,0.9616875092188517,1.071010947227478,1.2132125576337178,1.2838979800542196,1.4756784677505492,0.006015480462810956,0.003064325369390038,0.0045468375727068635,0.0060293718959049634,0.00747841543246371,0.008958452043589204,0.33126023574648794,0.62,,,,184.84321154654026,558
visuotactile_persistence,test_physics_ood,0,20352016,physics_ood_016,30,0.19200446320076783,0.16182600843409697,0.18820342520872752,0.2017618385454019,0.20104364355405172,0.20718740026156107,1.0202664470672607,0.9942492643992106,1.061130412419637,1.0321776231129964,1.0111514886220296,1.00262344678243,0.004458152021591862,0.0022868126126316685,0.0032015174821329612,0.004368823766708374,0.005531618216385444,0.006901988030100862,0.28800669480115176,0.6666666666666666,,,,172.80401688069105,600
visuotactile_persistence,test_physics_ood,0,20352017,physics_ood_017,30,0.14221222609527306,0.05401787691840178,0.09518348867940303,0.17111289526510517,0.18910135762190394,0.20164551199155134,0.6550590054194132,0.4829376975695292,0.5330501675605774,0.6881479183832805,0.7526727159818013,0.8184865276018779,0.004784870732109993,0.002009708306286484,0.003298462147358805,0.004651749471668154,0.0061907260523488125,0.007773707682887713,0.2370203768254551,0.6,,,,127.99100348574575,540
visuotactile_persistence,test_physics_ood,0,20352018,physics_ood_018,30,0.12311558850109577,0.04599759735994869,0.07712183362907833,0.12717629654539955,0.14933651321464114,0.21594570175641112,0.7995804437001546,0.6576518217722574,0.7189630667368571,0.8050203522046407,0.8401160518328349,0.976150925954183,0.005922513744638612,0.002886048066041743,0.004302819575726365,0.005773887542697291,0.007466035409985731,0.00918377812874193,0.19857352984047705,0.62,,,,110.8040296509862,558
visuotactile_persistence,test_physics_ood,0,20352019,physics_ood_019,30,0.30104416081811197,0.19752539059910407,0.25722435805558536,0.30695713590183815,0.3552666261067821,0.38824729342725023,2.2691972923278807,2.1882294019063315,2.177227226893107,2.217632532119751,2.352440865834554,2.4104564348856607,0.005727051990882804,0.003113569424021989,0.004319152480456978,0.005602428549900651,0.007047610601875931,0.008552498898158472,0.451566241227168,0.6666666666666666,,,,270.9397447363008,600
visuotactile_persistence,test_physics_ood,0,20352020,physics_ood_020,30,0.10762543931603431,0.03792730685737398,0.07420652757088343,0.08421219338973364,0.12436880378259553,0.21741236497958502,1.101052524248759,0.9780570189158122,1.0267909526824952,1.0360116958618164,1.1209948619206747,1.3434080918629965,0.007768003103944162,0.00458883789445584,0.006229728293449929,0.007822972970704238,0.009353665836776296,0.01084481052433451,0.16643109172582626,0.6466666666666666,,,,96.86289538443089,582
visuotactile_persistence,test_physics_ood,0,20352021,physics_ood_021,30,0.1955788417139815,0.11348906225628323,0.18296114416379067,0.21649039938218065,0.2268910905553235,0.23806251221232944,1.2168052577972412,1.0761090914408367,1.1886746525764464,1.2389279325803122,1.2757015307744344,1.3046130816141763,0.00649313357193023,0.00394485592842102,0.00517701468973731,0.006473492314883819,0.00774732013233006,0.00912298479427894,0.3120938963520981,0.6266666666666667,,,,176.02095754258335,564
visuotactile_persistence,test_physics_ood,0,20352022,physics_ood_022,30,0.09729184120479557,0.02021331377327442,0.06839425868044297,0.07959850538108083,0.1603974206580056,0.15785570753117403,0.3957153622309367,0.27908300161361693,0.3650658130645752,0.3356159965197245,0.5209874391555787,0.4778245608011881,0.006835292153215657,0.004178696358576417,0.005388271082968761,0.006788180372677743,0.008213334433579196,0.009607978518276165,0.14741188061332663,0.66,,,,87.56265708431602,594
visuotactile_persistence,test_physics_ood,0,20352023,physics_ood_023,30,0.13961352608464142,0.04264187003071937,0.08233888316123436,0.11366933580074046,0.1773862753134583,0.28203126611705454,1.076798300743103,0.8942155917485555,0.9198946555455526,1.0002649386723836,1.1636104345321656,1.4060058832168578,0.005751351498183795,0.0027525998894513274,0.004176276827153439,0.005642039837160458,0.007238411682192236,0.00894742925496151,0.21589720528552794,0.6466666666666666,,,,125.65217347617727,582
visuotactile_persistence,test_physics_ood,0,20352024,physics_ood_024,30,0.10386359346202678,0.025558739114138813,0.0304206615106927,0.14313529977161024,0.15220990766667658,0.16799335924701558,0.44185403823852537,0.2641884724299113,0.27227399349212644,0.5093862692515055,0.5650452613830567,0.598376194636027,0.005470897248596884,0.002883300322961683,0.004018680605804547,0.005381286654543752,0.006729366373231945,0.008341852286442493,0.1589748879520818,0.6533333333333333,,,,93.4772341158241,588
visuotactile_persistence,test_physics_ood,0,20352025,physics_ood_025,30,0.10420736678772502,0.03564509517616696,0.054963375876347226,0.10427593290805817,0.1190390451086892,0.20711338486936356,0.4704384167989095,0.34206156730651854,0.3886403719584147,0.5089713255564372,0.4572473049163818,0.6552715142567952,0.007531908141681924,0.005846927594393492,0.006230362978142997,0.007335207091333965,0.008527673903154209,0.00971936914138496,0.15950107161386484,0.6533333333333333,,,,93.78663010895252,588
visuotactile_persistence,test_physics_ood,0,20352026,physics_ood_026,30,0.0,0.0,0.0,0.0,0.0,0.0,0.1320424795150757,0.1320424795150757,0.1320424795150757,0.1320424795150757,0.1320424795150757,0.1320424795150757,0.0004717443518651028,0.0004782230321628352,0.0004656835924834013,0.00046905212414761387,0.0004721260823619862,0.00047363692816967766,,0.0,,,,0.0,0
visuotactile_persistence,test_physics_ood,0,20352027,physics_ood_027,30,0.17173430707619344,0.14123927020377272,0.17033384434568385,0.16711709345755582,0.16566680808076248,0.21431451929319237,0.5556619230906169,0.5507497708002727,0.5459216833114624,0.529808243115743,0.5172383069992066,0.6345916112263997,0.005619527124411737,0.0034401288178438944,0.004241553018800914,0.005533170707834264,0.00680366280527475,0.008079120272304863,0.2550509511032576,0.6733333333333333,,,,154.5608763685741,606
visuotactile_persistence,test_physics_ood,0,20352028,physics_ood_028,30,0.12021934177312586,0.028092479664418434,0.13698985878792075,0.16069352428118389,0.13344508132172955,0.1418757648103767,0.3933724586168925,0.3084601442019145,0.39536032676696775,0.421993350982666,0.4147723356882731,0.4262761354446411,0.007615365531722394,0.005484700590992968,0.006120608137765279,0.007481502871572351,0.008825846190059867,0.010164169868221506,0.193902164150203,0.62,,,,108.19740759581327,558
visuotactile_persistence,test_physics_ood,0,20352029,physics_ood_029,30,0.08794028277612395,0.025451181477142704,0.03872325269298421,0.10809204909536574,0.1184881325190266,0.14894679809610048,0.3387795416514079,0.27118173440297444,0.2796914656956991,0.3595802545547485,0.3628937085469564,0.42055054505666095,0.005011033584596589,0.002252233230198423,0.0036064955949162442,0.0049497774608122805,0.0063359195017255844,0.007910742135330414,0.14495651007053398,0.6066666666666667,,,,79.14625449851155,546
visuotactile_shuffled_touch,test_physics_ood,0,20352000,physics_ood_000,30,2.697709048885024,2.821110451645735,2.7169385314919055,2.7049815523438157,2.636277567408979,2.609237141534686,6.702127060095469,7.075242702166239,6.734638059139252,6.6665159622828165,6.548287336031596,6.4859512408574425,0.05089051180907215,0.04990218374490117,0.050512633216567335,0.05087313811915616,0.05131914930728575,0.051845454657450316,4.1086511929348415,0.6533333333333333,,,,2415.886901445687,588
visuotactile_shuffled_touch,test_physics_ood,0,20352001,physics_ood_001,30,0.03913889641977019,0.04307104513670008,0.039507750111321606,0.038490589366604884,0.037923860943151845,0.036701236541072525,0.07901723543802897,0.08284861246744792,0.08318773110707602,0.0790104866027832,0.07575120131174723,0.07428814570109049,0.0005284062128824492,0.0005543354471834997,0.0005355475354008376,0.0005141254786091546,0.0005206496881631513,0.0005173729150556028,,0.0,,,,0.0,0
visuotactile_shuffled_touch,test_physics_ood,0,20352002,physics_ood_002,30,3.793113497468746,3.6667027931556935,3.7767581274525988,3.8224009631201623,3.8420825354134043,3.857623068201873,10.519293783505757,10.105504131317138,10.403357410430909,10.595785077412923,10.70621481736501,10.785607481002808,0.051607624513562766,0.049493349133990706,0.050996913590158024,0.051932102088661246,0.052598265189832696,0.05301749256517117,,0.0,,,,0.0,0
visuotactile_shuffled_touch,test_physics_ood,0,20352003,physics_ood_003,30,3.2910805300022994,3.172494016577386,3.208789733838704,3.360483969478971,3.355895334523585,3.3577395955928497,8.664616173108419,8.429314311345419,8.497534092267355,8.761754910151163,8.831431015332539,8.803046536445617,0.0021083831992776444,0.0016605539053368072,0.0021087286916250986,0.0021975992383280146,0.0022272911194401485,0.0023477430416581533,5.021201898400881,0.6533333333333333,,,,2952.466716259718,588
visuotactile_shuffled_touch,test_physics_ood,0,20352004,physics_ood_004,30,3.0391330296898054,3.00841789951341,3.053551104137053,3.0208197421187326,3.042898395098746,3.069978007581085,8.163980043729147,8.042723413308462,8.192479125658672,8.081135527292888,8.191112065315247,8.312450087070465,0.00314039072021842,0.0024664817571950453,0.0027529181020023922,0.0031131449543560547,0.0034846817647727828,0.0038847270227658254,4.603858898640896,0.6533333333333333,,,,2707.0690324008465,588
visuotactile_shuffled_touch,test_physics_ood,0,20352005,physics_ood_005,30,3.006925326673728,2.988363270984135,3.024692825600505,3.0097471271538074,3.0175788340469203,2.9942445755832727,7.679136803944906,7.631062642733256,7.7369359016418455,7.657941126823426,7.697165695826213,7.672578652699788,0.001793833162325124,0.001609067003785943,0.0015778286033309996,0.0016936915693804623,0.0019163894292432814,0.0021721892058849334,4.499184409713683,0.6666666666666666,,,,2699.51064582821,600
visuotactile_shuffled_touch,test_physics_ood,0,20352006,physics_ood_006,30,0.35517584127270513,0.2719725734347271,0.34240508761463895,0.3534688820855485,0.4168552236838473,0.3911774395447638,0.3012653589248657,0.12372284730275472,0.2941251357396444,0.29955434004465736,0.42306946913401283,0.3658550024032593,0.0009588373041090866,0.0008011817854518692,0.0009467275502781073,0.000970875892865782,0.0010105877668441583,0.001064813525105516,0.5267507104635841,0.66,,,,312.88992201536894,594
visuotactile_shuffled_touch,test_physics_ood,0,20352007,physics_ood_007,30,1.740528085215224,1.7231046972589361,1.7447582892556157,1.729028893686417,1.7459245363043414,1.7598240095708104,4.642507394154866,4.617055018742879,4.695648407936096,4.5990375757217405,4.625063029925029,4.675732938448588,0.0009473594254814088,0.001021995343035087,0.0009034705115482211,0.0009236484533175826,0.0009417724213562906,0.0009459103981498629,2.6313118081615894,0.6533333333333333,,,,1547.2113431990147,588
visuotactile_shuffled_touch,test_physics_ood,0,20352008,physics_ood_008,30,2.164880135630568,2.1009551478860278,2.099514450298415,2.148426241127567,2.2082987901030315,2.2672060487377976,5.529384427070617,5.379392099380493,5.3100841522216795,5.464965867996216,5.651481548945109,5.840998466809591,0.001821792204088221,0.0016008520848117768,0.0017679691722150893,0.0018153109238483011,0.0019038552748194585,0.0020209735647464793,3.420593294311552,0.5933333333333334,,,,1826.5968191623688,534
visuotactile_shuffled_touch,test_physics_ood,0,20352009,physics_ood_009,30,3.031324481846144,2.9802903457234304,3.025753694296711,3.0346561095884277,3.0744597104895446,3.0414625491326053,8.599011557102203,8.455829429626466,8.593592600027721,8.620627578099569,8.664711864789327,8.660296312967937,0.0038271665666252375,0.0030460513740157087,0.0033979773249787587,0.003782387388249238,0.004226106110339364,0.004683310635543118,4.579330352796649,0.66,,,,2720.1222295612097,594
visuotactile_shuffled_touch,test_physics_ood,0,20352010,physics_ood_010,30,3.118777166015158,3.1130602750099365,3.094507909876605,3.1100332398898898,3.139986777305603,3.136297627993756,8.65968521118164,8.732804520924885,8.596840651830037,8.604159839948018,8.684527627627055,8.680093415578206,0.002042381406451265,0.0014413234467307726,0.0017565548419952392,0.0020496410822185376,0.002331965913375219,0.0026324217479365567,4.665451691423853,0.6666666666666666,,,,2799.271014854312,600
visuotactile_shuffled_touch,test_physics_ood,0,20352011,physics_ood_011,30,1.3643141860204437,1.2965422322249247,1.3694556643565496,1.394913626037952,1.3788044875901606,1.3818549198926322,2.9921215184529624,2.819366995493571,3.0247556368509927,3.1279855171839395,2.9629913250605266,3.0255081176757814,0.002203086810574556,0.0016762110404670238,0.0023086035430120925,0.002276168546328942,0.0022863194986712187,0.002468131424393505,2.0163928702169533,0.6533333333333333,,,,1185.6390076875687,588
visuotactile_shuffled_touch,test_physics_ood,0,20352012,physics_ood_012,30,1.528776215068582,1.5832566421996388,1.5215518844210438,1.4894579091212816,1.497429122382568,1.5521855172183778,3.468222592671712,3.7271301825841268,3.4511890014012656,3.340793776512146,3.3212102969487507,3.5007897059122723,0.0022575361910276114,0.002290002904677143,0.002203086701532205,0.0020581180734249452,0.002256787323858589,0.0024796859516451756,2.2597668448665944,0.6733333333333333,,,,1369.4187079891562,606
visuotactile_shuffled_touch,test_physics_ood,0,20352013,physics_ood_013,30,1.1365091852616105,1.154351916629821,1.1373610217124224,1.1295481607835325,1.1292536290776398,1.1320311981046365,2.799050366083781,2.785122847557068,2.767527961730957,2.7929354270299274,2.8165579239527383,2.833107670148214,0.0014170042662105212,0.0014812031605591378,0.0014630437130108477,0.0013870198434839645,0.0013295324868522584,0.001424222127146398,1.6771536066852235,0.6,,,,905.6629476100206,540
visuotactile_shuffled_touch,test_physics_ood,0,20352014,physics_ood_014,30,1.3978167213603025,1.3128273922225668,1.3295670488849283,1.3776783341955807,1.4638361726991005,1.505174658799337,3.0279992039998374,2.7910218636194863,2.816520921389262,2.970880929629008,3.186837657292684,3.374734648068746,0.003965550496747407,0.003698906364540259,0.0037358123265827698,0.0038626224210020154,0.004114982819980166,0.004415428551631824,2.145254429929035,0.6466666666666666,,,,1248.5380782186985,582
visuotactile_shuffled_touch,test_physics_ood,0,20352015,physics_ood_015,30,1.7511652441591852,1.6846184199572438,1.7266337203793227,1.752896883090337,1.7840484163827366,1.8076287809862859,4.001945697466533,3.8006861368815104,3.9102047125498456,3.995911971728007,4.143263816833496,4.159661849339803,0.0017957687164501597,0.0015388590788158278,0.00152952908926333,0.0018199500724828492,0.0020035288936924188,0.002086976447996373,2.7061322375290815,0.62,,,,1510.0217885412276,558
visuotactile_shuffled_touch,test_physics_ood,0,20352016,physics_ood_016,30,0.8640125658818417,0.9609813162332608,0.8612590263908108,0.8219485838483606,0.8257294896990061,0.8501444132377703,1.8227715428670248,2.0998337507247924,1.8000611146291097,1.694711987177531,1.7045170704523722,1.8147337913513184,0.0017885280128878852,0.0014117111374313633,0.001832224700289468,0.0018494641835180422,0.0018647672259248793,0.001984472817275673,1.2704058314487339,0.6666666666666666,,,,762.2434988692403,600
visuotactile_shuffled_touch,test_physics_ood,0,20352017,physics_ood_017,30,0.6581941056023869,0.6645228327355451,0.6625700825411412,0.6496019906881783,0.6596296156135698,0.6546460064335002,1.3260761205355327,1.3374054471651713,1.3638108412424723,1.2636550664901733,1.310888119538625,1.354621128241221,0.001012806260647873,0.0008141677322176595,0.0007728306693024934,0.0008909527134771148,0.001187227841001004,0.0013988523472410936,1.078831472861822,0.6,,,,582.5689953453839,540
visuotactile_shuffled_touch,test_physics_ood,0,20352018,physics_ood_018,30,1.547907459806237,1.5389314841272101,1.5338820217384233,1.5491526762023569,1.563948638468153,1.5536224784950414,4.181389169692993,4.16731694539388,4.193004186948141,4.184418765703837,4.222299313545227,4.139906636873881,0.0019148101339427133,0.0021434179972857235,0.0019277514152539273,0.0018159029074013232,0.0018075723472672203,0.001879406002505372,2.345380776004338,0.62,,,,1308.7224730104208,558
visuotactile_shuffled_touch,test_physics_ood,0,20352019,physics_ood_019,30,2.336798165610267,2.3208295564374164,2.271312794068621,2.3245767284495136,2.378156708036032,2.3891150410597524,6.24526021639506,6.235715556144714,6.123839108149211,6.162693889935811,6.3142612218856815,6.389791305859884,0.001980367557844147,0.002115504913187275,0.0020630287724391866,0.0019014599073367813,0.0018982830884245534,0.0019235611078329384,3.493524199525515,0.6666666666666666,,,,2096.114519715309,600
visuotactile_shuffled_touch,test_physics_ood,0,20352020,physics_ood_020,30,1.0659132045072814,0.974758312654578,1.002502910606563,1.0445233050112923,1.1148283822875884,1.1929531119763852,2.1484358127911887,1.9245864550272624,1.9657129685084025,2.0873637517293293,2.2831332246462503,2.481382664044698,0.0014342230226611719,0.0015763458291379114,0.0009833938636196156,0.0011629236813557023,0.0015448505155897388,0.001903601223602891,1.633375859899363,0.6466666666666666,,,,950.6247504614294,582
visuotactile_shuffled_touch,test_physics_ood,0,20352021,physics_ood_021,30,1.4283642579615117,1.3874433245820303,1.4030370485141046,1.4329369578717484,1.4527532569029264,1.4656507019367484,3.1190872168540955,3.0200299541155498,3.0554486831029255,3.1162097811698914,3.1788997809092203,3.22484788497289,0.002425983168068342,0.0027394349104724824,0.00257929729608198,0.0023527008132077755,0.002246339591025996,0.002212143229553476,2.2592756484919194,0.6266666666666667,,,,1274.2314657494426,564
visuotactile_shuffled_touch,test_physics_ood,0,20352022,physics_ood_022,30,2.480620797038492,2.4220571911997264,2.4627037013156547,2.5136362211364838,2.4868994587825406,2.5178074127580556,7.347039971351624,7.182294404506683,7.288444852828979,7.4303826808929445,7.354225047429403,7.479852871100108,0.002559999367998292,0.002385241029939304,0.002302655176026747,0.0024646870782210803,0.0027186547755263745,0.002928758780277955,3.739851291727287,0.66,,,,2221.4716672860086,594
visuotactile_shuffled_touch,test_physics_ood,0,20352023,physics_ood_023,30,1.6157942297764951,1.593728571985331,1.5914016320163178,1.589127144527932,1.6231874831641713,1.6815263171887231,4.010187701384226,3.948029319445292,3.9619378010431925,3.961786484718323,4.0286763707796736,4.150508530934652,0.002025685137292991,0.0019700709109505016,0.0018925810601407042,0.0019525389012414961,0.002073757377608369,0.0022394774365238844,2.4817265771438217,0.6466666666666666,,,,1444.3648678977042,582
visuotactile_shuffled_touch,test_physics_ood,0,20352024,physics_ood_024,30,1.4437598146063586,1.3854918863313894,1.4094495612507065,1.4801627116691736,1.471807912716435,1.4718870010640885,3.67630628267924,3.4900251905123394,3.595801627635956,3.758385109901428,3.7699220339457193,3.7673974514007567,0.0018560211694178483,0.0019080002326518296,0.0015741231463228663,0.0017708250631888708,0.0019458229653537273,0.0020813344395719468,2.1863662459425073,0.6533333333333333,,,,1285.5833526141942,588
visuotactile_shuffled_touch,test_physics_ood,0,20352025,physics_ood_025,30,1.4152958859627445,1.569675780325714,1.4109787951327033,1.3813995418138802,1.3676516358844109,1.3467736766570144,2.580001595815023,2.975469541549683,2.5299005031585695,2.496234091122945,2.4746705055236817,2.4237333377202352,0.03906073050883909,0.03871496592182666,0.03895734798861668,0.03902337700516607,0.039186507932997,0.039421453695589054,2.1473420156026575,0.6533333333333333,,,,1262.6371051743627,588
visuotactile_shuffled_touch,test_physics_ood,0,20352026,physics_ood_026,30,2.1724878100574845,2.288682736363262,2.193902318438308,2.150761318951845,2.1247990163974464,2.1042936601365607,5.8643877379099525,6.14522031545639,5.909470951557159,5.81372656027476,5.752043255170187,5.701477607091268,0.05704567834890137,0.056483625698213774,0.05690860195706288,0.0570669317462792,0.05727926054581379,0.05748997179713721,,0.0,,,,0.0,0
visuotactile_shuffled_touch,test_physics_ood,0,20352027,physics_ood_027,30,1.5686559243107008,1.6386883082178731,1.5701346933013862,1.5296006821095944,1.5247971757832501,1.5800587621414,3.8968741504351296,4.128684568405151,3.837731711069743,3.755120944976807,3.795827841758728,3.96700568596522,0.0028480225064170858,0.002794451918452978,0.002653006409915785,0.0027209432679228484,0.002921898395288736,0.0031498125405050813,2.316023133258664,0.6733333333333333,,,,1403.5100187547505,606
visuotactile_shuffled_touch,test_physics_ood,0,20352028,physics_ood_028,30,0.40052719738541376,0.3967791551413635,0.39288793481472467,0.3932796869633926,0.40027325333406527,0.41941595667352277,0.2630860010782878,0.24943657318751017,0.18494845628738404,0.23818453947703044,0.27655113538106285,0.36630930105845133,0.002034552225328904,0.0014640577409105995,0.0017105593375163152,0.0021140690133809887,0.002373439829292086,0.0025106352055445313,0.6217891620104885,0.62,,,,346.9583524018526,558
visuotactile_shuffled_touch,test_physics_ood,0,20352029,physics_ood_029,30,1.2737944202849434,1.26487569031823,1.2587838884443046,1.258350565387971,1.2824754875567224,1.3044864697174894,3.4928518454233806,3.4705083926518756,3.481614049275716,3.4467801094055175,3.5224849462509153,3.5428717295328775,0.002278865089950462,0.002001375371279816,0.0018008433864451945,0.002122510546663155,0.002530596397506694,0.0029389997478574516,1.933454365343292,0.6066666666666667,,,,1055.6660834774375,546
visuotactile_world_model,test_combined_ood,0,20353000,combined_ood_000,30,0.0302771273896926,0.03550681202775902,0.03221744651802712,0.029858144145045014,0.02787316529494193,0.025930068962689904,0.058253725369771324,0.06784138679504395,0.06398870944976806,0.057512307167053224,0.05227540334065755,0.04965082009633382,0.0003716670116409659,0.0004533774685114622,0.00042868120751033225,0.00035218324434633055,0.00031679381305972735,0.0003072993247769773,,0.0,1.0,1.0,1.0,0.0,0
visuotactile_world_model,test_combined_ood,0,20353001,combined_ood_001,30,0.02517137906410628,0.028110685334023503,0.0238049343538781,0.024705488327890636,0.02434344935334391,0.024892337951395248,0.0613702662785848,0.07609577973683675,0.05984179973602295,0.057104873657226565,0.05574472745259603,0.0580641508102417,0.0005542829679325223,0.0005422166354643802,0.0005728694299856822,0.0005595101994307091,0.0005448378011351451,0.0005519807736466949,,0.0,1.0,1.0,1.0,0.0,0
visuotactile_world_model,test_combined_ood,0,20353002,combined_ood_002,30,0.23519092769465513,0.10175921465787623,0.16352489853484764,0.23163435594696138,0.3089756488179167,0.3700605205156737,0.6548274723688762,0.2410265286763509,0.45227237145106,0.6589642802874247,0.8942405621210734,1.0276336193084716,0.0021276882803067565,0.002357461357799669,0.0022016532098253568,0.002029104612302035,0.002013020085481306,0.0020372021361254157,0.3068393553322595,0.64,1.0,1.0,1.0,176.73946867138147,576
visuotactile_world_model,test_combined_ood,0,20353003,combined_ood_003,30,0.6332036645772556,0.6168119970398644,0.6050631983619598,0.6480249834971296,0.6109270111140278,0.6851911328732967,0.7553188451131185,0.8353391846021017,0.7134141484896342,0.7695453802744547,0.6851273059844971,0.7731682062149048,0.005571354395554711,0.005417734663933515,0.005366835506477704,0.005307269534872224,0.0057064752404888475,0.006058457032001267,0.9516471108630755,0.6533333333333333,0.0,0.0,0.0,559.5685011874884,588
visuotactile_world_model,test_combined_ood,0,20353004,combined_ood_004,30,0.18504100242629648,0.1709551110553245,0.13894636834868127,0.1681009963258273,0.2039477145920197,0.2432548218096296,0.39026503801345824,0.36765460173288983,0.2799866755803426,0.31865257819493614,0.437994114557902,0.5470372200012207,0.0036934343298586705,0.003834631961459915,0.0036841102487718065,0.003591612765255074,0.0036241510494922596,0.003732665624314298,0.22730339434847496,0.6333333333333333,1.0,1.0,1.0,129.56293477863073,570
visuotactile_world_model,test_combined_ood,0,20353005,combined_ood_005,30,0.02623599487046401,0.029320237350960572,0.02499510625170337,0.025682757505112223,0.025749347793559235,0.025432525450984636,0.06798589547475178,0.08528988361358643,0.06732908089955648,0.0653428872426351,0.06175520420074463,0.06021242141723633,0.0004959523642901331,0.0004889843966035793,0.0005060844918868194,0.00048045247870807847,0.0004972811109231164,0.000506959343329072,,0.0,1.0,1.0,1.0,0.0,0
visuotactile_world_model,test_combined_ood,0,20353006,combined_ood_006,30,0.028117118299835257,0.030344096757471562,0.0264301685616374,0.027240257896482944,0.028272717487480906,0.028298350796103478,0.05267063776652018,0.060442876815795896,0.05178236166636149,0.04966082572937012,0.050120822588602704,0.0513463020324707,0.0004598262518023451,0.0005603366997092962,0.0005395003866093854,0.00043612129132573804,0.00038645025730753936,0.00037672262405976655,,0.0,1.0,1.0,1.0,0.0,0
visuotactile_world_model,test_combined_ood,0,20353007,combined_ood_007,30,0.024149667558570703,0.031281421954433127,0.02231309461510844,0.022602874278608295,0.022395198181685474,0.022155748763018183,0.07585552533467611,0.1065235694249471,0.07699547608693441,0.07081521352132161,0.06412978967030843,0.06081357796986898,0.00048686052575552216,0.00047697596989261607,0.0004723946389276534,0.0005037270117706308,0.00048403034937412787,0.0004971746588125825,,0.0,1.0,1.0,1.0,0.0,0
visuotactile_world_model,test_combined_ood,0,20353008,combined_ood_008,30,0.20948629280552267,0.14822366860591704,0.1816112458291981,0.21433768954334986,0.23790310470180379,0.2653557553473446,0.4421442604064941,0.3657559633255005,0.4211165269215902,0.4376672625541687,0.45882293383280437,0.527358615398407,0.0021721208452557526,0.002457401556118081,0.0022576514747925103,0.0021031727354663115,0.0020157740257369977,0.002026604434164862,0.2595918903634009,0.58,1.0,1.0,1.0,135.50696676969528,522
visuotactile_world_model,test_combined_ood,0,20353009,combined_ood_009,30,2.151768554188311,2.14350130510413,2.141318154728247,2.110450654766626,2.2164884405210614,2.1470842158214913,3.8042476034164427,3.9133613189061482,3.7007909218470254,3.612679886817932,3.8980852206548056,3.896320668856303,0.00613384525757283,0.004356202397805949,0.005600486940238625,0.006332630144121746,0.006970656822280337,0.007409249983417491,3.3111543257391127,0.6466666666666666,0.0,0.0,0.0,1927.0918175801635,582
visuotactile_world_model,test_combined_ood,0,20353010,combined_ood_010,30,0.022532848372227614,0.022866764147248534,0.022967731621530322,0.0222885324826671,0.022573164809081288,0.021968048800610835,0.04999587694803874,0.05555152893066406,0.051593383153279625,0.04751075903574626,0.046912376085917154,0.04841133753458659,0.0004976534401066601,0.0005327528769460817,0.0005524681648239494,0.00048342991309861344,0.00046678711272155244,0.0004528291329431037,,0.0,1.0,1.0,1.0,0.0,0
visuotactile_world_model,test_combined_ood,0,20353011,combined_ood_011,30,1.024116570805717,0.9427300294654237,0.9881186594358748,1.0499722075027724,1.0536352552370065,1.0861267023875067,1.9059230343500773,1.8623898824055989,1.8347925583521525,1.842391014099121,1.9653207540512085,2.0247209628423053,0.008693784431864818,0.006920260202605277,0.008065325755160302,0.009039233803438644,0.00957985440424333,0.009864247993876536,1.6567186469775692,0.6133333333333333,1.0,0.0,0.0,914.5086931316182,552
visuotactile_world_model,test_combined_ood,0,20353012,combined_ood_012,30,0.31283620631529224,0.2160987220497595,0.23831208240654733,0.2949748522705502,0.3736011707948314,0.44119420405477283,0.5723952762285869,0.28532597223917644,0.3762766798337301,0.5351142406463623,0.7650413672129314,0.9002181212107341,0.004524996239924803,0.004502245290980985,0.004426689341198653,0.0044526765239425005,0.004543300015696635,0.004700070027805244,0.45844917251573253,0.64,0.0,0.0,0.0,264.06672336906195,576
visuotactile_world_model,test_combined_ood,0,20353013,combined_ood_013,30,0.422397581115365,0.40544519980127613,0.3694692218365769,0.3873034538597696,0.4503561577707943,0.4994138723084082,0.6868026614189148,0.5956225315729777,0.601316773891449,0.6137051502863566,0.7617799679438273,0.8615888833999634,0.0064184887753799555,0.006205536448396743,0.006203202647157013,0.006564144134366264,0.006603798887226731,0.006515761759753029,0.6385420258396987,0.6466666666666666,0.0,0.0,0.0,371.63145903870463,582
visuotactile_world_model,test_combined_ood,0,20353014,combined_ood_014,30,0.42836109931270283,0.31272421058060396,0.36205767262727023,0.4255485484893951,0.49384918403294353,0.5476258808333013,0.7418183954556783,0.4550964911778768,0.5635583321253459,0.7463410218556722,0.9197955965995789,1.0243005355199177,0.0038997127402884265,0.004330223608606806,0.004004458974425991,0.0037588010542094707,0.0037027235181691744,0.0037023565460306902,0.6376062234630808,0.64,1.0,0.0,0.0,367.26118471473455,576
visuotactile_world_model,test_combined_ood,0,20353015,combined_ood_015,30,0.024493946474459436,0.03369601234379742,0.02329177859549721,0.022515975601143306,0.021538600604981185,0.021427365226878062,0.0659533945719401,0.0955428123474121,0.06846934159596761,0.060846805572509766,0.05420873165130615,0.050699281692504886,0.0005532829731237143,0.0006058327756666889,0.0005273924965877086,0.0005272911473487814,0.000558524871788298,0.0005473735742270947,,0.0,1.0,1.0,1.0,0.0,0
visuotactile_world_model,test_combined_ood,0,20353016,combined_ood_016,30,0.3016287944693532,0.22155290171504022,0.2641964197986656,0.29929826728378733,0.3397529868202077,0.3833433967290653,0.5115731366475423,0.2752891302108765,0.4012438376744588,0.5233900626500447,0.6217502117156982,0.7361924409866333,0.004053114811734607,0.004326958814635873,0.004035149266322454,0.003931719743801901,0.003935030651822065,0.004036715582090741,0.44662056430290964,0.6466666666666666,0.0,0.0,0.0,259.9331684242934,582
visuotactile_world_model,test_combined_ood,0,20353017,combined_ood_017,30,0.8995281046608256,0.7947293448572358,0.8190656546503305,0.9161963759093649,0.9504433362227347,1.017205811664462,1.2298045984903971,1.0982664346694946,1.094153928756714,1.1791049321492513,1.3134303013483684,1.4640673955281576,0.006897478716952416,0.004745223023928702,0.006238000607118011,0.00709207361311807,0.007946261953717719,0.008465834386879579,1.437925872820226,0.62,1.0,0.0,0.0,802.362637033686,558
visuotactile_world_model,test_combined_ood,0,20353018,combined_ood_018,30,0.021860077923370733,0.022410011529508563,0.022751866705301736,0.02227738220244646,0.021555175570150218,0.020305953609446686,0.046464823087056475,0.047860304514567055,0.04648756980895996,0.046376125017801924,0.045679473876953126,0.045920642217000325,0.00029641966723526516,0.00037378349419062336,0.00033201576055337984,0.0002647282633309563,0.0002563241442355017,0.0002552466738658647,,0.0,1.0,1.0,1.0,0.0,0
visuotactile_world_model,test_combined_ood,0,20353019,combined_ood_019,30,0.025540919630891747,0.031400398992829856,0.0244147889316082,0.023873233112196128,0.02380494246673253,0.024211234651092026,0.08768852074941,0.10857108434041342,0.08765145937601725,0.08391296863555908,0.07979079882303873,0.07851629257202149,0.0005521352963599687,0.0004884051149322961,0.0005650739486251648,0.000550755052245222,0.0005858778584903727,0.0005705645075067878,,0.0,1.0,1.0,1.0,0.0,0
visuotactile_world_model,test_combined_ood,0,20353020,combined_ood_020,30,0.021139614008780984,0.019761104240185685,0.02147594704810116,0.021439885068684817,0.021852704510092736,0.021168429176840517,0.051988922754923506,0.05771008332570394,0.054490097363789874,0.04885993003845215,0.04846376578013102,0.050420737266540526,0.00044274601154029367,0.0004927737638354302,0.00048573741999765235,0.00042123115078235665,0.00041168526901553073,0.00040230245407049854,,0.0,1.0,1.0,1.0,0.0,0
visuotactile_world_model,test_combined_ood,0,20353021,combined_ood_021,30,0.9779077429655525,0.9291471653100517,0.9703518706891272,0.9654996863669819,1.012655601443516,1.011884391018086,1.6701101223627726,1.6834976514180502,1.639105248451233,1.5972185134887695,1.6557998736699422,1.7749293247858684,0.005467691127560102,0.004884722755135348,0.005082964237468938,0.00552543024920548,0.005798023306609442,0.0060473150893813,1.4532748735137284,0.6666666666666666,0.0,0.0,0.0,871.964924108237,600
visuotactile_world_model,test_combined_ood,0,20353022,combined_ood_022,30,0.47755686002473036,0.41451708460226655,0.4618098939044608,0.45617503730787173,0.5145193233206454,0.5407629609884074,0.847751054763794,0.7739670276641846,0.8222884257634481,0.8031506299972534,0.8847400983174641,0.9546090920766195,0.003520298490378385,0.004127678480775406,0.003597519003475706,0.003350331393691401,0.0032492374690870443,0.0032767261048623673,0.6919909580563656,0.66,1.0,1.0,1.0,411.04262908548117,594
visuotactile_world_model,test_combined_ood,0,20353023,combined_ood_023,30,0.6949389860561739,0.6122828075248334,0.6441501121968031,0.6910052011669096,0.7272360742816495,0.8000207351106736,1.215376365184784,1.008846934636434,1.0832231283187865,1.189999230702718,1.2995735208193462,1.495239011446635,0.006597306079153592,0.006162438194345062,0.006046575657092035,0.006605260788152615,0.006972605494471888,0.0071996502617063625,1.1310059005930173,0.6066666666666667,1.0,0.0,0.0,617.5292217237875,546
visuotactile_world_model,test_combined_ood,0,20353024,combined_ood_024,30,0.03611159176669187,0.036582158423132366,0.03673351381181015,0.03624830009001825,0.035870227052105796,0.03512375945639279,0.0681506331761678,0.07893524964650472,0.06893963019053141,0.06748504638671875,0.0634255568186442,0.06196768283843994,0.00042434816947206855,0.00041141583351418377,0.0004869370410839717,0.00043217102841784557,0.0004039744807717701,0.00038724246357257165,,0.0,1.0,1.0,1.0,0.0,0
visuotactile_world_model,test_combined_ood,0,20353025,combined_ood_025,30,0.027257311170299846,0.0347923133108351,0.027404064705802336,0.026221056054863665,0.02464167991032203,0.023227441869676114,0.057751800219217934,0.08277105490366618,0.06077493826548259,0.05384608109792074,0.047151978810628256,0.044214948018391924,0.0004112948116380721,0.0003736288674796621,0.00041178394652282196,0.00040598630827541154,0.0004216369784747561,0.00044343795743770895,,0.0,1.0,1.0,1.0,0.0,0
visuotactile_world_model,test_combined_ood,0,20353026,combined_ood_026,30,0.03713666330816017,0.037354658337103,0.03732002544113332,0.03683640313231283,0.037326109264459874,0.03684612036579185,0.07964739163716635,0.1088165283203125,0.0862716833750407,0.07458519140879313,0.06592611471811931,0.06263744036356608,0.001369092206005007,0.0015991976795097192,0.001627474530444791,0.0014105388545431197,0.0011842707831722994,0.0010239791823551058,,0.0,1.0,1.0,1.0,0.0,0
visuotactile_world_model,test_combined_ood,0,20353027,combined_ood_027,30,0.5435852670027977,0.5301160004455596,0.5155139467161562,0.5394763567381435,0.5394063128675851,0.5934137182465444,0.6947499839464824,0.7137653231620789,0.6099987228711446,0.7241403222084045,0.6629993875821432,0.7628461639086406,0.004331960099904488,0.0036727152648381887,0.004007360766020914,0.004356573157322904,0.004698613627503316,0.004924537683837116,0.8217976970762826,0.6533333333333333,0.0,0.0,0.0,483.21704588085413,588
visuotactile_world_model,test_combined_ood,0,20353028,combined_ood_028,30,0.32904517917583387,0.18271115508137478,0.2731745015726321,0.35808695221526754,0.39538230397221114,0.4358709830376837,0.7400753649075826,0.3238110661506653,0.6050008217493693,0.8345061937967936,0.8885095198949178,1.048549222946167,0.004210309956106357,0.004011451293869565,0.004121178427400688,0.004159824604478975,0.00433202203324375,0.0044270734215388075,0.4447742401017356,0.6466666666666666,1.0,1.0,1.0,258.85860773921013,582
visuotactile_world_model,test_combined_ood,0,20353029,combined_ood_029,30,0.03479469855626424,0.04466364512013064,0.03604775652703312,0.032900043059554365,0.03074452169239521,0.02961752638220787,0.06791430314381917,0.089473295211792,0.07042324542999268,0.06353820164998372,0.058654157320658366,0.05748261610666911,0.0005168581750088682,0.0004833356661644454,0.0004948242451064289,0.0005109659735656654,0.0005365703526573877,0.0005585946375504137,,0.0,1.0,1.0,1.0,0.0,0
visuotactile_persistence,test_combined_ood,0,20353000,combined_ood_000,30,0.0,0.0,0.0,0.0,0.0,0.0,0.11740442911783854,0.11740442911783854,0.11740442911783854,0.11740442911783854,0.11740442911783854,0.11740442911783854,0.000702223980333656,0.0007169783387022714,0.0007052071508951485,0.0006988592833901445,0.0006957914563827216,0.0006942836722979943,,0.0,,,,0.0,0
visuotactile_persistence,test_combined_ood,0,20353001,combined_ood_001,30,0.0,0.0,0.0,0.0,0.0,0.0,0.20218533674875896,0.20218533674875896,0.20218533674875896,0.20218533674875896,0.20218533674875896,0.20218533674875896,0.0011223513559283067,0.0011161374355045457,0.0011269366407456497,0.0011319836368784309,0.0010964407915404688,0.0011402582749724388,,0.0,,,,0.0,0
visuotactile_persistence,test_combined_ood,0,20353002,combined_ood_002,30,0.1470757769793272,0.09611744499868817,0.12808380019333626,0.15074879175259007,0.16100388595627413,0.19942496199574736,0.6521748971939086,0.5853640119234721,0.6032293677330017,0.6566494822502136,0.6770664572715759,0.7385651667912801,0.005213693674498548,0.003486617860229065,0.0039488778721230725,0.005076999970090886,0.006219577273198714,0.007336395396851003,0.22980590153019875,0.64,,,,132.36819928139448,576
visuotactile_persistence,test_combined_ood,0,20353003,combined_ood_003,30,0.23464425056344934,0.18916826791440447,0.18451757695939805,0.21831931136031119,0.22588783627789882,0.3553282603052341,0.7755097643534342,0.6875583728154501,0.6783165693283081,0.8019089698791504,0.7789944966634115,0.9307704130808513,0.0054202751396223905,0.0032925482102048893,0.0037343813960130016,0.005083915521390736,0.006630940188188106,0.008359590382315218,0.35914936310732043,0.6533333333333333,,,,211.1798255071044,588
visuotactile_persistence,test_combined_ood,0,20353004,combined_ood_004,30,0.11507121324539185,0.12527838320367865,0.11493201367557049,0.11269201081660059,0.11179922247926394,0.11065443605184555,0.42727824052174884,0.46688206990559894,0.44854129950205485,0.42248404026031494,0.40355025927225746,0.3949335336685181,0.006834785322425887,0.004073426154597352,0.005299413510753462,0.006816068066594501,0.008281211494856203,0.009703807385327915,0.18169138933482923,0.6333333333333333,,,,103.56409192085266,570
visuotactile_persistence,test_combined_ood,0,20353005,combined_ood_005,30,0.0,0.0,0.0,0.0,0.0,0.0,0.13161858717600505,0.13161858717600505,0.13161858717600505,0.13161858717600505,0.13161858717600505,0.13161858717600505,0.0007690945768263191,0.0007693376857787371,0.0007407100250323614,0.0007743884654094775,0.0007771605295905222,0.0007838761783204972,,0.0,,,,0.0,0
visuotactile_persistence,test_combined_ood,0,20353006,combined_ood_006,30,0.0,0.0,0.0,0.0,0.0,0.0,0.11337091922760009,0.11337091922760009,0.11337091922760009,0.11337091922760009,0.11337091922760009,0.11337091922760009,0.0006420563037196795,0.0006577506156948705,0.0006452111760154366,0.0006384802865795792,0.0006352213250162701,0.0006336181152922412,,0.0,,,,0.0,0
visuotactile_persistence,test_combined_ood,0,20353007,combined_ood_007,30,0.0,0.0,0.0,0.0,0.0,0.0,0.1660159985224406,0.1660159985224406,0.1660159985224406,0.1660159985224406,0.1660159985224406,0.1660159985224406,0.0007970603045153742,0.0007830462728937467,0.0007776941735452662,0.0008104053791612387,0.0007980801718076691,0.0008160755251689504,,0.0,,,,0.0,0
visuotactile_persistence,test_combined_ood,0,20353008,combined_ood_008,30,0.07610230846227044,0.04774276695421172,0.05607294494079219,0.07410880182352331,0.09557078331708908,0.10701624527573586,0.26170497536659243,0.2368170181910197,0.248912517229716,0.2576550563176473,0.2701960901419322,0.2949441949526469,0.0054908861243166025,0.002927915379405022,0.0041350055912820005,0.005481109217119713,0.006809284208187213,0.008101116225589067,0.13121087665908696,0.58,,,,68.49207761604339,522
visuotactile_persistence,test_combined_ood,0,20353009,combined_ood_009,30,0.8486221398578749,0.6766663711931971,0.7852614028586282,0.8717875480651855,1.0305878433916305,0.8788075337807337,4.9244988282521565,4.661658040682474,4.72764040629069,4.796166666348776,5.182403763135274,5.254625264803568,0.007844460941075037,0.005049322634780158,0.0062629817053675655,0.007763626977490882,0.00928563268777604,0.01086074069996054,1.3123022781307345,0.6466666666666666,,,,763.7599258720875,582
visuotactile_persistence,test_combined_ood,0,20353010,combined_ood_010,30,0.0,0.0,0.0,0.0,0.0,0.0,0.11183137098948161,0.11183137098948161,0.11183137098948161,0.11183137098948161,0.11183137098948161,0.11183137098948161,0.0007040997718771298,0.0007188541737074653,0.0007070829509757459,0.0007007350640681882,0.0006976672292997439,0.0006961594413345058,,0.0,,,,0.0,0
visuotactile_persistence,test_combined_ood,0,20353011,combined_ood_011,30,0.3025649844156578,0.1042550864060306,0.3282347334962752,0.31487624106100864,0.3755618256723715,0.3898970354426031,2.311325691541036,2.063312808672587,2.2411602179209393,2.2690939267476398,2.4382936080296833,2.54476789633433,0.0069996814530653255,0.005779476824682206,0.006091089771750073,0.006733215103546779,0.007653222787970056,0.008741402777377515,0.49331247459074645,0.6133333333333333,,,,272.30848597409204,552
visuotactile_persistence,test_combined_ood,0,20353012,combined_ood_012,30,0.18734390105638238,0.12192381541762087,0.14944615239898365,0.1804509857462512,0.21385248067478338,0.27104607104427286,0.5461015144983927,0.4290831406911214,0.46822063128153485,0.5210782925287882,0.6006715854008993,0.7114539225896199,0.007296539251304542,0.004887266973188768,0.005751081703541179,0.0071636430026652915,0.008634428062941879,0.010046276514185593,0.2927248454005975,0.64,,,,168.60951095074415,576
visuotactile_persistence,test_combined_ood,0,20353013,combined_ood_013,30,0.16764240634013225,0.12304101221961901,0.08516199514011127,0.13762031416877613,0.226560181025545,0.26582852914660987,0.49760699113210044,0.39450868765513103,0.40528458754221597,0.42697316805521646,0.5729506969451904,0.6883178154627482,0.006867187956813723,0.0066097571786182625,0.006119183513025443,0.006190381532845398,0.007055549238187572,0.00836106832139194,0.2592408345465963,0.6466666666666666,,,,150.87816570611903,582
visuotactile_persistence,test_combined_ood,0,20353014,combined_ood_014,30,0.17881031095981598,0.12035086825489998,0.15908682975504135,0.1812378916475508,0.19608339485194948,0.2372925702896383,0.7838994979858398,0.6924090623855591,0.7394185304641724,0.7878827969233195,0.8065406560897828,0.8932464440663656,0.007672139982072015,0.005264899945662667,0.00612990433194985,0.00758705372766902,0.00900519744027406,0.010373644464804481,0.27939111087471247,0.64,,,,160.92927986383438,576
visuotactile_persistence,test_combined_ood,0,20353015,combined_ood_015,30,0.0,0.0,0.0,0.0,0.0,0.0,0.17802733580271404,0.17802733580271404,0.17802733580271404,0.17802733580271404,0.17802733580271404,0.17802733580271404,0.0007872846819615612,0.0007741317541028063,0.0007532911598294353,0.000778649663940693,0.0008135917809947084,0.0008167590509401635,,0.0,,,,0.0,0
visuotactile_persistence,test_combined_ood,0,20353016,combined_ood_016,30,0.22149397988286285,0.12429422615095972,0.17367264452493852,0.21833450498266352,0.28947887813879386,0.30168964561695855,0.7319953735669454,0.5319859385490417,0.63026069800059,0.7052261114120484,0.861543083190918,0.9309610366821289,0.007451246428924302,0.00540595471781368,0.00608472767053172,0.007276328047737479,0.008585576670399556,0.009903645038139074,0.34251646373638583,0.6466666666666666,,,,199.34458189457655,582
visuotactile_persistence,test_combined_ood,0,20353017,combined_ood_017,30,0.3315156265333967,0.19875588081777096,0.17371090571913456,0.3800143040716648,0.41446445736736576,0.49063258469104765,1.332688349088033,1.2360175132751465,1.2615305344263712,1.3524542252222698,1.3851196765899658,1.428319795926412,0.0082185621598425,0.005597709918705126,0.0067992374572592475,0.008112838006733606,0.009553942530571173,0.011029082885943352,0.5347026234409625,0.62,,,,298.3640638800571,558
visuotactile_persistence,test_combined_ood,0,20353018,combined_ood_018,30,0.0,0.0,0.0,0.0,0.0,0.0,0.10421112378438314,0.10421112378438314,0.10421112378438314,0.10421112378438314,0.10421112378438314,0.10421112378438314,0.000540777740534395,0.0005555321113206446,0.0005437609118719896,0.0005374130404864748,0.000534345213479052,0.0005328374255138139,,0.0,,,,0.0,0
visuotactile_persistence,test_combined_ood,0,20353019,combined_ood_019,30,0.0,0.0,0.0,0.0,0.0,0.0,0.2127499262491862,0.2127499262491862,0.2127499262491862,0.2127499262491862,0.2127499262491862,0.2127499262491862,0.0009132471447810531,0.0008707478176802397,0.0009263861536358794,0.0009366371086798608,0.000923330938288321,0.0009091337056209643,,0.0,,,,0.0,0
visuotactile_persistence,test_combined_ood,0,20353020,combined_ood_020,30,0.0,0.0,0.0,0.0,0.0,0.0,0.11859633127848307,0.11859633127848307,0.11859633127848307,0.11859633127848307,0.11859633127848307,0.11859633127848307,0.0006602018536068499,0.000674957149506857,0.0006631852011196315,0.0006568369455635548,0.0006537689245305955,0.0006522610473136107,,0.0,,,,0.0,0
visuotactile_persistence,test_combined_ood,0,20353021,combined_ood_021,30,0.3382559907664027,0.24375032297232085,0.29853175644659335,0.33933087245871624,0.42474982008958856,0.38491718186479473,2.014864053726196,2.008353058497111,2.0364339192708334,2.0301550388336183,2.009173631668091,1.9902046203613282,0.0068787257077444035,0.004887280490947887,0.005340613554775094,0.006616993084996163,0.00800084958706672,0.009547891820936153,0.5073839861496041,0.6666666666666666,,,,304.4303916897625,600
visuotactile_persistence,test_combined_ood,0,20353022,combined_ood_022,30,0.1989898641547188,0.03460897781058318,0.11164563889873938,0.24102715496491228,0.2924637955484084,0.31520375355095087,1.129519076347351,0.846324642499288,0.9803628285725912,1.230281368891398,1.2726844469706218,1.3179420948028564,0.006377962536644191,0.005057381951094915,0.005315499015462895,0.006172868753007303,0.007187944689455132,0.008156118274200708,0.3014997941738164,0.66,,,,179.09087773924693,594
visuotactile_persistence,test_combined_ood,0,20353023,combined_ood_023,30,0.27081077113023233,0.21905717126662946,0.23806657818301272,0.23182217170380884,0.2936012901883158,0.3715066443093949,1.0004365746180217,0.9117862462997437,0.9457958062489827,0.9798439184824626,1.0178035179773965,1.1469533840815227,0.0077448242080087465,0.005698703501063089,0.006372489869439353,0.007606087725919982,0.00887643041399618,0.010170409529625129,0.44639138098389947,0.6066666666666667,,,,243.7296940172091,546
visuotactile_persistence,test_combined_ood,0,20353024,combined_ood_024,30,0.0,0.0,0.0,0.0,0.0,0.0,0.13361858526865641,0.13361858526865641,0.13361858526865641,0.13361858526865641,0.13361858526865641,0.13361858526865641,0.0011099365873572728,0.0011256308954519531,0.0011130914557725192,0.0011063605702171723,0.001103101612534374,0.001101498402810345,,0.0,,,,0.0,0
visuotactile_persistence,test_combined_ood,0,20353025,combined_ood_025,30,0.0,0.0,0.0,0.0,0.0,0.0,0.15560319821039836,0.15560319821039836,0.15560319821039836,0.15560319821039836,0.15560319821039836,0.15560319821039836,0.0007944714359473437,0.0008100817717301349,0.0007947927806526423,0.0008058456451787303,0.000753939237135152,0.0008076977450400591,,0.0,,,,0.0,0
visuotactile_persistence,test_combined_ood,0,20353026,combined_ood_026,30,0.0,0.0,0.0,0.0,0.0,0.0,0.14690202077229816,0.14690202077229816,0.14690202077229816,0.14690202077229816,0.14690202077229816,0.14690202077229816,0.0011210972885601223,0.0011367915780283512,0.0011242521577514708,0.0011175212760766347,0.0011142623183938364,0.0011126591125503182,,0.0,,,,0.0,0
visuotactile_persistence,test_combined_ood,0,20353027,combined_ood_027,30,0.21956129168574182,0.13107516106942463,0.172885997277788,0.21249505822132858,0.2722828241530806,0.3090674177070873,0.8688306848208109,0.7926443060239156,0.7674023866653442,0.9081039269765218,0.8708856026331584,1.0051172018051147,0.00710324811283499,0.00491044654045254,0.005917326368701955,0.007035555430532744,0.00822269059329604,0.009430221631191671,0.3360632015598089,0.6533333333333333,,,,197.60516251716763,588
visuotactile_persistence,test_combined_ood,0,20353028,combined_ood_028,30,0.13470683217462567,0.11445499882102013,0.1195205583754513,0.12131206778188547,0.1591012486981021,0.15914528719666932,0.4625679024060567,0.4655571420987447,0.44502747456232705,0.4302683154741923,0.5036331454912821,0.4683534344037374,0.006876855990461384,0.004641321055047835,0.0054743259640720986,0.0067991556716151536,0.008099287952063605,0.009370189309508229,0.20830953429065824,0.6466666666666666,,,,121.2361489571631,582
visuotactile_persistence,test_combined_ood,0,20353029,combined_ood_029,30,0.0,0.0,0.0,0.0,0.0,0.0,0.1784297188123067,0.1784297188123067,0.1784297188123067,0.1784297188123067,0.1784297188123067,0.1784297188123067,0.0007788032308841745,0.0007707174789781372,0.0007886973229081681,0.000789044052362442,0.0007668739786216368,0.0007786833215504885,,0.0,,,,0.0,0
visuotactile_shuffled_touch,test_combined_ood,0,20353000,combined_ood_000,30,0.0302771273896926,0.03550681202775902,0.03221744651802712,0.029858144145045014,0.02787316529494193,0.025930068962689904,0.058253725369771324,0.06784138679504395,0.06398870944976806,0.057512307167053224,0.05227540334065755,0.04965082009633382,0.0003716670116409659,0.0004533774685114622,0.00042868120751033225,0.00035218324434633055,0.00031679381305972735,0.0003072993247769773,,0.0,,,,0.0,0
visuotactile_shuffled_touch,test_combined_ood,0,20353001,combined_ood_001,30,2.327863100696769,2.3925954785404935,2.331645092368126,2.3149009300188887,2.302836264525023,2.2973377380313145,6.259302686055501,6.3834801832834875,6.238055634498596,6.230249547958374,6.221317434310913,6.223410630226136,0.053843769101658834,0.05414552531437948,0.05410499909582237,0.053805359029987204,0.05365009110149307,0.05351287096661205,,0.0,,,,0.0,0
visuotactile_shuffled_touch,test_combined_ood,0,20353002,combined_ood_002,30,1.353859165503333,1.3785868073917098,1.3156326227097048,1.3157111884715655,1.3650615862881144,1.3943036226555705,3.530803027153015,3.565460213025411,3.439301566282908,3.448140736420949,3.576231821378072,3.624880798657735,0.005516245017449061,0.007858315447811038,0.0061254478253734606,0.004968680363769333,0.004455706659549226,0.004173074790742248,2.0547584769083187,0.64,,,,1183.5408826991916,576
visuotactile_shuffled_touch,test_combined_ood,0,20353003,combined_ood_003,30,0.5486964451894164,0.5101913701949848,0.5034640232101083,0.5626017164232002,0.5564325665848122,0.6107925495339764,0.43990125179290773,0.38451285362243653,0.36007866859436033,0.4850768566131592,0.4402057568232218,0.5296321233113607,0.009228667163600525,0.00942527325823903,0.009267083008307964,0.00920022908054913,0.009154193052866806,0.00909655741803969,0.8222993260857706,0.6533333333333333,,,,483.5120037384331,588
visuotactile_shuffled_touch,test_combined_ood,0,20353004,combined_ood_004,30,1.291042582485825,1.392289491297884,1.2537361707641848,1.2439073673656418,1.2669510204551948,1.2983288625462188,2.701806003252665,2.9148739695549013,2.551691770553589,2.564687168598175,2.67992684841156,2.797850259145101,0.05164083347966274,0.050359109401082,0.0507764601885962,0.051522305891073,0.052432300701426966,0.05311399121613552,1.9736216786529934,0.6333333333333333,,,,1124.9643568322062,570
visuotactile_shuffled_touch,test_combined_ood,0,20353005,combined_ood_005,30,0.02623599487046401,0.029320237350960572,0.02499510625170337,0.025682757505112223,0.025749347793559235,0.025432525450984636,0.06798589547475178,0.08528988361358643,0.06732908089955648,0.0653428872426351,0.06175520420074463,0.06021242141723633,0.0004959523642901331,0.0004889843966035793,0.0005060844918868194,0.00048045247870807847,0.0004972811109231164,0.000506959343329072,,0.0,,,,0.0,0
visuotactile_shuffled_touch,test_combined_ood,0,20353006,combined_ood_006,30,0.028117118299835257,0.030344096757471562,0.0264301685616374,0.027240257896482944,0.028272717487480906,0.028298350796103478,0.05267063776652018,0.060442876815795896,0.05178236166636149,0.04966082572937012,0.050120822588602704,0.0513463020324707,0.0004598262518023451,0.0005603366997092962,0.0005395003866093854,0.00043612129132573804,0.00038645025730753936,0.00037672262405976655,,0.0,,,,0.0,0
visuotactile_shuffled_touch,test_combined_ood,0,20353007,combined_ood_007,30,1.185320817153487,1.209443686881827,1.1889721287828352,1.1800346014607284,1.1751665949200591,1.172987073721985,2.8617957615852356,2.8707874099413555,2.862067532539368,2.8601346015930176,2.8570268948872886,2.858962368965149,0.05065873380245951,0.05062594201687413,0.05076212913845666,0.05078704424474078,0.05064053576012763,0.05047801785209837,,0.0,,,,0.0,0
visuotactile_shuffled_touch,test_combined_ood,0,20353008,combined_ood_008,30,2.1854900152970935,2.027813114086166,2.137904175826245,2.2078681672509344,2.2558443078771235,2.298020311444998,6.001802517573039,5.4788109302520756,5.816211740175883,6.084632054964701,6.248788507779439,6.380569354693095,0.005712614320994665,0.006348266683441277,0.005438011386043703,0.005253129328290622,0.00556370085493351,0.005959963352264216,3.4238381216220444,0.58,,,,1787.2434994867072,522
visuotactile_shuffled_touch,test_combined_ood,0,20353009,combined_ood_009,30,5.283524851869378,5.195318246074021,5.226275159315103,5.245456393435598,5.365162225874761,5.385412234647406,12.528598213195801,12.294881423314413,12.360809890429179,12.419360168774922,12.773566285769144,12.794373297691346,0.04596258883519719,0.044886730483267454,0.04552041179267689,0.04595708157479142,0.04648328780895099,0.046965432516299185,8.154076435555195,0.6466666666666666,,,,4745.6724854931235,582
visuotactile_shuffled_touch,test_combined_ood,0,20353010,combined_ood_010,30,2.660155209571951,2.618708154393567,2.6468134064123863,2.67020928616532,2.679193318945666,2.685851881942815,7.171828670501709,6.9812898953755695,7.106289235750834,7.201373561223348,7.258876128991445,7.311314531167349,0.04043119229764367,0.04020153833553195,0.040251906736133,0.040504444669932124,0.040620376414153725,0.04057769533246756,,0.0,,,,0.0,0
visuotactile_shuffled_touch,test_combined_ood,0,20353011,combined_ood_011,30,1.5955005190687046,1.572595399721629,1.5759433115935988,1.5965287416345544,1.612617700588372,1.6198174418053692,3.4115020569165546,3.3864747484525046,3.3509644826253253,3.358651296297709,3.452284797032674,3.5091349601745607,0.011978201049690445,0.01151201802228267,0.01184687229882305,0.012027869699522853,0.012180570295701425,0.01232367493212223,2.582436390356093,0.6133333333333333,,,,1425.5048874765635,552
visuotactile_shuffled_touch,test_combined_ood,0,20353012,combined_ood_012,30,1.9682018940067953,1.9487742967075772,1.9294736980564064,1.9427800298564963,1.990818039017419,2.0291634063960777,5.2416836682955426,5.135506264368693,5.130686748027801,5.168774302800497,5.344863255818685,5.428587770462036,0.004522576874975736,0.005868616028844069,0.0046623361180536445,0.004137651478716483,0.003969107517817368,0.003975173231447115,3.0449580595337062,0.64,,,,1753.8958422914147,576
visuotactile_shuffled_touch,test_combined_ood,0,20353013,combined_ood_013,30,1.1817287352267238,1.2608538595545622,1.1925529781728983,1.143512205965817,1.1537076346990136,1.1580169977413284,2.836009251276652,2.9826809565226235,2.863906804720561,2.77355420589447,2.8002063194910685,2.7596979697545367,0.0066493174363859,0.006933384687484553,0.006947628261211018,0.006741510461627816,0.006473257802038764,0.006150805969567349,1.8127654600325216,0.6466666666666666,,,,1055.0294977389276,582
visuotactile_shuffled_touch,test_combined_ood,0,20353014,combined_ood_014,30,2.55703110638592,2.7308958988740213,2.575512260550426,2.512183686873565,2.4935877283414203,2.472975957290166,6.166122272014618,6.5748753865559895,6.142199468612671,6.060758264859517,6.058829923470815,5.993948316574096,0.04994605405954644,0.04941981721979876,0.04976584476341183,0.05005932116182521,0.05027728329102198,0.05020800386167442,3.9636531095149823,0.64,,,,2283.06419108063,576
visuotactile_shuffled_touch,test_combined_ood,0,20353015,combined_ood_015,30,3.1187130205685065,3.1014320219866933,3.11426915930998,3.1229585584460033,3.1264853674504494,3.1284199956494074,8.788293654123942,8.730489834149678,8.757315492630005,8.799144959449768,8.820618748664856,8.833899235725402,0.05128016027777145,0.05156824915514638,0.05153480041384076,0.051422194513725115,0.05110150058559763,0.05077405672054738,,0.0,,,,0.0,0
visuotactile_shuffled_touch,test_combined_ood,0,20353016,combined_ood_016,30,1.3404480047937897,1.2990888884601495,1.2662608469319012,1.3243513855358793,1.3820036901161075,1.430535212924911,3.41844211101532,3.2968223015467326,3.214538637797038,3.361592435836792,3.537101976076762,3.682155203819275,0.004328083476284519,0.005638284531111519,0.004943974376268064,0.004068892705254257,0.0035891948636466017,0.0034000709051421533,2.053042023567502,0.6466666666666666,,,,1194.8704577162862,582
visuotactile_shuffled_touch,test_combined_ood,0,20353017,combined_ood_017,30,3.0103829688397754,2.92725839190599,2.939984629740421,3.0464109306223692,3.057065665245884,3.081195226684213,6.61874089717865,6.361660083134969,6.45061817963918,6.6776365518569945,6.760195295015971,6.843594376246134,0.04012078591156751,0.03928808378598963,0.03988673175141836,0.04024450151676622,0.040498480363748965,0.04068613213991436,4.842530492463693,0.62,,,,2702.132014794741,558
visuotactile_shuffled_touch,test_combined_ood,0,20353018,combined_ood_018,30,0.021860077923370733,0.022410011529508563,0.022751866705301736,0.02227738220244646,0.021555175570150218,0.020305953609446686,0.046464823087056475,0.047860304514567055,0.04648756980895996,0.046376125017801924,0.045679473876953126,0.045920642217000325,0.00029641966723526516,0.00037378349419062336,0.00033201576055337984,0.0002647282633309563,0.0002563241442355017,0.0002552466738658647,,0.0,,,,0.0,0
visuotactile_shuffled_touch,test_combined_ood,0,20353019,combined_ood_019,30,0.025540919630891747,0.031400398992829856,0.0244147889316082,0.023873233112196128,0.02380494246673253,0.024211234651092026,0.08768852074941,0.10857108434041342,0.08765145937601725,0.08391296863555908,0.07979079882303873,0.07851629257202149,0.0005521352963599687,0.0004884051149322961,0.0005650739486251648,0.000550755052245222,0.0005858778584903727,0.0005705645075067878,,0.0,,,,0.0,0
visuotactile_shuffled_touch,test_combined_ood,0,20353020,combined_ood_020,30,2.4743639029127857,2.5069884304371146,2.4832990914169284,2.480134174000058,2.4614301812214157,2.4399676374884116,6.490237284501394,6.49253199895223,6.503854421774546,6.5213961442311605,6.487197454770406,6.446206402778626,0.048017316654634976,0.046853454151035596,0.04771250592699895,0.04815169615127767,0.04853325738028313,0.048835669663579516,,0.0,,,,0.0,0
visuotactile_shuffled_touch,test_combined_ood,0,20353021,combined_ood_021,30,0.8747556997877028,0.893863052336706,0.9352169203261534,0.8628887715852923,0.816404562526279,0.8654051921640833,1.2634262243906658,1.3772001187006633,1.3535900354385375,1.2189995606740316,1.1749674161275228,1.1923739910125732,0.008346973319227497,0.008205751007578026,0.008456015974904101,0.00850872485122333,0.008336154018373539,0.00822822074405849,1.2985468087469538,0.6666666666666666,,,,779.1280852481723,600
visuotactile_shuffled_touch,test_combined_ood,0,20353022,combined_ood_022,30,1.0345450704689656,1.1252387546572007,1.0338518882791201,0.9879265074928602,1.0074627387389126,1.018245463176734,2.2427950874964395,2.5361507256825764,2.240983247756958,2.147017741203308,2.1294203122456867,2.1604034105936685,0.004391514952294529,0.006003728113137185,0.005008720133143167,0.004216132887328665,0.003554893824427078,0.0031740998034365474,1.5359124890324793,0.66,,,,912.3320184852928,594
visuotactile_shuffled_touch,test_combined_ood,0,20353023,combined_ood_023,30,2.770054283779011,2.7299719829966005,2.7496211905239356,2.760586219198174,2.776642738562077,2.833449287614268,6.783098724683126,6.6270387172698975,6.725981680552165,6.776537013053894,6.8260352373123165,6.959900975227356,0.03787668768500831,0.0372340648357446,0.03770361391943879,0.03793254008730097,0.03814683260037176,0.03836638698218545,4.551525622114178,0.6066666666666667,,,,2485.132989674341,546
visuotactile_shuffled_touch,test_combined_ood,0,20353024,combined_ood_024,30,0.03611159176669187,0.036582158423132366,0.03673351381181015,0.03624830009001825,0.035870227052105796,0.03512375945639279,0.0681506331761678,0.07893524964650472,0.06893963019053141,0.06748504638671875,0.0634255568186442,0.06196768283843994,0.00042434816947206855,0.00041141583351418377,0.0004869370410839717,0.00043217102841784557,0.0004039744807717701,0.00038724246357257165,,0.0,,,,0.0,0
visuotactile_shuffled_touch,test_combined_ood,0,20353025,combined_ood_025,30,0.027257311170299846,0.0347923133108351,0.027404064705802336,0.026221056054863665,0.02464167991032203,0.023227441869676114,0.057751800219217934,0.08277105490366618,0.06077493826548259,0.05384608109792074,0.047151978810628256,0.044214948018391924,0.0004112948116380721,0.0003736288674796621,0.00041178394652282196,0.00040598630827541154,0.0004216369784747561,0.00044343795743770895,,0.0,,,,0.0,0
visuotactile_shuffled_touch,test_combined_ood,0,20353026,combined_ood_026,30,1.225959158167243,1.2263036360032857,1.2004328907156985,1.213920888584107,1.234008140085886,1.2551302354472378,2.9479944856961566,2.8954920053482054,2.868899381160736,2.9274425943692526,2.9923758784929912,3.0557625691095986,0.0590633192518726,0.05760797609885534,0.0592550850007683,0.05951411558004717,0.05954167221983274,0.05939774735985945,,0.0,,,,0.0,0
visuotactile_shuffled_touch,test_combined_ood,0,20353027,combined_ood_027,30,0.6028256620859934,0.5724140969312026,0.5206010890710685,0.6075527447586259,0.6137219004953901,0.6998384791736801,0.5743081092834472,0.48923229376475014,0.41659393310546877,0.5562452872594198,0.6014688571294149,0.8080001751581828,0.007706480102303128,0.0079186634432214,0.007818731950828805,0.007663089723791927,0.007534025351439292,0.007597890042234212,0.9124717711832147,0.6533333333333333,,,,536.5334014557302,588
visuotactile_shuffled_touch,test_combined_ood,0,20353028,combined_ood_028,30,1.3148142609621087,1.4030951001060505,1.3168911016132268,1.295937958959904,1.2888508000928494,1.269296344038513,2.6783141040802003,2.8161282857259113,2.614156011740367,2.6732259432474774,2.6331445256869,2.654915754000346,0.044097121354037275,0.0434411366431353,0.04398039700851465,0.044414447302309173,0.04452266409837951,0.04412696171784773,1.9691594181217484,0.6466666666666666,,,,1146.0507813468575,582
visuotactile_shuffled_touch,test_combined_ood,0,20353029,combined_ood_029,30,0.03479469855626424,0.04466364512013064,0.03604775652703312,0.032900043059554365,0.03074452169239521,0.02961752638220787,0.06791430314381917,0.089473295211792,0.07042324542999268,0.06353820164998372,0.058654157320658366,0.05748261610666911,0.0005168581750088682,0.0004833356661644454,0.0004948242451064289,0.0005109659735656654,0.0005365703526573877,0.0005585946375504137,,0.0,,,,0.0,0
visuotactile_world_model,test_id,1,20350000,id_000,30,0.14128854332698715,0.09798243993686305,0.1183649326985081,0.15321737652023634,0.1682622238372763,0.168615743642052,0.3101065214474996,0.1965432365735372,0.2115801254908244,0.3442438840866089,0.39473429520924885,0.40343106587727867,0.0026193822408095003,0.0017869424540549518,0.002330112181759129,0.0027217821431501457,0.0029758552807228017,0.0032822191443604726,0.19782185345035208,0.66,1.0,1.0,1.0,117.50618094950914,594
visuotactile_world_model,test_id,1,20350001,id_001,30,0.07403574149227804,0.07965131886303425,0.07485160819358296,0.07319165073956052,0.0713223797476126,0.0711617499175999,0.2123188845316569,0.22720071872075398,0.21344096263249715,0.20994796752929687,0.20619045893351237,0.20481431484222412,0.002647775416262448,0.0027864409727044403,0.002681767715451618,0.0026111835225795708,0.00256673014179493,0.0025927547287816805,,0.0,1.0,1.0,1.0,0.0,0
visuotactile_world_model,test_id,1,20350002,id_002,30,0.37149763378004236,0.28217515459077225,0.32469966662012867,0.34305175938126115,0.4101849085961779,0.49737667971187166,0.7106504392623901,0.4591784079869588,0.5318010171254476,0.6553248802820841,0.8499929030736287,1.0569549878438314,0.0034273264285487434,0.0032624405459500848,0.003486149711534381,0.003521506142957757,0.0034513969090767204,0.0034151388332247733,0.5596120350376489,0.6466666666666666,0.0,1.0,0.0,325.6942043919116,582
visuotactile_world_model,test_id,1,20350003,id_003,30,0.044828834815157786,0.05392453606343932,0.04633896673719088,0.043080207850370145,0.0409511054555575,0.03984935796923107,0.10194350878397623,0.11686406135559083,0.10307190418243409,0.09835029443105062,0.09538474082946777,0.0960465431213379,0.0008626722156380613,0.0011117862809138994,0.0009125815394024054,0.0008014468437371155,0.000740060043366005,0.0007474863707708816,,0.0,1.0,1.0,1.0,0.0,0
visuotactile_world_model,test_id,1,20350004,id_004,30,0.14273925682788507,0.0952856698927159,0.10471789526442686,0.13718812794735033,0.1725162139472862,0.20398837708764606,0.29269089460372927,0.1714172879854838,0.2036290645599365,0.2864099383354187,0.3673609177271525,0.4346372644106547,0.001481123419944197,0.0014641612418927253,0.0013564639414350192,0.0014611030055675656,0.0015190837710785368,0.0016048051397471379,0.20375285822737813,0.6066666666666667,1.0,1.0,1.0,111.24906059214845,546
visuotactile_world_model,test_id,1,20350005,id_005,30,0.03941281358814902,0.04007027287864023,0.03908887191986044,0.03971028698401319,0.03952761954731411,0.03866701661091712,0.08808515230814616,0.10750458240509034,0.0875256856282552,0.08148573239644369,0.08118924299875895,0.08272051811218262,0.0012428525974974036,0.0011858279545170565,0.0012633134184094766,0.001258391134130458,0.001246381679084152,0.001260348801345875,,0.0,1.0,1.0,1.0,0.0,0
visuotactile_world_model,test_id,1,20350006,id_006,30,0.15609953495001214,0.09701655798902115,0.14167901281681325,0.15429056766960356,0.17096379531754388,0.21654774095707882,0.3563479789098104,0.2061697483062744,0.325840683778127,0.36509908040364586,0.4103947718938192,0.47423561016718546,0.005661605203058571,0.0035173410704980295,0.0045479962679867945,0.005693202849943191,0.006748651949844013,0.007800833877020826,0.23504071666261325,0.6266666666666667,1.0,1.0,1.0,132.56296419771388,564
visuotactile_world_model,test_id,1,20350007,id_007,30,0.03777737796720531,0.04278884298271603,0.03761141538206074,0.03646415699687269,0.0358256408944726,0.036196833579904504,0.10738372166951497,0.1139947255452474,0.10431517759958903,0.10491243203481039,0.10541300773620606,0.10828326543172201,0.0010657810629345476,0.0011034180022155245,0.0010703754456092914,0.0010452734772115947,0.0010354868213956554,0.0010743515682406723,,0.0,1.0,1.0,1.0,0.0,0
visuotactile_world_model,test_id,1,20350008,id_008,30,0.1831485176552087,0.11130724514627623,0.1473990742945009,0.1930544361161689,0.21996726823660234,0.2440145644824952,0.4103273590405782,0.24516069889068604,0.33364935715993244,0.4410754879315694,0.4869551658630371,0.544796085357666,0.0016548466061552366,0.0010531282188215604,0.0013561890606069936,0.0016098312810451413,0.0019553749511639277,0.00229970951913856,0.2599137816942443,0.6533333333333333,1.0,1.0,1.0,152.82930363621563,588
visuotactile_world_model,test_id,1,20350009,id_009,30,0.16151475717210106,0.11782229738827381,0.14140994588637518,0.15368627614031236,0.17578976094308826,0.21886550550245576,0.49372037649154665,0.2851741154988607,0.4063361962636312,0.49734631379445393,0.5838302969932556,0.6959149599075317,0.001875064560639051,0.0013983489014208316,0.0016869515917884808,0.0018670255958568305,0.002049398598804449,0.0023735981153246636,0.24454993690225355,0.6266666666666667,1.0,1.0,1.0,137.926164412871,564
visuotactile_world_model,test_id,1,20350010,id_010,30,0.40755015088866153,0.4049051334046655,0.34726888046910365,0.34173544463184147,0.45316182492921747,0.4906794710084796,1.3326525537172953,1.3091041962305705,1.2559191147486368,1.192231798171997,1.442606472969055,1.463401186466217,0.0032720147472961496,0.0028930089087225498,0.00326357800901557,0.0033875971120626977,0.003385434194933623,0.003430455511746307,0.5937017827562177,0.6733333333333333,1.0,1.0,1.0,359.7832803502679,606
visuotactile_world_model,test_id,1,20350011,id_011,30,0.26039597464311454,0.13725039046257734,0.19749757753064234,0.24962985242406527,0.31811400742994417,0.3994880453683436,0.767245066165924,0.40922425587972006,0.5969174226125081,0.758027442296346,0.9347180962562561,1.13733811378479,0.0029193288506940006,0.0022050968953408303,0.0025418474921025335,0.00292539750225842,0.0032801752327941357,0.003644127130974084,0.3870320686737645,0.6466666666666666,1.0,1.0,1.0,225.25266396813095,582
visuotactile_world_model,test_id,1,20350012,id_012,30,0.04151622738275263,0.045012731932931475,0.04121532489856084,0.040380649723940426,0.040047740936279295,0.04092468942205111,0.11791469097137451,0.11649221579233805,0.11413548787434896,0.11717813809712728,0.11970869700113933,0.12205891609191895,0.0011676593140388528,0.001115013643478354,0.0011555556013869742,0.0011572952809122702,0.001169506829076757,0.001240925215339909,,0.0,1.0,1.0,1.0,0.0,0
visuotactile_world_model,test_id,1,20350013,id_013,30,0.21367694279385938,0.19066201235271163,0.1903442674368206,0.20441166224061616,0.22816344998880392,0.25480332195034455,0.5452467242876688,0.47425251801808677,0.5007384300231934,0.5292849620183309,0.5872499744097391,0.6347077369689942,0.0017664936107272904,0.0014836849528364836,0.0015948471496812998,0.001746980419072012,0.001898601045832038,0.002108354486214618,0.3196095125749707,0.6066666666666667,1.0,1.0,1.0,174.50679386593401,546
visuotactile_world_model,test_id,1,20350014,id_014,30,0.21401125522744324,0.1595952331398924,0.1930706386350923,0.20668123476207256,0.23650242724559373,0.2742067423545652,0.4017962447802226,0.28236624399820964,0.31336594820022584,0.37346084117889405,0.47480472723642986,0.5649834632873535,0.004952437170237924,0.003962834874012818,0.0046540677120598655,0.005048688648579021,0.005375686648767442,0.005720907967770472,0.3344829034213716,0.5933333333333334,1.0,1.0,1.0,178.61387042701244,534
visuotactile_world_model,test_id,1,20350015,id_015,30,0.2598558388836682,0.21942315216486652,0.24369737271012532,0.2616951026643316,0.2654388993150658,0.3090246675639517,0.5952491680781047,0.5136143604914347,0.5704283396402995,0.6062064210573832,0.6200861612955729,0.665910557905833,0.0023077101004309953,0.002262498155081024,0.0021166941267438235,0.002194697114949425,0.0023393842197644214,0.0026252768856162827,0.3993108361163109,0.6133333333333333,1.0,1.0,1.0,220.41958153620362,552
visuotactile_world_model,test_id,1,20350016,id_016,30,0.4275106274957458,0.3006419975310564,0.3445570441376832,0.48642693815959825,0.5115943927110898,0.49433276493930156,0.8683276708920796,0.5870445013046265,0.7384910702705383,0.8955660820007324,1.0726395765940349,1.0478971242904662,0.0014147276951310536,0.0012639858216668169,0.0010109625213469068,0.0012234021346860875,0.0015977657264253746,0.0019775222715300816,0.6389591044169807,0.6533333333333333,0.0,1.0,0.0,375.7079533971846,588
visuotactile_world_model,test_id,1,20350017,id_017,30,0.02888373713940382,0.02761024437430832,0.02785947983049684,0.028863586568170122,0.02979307994246483,0.030292294981578986,0.09946479002634684,0.10060885747273764,0.09745402336120605,0.09777695337931315,0.09917159875233968,0.10231251716613769,0.0009698165184818208,0.0010248315210143724,0.0009758460451848805,0.0009566068144825598,0.0009288940772724648,0.0009629041344548265,,0.0,1.0,1.0,1.0,0.0,0
visuotactile_world_model,test_id,1,20350018,id_018,30,0.30494084041358693,0.2596469919093781,0.2779418555812703,0.29321682909503577,0.33738486325989164,0.3565136622223589,0.7029844141006469,0.6089094877243042,0.6337579488754272,0.6815918763478597,0.7602737506230672,0.8303890069325764,0.0020519463836293048,0.002160626273447027,0.0020020591871192056,0.0019283271200644474,0.001977987666032277,0.0021907316714835662,0.47494699389579287,0.6133333333333333,1.0,1.0,1.0,262.17074063047767,552
visuotactile_world_model,test_id,1,20350019,id_019,30,0.17678313759672973,0.10573183595616785,0.13460812197170324,0.19034643405013615,0.19557067022865846,0.25765862577698295,0.4599587400754293,0.33639909426371256,0.38741911252339684,0.48987130721410116,0.46921525796254476,0.6168889284133912,0.0015618713083676995,0.0012221149285323919,0.0012791186609926323,0.0014558883577895662,0.001750947612648209,0.002101286981875698,0.2400793250829391,0.6466666666666666,1.0,1.0,1.0,139.72616719827056,582
visuotactile_world_model,test_id,1,20350020,id_020,30,0.1730373539444473,0.09758695397112105,0.13677661423054005,0.21402521690146792,0.20093224710888333,0.21586573751022417,0.403555912176768,0.23914768695831298,0.3379786213239034,0.5430358250935873,0.42010342280069984,0.4775140047073364,0.005466932666798432,0.0029695060938441506,0.004364332587768634,0.005645724506272624,0.0066669095656834544,0.007688190580423301,0.22706211577217603,0.6466666666666666,1.0,1.0,1.0,132.15015137940645,582
visuotactile_world_model,test_id,1,20350021,id_021,30,0.3638338238870104,0.22001609928492044,0.2811442120828562,0.37842653097791806,0.4354750851376189,0.5041071919517385,0.8158508976300557,0.417415984471639,0.5762166500091552,0.8258185466130574,1.0157418727874756,1.2440614342689513,0.0021959135838551446,0.0021632978663546965,0.0020820896335256595,0.002152965893037617,0.0022014670190401374,0.0023797475073176126,0.5266986954711353,0.6733333333333333,1.0,1.0,1.0,319.179409455508,606
visuotactile_world_model,test_id,1,20350022,id_022,30,0.04741507063309352,0.057479414985411696,0.04879130685908927,0.04539887364953756,0.04321575342781014,0.04219000424361891,0.09810959100723267,0.10992642641067504,0.09672053654988606,0.09539838631947835,0.09394272963205973,0.09455987612406412,0.0007379345890755455,0.0009813845856115222,0.000778146608111759,0.0006738396012224257,0.000620803147709618,0.0006354990027224024,,0.0,1.0,1.0,1.0,0.0,0
visuotactile_world_model,test_id,1,20350023,id_023,30,0.2699778114699034,0.19606024788485632,0.22440509483632115,0.2523526251936952,0.2995756418754657,0.3774954475591787,0.5291370010375976,0.34440344174702964,0.44218799273173015,0.5053494493166606,0.5800392190615337,0.7737049023310344,0.0018956079822964966,0.0022927232668735085,0.0020996622644209612,0.0018271990295033902,0.0016738224813404182,0.0015846328693442046,0.3974951019140978,0.6466666666666666,1.0,1.0,1.0,231.34214931400493,582
visuotactile_world_model,test_id,1,20350024,id_024,30,0.17917428200236626,0.1164294149312708,0.14327278680478533,0.20512458303322395,0.2302082785508699,0.20083634669168127,0.449589733282725,0.3011627515157064,0.3533860445022583,0.4920471469561259,0.6090695222218832,0.49228320121765134,0.0046747209834090125,0.002519521586752186,0.0037086757210393747,0.004740453938332697,0.005695509561337531,0.006709444109583273,0.2599759903692064,0.6533333333333333,1.0,1.0,1.0,152.86588233709335,588
visuotactile_world_model,test_id,1,20350025,id_025,30,0.5436856669053022,0.3888149852864444,0.4423290910406245,0.5553187372162938,0.6538621927301089,0.6781033282530391,1.2925529177983601,0.8778958320617676,1.1656828761100768,1.3433776021003723,1.4362261851628622,1.639582093556722,0.005356064688724776,0.005205565512490769,0.005323864616608868,0.005229407960238556,0.005353214032948017,0.00566827132133767,0.8104146589338146,0.6533333333333333,1.0,0.0,0.0,476.523819453083,588
visuotactile_world_model,test_id,1,20350026,id_026,30,0.3191096907150414,0.28455488280289704,0.27636499079979127,0.3121889628883865,0.33599410717272093,0.38644550991141136,0.5459726111094156,0.5105441967646281,0.4996806621551514,0.5468663334846496,0.5789172371228536,0.5938546260197958,0.0012303103941182295,0.0015142490369422982,0.001102360402001068,0.0008995513140689582,0.0011282811057753861,0.0015071101118034373,0.47122025831292075,0.6533333333333333,1.0,1.0,1.0,277.0775118879974,588
visuotactile_world_model,test_id,1,20350027,id_027,30,0.174189583853715,0.1048583248216245,0.1304157390569647,0.17237060494307016,0.2088639378754629,0.25443931257145275,0.5680547245343526,0.37123618125915525,0.4585142215092977,0.5818608323733012,0.6594029982884725,0.7692593892415365,0.0031017628971797724,0.002888365687491993,0.0029571086439924934,0.0030531508615240454,0.003202061424963176,0.0034081278679271537,0.26566298821386897,0.62,1.0,1.0,1.0,148.2399474233389,558
visuotactile_world_model,test_id,1,20350028,id_028,30,0.038857373982254,0.0438364631185929,0.03858345399300257,0.03751572460557024,0.036841824599024325,0.037509403595079975,0.09198926130930583,0.09076215426127116,0.08801498413085937,0.09138650099436442,0.09379031658172607,0.0959923505783081,0.0008959192293696106,0.0008047136516931157,0.0008781730430200696,0.0008914181031286717,0.0009146697741622726,0.0009906215748439232,,0.0,1.0,1.0,1.0,0.0,0
visuotactile_world_model,test_id,1,20350029,id_029,30,0.2278115777671337,0.11737981119917498,0.17520481192817292,0.24146808143705129,0.29826220942454207,0.3067429748467273,0.5315162881215414,0.2766254742940267,0.4416272799173991,0.5843864202499389,0.6491302251815796,0.7058120409647624,0.003911969698577498,0.002622745248178641,0.003285381729559352,0.0038505540889066953,0.004549786811306452,0.005251380614936352,0.32868098911708915,0.6533333333333333,1.0,1.0,1.0,193.26442160084844,588
visuotactile_persistence,test_id,1,20350000,id_000,30,0.06178637057542801,0.0035549152228567336,0.06950282069543998,0.07843865209983455,0.07779135211474365,0.07964411274426514,0.28917772610982256,0.15152850945790608,0.30705408652623495,0.3253938317298889,0.3296135385831197,0.3322986642519633,0.005105549790120373,0.00182523278441901,0.0033738876421314976,0.005018857858764629,0.006754313029038409,0.00855545763624832,0.09361571299307274,0.66,,,,55.60773351788521,594
visuotactile_persistence,test_id,1,20350001,id_001,30,0.0,0.0,0.0,0.0,0.0,0.0,0.17107383012771607,0.17107383012771607,0.17107383012771607,0.17107383012771607,0.17107383012771607,0.17107383012771607,0.0031163758264544108,0.003132100170478225,0.003119536202090482,0.003112793069643279,0.0031095279729925094,0.0031079217170675594,,0.0,,,,0.0,0
visuotactile_persistence,test_id,1,20350002,id_002,30,0.22236113448316852,0.15270814574840996,0.1881308673467073,0.20751919703454608,0.23488352317880426,0.328563939107375,0.6299159661928813,0.4266487002372742,0.5047998309135437,0.5910628358523051,0.7079120596249898,0.9191564043362935,0.0069239866756834086,0.003839389079560836,0.005387771812578043,0.006920450603744636,0.008409263698073726,0.010063058184459805,0.34385742445850803,0.6466666666666666,,,,200.12502103485167,582
visuotactile_persistence,test_id,1,20350003,id_003,30,0.0,0.0,0.0,0.0,0.0,0.0,0.14648436307907103,0.14648436307907103,0.14648436307907103,0.14648436307907103,0.14648436307907103,0.14648436307907103,0.0018394523859024048,0.0018551766678380468,0.0018426127615384757,0.0018358696290912727,0.0018326045634845893,0.0018309983075596391,,0.0,,,,0.0,0
visuotactile_persistence,test_id,1,20350004,id_004,30,0.13795492568415485,0.07915333640606453,0.11927899752950502,0.144269849660082,0.15730753129141198,0.18976491353371078,0.4169772569338481,0.25261750221252444,0.35536009867986046,0.4332567691802979,0.4871278047561646,0.556524109840393,0.006112189973937348,0.0033079991233535113,0.004625746976428976,0.00605088928520369,0.007523710602739205,0.009052603881961356,0.2273982291497058,0.6066666666666667,,,,124.15943311573938,546
visuotactile_persistence,test_id,1,20350005,id_005,30,0.0,0.0,0.0,0.0,0.0,0.0,0.19750308990478516,0.19750308990478516,0.19750308990478516,0.19750308990478516,0.19750308990478516,0.19750308990478516,0.001390117711853236,0.0014058420279373725,0.0013932780905937154,0.0013865349581465125,0.0013832698770177862,0.0013816636055707932,,0.0,,,,0.0,0
visuotactile_persistence,test_id,1,20350006,id_006,30,0.07068707540579554,0.023660048242244457,0.05529100025693576,0.06748954993155268,0.07807750147249963,0.1289172771257452,0.22722125450770062,0.1651665250460307,0.2150948445002238,0.22173812786738079,0.23082789580027263,0.30327887932459513,0.00470769741339609,0.0022143662984793386,0.003303184868612637,0.004628346433552603,0.005978116571592788,0.007414472894743085,0.1127985245837163,0.6266666666666667,,,,63.61836786521599,564
visuotactile_persistence,test_id,1,20350007,id_007,30,0.0,0.0,0.0,0.0,0.0,0.0,0.12858547767003378,0.12858547767003378,0.12858547767003378,0.12858547767003378,0.12858547767003378,0.12858547767003378,0.0014625210803933442,0.0014782452024519443,0.0014656814242092271,0.0014589383538501958,0.0014556733231681088,0.0014540670982872447,,0.0,,,,0.0,0
visuotactile_persistence,test_id,1,20350008,id_008,30,0.05015913013213624,0.006602792884223163,0.011553211624009742,0.025264913480107985,0.09849139613927238,0.10888333653306795,0.26747817436854043,0.19794031381607055,0.19503762324651083,0.22418962717056273,0.3539175788561503,0.3663057287534078,0.005863156292277078,0.0025974714274828634,0.004138191071494172,0.005789859713210414,0.007511229312513024,0.009279029936684917,0.07677417877367793,0.6533333333333333,,,,45.14321711892262,588
visuotactile_persistence,test_id,1,20350009,id_009,30,0.10414012004828288,0.03424902779257132,0.07905896647522846,0.10312672262597415,0.12258320621525248,0.18168267713238795,0.4061332861582438,0.25968655745188396,0.35080207586288453,0.4002401908238729,0.4443709095319112,0.5755666971206665,0.004756640090878742,0.00216355815064162,0.0033435649461656188,0.00466393466340378,0.006074578928140302,0.007537563766042392,0.16618104263023864,0.6266666666666667,,,,93.72610804345459,564
visuotactile_persistence,test_id,1,20350010,id_010,30,0.46854422251383465,0.4046309417320622,0.4001696329149935,0.4031899438550075,0.5468377709802654,0.5878928230868445,1.7581373659769695,1.5537737965583802,1.632042944431305,1.6473297874132793,1.9345097025235494,2.0230305989583335,0.004924570275470615,0.0027213246716807286,0.0034631026055042943,0.0045713277262014644,0.00603532928507775,0.007831767088888834,0.6958577562086653,0.6733333333333333,,,,421.6898002624512,606
visuotactile_persistence,test_id,1,20350011,id_011,30,0.0982504125767284,0.03126812330964539,0.060971807636734515,0.07659879858709044,0.1186353113502264,0.20377802199994524,0.44679516553878784,0.3154350598653158,0.38012054761250813,0.4026446024576823,0.4704361955324809,0.6653394222259521,0.004720338771391349,0.0022587554665127146,0.003379769862901109,0.0046483224413047235,0.005969845404615625,0.007345000681622574,0.15193362769597174,0.6466666666666666,,,,88.42537131905556,582
visuotactile_persistence,test_id,1,20350012,id_012,30,0.0,0.0,0.0,0.0,0.0,0.0,0.12997750441233316,0.12997750441233316,0.12997750441233316,0.12997750441233316,0.12997750441233316,0.12997750441233316,0.0015106883458793163,0.001526412480355551,0.0015138487021128337,0.0015071056317538024,0.0015038405700276295,0.0015022343451467654,,0.0,,,,0.0,0
visuotactile_persistence,test_id,1,20350013,id_013,30,0.12084393468892408,0.07723063178256982,0.099947103832124,0.11897707155440003,0.13611262385319506,0.17195224242233154,0.5438242212931315,0.4281419237454732,0.4945743123690287,0.5363585829734803,0.5824148456255595,0.6776314417521159,0.005976131338005264,0.0029042975899452963,0.004358652067215492,0.0059144330599034825,0.007522705034352839,0.009180568938609213,0.19919329893778695,0.6066666666666667,,,,108.75954122003168,546
visuotactile_persistence,test_id,1,20350014,id_014,30,0.17132245567937693,0.05131183374259207,0.164607800087995,0.18247046805918216,0.21359387818309997,0.2446282983240154,0.5309245244661966,0.256047785282135,0.4656699458758036,0.556922709941864,0.6437139391899109,0.73226824204127,0.006339005514358481,0.0038003480643965305,0.004637825450239082,0.006145924314235648,0.007729860410715143,0.009381069332206001,0.2887457118191746,0.5933333333333334,,,,154.19021011143923,534
visuotactile_persistence,test_id,1,20350015,id_015,30,0.19372678028212653,0.09493471313164466,0.14224990559741854,0.1947818654951536,0.2321255351209806,0.30454188206543525,0.42169158776601157,0.35979694525400796,0.35740079879760744,0.38295934200286863,0.4442184964815776,0.5640823562939962,0.0056870226538740095,0.0029822429292835294,0.00417556354465584,0.005579352557348708,0.007069693238008767,0.008628261000073205,0.31585888089477154,0.6133333333333333,,,,174.35410225391388,552
visuotactile_persistence,test_id,1,20350016,id_016,30,0.261668420256012,0.05521900448948145,0.11329382591777377,0.2909285426967674,0.42291823559337194,0.4259824925826656,1.0149667223294576,0.6233132402102153,0.8066911101341248,0.9828248858451843,1.3056824247042338,1.3563219507535298,0.006188400537551691,0.0029720702519019444,0.004493615458098551,0.006095606414601207,0.007819168851710856,0.009561541711445899,0.4005128881469572,0.6533333333333333,,,,235.50157823041081,588
visuotactile_persistence,test_id,1,20350017,id_017,30,0.0,0.0,0.0,0.0,0.0,0.0,0.11315990686416626,0.11315990686416626,0.11315990686416626,0.11315990686416626,0.11315990686416626,0.11315990686416626,0.0011587283302408953,0.0011735127152254184,0.0011617170103515187,0.0011553568920741478,0.0011522829416207969,0.0011507720919325948,,0.0,,,,0.0,0
visuotactile_persistence,test_id,1,20350018,id_018,30,0.18252226378872163,0.0832721641390688,0.14616831453103157,0.16743116706299285,0.2365406698236863,0.2791990033868286,0.5871052273114522,0.5486408154169718,0.5578493038813274,0.560540254910787,0.5928920785586039,0.6756036837895711,0.006123496840009466,0.003052921143049995,0.0045156378590036185,0.00605699389319246,0.007669024584659686,0.00932290672014157,0.29759064748161135,0.6133333333333333,,,,164.27003740984946,552
visuotactile_persistence,test_id,1,20350019,id_019,30,0.03743637410716878,0.0034472766591029033,0.005728294690036112,0.00911266047300564,0.08539336200079156,0.08350027671290769,0.38713181336720787,0.30033127466837567,0.30366109212239584,0.3058224439620972,0.5086119651794434,0.5172322909037272,0.005406449165117616,0.002822712401393801,0.004058013464479397,0.005356655987755706,0.006700696388725192,0.008094167583233986,0.05789130016572492,0.6466666666666666,,,,33.6927366964519,582
visuotactile_persistence,test_id,1,20350020,id_020,30,0.06526367964016067,0.012968824555476507,0.02359901037481096,0.03309018620186382,0.13108834317988818,0.12557203388876384,0.36711860815684,0.24926304817199707,0.2649544874827067,0.2715613921483358,0.5390722831090291,0.5107418298721313,0.004366982984744633,0.001974659936968237,0.0031047437611656883,0.004273991259591033,0.005566461465787142,0.006915058500211065,0.10092321593839278,0.6466666666666666,,,,58.7373116761446,582
visuotactile_persistence,test_id,1,20350021,id_021,30,0.18022155396019418,0.1665659620323115,0.17880763019331627,0.18843474798939294,0.18429670912317103,0.1830027204627792,0.5490872391064961,0.500297196706136,0.536692476272583,0.5448497295379638,0.5485960642496744,0.6150007287661234,0.0056185907560090224,0.0029210041121890146,0.004067665183295806,0.005497630883473903,0.0070003362120284384,0.00860631738905795,0.2676557732082092,0.6733333333333333,,,,162.19939856417477,606
visuotactile_persistence,test_id,1,20350022,id_022,30,0.0,0.0,0.0,0.0,0.0,0.0,0.16654549837112426,0.16654549837112426,0.16654549837112426,0.16654549837112426,0.16654549837112426,0.16654549837112426,0.0015886666850807767,0.0016043910291045904,0.0015918270607168477,0.0015850839282696447,0.0015818188316188754,0.0015802125756939251,,0.0,,,,0.0,0
visuotactile_persistence,test_id,1,20350023,id_023,30,0.17795887120585474,0.10505444039073256,0.11331816145943271,0.1459535002708435,0.22141319167696769,0.3040550622312973,0.5193943548202514,0.30955042839050295,0.37605458895365396,0.46041359901428225,0.5999071439107259,0.8510460138320923,0.006945909479012092,0.004295088284804175,0.005572551640216261,0.006840204420344284,0.008276103328292568,0.009745599721403172,0.2751941307307032,0.6466666666666666,,,,160.16298408526927,582
visuotactile_persistence,test_id,1,20350024,id_024,30,0.06658521133578486,0.01588367811507649,0.02418550370881955,0.07190821247382297,0.11216530705698663,0.10878335532421866,0.32231943209966024,0.21659883260726928,0.2050428827603658,0.29230578343073527,0.4693150003751119,0.42833466132481895,0.00464201156826069,0.002084122710706045,0.0032434244368535776,0.004572588682640344,0.005948261090088636,0.007361660921014845,0.10191613979967071,0.6533333333333333,,,,59.92669020220637,588
visuotactile_persistence,test_id,1,20350025,id_025,30,0.18096920356671845,0.07767427636103498,0.09654387455537088,0.2275092427308361,0.3151031166418559,0.18801550754449434,0.828454000155131,0.6490050872166951,0.7124785979588827,0.7798676411310832,0.964826758702596,1.0360919157663981,0.006062794631967942,0.003913257684325799,0.004824231481567646,0.005916071409592405,0.007142770626038934,0.008517641958314925,0.2769936789286507,0.6533333333333333,,,,162.8722832100466,588
visuotactile_persistence,test_id,1,20350026,id_026,30,0.16578821828174922,0.048129092984729345,0.08670021870897876,0.1634978141221735,0.20613993739502298,0.3244740281978415,0.8434992829958597,0.611696191628774,0.6842113614082337,0.8390990853309631,0.9392443776130677,1.1432453989982605,0.006247560025270407,0.003206777508603409,0.004648227679232756,0.006152079758855204,0.007780162784426162,0.009450552395234506,0.2537574769618611,0.6533333333333333,,,,149.2093964535743,588
visuotactile_persistence,test_id,1,20350027,id_027,30,0.09885978431078708,0.031266358637044,0.05955673475853271,0.09849968896143967,0.12247488755318854,0.18250125164373054,0.4942193404833476,0.3533222119013468,0.4135990381240845,0.49366687536239623,0.5335335850715637,0.6769749919573466,0.00538476284709759,0.003053663775790483,0.00394166827124233,0.005243592212597529,0.006615508415658648,0.008069381560198962,0.15945126501739854,0.62,,,,88.97380587970838,558
visuotactile_persistence,test_id,1,20350028,id_028,30,0.0,0.0,0.0,0.0,0.0,0.0,0.11093199650446574,0.11093199650446574,0.11093199650446574,0.11093199650446574,0.11093199650446574,0.11093199650446574,0.0010676676236713925,0.0010833918776673576,0.0010708280062923829,0.0010640848738451799,0.0010608198082384965,0.0010592135523135463,,0.0,,,,0.0,0
visuotactile_persistence,test_id,1,20350029,id_029,30,0.07770070895863077,0.011758392578404811,0.02050893890360991,0.06497953266112341,0.1516574084551798,0.13959927219483587,0.28273964722951256,0.1781183401743571,0.1831952174504598,0.2529502709706624,0.3963779052098592,0.4030565023422241,0.004244466399541125,0.0017686988362887253,0.002866977356219043,0.004154492049322774,0.005517370506034543,0.006914793249840538,0.1189296565693328,0.6533333333333333,,,,69.93063806276768,588
visuotactile_shuffled_touch,test_id,1,20350000,id_000,30,1.1088913020905522,1.2136913646426466,1.1394489259148637,1.0996174855364693,1.0627449093800452,1.0289538249787358,3.0020301977793378,3.2997927983601887,3.0658195773760477,2.9785907944043477,2.873298160235087,2.7926496585210163,0.0531532587374871,0.05204131164355204,0.05275198197923601,0.053221339819720014,0.0536598750060269,0.054091785238900535,1.6638866394557534,0.66,,,,988.3486638367176,594
visuotactile_shuffled_touch,test_id,1,20350001,id_001,30,3.8478016018246612,3.878015447159608,3.890377452214145,3.859327082325601,3.818388083639244,3.792899943784707,11.238123382727306,11.299018172423045,11.351617081960041,11.28309616247813,11.169003530343373,11.087881966431935,0.060447232075190795,0.05966312697855756,0.06025631881396597,0.06054446775621424,0.0607479436788708,0.0610243031483454,,0.0,,,,0.0,0
visuotactile_shuffled_touch,test_id,1,20350002,id_002,30,3.4594942479942823,3.47886763797659,3.4096691485390895,3.4244066032943214,3.4677408632304934,3.5167869869309167,9.672347111701965,9.76948114236196,9.513758937517801,9.557724730173748,9.69019828637441,9.830572462081909,0.05149060580413788,0.050247235995872566,0.050842189389125755,0.05159706569975242,0.0521510704808558,0.05261546745508288,5.334864531245236,0.6466666666666666,,,,3104.8911571847275,582
visuotactile_shuffled_touch,test_id,1,20350003,id_003,30,1.977141812507891,1.996596387277047,1.9782994907556308,1.9739833341187074,1.9700868878513575,1.9667429625367125,5.754737429618835,5.769718098640442,5.750992480913798,5.752834955851237,5.751057171821595,5.749084440867106,0.04936350570370754,0.04836966125682617,0.04888323984729747,0.04942105705461775,0.049854751804377886,0.050288818555418405,,0.0,,,,0.0,0
visuotactile_shuffled_touch,test_id,1,20350004,id_004,30,1.9089388270665788,1.9424240608389178,1.9032508707864002,1.896378429658297,1.8974633030127734,1.9051774710365055,5.4076262442270915,5.506860347588857,5.399270335833232,5.3739742318789165,5.3712969104448955,5.3867293953895565,0.04470375097744788,0.0436445220024325,0.04429231156439831,0.04483175892770911,0.045213001442607495,0.04553716095009198,3.115070831148302,0.6066666666666667,,,,1700.8286738069728,546
visuotactile_shuffled_touch,test_id,1,20350005,id_005,30,1.1091162650680377,1.1188192917447952,1.1069040465479096,1.106905292150461,1.1066406076980961,1.1063120871989263,2.5777975940704345,2.5819030006726584,2.5597668727238974,2.568664006392161,2.5808085203170776,2.5978455702463785,0.055011896847281604,0.051727421185933056,0.05408532572134087,0.055383961364471664,0.05642103816304977,0.057441737801612665,,0.0,,,,0.0,0
visuotactile_shuffled_touch,test_id,1,20350006,id_006,30,1.4172211146277065,1.453070322299997,1.437311806736721,1.4113313933213552,1.3886888385646874,1.3957032122157722,3.2469784450531005,3.393151263395945,3.313374904791514,3.2329541484514874,3.1634145538012186,3.1319973548253377,0.042517286591076606,0.041791273606941105,0.04228334838990122,0.04260240687096181,0.0428178002339943,0.04309160385358458,2.2474687693397852,0.6266666666666667,,,,1267.5723859076388,564
visuotactile_shuffled_touch,test_id,1,20350007,id_007,30,0.9837468840078347,1.0050685932445858,0.9834994566316406,0.9779712282121181,0.9755655925410489,0.9766295494097802,2.5216633359591167,2.4891852815945943,2.510285488764445,2.531176428000132,2.5373678326606752,2.5403016487757366,0.0529739681018206,0.051115283944333595,0.05260254322395971,0.053281230793800205,0.05374855907866731,0.054122223468342175,,0.0,,,,0.0,0
visuotactile_shuffled_touch,test_id,1,20350008,id_008,30,1.2424790619003276,1.1749198410246107,1.1956499102525413,1.2522473422189553,1.2811499804879227,1.3084282355176078,3.5632054734230043,3.3671804428100587,3.4276783307393393,3.5883931040763857,3.669183286031087,3.7635922034581504,0.0019310248755694678,0.0012151300169837972,0.0017483318612600367,0.002010904126412546,0.0022144298534840347,0.002466328519706925,1.8813380841102425,0.6533333333333333,,,,1106.2267934568226,588
visuotactile_shuffled_touch,test_id,1,20350009,id_009,30,1.825485769332283,1.8430068243708875,1.813856158985032,1.81739231378047,1.835612692559759,1.817560856965267,5.074832763671875,5.125255648295084,5.054893064498901,5.062878386179606,5.095921810468038,5.035214908917745,0.004036576628568583,0.0035092445905320346,0.003738414993858896,0.003928259851333374,0.004305795927454407,0.004701167779664199,2.8526514740726836,0.6266666666666667,,,,1608.8954313769937,564
visuotactile_shuffled_touch,test_id,1,20350010,id_010,30,1.8357996112894681,1.8342335944788324,1.789749779117604,1.7412167927043305,1.9138215022161602,1.899976387930413,5.9779822182655336,5.926543347040812,5.844498387972513,5.8258719126383465,6.128812877337138,6.164184566338857,0.002591423843987286,0.0019327281198153893,0.002193424062958608,0.0025595421980445583,0.00295387163059786,0.003317553208520015,2.7148643477079104,0.6733333333333333,,,,1645.2077947109938,606
visuotactile_shuffled_touch,test_id,1,20350011,id_011,30,2.4575972044612797,2.516908212357925,2.4279423010432057,2.413216161645121,2.4388400335071814,2.491079313752966,6.546599234739939,6.780070241292318,6.46538077990214,6.41350748538971,6.473961269855499,6.60007639726003,0.03874531955147783,0.03818397124220307,0.03841074788942933,0.03881951589525367,0.039084484975319356,0.03922787775518373,3.7847659292173192,0.6466666666666666,,,,2202.7337708044797,582
visuotactile_shuffled_touch,test_id,1,20350012,id_012,30,2.502574879502257,2.477188664053877,2.4761190143827765,2.4960988781104487,2.5193875959763923,2.5440802449877893,7.171955836613973,7.05187242825826,7.080408485730489,7.159515325228373,7.2425748666127525,7.32540807723999,0.061108458411569394,0.06023019797867164,0.06082424788037315,0.06118563099298626,0.0614875444288676,0.061814670776948334,,0.0,,,,0.0,0
visuotactile_shuffled_touch,test_id,1,20350013,id_013,30,1.1896387940321842,1.1705783241014514,1.1703840900729927,1.1798392604001695,1.2015250244113203,1.2258672711749872,3.100754079023997,2.998015594482422,3.0369271278381347,3.08442702293396,3.1635714332262674,3.220829216639201,0.0016844532343869409,0.0012638271669857203,0.0014598454193522532,0.0016484960331581533,0.0018727098669235906,0.0021773876855149866,1.9283378387919896,0.6066666666666667,,,,1052.8724599804264,546
visuotactile_shuffled_touch,test_id,1,20350014,id_014,30,0.492555789531519,0.5712411482507984,0.5191905644618803,0.48681194310386977,0.45172468871913024,0.43381060312191644,0.8403051789601644,1.0538774172465006,0.8723185777664184,0.8051856438318888,0.7558825969696045,0.7142616589864095,0.0032748635909714114,0.00296717055219536,0.0030817819977528417,0.00329194365379711,0.0034327495959587395,0.0036006721551530064,0.7890167877859391,0.5933333333333334,,,,421.33496467769146,534
visuotactile_shuffled_touch,test_id,1,20350015,id_015,30,1.4027569726482034,1.4710265123595794,1.445948723393182,1.3881068285761609,1.3616002743028932,1.3471025246092014,3.4460566075642904,3.607406798998515,3.5202136039733887,3.4407884081204734,3.3493573307991027,3.3125168959299724,0.003492554514668882,0.0030245933914557098,0.003274854839158555,0.003495239846718808,0.003711901508116474,0.003956182987894863,2.233655143785628,0.6133333333333333,,,,1232.9776393696666,552
visuotactile_shuffled_touch,test_id,1,20350016,id_016,30,4.128392535721262,4.160884314382242,4.067340812149147,4.127891513125764,4.153563975729048,4.13228206322011,11.31285028219223,11.382706658045452,11.137008949120839,11.232520135243734,11.407211669286092,11.404803999265035,0.04962480483110994,0.04875270997096474,0.04914986709093985,0.049633408840357635,0.05009916034371902,0.05048887790956845,6.303574270068282,0.6533333333333333,,,,3706.5016708001494,588
visuotactile_shuffled_touch,test_id,1,20350017,id_017,30,2.897287939650317,2.8833109051403074,2.897439801113473,2.900663252816432,2.901383244463553,2.9036424947178197,8.344854257106782,8.224115645885467,8.312219429016114,8.364599720637004,8.396465476353963,8.426871013641357,0.05851676160392041,0.05608926402637735,0.05809213911416009,0.05896482873552789,0.05950786462053657,0.059929711523000154,,0.0,,,,0.0,0
visuotactile_shuffled_touch,test_id,1,20350018,id_018,30,1.9505341304548913,1.8810020008227892,1.9162117977937063,1.9448405898279615,2.0084104444417687,2.0022058193882306,5.408459057013194,5.261046957969666,5.305167428652445,5.4074888547261555,5.506543139616649,5.5620489041010535,0.0016957877514262995,0.001092485726500551,0.0013229993986897171,0.00163674137632673,0.0019984360124605397,0.0024282762431539597,3.1043154476210475,0.6133333333333333,,,,1713.5821270868182,552
visuotactile_shuffled_touch,test_id,1,20350019,id_019,30,0.4367256670300331,0.37920500991038153,0.4058212327046527,0.45078059823976624,0.44652683333390286,0.5012946609614624,0.5642283256848654,0.3622961282730103,0.4621043841044108,0.6193393905957539,0.6148751417795817,0.7625265836715698,0.005275719582956905,0.003495022825275858,0.004444376208509008,0.005287745761840294,0.006133024604059756,0.00701842851509961,0.6420523087426866,0.6466666666666666,,,,373.6744436882436,582
visuotactile_shuffled_touch,test_id,1,20350020,id_020,30,1.7761346216913727,1.6091070777219203,1.6998373048793938,1.833174110804167,1.8377123766475254,1.9008422384038568,4.545404860973358,4.035830187797546,4.332091748714447,4.712623739242554,4.710312422116598,4.9361662069956465,0.002140875755964468,0.0016604676978507389,0.0020714458893053233,0.002182494914935281,0.002266607224009931,0.002523363053721065,2.680989070600251,0.6466666666666666,,,,1560.335639089346,582
visuotactile_shuffled_touch,test_id,1,20350021,id_021,30,2.3048333146298927,2.512793807002405,2.3220491824671625,2.258756121330791,2.2264475936484005,2.204119868700703,6.493466036319733,7.0647436618804935,6.535028211275736,6.351460242271424,6.257533224423726,6.258564841747284,0.04734335656821107,0.046241457605113584,0.046904031136849274,0.047516304910338175,0.047893540126581986,0.048161449062172325,3.4093712064754156,0.6733333333333333,,,,2066.078951124102,606
visuotactile_shuffled_touch,test_id,1,20350022,id_022,30,3.3697852597530518,3.46168480421313,3.3819457014194794,3.3536701504451534,3.332625106184019,3.319000536503477,9.814969273408254,9.998704648017883,9.85728840827942,9.78714498281479,9.730379192034404,9.701329135894776,0.04309852592414245,0.042882490522849065,0.043027272021087505,0.042913850490003826,0.043138760856042305,0.04353025573072955,,0.0,,,,0.0,0
visuotactile_shuffled_touch,test_id,1,20350023,id_023,30,2.8193866871028312,2.7337605161385405,2.7575416636860206,2.8034497338657576,2.8646181197836995,2.937563402040137,7.623651509284973,7.386905233065288,7.470839722951253,7.602523918946584,7.746192713578542,7.911795957883199,0.0048520054078350465,0.0031061301201892396,0.003950649022590369,0.004859495259976635,0.005711380194406956,0.006632372442012032,4.339879961140275,0.6466666666666666,,,,2525.81013738364,582
visuotactile_shuffled_touch,test_id,1,20350024,id_024,30,1.7265110392433902,1.5516827677687008,1.647898170983212,1.7611350254259175,1.8332136234682468,1.8386256085708736,4.598058963616689,4.0918332974116005,4.361941456794739,4.663036914666494,4.932084480921428,4.941398668289184,0.004788390169851482,0.004660601525877913,0.0048267360893078145,0.0046405690023675564,0.004768889075300346,0.00504515515640378,2.6283485779830187,0.6533333333333333,,,,1545.4689638540149,588
visuotactile_shuffled_touch,test_id,1,20350025,id_025,30,1.674218477960676,1.6357963877833552,1.6472586123065815,1.691319814727952,1.7071987483546966,1.6895188266307943,3.4927818536758424,3.3999314149220785,3.390209074815114,3.5851008534431457,3.5127427180608115,3.5759252071380616,0.0015774544867842148,0.0012567064278603843,0.0013700990394378701,0.0014536174557482203,0.0016613998527949055,0.002145449658079694,2.5408220227940808,0.6533333333333333,,,,1494.0033494029194,588
visuotactile_shuffled_touch,test_id,1,20350026,id_026,30,2.024806901100609,2.064140382864409,2.005860076389379,2.014393981463379,2.0089931967978676,2.0306468679880103,4.320152389208475,4.367492381731669,4.266723942756653,4.312513569990794,4.341139924526215,4.312892127037048,0.002950148336434116,0.0020541040362635006,0.0026009840619129437,0.002970770001411438,0.0033602303786513707,0.003764653203931327,3.081981294617361,0.6533333333333333,,,,1812.2050012350082,588
visuotactile_shuffled_touch,test_id,1,20350027,id_027,30,2.3138468129229213,2.3351930206434592,2.302510366154214,2.304789468418393,2.304548432864249,2.3221927765342922,6.383946555455526,6.497790888945262,6.3877832889556885,6.361180690924327,6.321233161290487,6.351744747161865,0.04441494630028804,0.043679264335272215,0.044141161682394646,0.044468956308749814,0.044733965885825455,0.04505138328919808,3.716723035099686,0.62,,,,2073.9314535856247,558
visuotactile_shuffled_touch,test_id,1,20350028,id_028,30,1.0884662832443912,1.1200074106868771,1.0874608929372496,1.0796571069293552,1.0775113364578122,1.0776946692106624,2.8333478864034016,2.9084118525187175,2.8311450441678363,2.813484807809194,2.8070316076278687,2.806666119893392,0.05248027589016904,0.051537781472628316,0.05220297829558452,0.05250557664160927,0.05285365239251405,0.05330139064850906,,0.0,,,,0.0,0
visuotactile_shuffled_touch,test_id,1,20350029,id_029,30,0.318821336598032,0.24022987743632662,0.2718067914040552,0.32716459615363014,0.37633709706779983,0.3785683209283484,0.29741876443227133,0.12105791568756104,0.2064138174057007,0.34285678863525393,0.38570005893707277,0.43106524149576825,0.004720768060457583,0.0027882754414652786,0.00386678766226396,0.004837205606357505,0.005665426144454007,0.006446145447747161,0.46798164038887236,0.6533333333333333,,,,275.17320454865694,588
visuotactile_world_model,test_geometry_ood,1,20351000,geometry_ood_000,30,0.24512941797056959,0.19944988449828494,0.22112716949648328,0.24563632707318497,0.2683602705804838,0.291073438204411,0.5912496344248453,0.5166639407475789,0.5508903702100117,0.5722634434700012,0.6297674695650737,0.6866629481315613,0.0030939471581950782,0.0032698335863339404,0.003152818539335082,0.003088113087384651,0.003025265666656196,0.0029337049112655223,0.34467070023917284,0.5866666666666667,1.0,1.0,1.0,181.98612972628325,528
visuotactile_world_model,test_geometry_ood,1,20351001,geometry_ood_001,30,0.040486936929325264,0.042414216034942206,0.04060925802008973,0.039833753721581565,0.039389195914069815,0.040188260955943,0.13256330649058023,0.13966105779012045,0.1338632345199585,0.12934759457906086,0.129046098391215,0.1308985471725464,0.001563704585423693,0.0017288328090216964,0.0015440844950110962,0.001515977872380366,0.0015179548296146094,0.0015116729210906973,,0.0,1.0,1.0,1.0,0.0,0
visuotactile_world_model,test_geometry_ood,1,20351002,geometry_ood_002,30,0.03270283120373885,0.034910996941228706,0.03210910159266657,0.03216380721165074,0.03230467656006416,0.03202557371308406,0.09128696441650391,0.09519759813944499,0.08643801212310791,0.08875780900319417,0.09114913940429688,0.09489226341247559,0.0008523767263007661,0.0008576383193333943,0.0008816781997059782,0.0008516898107094069,0.0008268759081450602,0.0008440013936099907,,0.0,1.0,1.0,1.0,0.0,0
visuotactile_world_model,test_geometry_ood,1,20351003,geometry_ood_003,30,2.8049700651855933,2.5851250070250695,2.7456501964893607,2.8268448521486587,2.785428154696193,3.081802115568684,5.515298639933269,5.211137310663859,5.271351051330567,5.508361784617106,5.652142922083537,5.9335001309712725,0.008379106699721887,0.006541777508876597,0.00788993298386534,0.008550144200368474,0.009176501585170627,0.009737177220328401,4.280855193892557,0.6533333333333333,0.0,0.0,0.0,2517.1428540088236,588
visuotactile_world_model,test_geometry_ood,1,20351004,geometry_ood_004,30,0.40758100051639806,0.3232987417942948,0.3550563097207083,0.40626705727126033,0.4389521416897575,0.5143307521059696,1.0078938396771748,0.7755901336669921,0.8799878398577372,0.9978310306866963,1.132060178120931,1.2540000160535176,0.0022038583526349004,0.002494094875388934,0.002224915464951967,0.0021013455698266625,0.0020819886199509104,0.0021169472330560286,0.5868110425676428,0.5733333333333334,1.0,1.0,1.0,302.7944979649037,516
visuotactile_world_model,test_geometry_ood,1,20351005,geometry_ood_005,30,0.03267770484089851,0.03362617397473918,0.032492080475721094,0.03225502135852973,0.03237408567219972,0.03264116272330284,0.11174125512441,0.11096402804056803,0.11354846954345703,0.11140278180440268,0.11059583028157552,0.11219516595204672,0.0012121030994846176,0.0011914981141065558,0.0011963538379253199,0.0012227416116123398,0.0012118587697235246,0.0012380631640553474,,0.0,1.0,1.0,1.0,0.0,0
visuotactile_world_model,test_geometry_ood,1,20351006,geometry_ood_006,30,0.17988510224968196,0.09032126455050375,0.14538739350520902,0.2146820264868438,0.2422912991605699,0.20674352754528325,0.41633665641148887,0.24354124466578167,0.34242692788441975,0.5213290929794312,0.5388784805933634,0.43550753593444824,0.002289230969424049,0.0017383034729088346,0.0017924690813136597,0.00216169620398432,0.0026197575886423388,0.0031339285002710917,0.2120490121843991,0.6466666666666666,1.0,1.0,1.0,123.41252509132028,582
visuotactile_world_model,test_geometry_ood,1,20351007,geometry_ood_007,30,0.04140616641276412,0.044657541169888446,0.0419884417206049,0.040736360516813064,0.03958363148073355,0.04006485717578067,0.10963732401529948,0.10798128445943196,0.1137149969736735,0.10883833567301432,0.10829118887583415,0.10936081409454346,0.001403623508134236,0.0015103307969790572,0.001403822820672455,0.0013720587982485692,0.0013400001102127136,0.0013919050145583848,,0.0,1.0,1.0,1.0,0.0,0
visuotactile_world_model,test_geometry_ood,1,20351008,geometry_ood_008,30,0.2888992233442453,0.17771522658100972,0.2358251001737598,0.3098033303071538,0.34849231278316845,0.3726601468761348,0.7386234974861146,0.4210769057273865,0.632119886080424,0.8345166365305583,0.8662229458491008,0.939181113243103,0.0031352597378039113,0.0032622227522855003,0.0030982662884828944,0.003036528775313248,0.0030571582785341887,0.0032221225944037237,0.3744898477678837,0.6466666666666666,1.0,1.0,1.0,217.9530914009083,582
visuotactile_world_model,test_geometry_ood,1,20351009,geometry_ood_009,30,1.5284334377075235,1.4285155335234272,1.5165596189598243,1.5499761334930857,1.567588261887431,1.5795276406738492,2.8182657241821287,2.555548103650411,2.782737906773885,2.824423591295878,2.924109371503194,3.0045096476872764,0.01251749554183334,0.010333365170905988,0.012364592344965786,0.01293530447098116,0.013285179653515418,0.013669036068798353,2.28055514631172,0.6666666666666666,0.0,0.0,0.0,1368.3330877870321,600
visuotactile_world_model,test_geometry_ood,1,20351010,geometry_ood_010,30,0.17142592755042843,0.12779989556098978,0.11418800817595588,0.1556983874282903,0.20200677241923082,0.25743657416767546,0.3829141926765442,0.28898950417836505,0.24524511496225992,0.3427205443382263,0.4666266123453776,0.570989187558492,0.003187292457247774,0.003033298630422602,0.0028961836554420493,0.0030967755902869005,0.003322359137625123,0.003587845272462194,0.23556730312217647,0.64,1.0,1.0,1.0,135.68676659837365,576
visuotactile_world_model,test_geometry_ood,1,20351011,geometry_ood_011,30,2.3746019722272953,2.3192264877880615,2.289995312059505,2.4654013721272348,2.3310658392289447,2.4673208499327304,4.523280922571818,4.614459284146627,4.393509101867676,4.453552794456482,4.464584048589071,4.690299383799235,0.014254910994010666,0.010932224402980258,0.013557235791813583,0.014716365448354434,0.015570644747155409,0.016498084579749654,3.5131688273201385,0.6733333333333333,0.0,0.0,0.0,2128.980309356004,606
visuotactile_world_model,test_geometry_ood,1,20351012,geometry_ood_012,30,0.4334049337088234,0.2886857638445993,0.3077750522850288,0.40478078903009496,0.5264186674522029,0.639364395932191,0.9642830403645833,0.5574732303619385,0.6840090115865072,0.8838587363560995,1.2111183802286785,1.4849558432896932,0.002947249861511712,0.0022981615465444824,0.002786344976630062,0.0030745184514671562,0.0032120510295499116,0.003365173303366949,0.6172676310368013,0.6333333333333333,1.0,1.0,1.0,351.84254969097674,570
visuotactile_world_model,test_geometry_ood,1,20351013,geometry_ood_013,30,1.6238469326599605,1.5427766642636722,1.5636763230794006,1.651608077550514,1.6312584438464708,1.7299151545597446,2.512557706038157,2.5027369459470115,2.489470903078715,2.534588511784871,2.512126922607422,2.523865246772766,0.013978226020311317,0.010082555958069861,0.013469867629464716,0.014827603353963544,0.015377822052687406,0.016133281107371052,2.420657154517248,0.6666666666666666,0.0,0.0,0.0,1452.394292710349,600
visuotactile_world_model,test_geometry_ood,1,20351014,geometry_ood_014,30,0.2847511437866423,0.1812447507865727,0.2796817485346562,0.2617977174412873,0.3277974774233169,0.3732340247473783,0.7847318728764852,0.5196751832962037,0.7192733764648438,0.7358357747395833,0.9073831558227539,1.0414918740590413,0.0019738737295847387,0.002015573929141586,0.00193680019195502,0.001972100390897443,0.0019640715870385367,0.001980822548891107,0.40075487005038296,0.66,1.0,1.0,1.0,238.04839280992746,594
visuotactile_world_model,test_geometry_ood,1,20351015,geometry_ood_015,30,0.759789123021894,0.7453231507912278,0.6597802996842398,0.7317205281721221,0.7954681948862142,0.8666534415756663,0.9665650645891826,0.9980499863624572,0.8686221996943156,0.9211294253667196,0.9457300345102946,1.0992936770121255,0.017343588176493844,0.010812335818385085,0.01627949867785598,0.018627620542732377,0.019930995830024282,0.021067490013471492,1.1415175269579603,0.6533333333333333,1.0,0.0,0.0,671.2123058512807,588
visuotactile_world_model,test_geometry_ood,1,20351016,geometry_ood_016,30,0.03214395136882862,0.03435290629665057,0.0314906887917055,0.03128918148577213,0.03160825057162179,0.03197872969839308,0.10521961688995361,0.10605266888936361,0.10174397627512614,0.10425411065419515,0.10551231702168783,0.10853501160939534,0.0008911518830185135,0.0009458400852357348,0.0009037381658951442,0.0008726366562768817,0.000846935265387098,0.000886609242297709,,0.0,1.0,1.0,1.0,0.0,0
visuotactile_world_model,test_geometry_ood,1,20351017,geometry_ood_017,30,1.7051467085215781,1.6056033338627054,1.635913126791517,1.699296713144415,1.7612705157966249,1.823649853012628,3.023989818096161,2.8790651321411134,2.7916287660598753,3.03859764734904,3.1069864869117736,3.303671058019002,0.01658920755997921,0.014487193784831712,0.016663820680696516,0.017166593372045704,0.017241476227839787,0.01738695373448233,2.593931008022608,0.6533333333333333,0.0,0.0,0.0,1525.2314327172935,588
visuotactile_world_model,test_geometry_ood,1,20351018,geometry_ood_018,30,0.27818001763688194,0.2466169131712781,0.24676505401730536,0.2669149592311846,0.2976961929351091,0.33290696882953247,0.578043954372406,0.5179228703180949,0.5298661549886068,0.5291608770688375,0.6196420192718506,0.6936278502146404,0.0038204671799515685,0.0032442442102668186,0.0036497837087760368,0.003827698261011392,0.004084826505277306,0.004295783214426289,0.3978198511306093,0.64,1.0,1.0,1.0,229.14423425123096,576
visuotactile_world_model,test_geometry_ood,1,20351019,geometry_ood_019,30,0.028973387914399306,0.029549961392250326,0.02800650524182452,0.02829221613291237,0.02912909812811348,0.02988915867689583,0.105809219678243,0.10663344065348307,0.10600646336873372,0.10394969781239828,0.10470725695292155,0.10774923960367838,0.0010028831159191517,0.0009287403750931844,0.001000197414153566,0.001005408690252807,0.0010297809281231214,0.0010502881719730794,,0.0,1.0,1.0,1.0,0.0,0
visuotactile_world_model,test_geometry_ood,1,20351020,geometry_ood_020,30,0.03098216568430265,0.03243364462008079,0.030351128346390196,0.03018556075791518,0.03078229756404956,0.031158197133077516,0.10013352553049723,0.09944148858388265,0.09659585158030191,0.09977716604868571,0.10120959281921386,0.10364352862040202,0.0007788340219606956,0.0008412057456249992,0.0007881474991639455,0.0007584552668655913,0.0007332949123034874,0.0007730666858454545,,0.0,1.0,1.0,1.0,0.0,0
visuotactile_world_model,test_geometry_ood,1,20351021,geometry_ood_021,30,1.5387372233014969,1.528835117392656,1.5815055076343318,1.5481531138221423,1.513547195494175,1.521645182164179,3.006269834836324,3.0004700740178425,3.0031389156977335,3.037150526046753,3.010400104522705,2.980189553896586,0.018837801951449365,0.016638925939332694,0.018298190156929194,0.019253089903698613,0.019816371666577955,0.020182432090708365,2.338938834468777,0.6533333333333333,0.0,0.0,0.0,1375.296034667641,588
visuotactile_world_model,test_geometry_ood,1,20351022,geometry_ood_022,30,0.23844246121433874,0.15290021264615158,0.2165634255649315,0.2810228483958377,0.3022964212319089,0.23942939823286402,0.6788677565256754,0.4616769154866536,0.6366445302963257,0.7966102043787638,0.8510834376017252,0.6483236948649088,0.004425783794528494,0.004706814046949148,0.004511902636537949,0.004353896470274776,0.004276980871024231,0.0042793249478563665,0.22342483607968056,0.64,1.0,1.0,1.0,128.692705581896,576
visuotactile_world_model,test_geometry_ood,1,20351023,geometry_ood_023,30,1.6964832708777653,1.692834168093072,1.6482542287351356,1.692283171767162,1.7171659914362762,1.7318787943571805,2.899609611829122,2.8081645409266156,2.902772569656372,2.90142023563385,2.919695242245992,2.96599547068278,0.012555398512631655,0.010025814753801873,0.011950974892048787,0.01297479816712439,0.013594220466135691,0.014231184284047535,2.5310817289849123,0.6666666666666666,0.0,0.0,0.0,1518.6490373909473,600
visuotactile_world_model,test_geometry_ood,1,20351024,geometry_ood_024,30,0.4261587136797607,0.32816269045902624,0.3760700105999907,0.422203018464562,0.4858497732422418,0.5185080756329827,0.8399840656916301,0.681937837600708,0.7363066752751668,0.8009620269139608,0.9354639689127604,1.0452498197555542,0.0033107221642664324,0.0031217414129059763,0.003410013384806613,0.0033300777974848944,0.0032954084492909414,0.0033963697768437367,0.6166976151599075,0.66,1.0,1.0,1.0,366.31838340498507,594
visuotactile_world_model,test_geometry_ood,1,20351025,geometry_ood_025,30,0.47140266947137816,0.4630189106696182,0.46374670944900975,0.46085297341148057,0.4597142238273389,0.5096805299994432,0.7225912725925445,0.7154104709625244,0.7065047184626262,0.7106027285257975,0.7172791560490926,0.763159288962682,0.01592020645427207,0.014021490960537146,0.015247977687977254,0.016046391303340592,0.01674983392780026,0.017535338391705107,0.7611872905561694,0.6066666666666667,1.0,0.0,0.0,415.6082606436685,546
visuotactile_world_model,test_geometry_ood,1,20351026,geometry_ood_026,30,0.32480642698912154,0.214249045184503,0.21941357132875258,0.29092643354088066,0.40964984463320836,0.4897932402582632,0.8500645955403646,0.46616363525390625,0.5516020456949869,0.7877555608749389,1.1278323729832966,1.316969362894694,0.002096675108963003,0.0027780494070611893,0.002098851790651679,0.0018882032367400826,0.0018651089048944414,0.0018531622054676214,0.4470796795859415,0.64,1.0,1.0,1.0,257.51789544150233,576
visuotactile_world_model,test_geometry_ood,1,20351027,geometry_ood_027,30,0.7537481472434269,0.6977572115345134,0.7348703304926555,0.6982015182160669,0.7926664987578989,0.845245177216,1.1324245969454447,0.9662182132403055,1.0104941169420878,1.072142227490743,1.2858675360679626,1.3274008909861246,0.018197460511388878,0.01538724487957855,0.017627077809690188,0.018559790953683358,0.019335117711064716,0.02007807120292758,1.1521032647745,0.6466666666666666,1.0,0.0,0.0,670.5241000987589,582
visuotactile_world_model,test_geometry_ood,1,20351028,geometry_ood_028,30,0.3777390639007919,0.21709438752796914,0.2889492853234212,0.3313936535269022,0.4741173879346914,0.5771406051909758,0.9755313634872437,0.4287502924601237,0.7086937427520752,0.9036224365234375,1.2667376836140951,1.5698526620864868,0.002453858865580211,0.0014954802890618643,0.0017102758749388159,0.002373284714606901,0.0030220230808481576,0.003668230368445317,0.5497957741438101,0.6666666666666666,1.0,1.0,1.0,329.87746448628604,600
visuotactile_world_model,test_geometry_ood,1,20351029,geometry_ood_029,30,1.5504501827143962,1.4493530399890409,1.5314061993319128,1.539288132203122,1.601378928269777,1.6308246137781275,2.5926712878545124,2.458094763755798,2.493580198287964,2.5621633688608805,2.676505374908447,2.7730127334594727,0.01717591793780836,0.013834190473426133,0.01645150906794394,0.01770358463206018,0.018434476823313162,0.019455828692298383,2.507545448164793,0.6133333333333333,1.0,0.0,0.0,1384.1650873869658,552
visuotactile_persistence,test_geometry_ood,1,20351000,geometry_ood_000,30,0.11180467843647218,0.02857498046942055,0.07758807407226413,0.1225913540356689,0.15139103047549723,0.17887795312951008,0.21651015241940816,0.22578709920247395,0.17640427152315777,0.191611647605896,0.21541739702224733,0.2733303467432658,0.006984433874216241,0.004408725224978601,0.005496273713652045,0.006929667697598537,0.008342686196556315,0.009744816538295708,0.19057615642580486,0.5866666666666667,,,,100.62421059282497,528
visuotactile_persistence,test_geometry_ood,1,20351001,geometry_ood_001,30,0.0,0.0,0.0,0.0,0.0,0.0,0.10634069840113322,0.10634069840113322,0.10634069840113322,0.10634069840113322,0.10634069840113322,0.10634069840113322,0.0024323684605769814,0.002443423067840437,0.0024187622941099106,0.002427888362823675,0.0024551161526081464,0.0024166524255027372,,0.0,,,,0.0,0
visuotactile_persistence,test_geometry_ood,1,20351002,geometry_ood_002,30,0.0,0.0,0.0,0.0,0.0,0.0,0.11968969504038493,0.11968969504038493,0.11968969504038493,0.11968969504038493,0.11968969504038493,0.11968969504038493,0.0011982833974373836,0.0012140077538788318,0.001201443785491089,0.0011947006219998001,0.0011914355563931167,0.0011898292694240808,,0.0,,,,0.0,0
visuotactile_persistence,test_geometry_ood,1,20351003,geometry_ood_003,30,1.0911292175037994,0.9704472156034576,1.4181713208556175,1.114859584511982,0.8871241323649883,1.0650438341829511,6.173776680628459,5.907808025677999,5.981772112846374,6.1930490414301556,6.283623456954956,6.502630766232809,0.009615776649055382,0.006495458256298056,0.007880669405373434,0.009460316889453679,0.011219722975511104,0.013022715718640636,1.670095741077244,0.6533333333333333,,,,982.0162957534194,588
visuotactile_persistence,test_geometry_ood,1,20351004,geometry_ood_004,30,0.17164644265081733,0.09297266238782968,0.14106497479757915,0.1901125649559415,0.18324357724438112,0.25083843386835525,0.7703002989292145,0.6208832164605459,0.6753435413042704,0.7645071844259897,0.8554907162984212,0.9352768361568451,0.005916352287555734,0.0043169990337143345,0.004671498589838545,0.005538490620286514,0.006869256120019903,0.008185517073919376,0.299383330204914,0.5733333333333334,,,,154.4817983857356,516
visuotactile_persistence,test_geometry_ood,1,20351005,geometry_ood_005,30,0.0,0.0,0.0,0.0,0.0,0.0,0.11069859266281128,0.11069859266281128,0.11069859266281128,0.11069859266281128,0.11069859266281128,0.11069859266281128,0.001299237348139286,0.0013079247165781757,0.001286609765763084,0.001302861034249266,0.0013028226676397026,0.0012959685564662019,,0.0,,,,0.0,0
visuotactile_persistence,test_geometry_ood,1,20351006,geometry_ood_006,30,0.03844662455634938,0.014242601296347048,0.02006198529464503,0.025307639833125804,0.031990192137244675,0.10063070422038436,0.23639230807622275,0.1916661739349365,0.1972969929377238,0.20084229310353596,0.23509312868118287,0.35706295172373453,0.0051203015958890315,0.0026990618789568543,0.003904359760538985,0.005069968127645552,0.006280261681725582,0.007647856530578186,0.059453543128375336,0.6466666666666666,,,,34.601962100714445,582
visuotactile_persistence,test_geometry_ood,1,20351007,geometry_ood_007,30,0.0,0.0,0.0,0.0,0.0,0.0,0.12204881906509399,0.12204881906509399,0.12204881906509399,0.12204881906509399,0.12204881906509399,0.12204881906509399,0.0013435597609107693,0.0013484112006456903,0.0013341409716910372,0.0013566695891010264,0.0013393200235441328,0.0013392570195719599,,0.0,,,,0.0,0
visuotactile_persistence,test_geometry_ood,1,20351008,geometry_ood_008,30,0.11920677584595979,0.0993524484996063,0.10421303232045223,0.10532014487026674,0.14396874139395852,0.1431795121455151,0.380100847085317,0.36890955368677775,0.3544931451479594,0.350571342309316,0.4196519414583842,0.4068782528241475,0.006251741039256255,0.004023056663572788,0.004912330427517494,0.006190873756228636,0.007455370524742951,0.008677073824219405,0.18434037501952544,0.6466666666666666,,,,107.2860982613638,582
visuotactile_persistence,test_geometry_ood,1,20351009,geometry_ood_009,30,0.46296943441861205,0.37476830064422556,0.42941424085034263,0.6177967785133256,0.4571558893968662,0.43571196268830037,3.1867964482307434,3.146343243122101,3.210229249795278,3.2008960525194805,3.1911634405454,3.185350255171458,0.007931222265275817,0.006664108593637744,0.006871190414919208,0.007332240755204111,0.00867041755700484,0.010118154005613177,0.6944541516279181,0.6666666666666666,,,,416.67249097675085,600
visuotactile_persistence,test_geometry_ood,1,20351010,geometry_ood_010,30,0.06815727967354987,0.020987548575633102,0.07306544697946972,0.07758057897703516,0.08000869886535737,0.08914412497025397,0.29741759061813355,0.17858354647954305,0.30369441509246825,0.3120223840077718,0.3174749374389648,0.37531267007191976,0.00688141849085999,0.00436803971339638,0.005408472333025808,0.006847527291392907,0.008233238252190252,0.009549814864294603,0.10649574948992166,0.64,,,,61.34155170619488,576
visuotactile_persistence,test_geometry_ood,1,20351011,geometry_ood_011,30,0.8210156586600674,0.6028519485973649,0.7114578663888905,0.9793719499061505,0.6880928368618091,1.1233036915461223,5.539873518943787,5.300836833318074,5.441775743166605,5.535087116559347,5.596151089668274,5.825516812006632,0.010615693559714904,0.009343970966680597,0.009817396449701239,0.010362545389216393,0.01114635606839632,0.012408198924579969,1.219330186128813,0.6733333333333333,,,,738.9140927940607,606
visuotactile_persistence,test_geometry_ood,1,20351012,geometry_ood_012,30,0.2916209636173315,0.23246064046397805,0.22239212361681793,0.2763277223644157,0.36354448957782654,0.363379842063619,0.8993186450004578,0.7316960453987121,0.8182413458824158,0.9119749506314595,0.9936244448026021,1.0410564382870993,0.00659749455167912,0.00398159126440684,0.004989176829500745,0.006294895374837021,0.007949152156167353,0.009772657133483638,0.46045415307999704,0.6333333333333333,,,,262.4588672555983,570
visuotactile_persistence,test_geometry_ood,1,20351013,geometry_ood_013,30,0.9268637577951369,0.844607890330048,0.9444284186853716,0.7001976701948378,0.8685072235426762,1.2765775862227504,3.7203280425071714,3.5652393539746603,3.7574153979619345,3.763190992673238,3.7586777925491335,3.757116675376892,0.013317933169504007,0.010906140343286097,0.012027566852824141,0.013238294639935096,0.014531403516108791,0.015886260495365907,1.3902956366927053,0.6666666666666666,,,,834.1773820156232,600
visuotactile_persistence,test_geometry_ood,1,20351014,geometry_ood_014,30,0.14566824798782665,0.019271649647918013,0.09148553653309742,0.19052100779695644,0.21217893088857334,0.21488411507258812,0.6008812348047893,0.351944899559021,0.45413960615793864,0.7369361162185669,0.7355372985204061,0.7258482535680135,0.007300007118222614,0.0047329476685263215,0.005917147799239805,0.007276480916577081,0.008603480101252595,0.009969979105517269,0.22070946664822222,0.66,,,,131.101423189044,594
visuotactile_persistence,test_geometry_ood,1,20351015,geometry_ood_015,30,0.5212672125454992,0.49886439027937335,0.38335633378527645,0.544763178906093,0.6333919253821174,0.5459602343746357,1.3440287764867147,1.2683496157328287,1.2613621393839518,1.3330647230148316,1.4258033752441406,1.4315640290578207,0.01374608326315259,0.011464323157755037,0.012483442345789323,0.013566920157366743,0.014915515738539397,0.016300214916312446,0.7978579783859682,0.6533333333333333,,,,469.1404912909493,588
visuotactile_persistence,test_geometry_ood,1,20351016,geometry_ood_016,30,0.0,0.0,0.0,0.0,0.0,0.0,0.1161009669303894,0.1161009669303894,0.1161009669303894,0.1161009669303894,0.1161009669303894,0.1161009669303894,0.0010086763735550146,0.0010244007299964628,0.0010118367616087198,0.001005093598117431,0.0010018285325107475,0.0010002222455417116,,0.0,,,,0.0,0
visuotactile_persistence,test_geometry_ood,1,20351017,geometry_ood_017,30,0.50319330718627,0.3561992766128646,0.4704313173890114,0.45585732029155934,0.651245972887975,0.5822326487499393,3.260815699895223,3.1035921891530354,3.1160642306009927,3.2924031972885133,3.306525127092997,3.4854937553405763,0.011278403262452533,0.011095267763206114,0.010872589323359232,0.010869395678552489,0.011350984952878207,0.012203778594266624,0.770193837530005,0.6533333333333333,,,,452.87397646764293,588
visuotactile_persistence,test_geometry_ood,1,20351018,geometry_ood_018,30,0.19196580494443574,0.13027371405106453,0.17759183533489703,0.18950535819555323,0.2055293659783072,0.2569287511623568,0.7737406150499979,0.6454025824864705,0.7116836388905843,0.7919585227966308,0.8294723908106486,0.8901859402656556,0.005536704059535017,0.003104670305037871,0.004185295995557681,0.005384996459664156,0.006778007943648845,0.008230549593766531,0.2999465702256809,0.64,,,,172.76922444999218,576
visuotactile_persistence,test_geometry_ood,1,20351019,geometry_ood_019,30,0.0,0.0,0.0,0.0,0.0,0.0,0.12415308952331543,0.12415308952331543,0.12415308952331543,0.12415308952331543,0.12415308952331543,0.12415308952331543,0.0011481115695399543,0.0011634949361905456,0.0011424606200307608,0.0011355919647030531,0.0011638820675822596,0.0011351282591931522,,0.0,,,,0.0,0
visuotactile_persistence,test_geometry_ood,1,20351020,geometry_ood_020,30,0.0,0.0,0.0,0.0,0.0,0.0,0.10418130954106648,0.10418130954106648,0.10418130954106648,0.10418130954106648,0.10418130954106648,0.10418130954106648,0.000850506438097606,0.0008662307945390542,0.0008536668261513114,0.0008469236626600225,0.0008436585970533391,0.0008420523100843032,,0.0,,,,0.0,0
visuotactile_persistence,test_geometry_ood,1,20351021,geometry_ood_021,30,0.5613171217756139,0.48421335947803323,0.612329479229326,0.5798465239504973,0.5107197371208005,0.6194765090994123,3.7399182240168254,3.4812321106592816,3.569925379753113,3.752424375216166,3.8579027811686197,4.0381064732869465,0.012588827273187537,0.012864035356324166,0.01245017124650379,0.012250873275722067,0.012413327652029692,0.012965728835357975,0.8591588598606336,0.6533333333333333,,,,505.1854095980525,588
visuotactile_persistence,test_geometry_ood,1,20351022,geometry_ood_022,30,0.040900592548358775,0.011443186913513474,0.021618806555246315,0.025895965782304606,0.029567570622182553,0.1159774328685469,0.3065374565124512,0.2431640863418579,0.2473096291224162,0.25954975287119547,0.26611149311065674,0.5165523211161296,0.007859482305163206,0.00581849622928227,0.006476526888824689,0.007650327808611716,0.009009478613734245,0.010342581985363116,0.06390717585681058,0.64,,,,36.810533293522894,576
visuotactile_persistence,test_geometry_ood,1,20351023,geometry_ood_023,30,0.8472291848560174,0.8817333651085695,0.731478268156449,0.8138680191503631,0.8014639447132746,1.007602327151431,3.2920431208610537,3.2778117696444196,3.317077275117238,3.3042051355044046,3.2879126906394958,3.273208733399709,0.007733885886458059,0.006538956670556218,0.006903240146736304,0.007503211707808077,0.008312698298444351,0.009411322608745347,1.2708437772840262,0.6666666666666666,,,,762.5062663704157,600
visuotactile_persistence,test_geometry_ood,1,20351024,geometry_ood_024,30,0.29715478337887263,0.14075278838475544,0.2431353613630765,0.31709859694043796,0.3801506541358928,0.40463651607020035,0.9416070747375488,0.6214787006378174,0.8646345138549805,0.9984689235687256,1.1074448426564534,1.1160083929697673,0.0074502838111948225,0.00484647192254973,0.006079843679132561,0.0073433907392124334,0.008752711462633064,0.010229001252446324,0.4502345202710191,0.66,,,,267.43930504098535,594
visuotactile_persistence,test_geometry_ood,1,20351025,geometry_ood_025,30,0.30039889169054934,0.284289030424164,0.2961209424215162,0.3003886573430565,0.27094250492777466,0.3502533233362354,1.2629227284590403,1.2237866679827372,1.2508297165234883,1.2592207471529642,1.2677077174186706,1.313068793217341,0.011180401549208909,0.009792786227383962,0.010166297426136832,0.010912581521552056,0.011856550606898964,0.013173791964072734,0.4951630082811253,0.6066666666666667,,,,270.3590025214944,546
visuotactile_persistence,test_geometry_ood,1,20351026,geometry_ood_026,30,0.22098718380762472,0.1490021790895197,0.1774833923826615,0.2124366317772203,0.2536541621718142,0.31235955361690787,0.7424621788660685,0.5846409241358439,0.6808171510696411,0.7483321746190389,0.800789189338684,0.8977314551671346,0.009961220216937364,0.006909216866673281,0.008330082912774135,0.00993629590375349,0.011490698127696911,0.013139807273788998,0.3452924746994136,0.64,,,,198.88846542686224,576
visuotactile_persistence,test_geometry_ood,1,20351027,geometry_ood_027,30,0.37013588328328395,0.36677628062251544,0.33105619469036657,0.2702622047522002,0.3969446044829157,0.48564013186842203,1.3874050482114155,1.3247106750806172,1.3181607921918232,1.3145129640897115,1.4867053071657816,1.4929355025291442,0.01162473788872982,0.010049877657244603,0.010651047151380528,0.011367750520973156,0.012378465027237932,0.013676549086812883,0.5723750772421917,0.6466666666666666,,,,333.1222949549556,582
visuotactile_persistence,test_geometry_ood,1,20351028,geometry_ood_028,30,0.18965595461014245,0.08786855420718591,0.09261932323376337,0.21534846207747857,0.2739618021166987,0.2784816314155857,0.7422215104103088,0.5158354798952739,0.559140408039093,0.8410869002342224,0.8985236048698425,0.8965211590131124,0.007885521678254008,0.005305012759830182,0.006504580372711644,0.007867934170644731,0.009208891381664823,0.010541189706418663,0.28448393191521365,0.6666666666666666,,,,170.6903591491282,600
visuotactile_persistence,test_geometry_ood,1,20351029,geometry_ood_029,30,0.5062084457940526,0.3068185016512871,0.4816531567937798,0.5260695904079411,0.6398107093655401,0.5766902707517148,2.862988373438517,2.7781057993570966,2.8346890846888226,2.841857973734538,2.89716153939565,2.9631274700164796,0.01051707979136457,0.010293080851746102,0.01022627173224464,0.01041217449043567,0.01067336268024519,0.010980509202151248,0.8253398572729118,0.6133333333333333,,,,455.5876012146473,552
visuotactile_shuffled_touch,test_geometry_ood,1,20351000,geometry_ood_000,30,1.651482662933413,1.5817634565859204,1.6173634606103102,1.6513956646305612,1.6863747763085282,1.7205159565317445,4.404693831602732,4.171401858329773,4.290318262577057,4.391436763604482,4.522110052903494,4.648202220598857,0.04754873366250346,0.04559312945930287,0.046632302393360685,0.04772605031418304,0.04855979985635107,0.04923238628931965,2.7418637314258376,0.5866666666666667,,,,1447.7040501928423,528
visuotactile_shuffled_touch,test_geometry_ood,1,20351001,geometry_ood_001,30,0.040486936929325264,0.042414216034942206,0.04060925802008973,0.039833753721581565,0.039389195914069815,0.040188260955943,0.13256330649058023,0.13966105779012045,0.1338632345199585,0.12934759457906086,0.129046098391215,0.1308985471725464,0.001563704585423693,0.0017288328090216964,0.0015440844950110962,0.001515977872380366,0.0015179548296146094,0.0015116729210906973,,0.0,,,,0.0,0
visuotactile_shuffled_touch,test_geometry_ood,1,20351002,geometry_ood_002,30,1.9321852064588003,2.012518876356383,1.9687134570545621,1.9346544851135048,1.8912328828229672,1.8538063309465846,4.861209785938263,5.053111704190572,4.9523482839266455,4.876339030265808,4.761954295635223,4.662295615673065,0.054162944857186326,0.04543664869464313,0.0520532862477315,0.056147735573661824,0.0580678362865001,0.059109217483395086,,0.0,,,,0.0,0
visuotactile_shuffled_touch,test_geometry_ood,1,20351003,geometry_ood_003,30,3.0354889056955776,3.0682732375545636,2.9985688927272958,3.011669696515633,2.995701606840723,3.103231094839672,5.636143639882405,5.687972736358643,5.6047814846038815,5.665387280782064,5.58318829536438,5.63938840230306,0.010103455733818312,0.009478440519887953,0.010053064542201657,0.010231030414191385,0.010339126274144898,0.010415616918665667,4.6336901538568185,0.6533333333333333,,,,2724.6098104678094,588
visuotactile_shuffled_touch,test_geometry_ood,1,20351004,geometry_ood_004,30,2.172201653874169,2.1223303834183347,2.12945075314492,2.1655573173840015,2.1915181042833463,2.252151711140242,6.080285959243774,5.910908317565918,5.985894385973612,6.071003965536753,6.168649435043335,6.264973692099253,0.04586719008550669,0.044826010323595254,0.0454001535079442,0.0459796289796941,0.04638770042608182,0.04674245719021807,3.6646377635404987,0.5733333333333334,,,,1890.9530859868973,516
visuotactile_shuffled_touch,test_geometry_ood,1,20351005,geometry_ood_005,30,0.9973062378292282,1.0150028768719899,0.9932049532007012,0.991214120408727,0.9925102200255626,0.9945990186391606,2.8683717195192973,2.8495059609413147,2.855202686786652,2.8697578867276508,2.8794518232345583,2.887940239906311,0.05282012810775389,0.05047331825286771,0.05192586664343253,0.05304890810900057,0.053923326249544816,0.05472922128392384,,0.0,,,,0.0,0
visuotactile_shuffled_touch,test_geometry_ood,1,20351006,geometry_ood_006,30,0.979600323293772,0.9510128835940527,0.9768885550192661,1.0069612014314366,1.0083550109321044,0.9547839654920002,2.657631195386251,2.583086641629537,2.6315433025360107,2.738222599029541,2.7344459573427837,2.6008574763933816,0.042125354679689433,0.041322823914621644,0.04185179317137226,0.04230871637507031,0.04255269348310928,0.04259074645427366,1.448722034417528,0.6466666666666666,,,,843.1562240310013,582
visuotactile_shuffled_touch,test_geometry_ood,1,20351007,geometry_ood_007,30,1.1222116853048405,1.140333992884391,1.1201962118761406,1.117432050096492,1.1164858925673697,1.1166102790998087,2.9810116561253865,2.9857731540997823,2.9695809880892434,2.976708753903707,2.9836717367172243,2.989323647816976,0.06092021349662294,0.05859102753068631,0.060171017706549416,0.06122064461233094,0.061961700724593054,0.06265667690895498,,0.0,,,,0.0,0
visuotactile_shuffled_touch,test_geometry_ood,1,20351008,geometry_ood_008,30,0.950355391722276,0.9105365805741813,0.9073085631243885,0.962804050800494,0.9827654601307586,0.9883623039815574,2.1465121483802796,1.8482193112373353,2.0264551321665447,2.25535302956899,2.2790701389312744,2.3234631299972532,0.0046510598241972425,0.004419741379873206,0.004574369992284725,0.00455459076911211,0.0046994410222396255,0.005007155957476546,1.397360211239065,0.6466666666666666,,,,813.2636429411359,582
visuotactile_shuffled_touch,test_geometry_ood,1,20351009,geometry_ood_009,30,2.082617731437915,2.1551574636043775,2.0767822765848702,2.0313257754469913,2.078896442780064,2.0709266987732713,4.01593118985494,4.2355725844701135,4.047453784942627,3.8683800141016644,3.9365344842274985,3.991715081532796,0.009414111337003608,0.008661010217232009,0.00927944437523062,0.009371001676966747,0.00970513802797844,0.010053962387610227,3.111831586907307,0.6666666666666666,,,,1867.0989521443844,600
visuotactile_shuffled_touch,test_geometry_ood,1,20351010,geometry_ood_010,30,1.7014789113464455,1.6967410363256932,1.668403799335162,1.6999620874308878,1.7171748088465797,1.725112824793905,4.1614544407526655,4.085420370101929,4.069099680582682,4.174097013473511,4.241774686177572,4.2368804534276325,0.004413022986457993,0.00614590054222693,0.004380342034467807,0.0038915957828673225,0.0036891804717015474,0.003958096101026361,2.5204390074003538,0.64,,,,1451.7728682626039,576
visuotactile_shuffled_touch,test_geometry_ood,1,20351011,geometry_ood_011,30,2.0325043344207936,2.07135921900885,1.9726127731924257,2.1051766803488134,1.9570400810076132,2.056332918546266,2.9824473309516906,3.14720325867335,3.033821217219035,2.8839646577835083,2.844198163350423,3.003049357732137,0.01586967745795846,0.014973243985635539,0.015787778721035768,0.01612838023575023,0.01616526608898615,0.016293718258384614,3.0051030285976115,0.6733333333333333,,,,1821.0924353301525,606
visuotactile_shuffled_touch,test_geometry_ood,1,20351012,geometry_ood_012,30,1.6224101836586164,1.5576924442417093,1.5812196920108463,1.6173778067032496,1.6533292737582492,1.7024317015790278,3.6399461205800376,3.4137822151184083,3.5286489089330035,3.6417166233062743,3.7500104109446206,3.86557244459788,0.004055409545544535,0.0037817560601979493,0.003387521083156268,0.0038230824555891257,0.004393949790392071,0.00489073833838726,2.494644341483843,0.6333333333333333,,,,1421.9472746457905,570
visuotactile_shuffled_touch,test_geometry_ood,1,20351013,geometry_ood_013,30,1.0450231594669943,0.8791787651238135,1.0397677026714922,1.0103236206082835,1.1334495559334754,1.1623961529979068,0.8533243536949158,0.4743380347887675,0.7140638113021851,0.8593850056330363,1.012341316541036,1.206493600209554,0.00992792364442721,0.009079430485144258,0.009783341359191884,0.010240931890439241,0.010163525414342681,0.010372389073017985,1.552421494727799,0.6666666666666666,,,,931.4528968366794,600
visuotactile_shuffled_touch,test_geometry_ood,1,20351014,geometry_ood_014,30,1.5173788419986765,1.5881326116621495,1.587663076362676,1.4891801211155122,1.4693575353465147,1.4525608655065299,3.6865001630783083,3.876978627840678,3.808058484395345,3.6012860536575317,3.585430137316386,3.5607475121816,0.004747157639746244,0.003509999023905645,0.004044619427683453,0.00475648845701168,0.005370580977372205,0.0060541003127582375,2.268372594614071,0.66,,,,1347.4133212007582,594
visuotactile_shuffled_touch,test_geometry_ood,1,20351015,geometry_ood_015,30,1.687557226416862,1.7172574400319718,1.644176101026177,1.6293405389128668,1.680027361247792,1.7669846908655018,3.689500869909922,3.7801095962524416,3.5907726089159646,3.593600130081177,3.6647163311640423,3.8183056831359865,0.03985355720515751,0.03912320351616169,0.03965568644537901,0.039980341389309615,0.040112394879300454,0.04039615979563678,2.561570746440054,0.6533333333333333,,,,1506.2035989067517,588
visuotactile_shuffled_touch,test_geometry_ood,1,20351016,geometry_ood_016,30,1.352117821334137,1.342916371528473,1.3352567596981924,1.3531469554226432,1.3645243183606202,1.3647447016607557,3.2416592327753704,3.121473709742228,3.194996734460195,3.2774661342302958,3.305095613002777,3.3092639724413555,0.058725825898970165,0.05001396245400732,0.05678563624387607,0.06090423663457235,0.0625871639776354,0.0633381301847597,,0.0,,,,0.0,0
visuotactile_shuffled_touch,test_geometry_ood,1,20351017,geometry_ood_017,30,1.1747915440151053,1.1089153461158276,1.1533716820775428,1.211192096490413,1.2092829341793225,1.191195661212421,0.9013733871777853,0.8271622101465861,0.7972960789998372,0.9329420407613118,0.9216275493303935,1.0278390566507976,0.01555476866196841,0.014100005706616988,0.01506044362516453,0.015721861207081626,0.016241956300412617,0.016649576470566294,1.7821628990841294,0.6533333333333333,,,,1047.9117846614681,588
visuotactile_shuffled_touch,test_geometry_ood,1,20351018,geometry_ood_018,30,2.2602639614645805,2.245049871566395,2.1869669835600587,2.241948896046314,2.293339858090298,2.3340141980598372,6.223123600482941,6.182803026835123,6.005622545878093,6.146015878518423,6.3327761809031164,6.4484003702799475,0.048609077070529264,0.04750018618845691,0.04825362235230083,0.048857576415563625,0.04916470528502638,0.04926929511129856,3.494826013361388,0.64,,,,2013.0197836961597,576
visuotactile_shuffled_touch,test_geometry_ood,1,20351019,geometry_ood_019,30,0.028973387914399306,0.029549961392250326,0.02800650524182452,0.02829221613291237,0.02912909812811348,0.02988915867689583,0.105809219678243,0.10663344065348307,0.10600646336873372,0.10394969781239828,0.10470725695292155,0.10774923960367838,0.0010028831159191517,0.0009287403750931844,0.001000197414153566,0.001005408690252807,0.0010297809281231214,0.0010502881719730794,,0.0,,,,0.0,0
visuotactile_shuffled_touch,test_geometry_ood,1,20351020,geometry_ood_020,30,2.993787917267117,2.96898937292604,3.036314625862158,3.0169741242503125,2.98491935711354,2.9617421061835354,8.160138279596964,7.994140084584554,8.25964966615041,8.241747490564983,8.17354523340861,8.131608923276266,0.051932347785526266,0.046677167469169945,0.05149641432799399,0.053472774328353505,0.053937847714405504,0.054077535087708385,,0.0,,,,0.0,0
visuotactile_shuffled_touch,test_geometry_ood,1,20351021,geometry_ood_021,30,3.3048863418358896,3.16967667873121,3.245982494060364,3.2979114996890226,3.368784293346107,3.4420767433527444,8.288119022051493,7.943807737032572,8.087186686197917,8.330033993721008,8.477818012237549,8.60174868106842,0.01084718244538332,0.010265918064396829,0.010632689646445214,0.010844265657942742,0.011093565705232322,0.011399473152899494,5.042228301613256,0.6533333333333333,,,,2964.8302413485944,588
visuotactile_shuffled_touch,test_geometry_ood,1,20351022,geometry_ood_022,30,1.095398474279791,0.969421451476713,1.0433099197637703,1.1287418199082215,1.1806164238188002,1.1549027564314505,2.452162192662557,1.9753417730331422,2.278469689687093,2.565176272392273,2.753266525268555,2.688556702931722,0.005781742779848476,0.005663725015862534,0.004765816494667282,0.005456299272676309,0.006135190615896136,0.00688768250014012,1.5624186064944499,0.64,,,,899.9531173408031,576
visuotactile_shuffled_touch,test_geometry_ood,1,20351023,geometry_ood_023,30,1.681568873255617,1.6783169094887045,1.6886576691642403,1.7078260316823919,1.6663573020655247,1.666686453877224,2.3173071146011353,2.182717132568359,2.3238365093866986,2.3190494537353517,2.3407121976216634,2.4202202796936034,0.012941780414742728,0.010789362993091346,0.012151262001134455,0.01333725021686405,0.01393227702161918,0.01449874984100461,2.50871013255169,0.6666666666666666,,,,1505.226079531014,600
visuotactile_shuffled_touch,test_geometry_ood,1,20351024,geometry_ood_024,30,2.1587202272771133,2.2034392903248468,2.156047225246827,2.1269198491341537,2.1581588748635516,2.1490358968161876,5.476208958625794,5.669456815719604,5.469725465774536,5.394648520151774,5.43605535030365,5.411158641179402,0.003222600385779515,0.002746218138296778,0.0027962932518372932,0.0029669395686748126,0.0034185969775232176,0.004184953992565473,3.2417908175801387,0.66,,,,1925.6237456426024,594
visuotactile_shuffled_touch,test_geometry_ood,1,20351025,geometry_ood_025,30,2.1490925589938543,2.1529803835114256,2.1429506993542113,2.18699346859422,2.106106635979894,2.156431607529521,5.5807730424404145,5.525810460249583,5.5332916657129925,5.5717240611712135,5.613978425661723,5.65906059940656,0.011364066344685852,0.011680342881785084,0.011588185319366555,0.011393371348579725,0.011163016486292084,0.010995415687405814,3.5157855755594922,0.6066666666666667,,,,1919.6189242554829,546
visuotactile_shuffled_touch,test_geometry_ood,1,20351026,geometry_ood_026,30,2.2471016846493717,2.2752622053337594,2.238176687910325,2.2317441820891366,2.2463145491977534,2.244010798715883,5.63127643108368,5.662602464358012,5.613235584894816,5.6116447925567625,5.659455315272013,5.609443998336792,0.0042404835888495045,0.004335105081554502,0.0032631313079036772,0.003753490773184846,0.004621753620449453,0.005228937161155045,3.450666019680082,0.64,,,,1987.5836273357272,576
visuotactile_shuffled_touch,test_geometry_ood,1,20351027,geometry_ood_027,30,2.3937041871042717,2.31352364561624,2.3185529659191766,2.3769082811764544,2.470041019759244,2.489495023050242,5.971913884480794,5.788559222221375,5.8499981959660845,5.90945611000061,6.120559970537822,6.19099592367808,0.011711780845653266,0.011909392445037763,0.011867524330349018,0.011756026884540915,0.01159185718279332,0.011434103385545314,3.688117759404672,0.6466666666666666,,,,2146.484535973519,582
visuotactile_shuffled_touch,test_geometry_ood,1,20351028,geometry_ood_028,30,1.7378634250536562,1.804754466853208,1.7590445707655615,1.6997568135460217,1.7220931485295297,1.7036681255739596,4.226161120732625,4.4306140104929606,4.263784352938334,4.144511922200521,4.162905645370484,4.128989672660827,0.004423648409234981,0.003923689511915048,0.0037652741302736104,0.003979980254856249,0.004770292236935347,0.00567900591219465,2.5899823158731063,0.6666666666666666,,,,1553.9893895238638,600
visuotactile_shuffled_touch,test_geometry_ood,1,20351029,geometry_ood_029,30,1.3815813678503037,1.3301268343503276,1.393963325334092,1.3787764851624766,1.417272475009991,1.387767719394631,1.7568601703643798,1.7092546383539835,1.7835607131322224,1.7443981011708578,1.7598100582758585,1.787277340888977,0.011565102329477668,0.010471190116368235,0.01108931100073581,0.011621719493996352,0.012078144684589157,0.012565146351698786,2.2322158587124683,0.6133333333333333,,,,1232.1831540092826,552
visuotactile_world_model,test_physics_ood,1,20352000,physics_ood_000,30,0.5356225343172749,0.45343952036152285,0.49018472406185337,0.5822167580326398,0.5677596137962407,0.5845120553341177,1.0886053776741027,0.9654818693796794,1.017902640501658,1.1958600123723349,1.139200472831726,1.1245818932851155,0.0036353572842199354,0.002455879031913355,0.0033612700489660105,0.003753635644291838,0.004061446047853678,0.004544555648074796,0.8019229143123034,0.6533333333333333,1.0,1.0,1.0,471.53067361563444,588
visuotactile_world_model,test_physics_ood,1,20352001,physics_ood_001,30,0.03488650862541463,0.04285856768902805,0.03549327161163092,0.03354292975531684,0.03185683412270413,0.03068093994839324,0.0776404333114624,0.08555750846862793,0.07528343995412191,0.0752620776494344,0.07565595308939616,0.07644318739573161,0.0006698882641891638,0.0006249947706237436,0.0006717391622563203,0.0006781401345506311,0.0006699045227530102,0.0007046627307621141,,0.0,1.0,1.0,1.0,0.0,0
visuotactile_world_model,test_physics_ood,1,20352002,physics_ood_002,30,0.031665178864366476,0.03503459478831954,0.03135726677460803,0.0307190235497223,0.030303769475883906,0.03091123973329862,0.08443384647369384,0.08967758814493815,0.08513716856638591,0.08170886039733886,0.08177775541941325,0.08386785984039306,0.000761738916238149,0.0008095137658528983,0.0007370677078142763,0.0007361769792623817,0.0007345450537589689,0.0007913910745022197,,0.0,1.0,1.0,1.0,0.0,0
visuotactile_world_model,test_physics_ood,1,20352003,physics_ood_003,30,0.9858442288347417,0.8764650996153553,0.9097394731309679,1.0653216833662655,1.0473868747966157,1.0303080132645037,2.0823246296246847,1.9745525121688843,1.9852678894996643,2.2005321820576986,2.183003846804301,2.0682667175928753,0.004546713364931444,0.0016217416035942734,0.0030290590909620124,0.004589916707482189,0.006079032260458916,0.00741381716215983,1.4951589531993785,0.6533333333333333,1.0,0.0,0.0,879.1534644812346,588
visuotactile_world_model,test_physics_ood,1,20352004,physics_ood_004,30,0.33893058901652695,0.22951917569670413,0.34415046061492627,0.33449430774069494,0.36978085804730654,0.4167081429830028,0.5991863576571147,0.43441180388132733,0.6840379238128662,0.525581177075704,0.6157272020975749,0.736173681418101,0.00408262071510156,0.0030255909155433376,0.0036541804981728393,0.004062686072817693,0.004498697452557584,0.005171948636416346,0.47232243695556103,0.6533333333333333,1.0,0.0,0.0,277.7255929298699,588
visuotactile_world_model,test_physics_ood,1,20352005,physics_ood_005,30,0.5956305082514882,0.4957082850858569,0.5820997257199553,0.5955230100494292,0.6452193110353417,0.659602209366858,1.1819398776690164,1.009644583861033,1.2145791927973428,1.162990434964498,1.251734741528829,1.2707504351933798,0.0035527705665056902,0.002011185799104472,0.002904666440250973,0.003629081145239373,0.004272119355543206,0.004946800092390428,0.8804112677710751,0.6666666666666666,0.0,1.0,0.0,528.2467606626451,600
visuotactile_world_model,test_physics_ood,1,20352006,physics_ood_006,30,0.34011965257322624,0.2171544072890861,0.31237782722132074,0.34437658203144866,0.4231407332751486,0.403548713049127,0.5172591543197632,0.2640878121058146,0.48352324167887367,0.5347129861513774,0.6821836829185486,0.6217880487442017,0.0036381703498773277,0.0019390394911170006,0.002952828634685526,0.003730995867711802,0.004438367059143881,0.005129620696728428,0.5003467486334042,0.66,1.0,1.0,1.0,297.20596868824214,594
visuotactile_world_model,test_physics_ood,1,20352007,physics_ood_007,30,0.24235571243696744,0.1598051977654298,0.23300748680614763,0.2314736424634854,0.2726302094550596,0.31486202569471466,0.5202305070559183,0.3601088325182597,0.5407228628794353,0.4340216318766276,0.574228040377299,0.6920711676279704,0.0035702013309734564,0.001756224932614714,0.0027982557425275446,0.0035733156527082127,0.004390870457670341,0.00533233986934647,0.33106643911831235,0.6533333333333333,1.0,1.0,1.0,194.66706620156765,588
visuotactile_world_model,test_physics_ood,1,20352008,physics_ood_008,30,0.6341987263659636,0.5094612454788552,0.5934146458283067,0.638651334701313,0.6906629814455907,0.7388034243757526,1.3807719818751016,1.1256151874860127,1.3151290814081829,1.389993139108022,1.4856535037358602,1.5874689976374308,0.006069198102535059,0.002904078779586901,0.004682488436810672,0.006293248183404406,0.007605716675364723,0.008860458437508593,1.0466523379478114,0.5933333333333334,1.0,0.0,0.0,558.9123484641314,534
visuotactile_world_model,test_physics_ood,1,20352009,physics_ood_009,30,0.2756501634005043,0.16091363510737816,0.2488602152508166,0.27774795254485474,0.34108878663844533,0.3496402274610268,0.5708076071739197,0.3417014996210734,0.559719975789388,0.5856581171353658,0.6655373334884643,0.7014211098353068,0.0034114141242268183,0.0025227618442537885,0.0030466800400366385,0.0034134730192211765,0.003791494395894309,0.00428266132172818,0.3987557304088616,0.66,1.0,1.0,1.0,236.86090386286378,594
visuotactile_world_model,test_physics_ood,1,20352010,physics_ood_010,30,0.4061280585038993,0.4020119266791476,0.375772474375036,0.39202631751282346,0.42934937584731314,0.4314801981051763,0.7255987612406413,0.8411342144012451,0.6679890712102254,0.6400109529495239,0.7307830890019734,0.7480764786402384,0.002336207186648001,0.001105535924822713,0.0016798585983148465,0.0023317837777237097,0.002983410423621535,0.0035804472087572017,0.5950471630692482,0.6666666666666666,0.0,1.0,0.0,357.0282978415489,600
visuotactile_world_model,test_physics_ood,1,20352011,physics_ood_011,30,0.19439349700179365,0.1187847334270676,0.14958537742495537,0.2143363462140163,0.23511810768395663,0.2541429202589724,0.32066160996754967,0.1859852155049642,0.24662672678629557,0.3998604933420817,0.3505715847015381,0.4202640295028687,0.0038441154089135427,0.0025796332435371974,0.0034303438810942073,0.003920847270637751,0.004389341796437899,0.00490041085286066,0.27549246495881047,0.6533333333333333,1.0,1.0,1.0,161.98956939578056,588
visuotactile_world_model,test_physics_ood,1,20352012,physics_ood_012,30,0.8173223626199696,0.6870691414094634,0.7140907196328043,0.8113348555233744,0.8871482857192556,0.9869688108149502,1.6844825967152914,1.4593751430511475,1.4819741566975912,1.6268423875172933,1.7869597514470419,2.067261544863383,0.003283414984277139,0.0025561922152216236,0.0019253996782936157,0.002939410953937719,0.003963548926791797,0.00503252314714094,1.2017492694356064,0.6733333333333333,0.0,1.0,0.0,728.2600572779775,606
visuotactile_world_model,test_physics_ood,1,20352013,physics_ood_013,30,0.2591170623567369,0.21995091978460551,0.23191977675176328,0.25106191146704887,0.2753510946200954,0.31730160916017164,0.5226915121078491,0.36970852613449096,0.36811195611953734,0.47564723491668703,0.6227288365364074,0.7772610068321228,0.0035983710476042083,0.0024114450827861828,0.0030617333366535606,0.0036742140965846676,0.004183733626268804,0.0046607290957278264,0.3930221606873804,0.6,1.0,1.0,1.0,212.2319667711854,540
visuotactile_world_model,test_physics_ood,1,20352014,physics_ood_014,30,1.0980753189346029,0.9568884109871255,1.0315520136306684,1.078948802842448,1.1663867874898843,1.2566005797228879,2.401299565633138,2.135445737838745,2.2664456288019816,2.3398099660873415,2.498270352681478,2.766526142756144,0.004046005295822397,0.002655473805498332,0.002873230337475737,0.0036765673430636525,0.004929887899197638,0.006094867093876625,1.684008770478294,0.6466666666666666,1.0,1.0,1.0,980.0931044183671,582
visuotactile_world_model,test_physics_ood,1,20352015,physics_ood_015,30,0.6393147419889768,0.4861860467741887,0.5603024119511246,0.6378815627967318,0.709580485129522,0.8026232032933169,1.3857194526990255,1.0587865273157755,1.2068746089935303,1.4001311739285787,1.5359222014745078,1.7268827517827352,0.004781684201831619,0.0028584419866092502,0.003707037800146888,0.004802277773463478,0.005838826368562877,0.0067018370803756016,1.0175040259984018,0.62,1.0,0.0,0.0,567.7672465071082,558
visuotactile_world_model,test_physics_ood,1,20352016,physics_ood_016,30,0.4618611977083815,0.4859383541883694,0.43432651083502505,0.41786303853409157,0.4516043625565039,0.5195737224279179,0.8305000138282775,0.9649560372034709,0.8148201624552409,0.6633723338445028,0.7582682291666667,0.9510833064715067,0.004600742886541411,0.00253987773321569,0.003717101574875414,0.0045302922313567254,0.005594090290833265,0.006622352602425963,0.6717636796583732,0.6666666666666666,0.0,0.0,0.0,403.0582077950239,600
visuotactile_world_model,test_physics_ood,1,20352017,physics_ood_017,30,0.323073573516837,0.23171770530882188,0.2888334518686558,0.3323976066894829,0.3647276709891028,0.3976914327281217,0.6910176348686218,0.5120665868123372,0.6353663007418314,0.6972045977910359,0.762471608320872,0.8479790806770324,0.004088101708330214,0.0024303137906827033,0.0034823792753741144,0.004195163953894129,0.004850730008911341,0.005481921512788783,0.5173745009129763,0.6,1.0,1.0,1.0,279.3822304930072,540
visuotactile_world_model,test_physics_ood,1,20352018,physics_ood_018,30,0.64130919582107,0.4743196182987756,0.5524782691875265,0.6504077333336075,0.7168537589617902,0.8124865993236502,1.409151725769043,1.0368279854456584,1.2017588138580322,1.4263184030850729,1.5805058161417642,1.8003476103146872,0.0032401089160703123,0.0021630170793893438,0.0022249054008473953,0.00301476539655899,0.003926538889451573,0.004871317814104259,1.018137650744569,0.62,1.0,1.0,1.0,568.1208091154695,558
visuotactile_world_model,test_physics_ood,1,20352019,physics_ood_019,30,0.7330307895121061,0.7439162415400561,0.6843461371544335,0.7209629410256942,0.7595044399922093,0.7564241878481375,1.4716635497411092,1.714670968055725,1.4563172817230225,1.3689271926879882,1.416879685719808,1.4015226205190023,0.004123938920868871,0.0022268028153727454,0.003440174978459254,0.004285004397388548,0.0050040809505541494,0.005663631462569659,1.0844535053226476,0.6666666666666666,0.0,1.0,0.0,650.6721031935886,600
visuotactile_world_model,test_physics_ood,1,20352020,physics_ood_020,30,0.854556800685823,0.6427227190592223,0.7578045651523604,0.8410800545372896,0.9502983089743389,1.0808783557059036,1.7843242653210958,1.3224394162495932,1.5481799443562825,1.7393908500671387,2.0002022862434385,2.311408829689026,0.004174976601886252,0.002802204282488674,0.003435310465283692,0.003991359305412819,0.004863875013931344,0.005782133942314734,1.3078061634117795,0.6466666666666666,1.0,1.0,1.0,761.1431871056557,582
visuotactile_world_model,test_physics_ood,1,20352021,physics_ood_021,30,0.8794054375092188,0.7098659079107973,0.8137979191831417,0.8972339721603526,0.9609138731534282,1.0152155151383744,1.8474599957466125,1.4575658361117045,1.6914135734240214,1.8684403777122498,2.0380778431892397,2.1818023482958475,0.0036305549317815653,0.002071792562492192,0.0022056878699610633,0.003502959532973667,0.004607566779789825,0.005764767913691079,1.3867793370249635,0.6266666666666667,1.0,1.0,1.0,782.1435460820794,564
visuotactile_world_model,test_physics_ood,1,20352022,physics_ood_022,30,0.17757497300911282,0.12526931939646602,0.1585565153716339,0.21178352530631755,0.18804649969355927,0.2042190052775873,0.27991420348485313,0.20036693414052328,0.27351208130518595,0.38275177478790284,0.2692450523376465,0.273695174853007,0.0021299709542654454,0.001974352317241331,0.00203516527156656,0.002134693192783743,0.002148484787903726,0.0023571592018318674,0.25104460160966074,0.66,1.0,1.0,1.0,149.12049335613847,594
visuotactile_world_model,test_physics_ood,1,20352023,physics_ood_023,30,0.4663233936743604,0.4096573307075434,0.4368109460713135,0.44518083958990046,0.4893341932238804,0.5506336587791641,0.8496159863471985,0.7748191833496094,0.7839659929275513,0.7979129473368327,0.8899109880129497,1.0014708201090494,0.004008310643451599,0.003532525280994984,0.00371471334171171,0.003994747404552375,0.004256481083575636,0.004543086106423289,0.7040982418901629,0.6466666666666666,0.0,1.0,0.0,409.78517678007483,582
visuotactile_world_model,test_physics_ood,1,20352024,physics_ood_024,30,0.4103316436573449,0.25357904136180875,0.3325189089299076,0.4658229332055069,0.48339125557492174,0.5163460792145795,0.9291298596064249,0.5725340604782104,0.7654893318812053,1.0467833042144776,1.100179902712504,1.1606626987457276,0.004724214104935526,0.0032926071163577337,0.004146261769346893,0.0047943031609368825,0.005406910732078055,0.00598098774595807,0.6105581622231803,0.6533333333333333,1.0,1.0,1.0,359.00819938723,588
visuotactile_world_model,test_physics_ood,1,20352025,physics_ood_025,30,0.33763760703719325,0.24972147985051077,0.29918820367505156,0.34746757491181296,0.3846650947506229,0.4071456819979681,0.522120430469513,0.40749249458312986,0.5044141332308452,0.584175443649292,0.5868002732594808,0.5277198076248169,0.0050705160313130665,0.001943478025107955,0.003553584664283941,0.005270905296007792,0.006636237228910128,0.007948374942255516,0.49624911494248986,0.6533333333333333,1.0,0.0,0.0,291.794479586184,588
visuotactile_world_model,test_physics_ood,1,20352026,physics_ood_026,30,0.03957430880930689,0.04528521311779817,0.041110119761692154,0.038573025912046435,0.03669276293367148,0.0362104223213262,0.10194693724314371,0.10981190204620361,0.1046530564626058,0.1000621239344279,0.09774854977925619,0.0974590539932251,0.0011092798582588632,0.0013160768896341324,0.0011379460881774624,0.0010548013262450695,0.0010070904158055783,0.0010304845714320739,,0.0,1.0,1.0,1.0,0.0,0
visuotactile_world_model,test_physics_ood,1,20352027,physics_ood_027,30,0.32406048190676506,0.19000501921400428,0.25251254830509423,0.3263181759458449,0.38304707860160203,0.4684195874672797,0.694888866742452,0.41961344877878826,0.4823992490768433,0.6879116217295329,0.8346935828526815,1.049826431274414,0.001696219969696055,0.0017452573054470121,0.0013675129429126778,0.001486361240192006,0.0017859700950793923,0.002095998264849186,0.4708997433015419,0.6733333333333333,1.0,1.0,1.0,285.3652444407344,606
visuotactile_world_model,test_physics_ood,1,20352028,physics_ood_028,30,0.22978173845965003,0.1667187111866143,0.210935947443876,0.24830605612239903,0.25133867172731295,0.27160930581804776,0.3229954473177592,0.24670998255411783,0.23463404973347982,0.3405663808186849,0.37590646743774414,0.4171603560447693,0.0032917901322556038,0.0017032991629093886,0.002314485392222802,0.0033035142502437034,0.0041167405239927275,0.005020911331909398,0.35445806912169875,0.62,1.0,1.0,1.0,197.7876025699079,558
visuotactile_world_model,test_physics_ood,1,20352029,physics_ood_029,30,0.22567283609675037,0.19584250096231698,0.21754556105782588,0.22388900394241015,0.23059801784240538,0.26048909667879344,0.23273160537083945,0.19391372203826904,0.21381126244862875,0.22225467363993326,0.22811962763468424,0.3055587410926819,0.004837143440575649,0.002727049690050383,0.0039390871611734235,0.004948370263446122,0.005838516917234907,0.0067326931709734104,0.3514860064241585,0.6066666666666667,1.0,1.0,1.0,191.91135950759053,546
visuotactile_persistence,test_physics_ood,1,20352000,physics_ood_000,30,0.10455819712641339,0.022644629867540466,0.03300423328247335,0.1460981836128566,0.1494788671274566,0.1715650717417399,1.113952644666036,0.9189807494481405,0.9243913412094116,1.1955051183700562,1.2520459413528442,1.2788400729497273,0.006177155446882049,0.00302355804014951,0.004545502395679553,0.00605071186631297,0.007756905180091659,0.009509099752176554,0.16003805682614294,0.6533333333333333,,,,94.10237741377205,588
visuotactile_persistence,test_physics_ood,1,20352001,physics_ood_001,30,0.0,0.0,0.0,0.0,0.0,0.0,0.16796921491622924,0.16796921491622924,0.16796921491622924,0.16796921491622924,0.16796921491622924,0.16796921491622924,0.0014576119533739984,0.0014733363098154465,0.0014607723414277038,0.0014540291779364149,0.0014507641123297315,0.0014491578253606955,,0.0,,,,0.0,0
visuotactile_persistence,test_physics_ood,1,20352002,physics_ood_002,30,0.0,0.0,0.0,0.0,0.0,0.0,0.15560132265090942,0.15560132265090942,0.15560132265090942,0.15560132265090942,0.15560132265090942,0.15560132265090942,0.0012824156080993513,0.0012981390890975794,0.001285575823082278,0.0012788330321200192,0.0012755681372558078,0.0012739619589410723,,0.0,,,,0.0,0
visuotactile_persistence,test_physics_ood,1,20352003,physics_ood_003,30,0.2061409074233638,0.05551050272252825,0.10196832517782847,0.2763965710997581,0.28492055063446364,0.3119085874822405,2.2497194830576577,1.9309958775838216,1.9898202260335287,2.3323441982269286,2.4737358649571735,2.5217012484868366,0.00742922408040613,0.004531714188245436,0.005972485795306663,0.00740013817558065,0.00880370824597776,0.01043807399692014,0.31552179707657724,0.6533333333333333,,,,185.5268166810274,588
visuotactile_persistence,test_physics_ood,1,20352004,physics_ood_004,30,0.08576691262837913,0.014660908633636104,0.032042689766320916,0.13568267987834082,0.1269198919956883,0.11952839286790953,0.3812995465596517,0.22555058002471923,0.22951301733652751,0.5070334752400716,0.48489583333333336,0.4595048268636068,0.006640840312854076,0.0038802270505887766,0.005261743937929471,0.006663702354611208,0.008027505046144748,0.009371023174996178,0.1312758866760905,0.6533333333333333,,,,77.19022136554122,588
visuotactile_persistence,test_physics_ood,1,20352005,physics_ood_005,30,0.21495816418176725,0.059235965765805705,0.1957252954857217,0.24026479116744465,0.2846907783713606,0.29487399011850357,1.2370574680964153,0.8853829463322958,1.2526906887690226,1.2827666997909546,1.3754594723383586,1.3889875332514445,0.006152630349000295,0.0031419695432608327,0.004582149997198333,0.006098014100765188,0.007662819772182653,0.009278198331594467,0.32243724627265086,0.6666666666666666,,,,193.46234776359051,600
visuotactile_persistence,test_physics_ood,1,20352006,physics_ood_006,30,0.10278112180013624,0.022423059260472656,0.08581940349605348,0.08342749692706598,0.16587499174185924,0.1563606575752298,0.4095923725763957,0.25279238224029543,0.3958803335825602,0.35789092381795246,0.530434250831604,0.5109639724095663,0.0048744637957618886,0.0020337503597450753,0.0033610770323624214,0.00481882015398393,0.006315163532660032,0.00784350790005798,0.15572897242444883,0.66,,,,92.50300962012261,594
visuotactile_persistence,test_physics_ood,1,20352007,physics_ood_007,30,0.08099120794071092,0.011647788186868032,0.019057580166392855,0.13415367189380858,0.12210859614941809,0.11798840330706703,0.3656868640581767,0.20468537410100301,0.21302027304967244,0.4960274656613668,0.4685687820116679,0.44613242546717324,0.004973091500190397,0.002311042366394152,0.00355246375547722,0.004905414546374232,0.006315609197675561,0.007780927635030821,0.12396613460312896,0.6533333333333333,,,,72.89208714663982,588
visuotactile_persistence,test_physics_ood,1,20352008,physics_ood_008,30,0.17400562004910575,0.051415250119235784,0.15399095142881075,0.1880834296345711,0.22254884623818927,0.2539896228247219,1.338439528942108,1.0257195750872294,1.2989399075508117,1.3763333837191263,1.4559139450391134,1.5352908333142599,0.006869615655547629,0.003997689369134605,0.005420005705673248,0.006827819044701755,0.008224879783422996,0.00987768437480554,0.293267898959167,0.5933333333333334,,,,156.60505804419518,534
visuotactile_persistence,test_physics_ood,1,20352009,physics_ood_009,30,0.10045412323955033,0.018158660146097343,0.06839933360202445,0.07630345014234384,0.17737538514451848,0.1620337871627675,0.4105558665593465,0.26048504511515297,0.3735112190246582,0.35279192924499514,0.5244771718978882,0.5415139675140381,0.006264657143425817,0.0030661360166656473,0.004580632244081547,0.006082971514357874,0.007871921721380204,0.009721624220643814,0.1522032170296217,0.66,,,,90.4087109155953,594
visuotactile_persistence,test_physics_ood,1,20352010,physics_ood_010,30,0.21031913270552954,0.13207164671685961,0.1757236759695742,0.2152244990898503,0.26001811739471226,0.2685577243566513,1.1226085678736368,0.995060674349467,1.0408161878585815,1.1103564659754435,1.2261681318283082,1.2406413793563842,0.006332805568041901,0.003112430750237157,0.00464206407389914,0.006226171005982906,0.007955012940025577,0.009728349070064724,0.3154786990582943,0.6666666666666666,,,,189.28721943497658,600
visuotactile_persistence,test_physics_ood,1,20352011,physics_ood_011,30,0.08375243165426784,0.013587763201859263,0.027713410183787347,0.06999027331670125,0.1582624889910221,0.14920822257796923,0.4829703609148661,0.35142717758814496,0.3675376296043396,0.4293075680732727,0.6456439375877381,0.6209354917208354,0.0049374097760301085,0.0022275944977688295,0.003493273149554928,0.00487062402923281,0.006303893182969963,0.007791664020624011,0.1281924974300018,0.6533333333333333,,,,75.37718848884106,588
visuotactile_persistence,test_physics_ood,1,20352012,physics_ood_012,30,0.19498348116874695,0.1520244437787268,0.18018642432159848,0.18774861676825416,0.19922091315189996,0.2557370078232553,1.5276499954859415,1.5130431016286214,1.5186266740163168,1.4964161396026612,1.477072827021281,1.6330912351608275,0.007686032642765591,0.0047434665379114446,0.006171406238960723,0.007662920743071785,0.00912360056148221,0.010728769132401794,0.28957942747833704,0.6733333333333333,,,,175.48513305187225,606
visuotactile_persistence,test_physics_ood,1,20352013,physics_ood_013,30,0.17854401852767396,0.10126311181682265,0.14514436672971998,0.18214887316183498,0.21604718890480903,0.2481165520251832,0.5916258621215821,0.425003186861674,0.5019062519073486,0.5802736282348633,0.6791103045145671,0.7718359390894572,0.006592749443370849,0.004001522882996748,0.005214138321268062,0.00652175770762066,0.007901653162358949,0.009324675142609824,0.29757336421278996,0.6,,,,160.68961667490657,540
visuotactile_persistence,test_physics_ood,1,20352014,physics_ood_014,30,0.14833391989684766,0.05471307651864158,0.08644605461094114,0.12028882304827372,0.20128692388534547,0.2789347214210365,2.160558869043986,1.9454283078511556,2.000991678237915,2.08091082572937,2.2545878012975056,2.5208757321039834,0.008977056361424426,0.0057884832068036,0.00741266089801987,0.009013404479871194,0.010571465233806521,0.012099267988620948,0.22938235035595,0.6466666666666666,,,,133.5005279071629,582
visuotactile_persistence,test_physics_ood,1,20352015,physics_ood_015,30,0.2053813461628225,0.06774715301063326,0.149257273806466,0.20232554781768058,0.2547213528719213,0.3528554033074114,1.1753795337677002,0.8674378593762716,1.0323537707328796,1.1885047117869059,1.2857853134473165,1.5028160134951274,0.006702585754683241,0.003704391062880556,0.005197213568802302,0.006675078322587069,0.008124063378879024,0.009812182440267254,0.33126023574648794,0.62,,,,184.84321154654026,558
visuotactile_persistence,test_physics_ood,1,20352016,physics_ood_016,30,0.19200446320076783,0.16182600843409697,0.18820342520872752,0.2017618385454019,0.20104364355405172,0.20718740026156107,1.0241900157928467,0.9982454617818196,1.0651841481526694,1.0360197703043619,1.0151646614074707,1.0063360373179118,0.005410908170354863,0.003036013839300722,0.00413773312078168,0.005295508164757242,0.006592672496723632,0.007992613230211039,0.28800669480115176,0.6666666666666666,,,,172.80401688069105,600
visuotactile_persistence,test_physics_ood,1,20352017,physics_ood_017,30,0.14221222609527306,0.05401787691840178,0.09518348867940303,0.17111289526510517,0.18910135762190394,0.20164551199155134,0.7002955389022827,0.5155921896298726,0.5836528182029724,0.7593758424123128,0.8018297712008159,0.8410270730654399,0.005638280101896574,0.0027652170315074424,0.004140877349224563,0.005584685490854706,0.007082199542007099,0.008618421095889062,0.2370203768254551,0.6,,,,127.99100348574575,540
visuotactile_persistence,test_physics_ood,1,20352018,physics_ood_018,30,0.12311558850109577,0.04599759735994869,0.07712183362907833,0.12717629654539955,0.14933651321464114,0.21594570175641112,1.0022261659304301,0.8688904643058777,0.9134764075279236,1.0051597674687704,1.0402554670969646,1.1833487232526143,0.0067405523258882265,0.003837504629821827,0.005204193224199116,0.006604768754914403,0.008169431402347983,0.009886863618157804,0.19857352984047705,0.62,,,,110.8040296509862,558
visuotactile_persistence,test_physics_ood,1,20352019,physics_ood_019,30,0.30104416081811197,0.19752539059910407,0.25722435805558536,0.30695713590183815,0.3552666261067821,0.38824729342725023,1.9557275835673014,1.8727118174235027,1.871949052810669,1.9021149476369221,2.0369232654571534,2.0949388345082602,0.006348314348530645,0.003548426056901614,0.004854944532659526,0.0062514700810424985,0.007763361150864512,0.009323369921185076,0.451566241227168,0.6666666666666666,,,,270.9397447363008,600
visuotactile_persistence,test_physics_ood,1,20352020,physics_ood_020,30,0.10762543931603431,0.03792730685737398,0.07420652757088343,0.08421219338973364,0.12436880378259553,0.21741236497958502,1.245178287823995,1.1243732213973998,1.1733574628829957,1.183445191383362,1.2610952536265054,1.4836203098297118,0.008489695258128146,0.005269569189598163,0.006911015332055588,0.008522820519283414,0.010085685764594624,0.011659385485108942,0.16643109172582626,0.6466666666666666,,,,96.86289538443089,582
visuotactile_persistence,test_physics_ood,1,20352021,physics_ood_021,30,0.1955788417139815,0.11348906225628323,0.18296114416379067,0.21649039938218065,0.2268910905553235,0.23806251221232944,1.459338617324829,1.3266241470972697,1.4205263574918112,1.4738508979479472,1.5207855304082234,1.554906153678894,0.006342186109783749,0.003957330509244154,0.005098708303800474,0.006286173399227361,0.0074942914885468784,0.008874426848099878,0.3120938963520981,0.6266666666666667,,,,176.02095754258335,564
visuotactile_persistence,test_physics_ood,1,20352022,physics_ood_022,30,0.09729184120479557,0.02021331377327442,0.06839425868044297,0.07959850538108083,0.1603974206580056,0.15785570753117403,0.24713707288106282,0.12087212403615316,0.2083877642949422,0.1794490893681844,0.38517834345499674,0.3417980432510376,0.006239713959706327,0.0033623917882020277,0.004679029733718683,0.00613194604520686,0.0076686983248994995,0.009356503906504561,0.14741188061332663,0.66,,,,87.56265708431602,594
visuotactile_persistence,test_physics_ood,1,20352023,physics_ood_023,30,0.13961352608464142,0.04264187003071937,0.08233888316123436,0.11366933580074046,0.1773862753134583,0.28203126611705454,0.8935314178466797,0.7120806376139323,0.7376273314158122,0.8187732696533203,0.975513505935669,1.2236623446146646,0.008070901694397132,0.005032644482950369,0.0064430799529266855,0.007978519599419087,0.009607932192739099,0.011292332243950416,0.21589720528552794,0.6466666666666666,,,,125.65217347617727,582
visuotactile_persistence,test_physics_ood,1,20352024,physics_ood_024,30,0.10386359346202678,0.025558739114138813,0.0304206615106927,0.14313529977161024,0.15220990766667658,0.16799335924701558,0.5177852352460225,0.32945571343104046,0.3375221927960714,0.5924331068992614,0.6480921785036723,0.6814229846000671,0.006334447443174819,0.003542975433326016,0.004810444917529822,0.006219324915825079,0.007746755339515706,0.009352736609677474,0.1589748879520818,0.6533333333333333,,,,93.4772341158241,588
visuotactile_persistence,test_physics_ood,1,20352025,physics_ood_025,30,0.10420736678772502,0.03564509517616696,0.054963375876347226,0.10427593290805817,0.1190390451086892,0.20711338486936356,0.45724493741989136,0.32619145313898723,0.37359315156936646,0.49127153952916464,0.4395557204882304,0.6556128223737081,0.005760776393969233,0.0033017826926273605,0.004491164702146003,0.005671831096212069,0.006966531488190716,0.008372571990670015,0.15950107161386484,0.6533333333333333,,,,93.78663010895252,588
visuotactile_persistence,test_physics_ood,1,20352026,physics_ood_026,30,0.0,0.0,0.0,0.0,0.0,0.0,0.13128423690795898,0.13128423690795898,0.13128423690795898,0.13128423690795898,0.13128423690795898,0.13128423690795898,0.0018534046566734711,0.0018691281283584734,0.0018565648623431721,0.001849822086902956,0.0018465571920387447,0.0018449510137240092,,0.0,,,,0.0,0
visuotactile_persistence,test_physics_ood,1,20352027,physics_ood_027,30,0.17173430707619344,0.14123927020377272,0.17033384434568385,0.16711709345755582,0.16566680808076248,0.21431451929319237,0.6322747890154521,0.6279506246248882,0.6219977418581645,0.605792240301768,0.593262771765391,0.7123705665270488,0.006550124898397674,0.003909735238024344,0.005206994875334203,0.006533038010820747,0.007833837353003522,0.009267019014805556,0.2550509511032576,0.6733333333333333,,,,154.5608763685741,606
visuotactile_persistence,test_physics_ood,1,20352028,physics_ood_028,30,0.12021934177312586,0.028092479664418434,0.13698985878792075,0.16069352428118389,0.13344508132172955,0.1418757648103767,0.327238708337148,0.23968948125839235,0.32245481411616006,0.3587808887163798,0.35178887446721396,0.363479483127594,0.007030470816340918,0.0042763261396127445,0.005647898143312583,0.007031700888182968,0.008386463636998086,0.009809965273598209,0.193902164150203,0.62,,,,108.19740759581327,558
visuotactile_persistence,test_physics_ood,1,20352029,physics_ood_029,30,0.08794028277612395,0.025451181477142704,0.03872325269298421,0.10809204909536574,0.1184881325190266,0.14894679809610048,0.39807390292485556,0.33659928242365517,0.3387956261634827,0.41989200512568153,0.4156984527905782,0.47938414812088015,0.005028802887924636,0.0021689904504455628,0.0035137522926864525,0.004951529065147042,0.006476990370235095,0.00803275226110903,0.14495651007053398,0.6066666666666667,,,,79.14625449851155,546
visuotactile_shuffled_touch,test_physics_ood,1,20352000,physics_ood_000,30,2.6479610891516008,2.79406069593711,2.6894932355524763,2.6822805795818567,2.5738394600028793,2.5001314746836822,6.507949252923329,6.9894379615783695,6.637083478768667,6.554517769813538,6.289628251393636,6.069078803062439,0.04916954988419699,0.0486089385211623,0.0490768385042126,0.04930755914344142,0.04941941760480404,0.04943499564736461,4.0350941717117825,0.6533333333333333,,,,2372.635372966528,588
visuotactile_shuffled_touch,test_physics_ood,1,20352001,physics_ood_001,30,0.03488650862541463,0.04285856768902805,0.03549327161163092,0.03354292975531684,0.03185683412270413,0.03068093994839324,0.0776404333114624,0.08555750846862793,0.07528343995412191,0.0752620776494344,0.07565595308939616,0.07644318739573161,0.0006698882641891638,0.0006249947706237436,0.0006717391622563203,0.0006781401345506311,0.0006699045227530102,0.0007046627307621141,,0.0,,,,0.0,0
visuotactile_shuffled_touch,test_physics_ood,1,20352002,physics_ood_002,30,3.338600555513468,3.409559085333927,3.342765956082278,3.303401204136511,3.3088667676059735,3.328409764408651,9.317565232117971,9.424665689468384,9.310085968176525,9.231778152783711,9.27093853155772,9.350357818603516,0.057160608991980555,0.053198876014600195,0.056419670147200424,0.05787998709905272,0.05881788732173542,0.059486624377314,,0.0,,,,0.0,0
visuotactile_shuffled_touch,test_physics_ood,1,20352003,physics_ood_003,30,3.313430096395314,3.2142408641469147,3.2240332536399365,3.3881047544173066,3.373439712781045,3.3673318969913657,8.700775763988496,8.462470285097758,8.506904423236847,8.82371473312378,8.882121268908183,8.828668109575908,0.004848605578299612,0.003946628103343149,0.004232034269565096,0.004765210459784915,0.005328489455860108,0.005970665602944791,5.05779038313903,0.6533333333333333,,,,2973.9807452857494,588
visuotactile_shuffled_touch,test_physics_ood,1,20352004,physics_ood_004,30,3.0920766928812697,3.0470589325452844,3.109861509150101,3.0930753445666697,3.099560768674645,3.1108269094696475,8.124444092909496,8.017588909467062,8.193126956621805,8.073284165064495,8.138517085711161,8.199703347682952,0.005159213724546134,0.0037067287019453945,0.004515019606333226,0.0052517658526388305,0.005868712998926639,0.006453841462886582,4.686321575524045,0.6533333333333333,,,,2755.5570864081383,588
visuotactile_shuffled_touch,test_physics_ood,1,20352005,physics_ood_005,30,3.0044971301613583,2.965301638158659,3.008680056532224,3.0046594115801986,3.0277423033283815,3.016102241207328,7.626048856576284,7.500753573576609,7.664593577384949,7.611662252744039,7.680270266532898,7.672964612642924,0.0038153940346091985,0.0022607323558380206,0.003147944357867042,0.003884408025381466,0.0045474395272322,0.005236445906727265,4.493711200635881,0.6666666666666666,,,,2696.226720381528,600
visuotactile_shuffled_touch,test_physics_ood,1,20352006,physics_ood_006,30,0.3864815003714628,0.3016058501063122,0.3765064934061633,0.38365789792603916,0.4504488613663448,0.42018839905245436,0.4025043074289958,0.204233447710673,0.40607033570607504,0.40719257593154906,0.5318628350893656,0.4631623427073161,0.004159408511283497,0.0028629356840004522,0.0035506830279094475,0.004091105672220389,0.0047809937037527565,0.00551132446853444,0.5705919725701263,0.66,,,,338.931631706655,594
visuotactile_shuffled_touch,test_physics_ood,1,20352007,physics_ood_007,30,1.7439402150611083,1.7207857321533893,1.7433014516822165,1.7314704983184734,1.7517504035391742,1.7723929896122879,4.679087138175964,4.55495220820109,4.682580669720967,4.6185197830200195,4.730109691619873,4.809273338317871,0.006091727097518742,0.003276222866649429,0.0049070498556829985,0.006170660917026301,0.0074592279076265795,0.008645473940608403,2.629410065583834,0.6533333333333333,,,,1546.0931185632944,588
visuotactile_shuffled_touch,test_physics_ood,1,20352008,physics_ood_008,30,2.020357351923982,2.0084291718279323,1.9753905991092324,2.006000142968777,2.0418013802626067,2.070165465451363,5.1576327363650005,5.166858152548472,5.007110118865967,5.099761398633321,5.210154954592387,5.304279057184855,0.0034789721306879074,0.002252348349429667,0.0028214709697446474,0.003407111046059678,0.004082053546638539,0.004831876741567005,3.3495211590793024,0.5933333333333334,,,,1788.6442989483476,534
visuotactile_shuffled_touch,test_physics_ood,1,20352009,physics_ood_009,30,3.1087168524869613,3.0624177805251547,3.1014595459939707,3.1069480541265673,3.1428530293413335,3.129905852447781,8.747744963169097,8.588215176264445,8.742386301358541,8.770934243996939,8.8168301820755,8.820358912150065,0.0023765857401303945,0.0018743145861662923,0.002072591532487422,0.002290166386713584,0.0026352364492292207,0.003010619746055454,4.691281016903494,0.66,,,,2786.620924040675,594
visuotactile_shuffled_touch,test_physics_ood,1,20352010,physics_ood_010,30,3.259015360147589,3.209590104760395,3.2058641250762676,3.2488657919690014,3.305989217095905,3.3247675618363752,9.164745982487997,9.082190084457398,9.027884570757548,9.119315457344054,9.271448922157287,9.322890877723694,0.0014873433229513466,0.0012914550723508,0.0014261720818467439,0.0014667506756571433,0.0015653096915533146,0.0016870290933487316,4.874378115534783,0.6666666666666666,,,,2924.6268693208694,600
visuotactile_shuffled_touch,test_physics_ood,1,20352011,physics_ood_011,30,1.1038256593503886,1.1163464992824528,1.1348721319188675,1.1277414464495248,1.0801546258644925,1.0600135932366053,2.2338847557703656,2.291632048288981,2.3344213485717775,2.340313267707825,2.1064139445622763,2.0966431697209678,0.008653302304834748,0.00566172346783181,0.007331171150629719,0.008933768774537991,0.010119430284248665,0.011220417846925557,1.6215504309301878,0.6533333333333333,,,,953.4716533869505,588
visuotactile_shuffled_touch,test_physics_ood,1,20352012,physics_ood_012,30,1.6011055517941712,1.6054701493432124,1.5285310061234567,1.5495888384679952,1.611801396869123,1.7101363681670692,3.668504606882731,3.7771018107732135,3.480628728866577,3.513942281405131,3.6374379555384317,3.933412257830302,0.002369393111051371,0.0021878242027014495,0.0023047079991859692,0.002330851787701249,0.002463313630626847,0.0025602679350413384,2.365783708803233,0.6733333333333333,,,,1433.664927534759,606
visuotactile_shuffled_touch,test_physics_ood,1,20352013,physics_ood_013,30,1.1045667885466375,1.1795514956323636,1.1202279432573252,1.0902624892846993,1.0725669974254237,1.0602250171333758,2.7632735443115233,2.942883602778117,2.8160441001256307,2.747393759091695,2.683504501978556,2.626541757583618,0.007346523174783215,0.003980787777497123,0.00564278649011006,0.007477861844624082,0.009104531079841157,0.010526648681843654,1.7203141047679646,0.6,,,,928.9696165747009,540
visuotactile_shuffled_touch,test_physics_ood,1,20352014,physics_ood_014,30,1.4558456352208224,1.3388412716901965,1.3627340031580792,1.4246130897870495,1.5368370383770928,1.6162027730916937,3.2067912737528483,2.9226351737976075,2.962457219759623,3.124701905250549,3.3802202701568604,3.643941799799601,0.003872919026374196,0.002778821186317752,0.0031183971984622377,0.0036825697170570493,0.004468394792638719,0.005316412237395222,2.237261836900283,0.6466666666666666,,,,1302.0863890759647,582
visuotactile_shuffled_touch,test_physics_ood,1,20352015,physics_ood_015,30,1.740363965438058,1.69603684441083,1.6924608381878998,1.7232466826422348,1.7564400058136218,1.8336354561357036,4.022375529607137,3.8817445119222005,3.8930721084276834,3.9936614831288657,4.090418867270151,4.252980677286784,0.002842667072545737,0.0024176427201988795,0.0024234850502883394,0.0027694770329010983,0.0031279439222998916,0.003474786637040476,2.7736274756350987,0.62,,,,1547.684131404385,558
visuotactile_shuffled_touch,test_physics_ood,1,20352016,physics_ood_016,30,0.8031681676788462,0.9524450341653493,0.7855383590277698,0.7485946580974592,0.7580711189864411,0.771191668117212,1.7593592604001362,2.111274067560832,1.733075245221456,1.6108561754226685,1.6347562789916992,1.7068345348040264,0.004617266745772213,0.0028966448230979343,0.003857381110234807,0.004660755958563338,0.005430489766877144,0.00624106207008784,1.1837241346140703,0.6666666666666666,,,,710.2344807684422,600
visuotactile_shuffled_touch,test_physics_ood,1,20352017,physics_ood_017,30,0.6128193723037839,0.6174649134485258,0.6128169527484311,0.6041282913958033,0.6139892896844281,0.6156974142417312,1.3169951049486797,1.2998725692431132,1.3388487339019775,1.2636761824289957,1.3124055107434591,1.3701725284258524,0.006137011485019078,0.0035953386570326982,0.005019528958170364,0.006314998465434958,0.007374730686812351,0.008380460657645018,1.0002841655578878,0.6,,,,540.1534494012594,540
visuotactile_shuffled_touch,test_physics_ood,1,20352018,physics_ood_018,30,1.5812696609314945,1.5699580124889811,1.5665188759979274,1.585273623569972,1.6021156374985972,1.5824821551019947,4.130062797864278,4.147954448064168,4.139519095420837,4.121002642313639,4.160037422180176,4.08180038134257,0.0027184951941793163,0.0016839361128707727,0.0019005299623434742,0.002584607732327034,0.0033647197492731114,0.00405868241408219,2.3954095608925305,0.62,,,,1336.638534978032,558
visuotactile_shuffled_touch,test_physics_ood,1,20352019,physics_ood_019,30,2.554775093973925,2.468671061988506,2.4419514905454385,2.5410585483329164,2.6372362727506293,2.6849580962521333,6.996367710431417,6.749216787020365,6.7441879113515215,6.920193036397298,7.194699764251709,7.37354105313619,0.005058212233707309,0.00224851700089251,0.003968229443610956,0.005308817718954136,0.006415865826420486,0.007349631178658456,3.8170699620153754,0.6666666666666666,,,,2290.2419772092253,600
visuotactile_shuffled_touch,test_physics_ood,1,20352020,physics_ood_020,30,1.1617528678394027,1.034963915641937,1.0761590152151055,1.134160661428339,1.2249389075363675,1.3385418393752642,2.427175773779551,2.118708276748657,2.2002422253290814,2.347923763593038,2.5858123501141868,2.883192253112793,0.004174120323732496,0.0031213578574048975,0.0034218669907810787,0.003822280548047274,0.004761234286706895,0.0057438619357223315,1.7828516280822635,0.6466666666666666,,,,1037.6196475438774,582
visuotactile_shuffled_touch,test_physics_ood,1,20352021,physics_ood_021,30,1.5328526189426581,1.4732142195312514,1.4984199801045988,1.5344352436148458,1.5638902695435617,1.594303381919033,3.3931773002942403,3.2203120152155558,3.3066545406977337,3.4013794660568237,3.4844578464825946,3.5530826330184935,0.002342670279322192,0.0016513433229799071,0.001891842051797236,0.002305442224799966,0.0026930465751017134,0.003171677221932138,2.420860295421741,0.6266666666666667,,,,1365.365206617862,564
visuotactile_shuffled_touch,test_physics_ood,1,20352022,physics_ood_022,30,2.60412612868059,2.509007419925183,2.564675538986921,2.6430479174686803,2.633063584731685,2.6708361822904814,7.609857925573984,7.333628336588542,7.507209805647532,7.709673126538594,7.6907246828079225,7.808053676287333,0.003155524330213666,0.0018814017918581765,0.0026312791587164005,0.0032755531875106195,0.003785069508012384,0.004204318004970749,3.9276372617179596,0.66,,,,2333.016533460468,594
visuotactile_shuffled_touch,test_physics_ood,1,20352023,physics_ood_023,30,1.6876723611520397,1.6356519955106907,1.6373395537543627,1.6526510389521718,1.7144166790776783,1.7983025384652946,4.390041855971019,4.226318470637003,4.259157236417135,4.307873821258545,4.484569013118744,4.672290738423666,0.003969245145563036,0.0029057112017956874,0.003565805494630088,0.004045231182438632,0.004476704976210991,0.004852772872739782,2.592782212216471,0.6466666666666666,,,,1508.9992475099862,582
visuotactile_shuffled_touch,test_physics_ood,1,20352024,physics_ood_024,30,1.458351860747983,1.4530567804351449,1.4369701518884135,1.4989114278720486,1.462635560789042,1.4401853827552662,3.702222307523092,3.6545280774434405,3.654226223627726,3.8005557854970298,3.736331502596537,3.6654699484507245,0.004139103596874823,0.0021494848808894557,0.002902504064453145,0.004215471943219503,0.005244732574404528,0.006183324521407485,2.2146707394027283,0.6533333333333333,,,,1302.2263947688043,588
visuotactile_shuffled_touch,test_physics_ood,1,20352025,physics_ood_025,30,1.5305515418077509,1.5956838728032179,1.5120276587497856,1.5284407176284327,1.5171411064970823,1.4994643533602356,2.8875758798917133,3.1423211296399436,2.8514185229937237,2.8998455802599588,2.8424965937932334,2.7017975727717083,0.03881140034859224,0.03806144139768245,0.03851714458821031,0.03886834921043677,0.03920036117002989,0.03940970537660178,2.322137790611711,0.6533333333333333,,,,1365.4170208796859,588
visuotactile_shuffled_touch,test_physics_ood,1,20352026,physics_ood_026,30,2.3148593239589697,2.463709037005901,2.353921023952878,2.288541785689692,2.24642087072134,2.2217039024250376,6.17032111565272,6.558835411071778,6.255469767252604,6.095102071762085,5.999636002381643,5.942562325795492,0.05952905280670772,0.05819445045975347,0.059327347110956906,0.05969566935285305,0.060023958693879345,0.060403838416095826,,0.0,,,,0.0,0
visuotactile_shuffled_touch,test_physics_ood,1,20352027,physics_ood_027,30,1.6008595814328226,1.6566613073150316,1.565954578285002,1.5589162251239435,1.5795458031921752,1.643219993247961,4.109667213757833,4.273678088188172,3.967623972892761,3.979628642400106,4.062874205907186,4.26453115940094,0.004973495897914593,0.002867504422708104,0.004251151182688773,0.005054531455971301,0.00593576817967308,0.006758524248531709,2.36713602972638,0.6733333333333333,,,,1434.4844340141863,606
visuotactile_shuffled_touch,test_physics_ood,1,20352028,physics_ood_028,30,0.4125219131778512,0.39741054883019794,0.4089800354714195,0.4090480013543533,0.41713662615252867,0.4300343540807565,0.3331647491455078,0.3079099694887797,0.27542322476704917,0.3383353233337402,0.3529880921045939,0.39116713603337605,0.0022031299917337796,0.0018173676449805497,0.0017071300030996402,0.0019601075754811367,0.002479727678777029,0.003051317056330542,0.64920028640912,0.62,,,,362.25375981628895,558
visuotactile_shuffled_touch,test_physics_ood,1,20352029,physics_ood_029,30,1.1584203726632727,1.173480207266079,1.1597770753833982,1.1505541438650755,1.160194804891944,1.1480956319098672,2.9550627438227335,3.0706745704015095,2.9981499115626016,2.9092036485671997,2.9264140446980793,2.8708715438842773,0.005262283560199042,0.0036851343892825147,0.004801686437955747,0.005409220159829905,0.005953863938339054,0.00646151287558799,1.8082613461947703,0.6066666666666667,,,,987.3106950223446,546
visuotactile_world_model,test_combined_ood,1,20353000,combined_ood_000,30,0.030938448421657085,0.0341793612887462,0.03093995586451557,0.029981201825042565,0.029816029862397248,0.029775693267583846,0.1030881929397583,0.10470825831095378,0.10043121178944905,0.10269902547200521,0.10299996534983318,0.1046025037765503,0.0008226958118999997,0.0009165735992913445,0.0008449267130345106,0.0007991386150630812,0.0007654850914453466,0.0007873550406657159,,0.0,1.0,1.0,1.0,0.0,0
visuotactile_world_model,test_combined_ood,1,20353001,combined_ood_001,30,0.03941668133354849,0.039013060016764536,0.03849091591934363,0.039397262078192496,0.039310622153182824,0.040871546500258975,0.1164210557937622,0.10096789995829264,0.11299569606781006,0.1184787114461263,0.1235044240951538,0.12615854740142823,0.0011786005114360401,0.0011168201211451863,0.001180154075458025,0.0011667631634433443,0.0012030126070991778,0.0012262525900344674,,0.0,1.0,1.0,1.0,0.0,0
visuotactile_world_model,test_combined_ood,1,20353002,combined_ood_002,30,0.3025258444477287,0.15314811774426038,0.22460472961473796,0.29848917341894576,0.38078316712958943,0.4556040343311098,0.6898797837893168,0.3017429828643799,0.4803266882896423,0.6881442467371622,0.9158463875452677,1.063338613510132,0.0024272515966246525,0.002117508832210054,0.002007365688526382,0.0023123461714324852,0.002648318007898827,0.0030507192830555143,0.42170457160359043,0.64,1.0,1.0,1.0,242.90183324366808,576
visuotactile_world_model,test_combined_ood,1,20353003,combined_ood_003,30,0.5791735007158584,0.5145545183370511,0.5308473412775331,0.5813679262167878,0.6142176403146651,0.6548800774332549,0.6011849395434061,0.5050865650177002,0.49087177912394203,0.6409824927647908,0.6187156558036804,0.7502682050069173,0.015647794992352526,0.012956028338521719,0.014855136691282193,0.015862823786058775,0.01688500166637823,0.017679984479521713,0.8705007984638721,0.6533333333333333,0.0,0.0,0.0,511.8544694967568,588
visuotactile_world_model,test_combined_ood,1,20353004,combined_ood_004,30,0.2171819227292306,0.16190405957814719,0.14551423894655374,0.1993548243617018,0.2582797313729922,0.320856759386758,0.36497164169947305,0.23696093559265136,0.16279216607411703,0.3025845726331075,0.4796547015508016,0.6428658326466878,0.0032037740208519,0.0026193012716248633,0.002852569768826167,0.0031708458360905447,0.003505640981408457,0.0038705122463094693,0.2674182176067118,0.6333333333333333,1.0,1.0,1.0,152.42838403582573,570
visuotactile_world_model,test_combined_ood,1,20353005,combined_ood_005,30,0.038111420460045335,0.040583053438199894,0.03796107115017043,0.037218000574244396,0.037057647936873966,0.03773732920073801,0.11483505725860596,0.11889493465423584,0.11572412649790446,0.11246216297149658,0.11200950145721436,0.11508456071217855,0.001196129472082248,0.0012338603936465611,0.0012182325658310826,0.001177472709484088,0.0011597052866515393,0.0011913764047979689,,0.0,1.0,1.0,1.0,0.0,0
visuotactile_world_model,test_combined_ood,1,20353006,combined_ood_006,30,0.046506423374844924,0.053646398045950464,0.047596747738619646,0.04515151491181718,0.04337592429171006,0.04276153188612726,0.11855564117431641,0.12942997614542642,0.11775310039520263,0.11568220456441243,0.114406418800354,0.11550650596618653,0.0012026662744271258,0.0013368796906434,0.0012458954782535632,0.0011715839267708362,0.0011239208281040192,0.0011350514483638107,,0.0,1.0,1.0,1.0,0.0,0
visuotactile_world_model,test_combined_ood,1,20353007,combined_ood_007,30,0.04010921840452485,0.04234634817888339,0.04012889216343562,0.0393368152073688,0.03901727311313152,0.039716763359804945,0.12537787437438966,0.1337435007095337,0.12745389143625896,0.12210994561513265,0.1206915537516276,0.12289048035939534,0.0012682762167726953,0.0014419673689796278,0.0012405324717595552,0.001255543323350139,0.0011875744792632758,0.001215763440510879,,0.0,1.0,1.0,1.0,0.0,0
visuotactile_world_model,test_combined_ood,1,20353008,combined_ood_008,30,0.21654900230053398,0.14593839026573632,0.1915522452443838,0.22782254475686287,0.24561411264455982,0.27181771859112713,0.44197113513946534,0.2675886869430542,0.3843278169631958,0.4705532431602478,0.5118284304936727,0.5755574981371562,0.001763249938376248,0.0017449839001831909,0.0016837961467293403,0.0016812498991688092,0.0017188694832536082,0.001987350262546291,0.28173747117777437,0.58,1.0,1.0,1.0,147.06695995479822,522
visuotactile_world_model,test_combined_ood,1,20353009,combined_ood_009,30,2.396313439735936,2.2854584839608933,2.367096906238132,2.3801207376230096,2.4937348258578114,2.4551562449998325,4.6661530192693075,4.470343661308289,4.484198347727458,4.493939359982808,4.8912124315897625,4.99107129573822,0.013173382599682858,0.010549538508833696,0.012521651375573128,0.013546930823940784,0.014311821820835272,0.014936970469231406,3.6907966592928387,0.6466666666666666,0.0,0.0,0.0,2148.043655708432,582
visuotactile_world_model,test_combined_ood,1,20353010,combined_ood_010,30,0.03668254735569159,0.037218799400660724,0.036647151865892943,0.0368119158471624,0.036836074996325706,0.03589879466841618,0.0723495086034139,0.07989793618520101,0.06860071818033854,0.06954867839813232,0.07082556088765463,0.072874649365743,0.0009676217706874013,0.0009217316090750198,0.0009983893328656753,0.0009807581586452822,0.0009622237295843661,0.0009750060232666632,,0.0,1.0,1.0,1.0,0.0,0
visuotactile_world_model,test_combined_ood,1,20353011,combined_ood_011,30,1.2998219814720666,1.1394260351028707,1.2681652076128456,1.3186517861102605,1.3765417014973031,1.3963251770370537,2.6300882546106976,2.3977182149887084,2.544483439127604,2.5978946129481,2.7476455767949424,2.8626994291941323,0.016035543150113275,0.01260762318270281,0.014686411037109793,0.016447590586418908,0.017689250991679728,0.018746839952655137,2.105060322653921,0.6133333333333333,1.0,0.0,0.0,1161.9932981049642,552
visuotactile_world_model,test_combined_ood,1,20353012,combined_ood_012,30,0.32497121765174797,0.24951066877692937,0.2631418444112771,0.28761897784554297,0.37346936487075355,0.45111523235423695,0.5638544925053914,0.41391064325968424,0.4279890696207682,0.4532668709754944,0.6847640792528789,0.8393417994181315,0.0025603935308754445,0.0028820003887328007,0.0026563124537157517,0.0024697210717325407,0.0023428082388515276,0.0024511255013446014,0.4777482613442569,0.64,1.0,1.0,1.0,275.182998534292,576
visuotactile_world_model,test_combined_ood,1,20353013,combined_ood_013,30,0.4422954940940771,0.3574599302891228,0.3990288401216579,0.42582900577043703,0.4976874021295872,0.5314722921595805,0.526780031522115,0.24719901084899903,0.3855679194132487,0.48739872773488363,0.6901408910751343,0.8235936085383098,0.011994592999108135,0.011064422995938608,0.011907561084566016,0.012112284634107103,0.012323062308132649,0.012565633972796302,0.66962496607638,0.6466666666666666,0.0,0.0,0.0,389.72173025645316,582
visuotactile_world_model,test_combined_ood,1,20353014,combined_ood_014,30,0.5413477385602892,0.393867895193398,0.4545855052976145,0.5210176142346528,0.6280471434506277,0.7092205346251528,1.1028155771891277,0.785218612353007,0.8966907421747844,1.043435283501943,1.3077096978823344,1.4810235500335693,0.003118770879227668,0.0034732668350140254,0.002962708003663768,0.002874945399040977,0.002964517152092109,0.0033184170063274604,0.8138186014128022,0.64,1.0,1.0,1.0,468.759514413774,576
visuotactile_world_model,test_combined_ood,1,20353015,combined_ood_015,30,0.042087065026991895,0.043840442494385776,0.04208739782787031,0.041531604776779814,0.04110229658997721,0.041873583445946376,0.13938748836517334,0.14818567434946697,0.14074118932088217,0.13585805892944336,0.13522601127624512,0.1369265079498291,0.0013100810158842553,0.001466688053915277,0.001305132585306031,0.0012876037799287587,0.0012267059947286421,0.0012642746655425678,,0.0,1.0,1.0,1.0,0.0,0
visuotactile_world_model,test_combined_ood,1,20353016,combined_ood_016,30,0.3078467533033755,0.22381964407654273,0.25348559143021704,0.29040704543391865,0.34844778461588755,0.4230737009603116,0.5490636189778646,0.2971398989359538,0.35246216456095375,0.5017248789469401,0.6859226624170939,0.9080684900283813,0.0025954232884881395,0.0022368469081508616,0.00223345107321317,0.0023554643383249642,0.0028412520051157722,0.0033101021176359306,0.4504745055847766,0.6466666666666666,0.0,1.0,0.0,262.17616225034,582
visuotactile_world_model,test_combined_ood,1,20353017,combined_ood_017,30,1.3480755324413378,1.1793517050643763,1.2582753722038533,1.4024009165871474,1.422737715827922,1.4776119525233904,2.4915135049819948,2.2006332794825236,2.401176118850708,2.521191199620565,2.6171915610631307,2.717375365893046,0.013536700604017824,0.01097717481898144,0.01277044441861411,0.013912599366934349,0.014662281059039136,0.015361003356520086,2.1602136828405882,0.62,1.0,0.0,0.0,1205.3992350250483,558
visuotactile_world_model,test_combined_ood,1,20353018,combined_ood_018,30,0.033061328182617825,0.036500799676610365,0.0327156759177645,0.032057399737338226,0.03193693570792675,0.03209582987344927,0.10488680203755697,0.10406469504038493,0.10092230637868245,0.1041947841644287,0.10606592496236165,0.10918629964192708,0.0007719018566422164,0.000787862929670761,0.0007856840500608086,0.0007608909237508972,0.0007460027506264547,0.0007790686291021605,,0.0,1.0,1.0,1.0,0.0,0
visuotactile_world_model,test_combined_ood,1,20353019,combined_ood_019,30,0.04034351021051407,0.04030833571321434,0.040324562167127924,0.04033454141269128,0.039848102525704435,0.04090200923383236,0.12287631511688232,0.11389195919036865,0.12220029830932617,0.12376567522684732,0.12653532822926838,0.12798831462860108,0.0011238692062518869,0.001268434447896046,0.0011159186173851292,0.0010749141035679107,0.0010604312012825782,0.0010996476611277708,,0.0,1.0,1.0,1.0,0.0,0
visuotactile_world_model,test_combined_ood,1,20353020,combined_ood_020,30,0.03443453722529941,0.03558876754509078,0.03385347324526972,0.033943498072524864,0.03462900577319993,0.03415794149041176,0.08208979924519856,0.08782971700032552,0.07693142890930176,0.07902092138926188,0.08156352837880453,0.08510340054829915,0.0009754064741233985,0.0010112395626492797,0.001002645077339063,0.0009674512781202793,0.000943352875765413,0.000952343576742957,,0.0,1.0,1.0,1.0,0.0,0
visuotactile_world_model,test_combined_ood,1,20353021,combined_ood_021,30,1.2173833943034211,1.0371986312791706,1.16316656626554,1.2487467459299497,1.3032335106386908,1.334571517403755,2.401246921221415,2.0621047258377074,2.311142675081889,2.4225910027821858,2.543722462654114,2.66667373975118,0.012860030150817086,0.010911714716348797,0.012432595245384922,0.013127348575896274,0.013633262284565717,0.014195229931889724,1.8123552619107068,0.6666666666666666,0.0,0.0,0.0,1087.413157146424,600
visuotactile_world_model,test_combined_ood,1,20353022,combined_ood_022,30,0.442993054823536,0.3649712638153384,0.41357635341377724,0.41152019848426186,0.48732084199372266,0.53757661641058,0.720757151444753,0.6249760588010153,0.6314247608184814,0.6413012425104777,0.7815463066101074,0.9245373884836833,0.004482825219941636,0.0019919947216597697,0.0033018725574947894,0.0045250740523139635,0.00574070069900093,0.006854484069238728,0.6445668470224222,0.66,1.0,0.0,0.0,382.87270713131875,594
visuotactile_world_model,test_combined_ood,1,20353023,combined_ood_023,30,0.8404583124029967,0.7702069545371665,0.8305201079489456,0.8252896569048365,0.8537078965662255,0.9225669460578098,1.674569890499115,1.4456607580184937,1.5979466239611309,1.6709741433461507,1.7450548569361368,1.913213070233663,0.014076764474933346,0.012201504153199493,0.01322254203647996,0.014336940359013776,0.015049472311511635,0.015573363514461865,1.3701238399269162,0.6066666666666667,1.0,0.0,0.0,748.0876166000962,546
visuotactile_world_model,test_combined_ood,1,20353024,combined_ood_024,30,0.04770379549099339,0.05601798531909784,0.047292350460257794,0.045385167561471464,0.044608032268782453,0.04521544184535742,0.1336331097284953,0.13819859822591146,0.12896408240000407,0.13063457012176513,0.1333476702372233,0.13702062765757242,0.0015273386643578609,0.001460702569844822,0.0015313631932561596,0.001516039576381445,0.0015250468393787741,0.0016035411429281036,,0.0,1.0,1.0,1.0,0.0,0
visuotactile_world_model,test_combined_ood,1,20353025,combined_ood_025,30,0.03900402989238501,0.04086291363669766,0.03840986392978165,0.03799192106558217,0.03829958325044976,0.039455867579413786,0.11944063981374105,0.12239123980204264,0.11763006846110026,0.11659286816914877,0.11827011108398437,0.1223189115524292,0.0012970733712427318,0.0012913200140853103,0.001280817884253338,0.0012687793884348746,0.0013251657403695086,0.0013192838290706278,,0.0,1.0,1.0,1.0,0.0,0
visuotactile_world_model,test_combined_ood,1,20353026,combined_ood_026,30,0.07069740339699719,0.07319364264193508,0.07006853083148598,0.06973049707917703,0.0696432704002493,0.07085107603213853,0.20456418911616006,0.20990190108617146,0.2012888749440511,0.20305280288060507,0.20402267773946126,0.20455468893051149,0.0025581484474241733,0.0024305771842288476,0.002541884450086703,0.0025589975567224124,0.0025871087253714602,0.0026721743207114438,,0.0,1.0,1.0,1.0,0.0,0
visuotactile_world_model,test_combined_ood,1,20353027,combined_ood_027,30,0.6902079965929604,0.5599642796286692,0.6219034668265118,0.730680571620663,0.7381057596868938,0.8003859052020642,0.9207057571411132,0.5531352122624715,0.7789333422978719,1.0193222840627034,1.0442878484725953,1.2078500986099243,0.013101770658201228,0.010580669684956471,0.01240163086525475,0.01339743920446684,0.014170021963460991,0.014959091572867086,1.0379996048555817,0.6533333333333333,0.0,0.0,0.0,610.343767655082,588
visuotactile_world_model,test_combined_ood,1,20353028,combined_ood_028,30,0.3049353695371085,0.16258717316927182,0.25568124187282393,0.3360124382914768,0.372094936730961,0.3983010576210088,0.6714266180992127,0.2663585066795349,0.5539824326833089,0.7875946760177612,0.8245537916819254,0.9246436834335328,0.0032662131695542483,0.002628251052616785,0.0028215120158468685,0.003199891757685691,0.003513523458968848,0.0041678875626530495,0.40563519314392327,0.6466666666666666,1.0,1.0,1.0,236.07968240976334,582
visuotactile_world_model,test_combined_ood,1,20353029,combined_ood_029,30,0.0417201619512505,0.044108839746978545,0.04148189464790954,0.04110713178912798,0.040594509657886295,0.041308433914350136,0.11703671296437582,0.11838962237040201,0.11834780375162761,0.1133765697479248,0.1153677225112915,0.11970184644063314,0.0011646903503181724,0.0011263996076498492,0.0011347419165152436,0.0011497300098805379,0.001185792481798368,0.001226787735746863,,0.0,1.0,1.0,1.0,0.0,0
visuotactile_persistence,test_combined_ood,1,20353000,combined_ood_000,30,0.0,0.0,0.0,0.0,0.0,0.0,0.11551092863082886,0.11551092863082886,0.11551092863082886,0.11551092863082886,0.11551092863082886,0.11551092863082886,0.000980311819196989,0.0009960361756384372,0.0009834722072506945,0.0009767290437594056,0.0009734639781527222,0.0009718576911836863,,0.0,,,,0.0,0
visuotactile_persistence,test_combined_ood,1,20353001,combined_ood_001,30,0.0,0.0,0.0,0.0,0.0,0.0,0.10248843828837077,0.10248843828837077,0.10248843828837077,0.10248843828837077,0.10248843828837077,0.10248843828837077,0.0009451507002813742,0.000949384977381366,0.0009587230257845173,0.0009400158790716281,0.0009558364913876479,0.0009217931277817115,,0.0,,,,0.0,0
visuotactile_persistence,test_combined_ood,1,20353002,combined_ood_002,30,0.1470757769793272,0.09611744499868817,0.12808380019333626,0.15074879175259007,0.16100388595627413,0.19942496199574736,0.5589920981725057,0.4879697879155477,0.5058351437250773,0.5592552582422893,0.5796722332636516,0.6622280677159628,0.00719596156772847,0.00548569510380427,0.005940261560802658,0.007016632597272595,0.00818832313719516,0.009348895439567665,0.22980590153019875,0.64,,,,132.36819928139448,576
visuotactile_persistence,test_combined_ood,1,20353003,combined_ood_003,30,0.23464425056344934,0.18916826791440447,0.18451757695939805,0.21831931136031119,0.22588783627789882,0.3553282603052341,0.8599147129058838,0.7767649094263712,0.7655620177586874,0.8981448491414388,0.8608009338378906,0.9983008543650309,0.009559695289935917,0.010410637136859198,0.009879057947546243,0.00943079860880971,0.009053813336261858,0.009024169420202573,0.35914936310732043,0.6533333333333333,,,,211.1798255071044,588
visuotactile_persistence,test_combined_ood,1,20353004,combined_ood_004,30,0.11507121324539185,0.12527838320367865,0.11493201367557049,0.11269201081660059,0.11179922247926394,0.11065443605184555,0.3949616344769796,0.43459895849227903,0.41620487769444786,0.3901528159777323,0.37122902472813923,0.3626224954922994,0.007480232571833767,0.004379283910384402,0.005920365193742327,0.0075044012550885475,0.009038421950147797,0.01055869054980576,0.18169138933482923,0.6333333333333333,,,,103.56409192085266,570
visuotactile_persistence,test_combined_ood,1,20353005,combined_ood_005,30,0.0,0.0,0.0,0.0,0.0,0.0,0.12100685834884643,0.12100685834884643,0.12100685834884643,0.12100685834884643,0.12100685834884643,0.12100685834884643,0.001583659239889433,0.001589289893551419,0.0016132367736039063,0.0015770468899669746,0.0015730290596062937,0.001565693582718571,,0.0,,,,0.0,0
visuotactile_persistence,test_combined_ood,1,20353006,combined_ood_006,30,0.0,0.0,0.0,0.0,0.0,0.0,0.14123029708862306,0.14123029708862306,0.14123029708862306,0.14123029708862306,0.14123029708862306,0.14123029708862306,0.002005417614709586,0.0020211419866730767,0.0020085780144048233,0.0020018348509135346,0.001998569754262765,0.0019969634672937294,,0.0,,,,0.0,0
visuotactile_persistence,test_combined_ood,1,20353007,combined_ood_007,30,0.0,0.0,0.0,0.0,0.0,0.0,0.10795202255249023,0.10795202255249023,0.10795202255249023,0.10795202255249023,0.10795202255249023,0.10795202255249023,0.0022141768992878495,0.0022237713409898182,0.002204512020883461,0.0022548572005083164,0.0022040810668841004,0.0021836628671735524,,0.0,,,,0.0,0
visuotactile_persistence,test_combined_ood,1,20353008,combined_ood_008,30,0.07610230846227044,0.04774276695421172,0.05607294494079219,0.07410880182352331,0.09557078331708908,0.10701624527573586,0.3142938268184662,0.296430504322052,0.3086341818173726,0.30749910275141396,0.32276949683825173,0.33613584836324056,0.006824477435050842,0.004118784922563161,0.005475948795598621,0.006824175089908143,0.008154799873591401,0.009548678493592888,0.13121087665908696,0.58,,,,68.49207761604339,522
visuotactile_persistence,test_combined_ood,1,20353009,combined_ood_009,30,0.8486221398578749,0.6766663711931971,0.7852614028586282,0.8717875480651855,1.0305878433916305,0.8788075337807337,5.617583031654358,5.356640156110128,5.422622537612915,5.491148805618286,5.872641078631083,5.944862580299377,0.009383722133158396,0.007132363486258934,0.007833808784683545,0.009172872880784173,0.010647465381771326,0.012132100132293999,1.3123022781307345,0.6466666666666666,,,,763.7599258720875,582
visuotactile_persistence,test_combined_ood,1,20353010,combined_ood_010,30,0.0,0.0,0.0,0.0,0.0,0.0,0.12230881055196126,0.12230881055196126,0.12230881055196126,0.12230881055196126,0.12230881055196126,0.12230881055196126,0.001335802412747095,0.0013515267909194031,0.001338962787607064,0.0013322196551598608,0.0013289545585090914,0.0013273482715400557,,0.0,,,,0.0,0
visuotactile_persistence,test_combined_ood,1,20353011,combined_ood_011,30,0.3025649844156578,0.1042550864060306,0.3282347334962752,0.31487624106100864,0.3755618256723715,0.3898970354426031,2.566451457341512,2.3347103436787924,2.4896461089452107,2.538595700263977,2.6849753856658936,2.7843297481536866,0.007842072630301117,0.008112579867398988,0.007785560567087183,0.00761244425860544,0.007587178722800066,0.008112599735613912,0.49331247459074645,0.6133333333333333,,,,272.30848597409204,552
visuotactile_persistence,test_combined_ood,1,20353012,combined_ood_012,30,0.18734390105638238,0.12192381541762087,0.14944615239898365,0.1804509857462512,0.21385248067478338,0.27104607104427286,0.5908640384674072,0.47371535301208495,0.5130250612894695,0.5663743813832601,0.6454260110855102,0.7557793855667114,0.007907202182880914,0.005144593798710654,0.0063827715309647225,0.00789262979136159,0.009356444899458439,0.010759570893909162,0.2927248454005975,0.64,,,,168.60951095074415,576
visuotactile_persistence,test_combined_ood,1,20353013,combined_ood_013,30,0.16764240634013225,0.12304101221961901,0.08516199514011127,0.13762031416877613,0.226560181025545,0.26582852914660987,0.5788035861651103,0.48300289710362754,0.4864917079607646,0.513415785630544,0.647079877058665,0.7640276630719502,0.008110650411108509,0.008454500301741063,0.00789976841576087,0.007408466353081167,0.007793191428451488,0.008997325556507955,0.2592408345465963,0.6466666666666666,,,,150.87816570611903,582
visuotactile_persistence,test_combined_ood,1,20353014,combined_ood_014,30,0.17881031095981598,0.12035086825489998,0.15908682975504135,0.1812378916475508,0.19608339485194948,0.2372925702896383,0.9122470164299011,0.8220965027809143,0.8642545024553935,0.9166525483131409,0.9359819213549296,1.0222496072451273,0.008616583642239372,0.006008902754789839,0.007072915982765456,0.008554694634707023,0.010011002242875596,0.011435402596058944,0.27939111087471247,0.64,,,,160.92927986383438,576
visuotactile_persistence,test_combined_ood,1,20353015,combined_ood_015,30,0.0,0.0,0.0,0.0,0.0,0.0,0.10990242163340251,0.10990242163340251,0.10990242163340251,0.10990242163340251,0.10990242163340251,0.10990242163340251,0.0020246820528215417,0.0020360353228170425,0.0020385569155526658,0.002048034661371882,0.0020028089968642843,0.001997974367501835,,0.0,,,,0.0,0
visuotactile_persistence,test_combined_ood,1,20353016,combined_ood_016,30,0.22149397988286285,0.12429422615095972,0.17367264452493852,0.21833450498266352,0.28947887813879386,0.30168964561695855,0.6358952482541402,0.4267756104469299,0.5282512625058492,0.6123182733853658,0.7684758146603902,0.843655280272166,0.008793650205091885,0.006087343026107798,0.0073089530264648294,0.008769246637045095,0.01019961293010662,0.011603095405735075,0.34251646373638583,0.6466666666666666,,,,199.34458189457655,582
visuotactile_persistence,test_combined_ood,1,20353017,combined_ood_017,30,0.3315156265333967,0.19875588081777096,0.17371090571913456,0.3800143040716648,0.41446445736736576,0.49063258469104765,2.4560392848650614,2.3719834605852763,2.4126497308413186,2.462363811333974,2.495003640651703,2.538195780913035,0.00707758577230076,0.006495324072117606,0.006296829467949768,0.006589098076801747,0.007316480278192709,0.008690196966441969,0.5347026234409625,0.62,,,,298.3640638800571,558
visuotactile_persistence,test_combined_ood,1,20353018,combined_ood_018,30,0.0,0.0,0.0,0.0,0.0,0.0,0.12427276770273844,0.12427276770273844,0.12427276770273844,0.12427276770273844,0.12427276770273844,0.12427276770273844,0.0008458026669298609,0.0008615270451021691,0.0008489630417898297,0.0008422199093426268,0.0008389548126918574,0.0008373485257228215,,0.0,,,,0.0,0
visuotactile_persistence,test_combined_ood,1,20353019,combined_ood_019,30,0.0,0.0,0.0,0.0,0.0,0.0,0.10683718919754029,0.10683718919754029,0.10683718919754029,0.10683718919754029,0.10683718919754029,0.10683718919754029,0.0014372432664580023,0.0014720015121080603,0.0014309235809681316,0.0014253049477702007,0.0014253667352022604,0.0014326195562413583,,0.0,,,,0.0,0
visuotactile_persistence,test_combined_ood,1,20353020,combined_ood_020,30,0.0,0.0,0.0,0.0,0.0,0.0,0.1178763190905253,0.1178763190905253,0.1178763190905253,0.1178763190905253,0.1178763190905253,0.1178763190905253,0.00164795774112766,0.001663682097569108,0.001651118129181365,0.0016443749656900764,0.0016411099000833928,0.001639503613114357,,0.0,,,,0.0,0
visuotactile_persistence,test_combined_ood,1,20353021,combined_ood_021,30,0.3382559907664027,0.24375032297232085,0.29853175644659335,0.33933087245871624,0.42474982008958856,0.38491718186479473,2.5286735304196677,2.5175227443377177,2.5462703029314677,2.5413971384366354,2.528155783812205,2.510021682580312,0.009242224118982753,0.009432316792663186,0.008994076893820117,0.008697952788012723,0.009099306573625654,0.00998746754679208,0.5073839861496041,0.6666666666666666,,,,304.4303916897625,600
visuotactile_persistence,test_combined_ood,1,20353022,combined_ood_022,30,0.1989898641547188,0.03460897781058318,0.11164563889873938,0.24102715496491228,0.2924637955484084,0.31520375355095087,1.087154939174652,0.750220247109731,0.9140395522117615,1.2067635973294577,1.2545165181159974,1.310234781106313,0.007471187782939524,0.005474042589776218,0.006189433958691855,0.007389889971818775,0.008572373372347404,0.009730199022063365,0.3014997941738164,0.66,,,,179.09087773924693,594
visuotactile_persistence,test_combined_ood,1,20353023,combined_ood_023,30,0.27081077113023233,0.21905717126662946,0.23806657818301272,0.23182217170380884,0.2936012901883158,0.3715066443093949,1.6489563433329264,1.5588066260019937,1.6021333456039428,1.6282923777898153,1.6695811907450357,1.7859681765238444,0.009392335285277416,0.009796846463965872,0.009436960910291722,0.009144245677938064,0.00912536398973316,0.009458259384458264,0.44639138098389947,0.6066666666666667,,,,243.7296940172091,546
visuotactile_persistence,test_combined_ood,1,20353024,combined_ood_024,30,0.0,0.0,0.0,0.0,0.0,0.0,0.17830830017725627,0.17830830017725627,0.17830830017725627,0.17830830017725627,0.17830830017725627,0.17830830017725627,0.001615531061931203,0.001631255440103511,0.0016186914367911716,0.0016119483043439686,0.0016086832076931993,0.0016070769207241634,,0.0,,,,0.0,0
visuotactile_persistence,test_combined_ood,1,20353025,combined_ood_025,30,0.0,0.0,0.0,0.0,0.0,0.0,0.12519732316335042,0.12519732316335042,0.12519732316335042,0.12519732316335042,0.12519732316335042,0.12519732316335042,0.0018237869829560319,0.001806053911180546,0.0018213674464883903,0.0018103268346749246,0.001868542128552993,0.0018126445938833058,,0.0,,,,0.0,0
visuotactile_persistence,test_combined_ood,1,20353026,combined_ood_026,30,0.0,0.0,0.0,0.0,0.0,0.0,0.21337310870488485,0.21337310870488485,0.21337310870488485,0.21337310870488485,0.21337310870488485,0.21337310870488485,0.0026488148459854225,0.0026645392024268705,0.002651975234039128,0.002645232070547839,0.0026419670049411554,0.0026403607179721197,,0.0,,,,0.0,0
visuotactile_persistence,test_combined_ood,1,20353027,combined_ood_027,30,0.21956129168574182,0.13107516106942463,0.172885997277788,0.21249505822132858,0.2722828241530806,0.3090674177070873,0.7330704816182454,0.6475257873535156,0.6230150540669759,0.7726655960083008,0.7476085662841797,0.8745374043782552,0.008175727310590446,0.008066191431134939,0.007741439323096225,0.007808079857689639,0.008273171548110744,0.008989754392920683,0.3360632015598089,0.6533333333333333,,,,197.60516251716763,588
visuotactile_persistence,test_combined_ood,1,20353028,combined_ood_028,30,0.13470683217462567,0.11445499882102013,0.1195205583754513,0.12131206778188547,0.1591012486981021,0.15914528719666932,0.3173997402191162,0.3164881706237793,0.29693582057952883,0.2824271043141683,0.3632470766703288,0.3279005289077759,0.006207367101839433,0.003729305179634442,0.004874448447177808,0.0061565055279061195,0.00745490751384447,0.008821668840634326,0.20830953429065824,0.6466666666666666,,,,121.2361489571631,582
visuotactile_persistence,test_combined_ood,1,20353029,combined_ood_029,30,0.0,0.0,0.0,0.0,0.0,0.0,0.1442383646965027,0.1442383646965027,0.1442383646965027,0.1442383646965027,0.1442383646965027,0.1442383646965027,0.0015298648450213174,0.0015201312256976963,0.0015168400733576468,0.0015260812807052085,0.0015499977394938468,0.0015362739058521887,,0.0,,,,0.0,0
visuotactile_shuffled_touch,test_combined_ood,1,20353000,combined_ood_000,30,0.030938448421657085,0.0341793612887462,0.03093995586451557,0.029981201825042565,0.029816029862397248,0.029775693267583846,0.1030881929397583,0.10470825831095378,0.10043121178944905,0.10269902547200521,0.10299996534983318,0.1046025037765503,0.0008226958118999997,0.0009165735992913445,0.0008449267130345106,0.0007991386150630812,0.0007654850914453466,0.0007873550406657159,,0.0,,,,0.0,0
visuotactile_shuffled_touch,test_combined_ood,1,20353001,combined_ood_001,30,2.6015597088841926,2.618764290234281,2.5917485639452935,2.593928538614677,2.5970365156316095,2.6063206359951034,6.951458160877228,6.963368348280588,6.911400055885315,6.932014648119608,6.957537396748861,6.992970355351766,0.05878841048688628,0.05539914721933504,0.05822513602130736,0.05940524734711895,0.06014278125367127,0.060769740592998764,,0.0,,,,0.0,0
visuotactile_shuffled_touch,test_combined_ood,1,20353002,combined_ood_002,30,1.325392383252167,1.3177286078946457,1.2943446002176238,1.3113856939391957,1.3467693878751663,1.3567336263342036,3.6338235974311828,3.6114734331766765,3.5641839861869813,3.6074337085088093,3.712143301963806,3.673883557319641,0.0031598735173853734,0.0036438229028135536,0.002871963408930848,0.002587042989519735,0.002939358485552172,0.003757179800110559,2.0199335384855255,0.64,,,,1163.4817181676626,576
visuotactile_shuffled_touch,test_combined_ood,1,20353003,combined_ood_003,30,0.5911164982492725,0.5308591788427697,0.5348385031438536,0.6133930556062195,0.600144981365237,0.6763467722882827,0.5702542161941528,0.5117526690165202,0.4901292244593302,0.6283880790074666,0.5793389399846395,0.6416621685028077,0.014977624194386105,0.014123812438144038,0.014723886308881143,0.015100671323792388,0.015331442429063221,0.015608308472049732,0.8887808967293018,0.6533333333333333,,,,522.6031672768295,588
visuotactile_shuffled_touch,test_combined_ood,1,20353004,combined_ood_004,30,1.203863472679837,1.251961652148101,1.151908664063861,1.1630678864195942,1.2020273904419607,1.2503517703256672,2.4571302072207133,2.598376444975535,2.2731353362401325,2.3157761136690778,2.471711734930674,2.626651406288147,0.0496508267809016,0.04855931626322369,0.04927852258551866,0.04986950610764325,0.0502279191200311,0.05031886982809131,1.825336454370827,0.6333333333333333,,,,1040.4417789913714,570
visuotactile_shuffled_touch,test_combined_ood,1,20353005,combined_ood_005,30,0.038111420460045335,0.040583053438199894,0.03796107115017043,0.037218000574244396,0.037057647936873966,0.03773732920073801,0.11483505725860596,0.11889493465423584,0.11572412649790446,0.11246216297149658,0.11200950145721436,0.11508456071217855,0.001196129472082248,0.0012338603936465611,0.0012182325658310826,0.001177472709484088,0.0011597052866515393,0.0011913764047979689,,0.0,,,,0.0,0
visuotactile_shuffled_touch,test_combined_ood,1,20353006,combined_ood_006,30,0.046506423374844924,0.053646398045950464,0.047596747738619646,0.04515151491181718,0.04337592429171006,0.04276153188612726,0.11855564117431641,0.12942997614542642,0.11775310039520263,0.11568220456441243,0.114406418800354,0.11550650596618653,0.0012026662744271258,0.0013368796906434,0.0012458954782535632,0.0011715839267708362,0.0011239208281040192,0.0011350514483638107,,0.0,,,,0.0,0
visuotactile_shuffled_touch,test_combined_ood,1,20353007,combined_ood_007,30,1.1416672620197965,1.1320227252526416,1.1369726020946271,1.1434249787280957,1.1465455187484621,1.149370485275156,2.6940571641921998,2.633025368054708,2.6930291334788006,2.7088114579518634,2.715011723836263,2.7204081376393634,0.05796429348566259,0.055760340173340715,0.05748415228833134,0.058340980169790176,0.05885735475167166,0.05937864004517905,,0.0,,,,0.0,0
visuotactile_shuffled_touch,test_combined_ood,1,20353008,combined_ood_008,30,1.9263844489430388,2.0002326052842867,1.9757201995700597,1.9327587709037795,1.8799201410263777,1.8432905279306901,4.986205274264018,5.073741618792216,5.062124562263489,5.026586039861043,4.926141468683879,4.842432681719462,0.005225870217351864,0.003793367611554762,0.004176845250185579,0.005212846087912718,0.006087000392532597,0.006859291744573662,2.8632125876472827,0.58,,,,1494.5969707518816,522
visuotactile_shuffled_touch,test_combined_ood,1,20353009,combined_ood_009,30,5.17769644362645,5.11272716253168,5.124689991647998,5.136732062221402,5.235974167452918,5.278358834278253,12.251525781949361,12.133799783388774,12.085884237289429,12.106015292803447,12.45133934020996,12.480590256055196,0.04462294808433702,0.04400063130694131,0.04416297151086231,0.04464787116739899,0.045018866347769894,0.045284400088712574,7.991904397267861,0.6466666666666666,,,,4651.288359209895,582
visuotactile_shuffled_touch,test_combined_ood,1,20353010,combined_ood_010,30,2.365124479002423,2.4199117901010645,2.3469458675115473,2.35110156070441,2.3546762256676126,2.3529869510274795,6.256105923652649,6.404919238885244,6.210320071379344,6.213574862480163,6.220919410387675,6.230796035130819,0.05482306001940742,0.048334742193886386,0.0527594090361769,0.055947653499121466,0.057879568128070484,0.05919392723978187,,0.0,,,,0.0,0
visuotactile_shuffled_touch,test_combined_ood,1,20353011,combined_ood_011,30,1.567633242259423,1.5784455947784914,1.5546226374804974,1.5725355316781335,1.5621400660731726,1.5704223812868199,3.2125486969947814,3.300678241252899,3.2191230575243632,3.165341293811798,3.1807634274164838,3.1968374649683633,0.013863711380399763,0.012138042905523132,0.01328396328802531,0.013992810427832106,0.014591752970591187,0.015311987310027083,2.5311537491953997,0.6133333333333333,,,,1397.1968695558608,552
visuotactile_shuffled_touch,test_combined_ood,1,20353012,combined_ood_012,30,2.0372081031339864,1.9879422675404284,2.0112023242956236,2.0362702668334047,2.06093951838298,2.0896861386174956,5.251803523699443,5.142226179440816,5.170631734530131,5.239247119426727,5.321827264626821,5.385085320472717,0.0038811755708108345,0.003926858969498426,0.0033423258418527743,0.0036702198325656355,0.004000521881971508,0.004465951328165829,3.1531183949102544,0.64,,,,1816.1961954683065,576
visuotactile_shuffled_touch,test_combined_ood,1,20353013,combined_ood_013,30,1.0343512295192987,1.1542112621685696,1.0657660992091729,0.998487292580022,0.9860500520871331,0.967241441551596,2.2173215039571126,2.5117619673411054,2.3135228077570598,2.1488155126571655,2.1012277682622273,2.0112794637680054,0.01267732476737971,0.011023787459513794,0.012075577990617602,0.012910371207787345,0.01344042392835642,0.013936463250623395,1.5851750724040423,0.6466666666666666,,,,922.5718921391526,582
visuotactile_shuffled_touch,test_combined_ood,1,20353014,combined_ood_014,30,2.544515607503967,2.546843643134667,2.5025919921903146,2.525773475795156,2.5639063545709684,2.5834625718287296,6.12041570186615,6.143119374910991,5.963683827718099,6.053869052728017,6.193220007419586,6.248186246554057,0.050191209050826725,0.04924755341683825,0.04998901108435045,0.0505727011943236,0.05072675364014382,0.05042002591847752,3.943768396637299,0.64,,,,2271.610596463084,576
visuotactile_shuffled_touch,test_combined_ood,1,20353015,combined_ood_015,30,3.14158358944373,3.1524557497973245,3.1369005154197414,3.128067990930544,3.136600572946999,3.1538931181240413,8.7929221200943,8.763868522644042,8.771517916520436,8.762903769810995,8.802314841747284,8.864005549748738,0.054871506548176206,0.053729175007902086,0.054809298389591275,0.05520017979045709,0.05528689527806516,0.05533198427486544,,0.0,,,,0.0,0
visuotactile_shuffled_touch,test_combined_ood,1,20353016,combined_ood_016,30,1.627461332326962,1.5675537831253477,1.5671763469775517,1.6237632157488002,1.6663000476443106,1.7125132681387993,4.320710272789001,4.166960175832113,4.1759644746780396,4.298622417449951,4.423779137929281,4.538225158055623,0.004040843106728668,0.0049414138891734185,0.003985254412206511,0.003435666356623794,0.0036343583138659596,0.004207522561773658,2.491115607167642,0.6466666666666666,,,,1449.8292833715677,582
visuotactile_shuffled_touch,test_combined_ood,1,20353017,combined_ood_017,30,2.9606084097156096,2.8530409417839513,2.8887528223502965,3.0077629308733673,3.016848560826232,3.0366367927441993,6.640538104375204,6.414992705980937,6.492326633135478,6.703641819953918,6.7651462634404504,6.8265830993652346,0.03950524752988713,0.03876794507086743,0.03935356483658931,0.03961220203782432,0.03980267727553534,0.03998984842861925,4.76107316231522,0.62,,,,2656.6788245718926,558
visuotactile_shuffled_touch,test_combined_ood,1,20353018,combined_ood_018,30,0.033061328182617825,0.036500799676610365,0.0327156759177645,0.032057399737338226,0.03193693570792675,0.03209582987344927,0.10488680203755697,0.10406469504038493,0.10092230637868245,0.1041947841644287,0.10606592496236165,0.10918629964192708,0.0007719018566422164,0.000787862929670761,0.0007856840500608086,0.0007608909237508972,0.0007460027506264547,0.0007790686291021605,,0.0,,,,0.0,0
visuotactile_shuffled_touch,test_combined_ood,1,20353019,combined_ood_019,30,0.04034351021051407,0.04030833571321434,0.040324562167127924,0.04033454141269128,0.039848102525704435,0.04090200923383236,0.12287631511688232,0.11389195919036865,0.12220029830932617,0.12376567522684732,0.12653532822926838,0.12798831462860108,0.0011238692062518869,0.001268434447896046,0.0011159186173851292,0.0010749141035679107,0.0010604312012825782,0.0010996476611277708,,0.0,,,,0.0,0
visuotactile_shuffled_touch,test_combined_ood,1,20353020,combined_ood_020,30,1.9300768325829671,2.1128795293366744,1.9799707747478452,1.9078622162859473,1.8479977163796624,1.8016739261647066,4.878694201310475,5.368839426835378,5.0106113195419315,4.8221876382827755,4.658815757433573,4.53301686445872,0.057318304987469065,0.054261434155826765,0.056440871007119614,0.05749076006468386,0.05867893458344042,0.059719525126274674,,0.0,,,,0.0,0
visuotactile_shuffled_touch,test_combined_ood,1,20353021,combined_ood_021,30,0.8425505492380924,0.8982336878259148,0.8912422603306671,0.8185841244541936,0.7416427126568225,0.8630499609228638,1.0088850482304892,1.168826945622762,1.0477925856908163,0.8964201609293619,0.9311383406321208,1.0002472082773843,0.013248479533940554,0.011727684297754119,0.012731307384092361,0.013476616458501667,0.01395567504223436,0.01435111448712026,1.2501059943127135,0.6666666666666666,,,,750.0635965876281,600
visuotactile_shuffled_touch,test_combined_ood,1,20353022,combined_ood_022,30,1.3979756812627118,1.327168320140077,1.367422158514253,1.37705547149914,1.4458660481497645,1.4723664080103238,3.1694445141156513,3.0903926332791647,3.063512595494588,3.117653822898865,3.2450594107309976,3.330604108174642,0.002612721947565054,0.002390010911040008,0.0025270870343471565,0.002476157104441275,0.0025964565478110067,0.003073898140185823,2.0915102204151124,0.66,,,,1242.3570709265769,594
visuotactile_shuffled_touch,test_combined_ood,1,20353023,combined_ood_023,30,2.729579632353141,2.6867881445860906,2.706589989674588,2.7197938796598464,2.737491863231278,2.7972342846139022,6.748972935676575,6.621835613250733,6.68404840628306,6.732562947273254,6.785942697525025,6.920475014050802,0.03769622938513446,0.03692822710921367,0.037488465533048534,0.037813588907495914,0.038030351667839565,0.038220513708074576,4.484060081602978,0.6066666666666667,,,,2448.296804555226,546
visuotactile_shuffled_touch,test_combined_ood,1,20353024,combined_ood_024,30,0.04770379549099339,0.05601798531909784,0.047292350460257794,0.045385167561471464,0.044608032268782453,0.04521544184535742,0.1336331097284953,0.13819859822591146,0.12896408240000407,0.13063457012176513,0.1333476702372233,0.13702062765757242,0.0015273386643578609,0.001460702569844822,0.0015313631932561596,0.001516039576381445,0.0015250468393787741,0.0016035411429281036,,0.0,,,,0.0,0
visuotactile_shuffled_touch,test_combined_ood,1,20353025,combined_ood_025,30,0.03900402989238501,0.04086291363669766,0.03840986392978165,0.03799192106558217,0.03829958325044976,0.039455867579413786,0.11944063981374105,0.12239123980204264,0.11763006846110026,0.11659286816914877,0.11827011108398437,0.1223189115524292,0.0012970733712427318,0.0012913200140853103,0.001280817884253338,0.0012687793884348746,0.0013251657403695086,0.0013192838290706278,,0.0,,,,0.0,0
visuotactile_shuffled_touch,test_combined_ood,1,20353026,combined_ood_026,30,1.3606762025960617,1.303475050897234,1.3094189623370767,1.3574164124412669,1.4029945903975103,1.430075996907221,3.2753342318534853,3.1650135080019632,3.1766215165456138,3.271208870410919,3.354573937257131,3.4092533270517986,0.06384870324283838,0.05944356199664374,0.06262280710119134,0.06455758972636734,0.06588433398477113,0.06673522340521837,,0.0,,,,0.0,0
visuotactile_shuffled_touch,test_combined_ood,1,20353027,combined_ood_027,30,0.5865845571996438,0.5534147758243813,0.5044312229173051,0.5820237858841817,0.6010552906534739,0.6919977107188768,0.6034772268931071,0.5088013092676799,0.44988564650217694,0.5645006020863851,0.6355384747187297,0.858660101890564,0.016637920155966032,0.01331768602055187,0.015675018223312995,0.016990564631608626,0.018062738604688395,0.019143593299668284,0.8793922996617296,0.6533333333333333,,,,517.082672201097,588
visuotactile_shuffled_touch,test_combined_ood,1,20353028,combined_ood_028,30,1.2226321670951115,1.2119401496421132,1.2135343564363816,1.2408419717724124,1.2307322722135319,1.216112085411118,2.447414669195811,2.4039295355478925,2.383108647664388,2.502504547437032,2.4555988629659016,2.4919317523638407,0.042342926807080704,0.041699554860436666,0.04210296920888747,0.04259287206999337,0.04270468570369606,0.042614552192389965,1.824753952254237,0.6466666666666666,,,,1062.006800211966,582
visuotactile_shuffled_touch,test_combined_ood,1,20353029,combined_ood_029,30,0.0417201619512505,0.044108839746978545,0.04148189464790954,0.04110713178912798,0.040594509657886295,0.041308433914350136,0.11703671296437582,0.11838962237040201,0.11834780375162761,0.1133765697479248,0.1153677225112915,0.11970184644063314,0.0011646903503181724,0.0011263996076498492,0.0011347419165152436,0.0011497300098805379,0.001185792481798368,0.001226787735746863,,0.0,,,,0.0,0
visuotactile_world_model,test_id,2,20350000,id_000,30,0.15179886682993837,0.0727938938472006,0.10578866886595885,0.1462255528403653,0.19765248619433906,0.23653373240182798,0.3938414279619853,0.19664518038431802,0.2536202271779378,0.3921616713205973,0.513373057047526,0.6134070038795472,0.0016611409455072135,0.0016455699456855654,0.0015634970390237869,0.001652707273994262,0.0016408965884086987,0.0018030338804237544,0.20855433382219338,0.66,1.0,1.0,1.0,123.88127429038286,594
visuotactile_world_model,test_id,2,20350001,id_001,30,0.049721399241437515,0.05035763918939564,0.048793641860700315,0.05013873835818635,0.050120925572183395,0.04919605122672187,0.09982874870300293,0.0921891450881958,0.09244862397511801,0.0991203784942627,0.10490651925404866,0.11047907670338948,0.002262633655530711,0.0021495082958911857,0.002277465513907373,0.0023301445374575755,0.0023069658083841203,0.0022490841220133007,,0.0,1.0,1.0,1.0,0.0,0
visuotactile_world_model,test_id,2,20350002,id_002,30,0.40115514142231806,0.2628044545650482,0.3427399780187342,0.39942061397143536,0.4710292072759734,0.5297814532803993,0.8995159482955932,0.5413437128067017,0.721847136815389,0.8999753713607788,1.1136027495066325,1.2208107709884644,0.0036747588116365173,0.003502322395797819,0.003470688732340932,0.003564400253041337,0.003776190852901588,0.004060191824100912,0.602852764808256,0.6466666666666666,0.0,1.0,0.0,350.860309118405,582
visuotactile_world_model,test_id,2,20350003,id_003,30,0.037004968201120696,0.04468427544666661,0.04016219271967809,0.035973308607935905,0.03328928113397625,0.030915783097346623,0.07274153709411621,0.09246621131896973,0.08021255334218343,0.06868546009063721,0.061944834391276044,0.06039862632751465,0.0003609270191130539,0.00043010939843952657,0.00034454272439082465,0.00034263317550842963,0.0003394082693072657,0.0003479415279192229,,0.0,1.0,1.0,1.0,0.0,0
visuotactile_world_model,test_id,2,20350004,id_004,30,0.16086078707128762,0.12030322023977837,0.13915803565436768,0.1537083216735886,0.17969835940231052,0.211435998386393,0.40507651487986246,0.28609205881754557,0.3472933610280355,0.3976534406344096,0.4606721043586731,0.5336716095606486,0.0017487099929712714,0.0011987869899409513,0.0014748040431489548,0.001754359119028474,0.0020162156821849444,0.002299384130553032,0.23487576424065745,0.6066666666666667,1.0,1.0,1.0,128.24216727539897,546
visuotactile_world_model,test_id,2,20350005,id_005,30,0.02861000551117791,0.02843044563714001,0.028601954484151468,0.028966702417367034,0.02890656805700726,0.02814435696022378,0.0892374308904012,0.09920736153920491,0.0902957280476888,0.08682598272959391,0.08577329317728678,0.08408478895823161,0.0004935903358273208,0.0004964365701501569,0.0004836350407761832,0.0005053143482655287,0.0004868285730481148,0.0004957371468966206,,0.0,1.0,1.0,1.0,0.0,0
visuotactile_world_model,test_id,2,20350006,id_006,30,0.12652739534568455,0.068649861175153,0.10401068665087224,0.12729613538831472,0.14559393643091123,0.18708635708317162,0.2999624371528625,0.16746379534403483,0.24808957974116008,0.307486613591512,0.3587110082308451,0.41806118885676063,0.0019520647393073886,0.0016362582876657446,0.0017471992915185789,0.0019450435628338405,0.0021156332882431646,0.0023161892662756146,0.18396825604603118,0.6266666666666667,1.0,1.0,1.0,103.75809640996158,564
visuotactile_world_model,test_id,2,20350007,id_007,30,0.025416166873441802,0.02645681525270144,0.025032751220795842,0.02539567866673072,0.025438550611337027,0.02475703861564398,0.08398497740427653,0.08949536482493083,0.08684301376342773,0.0834447701772054,0.08086639245351156,0.07927534580230713,0.00048546232826386887,0.0006825458258390427,0.0005177077371627092,0.00042872183257713914,0.0003866432816721499,0.0004116929640683035,,0.0,1.0,1.0,1.0,0.0,0
visuotactile_world_model,test_id,2,20350008,id_008,30,0.16655858100754106,0.08467380166208992,0.11898592137731612,0.17476023207936023,0.20770134253220426,0.24667160738673474,0.3689676610628764,0.2046119451522827,0.26706496079762776,0.3786349097887675,0.45158773263295493,0.5429387569427491,0.0015452084872716416,0.0017525469864873835,0.0015273752641708901,0.0014202334724056223,0.001416545295311759,0.0016093414179825535,0.23832766126388316,0.6533333333333333,1.0,1.0,1.0,140.1366648231633,588
visuotactile_world_model,test_id,2,20350009,id_009,30,0.1708140112252699,0.13860779919972022,0.15270779064546028,0.16206446223788792,0.1825510654391514,0.2181389386041297,0.4995230531692505,0.5106389125188192,0.5159499843915304,0.49971419970194497,0.48606117169062296,0.48525099754333495,0.004255667575635016,0.0028584112607253093,0.0034690662248370546,0.004213874732765059,0.004986200322552274,0.005750785337295383,0.25695210355102804,0.6266666666666667,1.0,1.0,1.0,144.92098640277982,564
visuotactile_world_model,test_id,2,20350010,id_010,30,0.5236036916656627,0.4754134254737033,0.5173998911761575,0.49728275382270415,0.5482765254254143,0.5796458624303341,0.8957161053021749,0.9258846521377564,0.930856482187907,0.8503317594528198,0.873662821451823,0.8978448112805685,0.0022307607368566096,0.001964871414626638,0.0019369437320468327,0.0021746306990583736,0.0023744297795929015,0.002702928058958302,0.7618384951473561,0.6733333333333333,1.0,1.0,1.0,461.6741280592978,606
visuotactile_world_model,test_id,2,20350011,id_011,30,0.21922642613036766,0.17680489896900123,0.20531484116282728,0.21137140825804737,0.24351555941005548,0.2591254228519069,0.6391956249872843,0.5921221653620402,0.6570611556371053,0.6405577739079793,0.6723198254903158,0.6339172045389811,0.003311597623784716,0.0018477194961936524,0.002557122501699875,0.003288564970716834,0.004038465001697963,0.004826116148615256,0.3222033471457942,0.6466666666666666,1.0,1.0,1.0,187.52234803885221,582
visuotactile_world_model,test_id,2,20350012,id_012,30,0.025568224663535755,0.02777433293975062,0.0261538606757919,0.025021290447976855,0.02429038718756702,0.024601252066592375,0.10216672420501709,0.12366070747375488,0.10869260629018147,0.09712906678517659,0.09150156974792481,0.08984967072804768,0.0005892138338337342,0.0004594021709635854,0.0005563232970113556,0.0006301453337073326,0.0006498510638872783,0.0006503473035991192,,0.0,1.0,1.0,1.0,0.0,0
visuotactile_world_model,test_id,2,20350013,id_013,30,0.174384233949499,0.1515367463334567,0.1452487523460554,0.16577816833224562,0.19193793442100288,0.21741956831473444,0.48613407770792644,0.40395614703496296,0.4131054242451986,0.47428921858469647,0.5525125185648601,0.5868070801099141,0.0021596703852992507,0.0010557013292176029,0.0016435088221138964,0.00215885693517824,0.002684846380725503,0.00325543845926101,0.2571456263066976,0.6066666666666667,1.0,1.0,1.0,140.40151196345687,546
visuotactile_world_model,test_id,2,20350014,id_014,30,0.21202304639957018,0.10098300847328372,0.17854263581749466,0.20117729701515702,0.2584841709687478,0.3209281197231677,0.5829283881187439,0.3161680579185486,0.4632774074872335,0.5701141794522603,0.6998017470041911,0.865280548731486,0.0045167291490361096,0.004243102169129998,0.004463111574295908,0.00456732496774445,0.004622657725121826,0.004687449308888366,0.3330701918442374,0.5933333333333334,1.0,1.0,1.0,177.8594824448228,534
visuotactile_world_model,test_id,2,20350015,id_015,30,0.2527010626345873,0.221686955789725,0.2289120771197809,0.25239882823079823,0.2685542900322212,0.2919531620004111,0.5926115091641744,0.549191419283549,0.5410466273625691,0.577897842725118,0.6303778251012166,0.6645438313484192,0.0025716715756182867,0.0022256010794080793,0.0021571802557446063,0.0024617807241156696,0.002788186721348514,0.0032256090974745653,0.38973661325871944,0.6133333333333333,1.0,1.0,1.0,215.13461051881313,552
visuotactile_world_model,test_id,2,20350016,id_016,30,0.32107127626529997,0.18981111190385289,0.23218939597201016,0.37020522273249096,0.4021580355655816,0.4109926151525643,0.7068062527974447,0.5060944318771362,0.592694894472758,0.7508141994476318,0.8464812596638998,0.8379464785257975,0.002272374296638494,0.0020841404834451775,0.0020336360825846593,0.0021934607124421746,0.002399968538278093,0.0026506656664423644,0.47414506731086037,0.6533333333333333,0.0,1.0,0.0,278.7972995787859,588
visuotactile_world_model,test_id,2,20350017,id_017,30,0.029424164191716246,0.030007342890732817,0.029068212832013766,0.029329690378573206,0.029544625928004584,0.029170948929256865,0.07613656202952067,0.0789822260538737,0.07993980248769124,0.07592940330505371,0.07412707805633545,0.07170430024464926,0.0004905439222541949,0.0004101352843766411,0.00045281905913725496,0.0005174446695794661,0.000526655240294834,0.0005456653578827779,,0.0,1.0,1.0,1.0,0.0,0
visuotactile_world_model,test_id,2,20350018,id_018,30,0.2832968677621749,0.2245391657989886,0.2636418189025588,0.28709827756716144,0.31423912468469806,0.3269659518574675,0.6715997687975566,0.5432936271031698,0.6212327400843303,0.6837003151575725,0.7485813816388448,0.7611907800038655,0.002692109053993287,0.0020055784145370124,0.0024036649459352097,0.00273730815097224,0.0030051168646120156,0.0033088768939099583,0.4442418528740983,0.6133333333333333,1.0,1.0,1.0,245.22150278650224,552
visuotactile_world_model,test_id,2,20350019,id_019,30,0.13564531561401155,0.0691869950439367,0.09905317438145479,0.14733927280952533,0.15660440645491083,0.2060427293802301,0.31864189863204956,0.1975252151489258,0.23271405299504597,0.35045043627421063,0.3440333525339762,0.4684864362080892,0.0023337937441344062,0.0016149484319612384,0.0018836547426568965,0.0022511841845698653,0.0027427652229865393,0.0031764161384974917,0.1837064026282057,0.6466666666666666,1.0,1.0,1.0,106.91712632961571,582
visuotactile_world_model,test_id,2,20350020,id_020,30,0.18726292551184695,0.10129292180968655,0.1279537031116585,0.2085086846103271,0.2243969988077879,0.2741623192197747,0.4445669929186503,0.21501946449279785,0.30232951243718464,0.5329540808995564,0.5117998361587525,0.6607320706049601,0.002344850425530846,0.002201269695069641,0.0022436034865677356,0.0023781836226892967,0.002389888314064592,0.002511307009262964,0.24830795187003835,0.6466666666666666,1.0,1.0,1.0,144.5152279883623,582
visuotactile_world_model,test_id,2,20350021,id_021,30,0.3030146635344459,0.17947994369185633,0.24689380207823383,0.3095009677112103,0.34660922807330885,0.4325893761176202,0.6840626176198323,0.31100546518961586,0.5406165838241577,0.68485107421875,0.8288203040758769,1.0550196607907614,0.0023236038562996935,0.0015663625992601738,0.001842008974441948,0.0023405904105554026,0.00269834550563246,0.0031707117916084824,0.43282823930970904,0.6733333333333333,1.0,1.0,1.0,262.2939130216837,606
visuotactile_world_model,test_id,2,20350022,id_022,30,0.03318970527499914,0.03945296075608995,0.034875200999279814,0.03199172808478276,0.030431534639663166,0.029197101895180013,0.0697935406366984,0.08035909334818522,0.07252386411031088,0.06589061419169108,0.06443977355957031,0.06575435797373454,0.00038687224810322125,0.00046909505035728214,0.0003910180258875092,0.00037192296780024967,0.00035055471040929356,0.0003517704860617717,,0.0,1.0,1.0,1.0,0.0,0
visuotactile_world_model,test_id,2,20350023,id_023,30,0.2637122579705384,0.16064328518178728,0.18668365826209385,0.24370448866652117,0.33216343799399006,0.39536641974829967,0.537238454023997,0.3168955167134603,0.3679487228393555,0.49846073786417644,0.6894842187563578,0.8134030739466349,0.0024932466889731586,0.0023270794772543013,0.0022788623037437597,0.0024442469895196457,0.002603197171508024,0.002812847502840062,0.39109740440839347,0.6466666666666666,1.0,1.0,1.0,227.618689365685,582
visuotactile_world_model,test_id,2,20350024,id_024,30,0.11546397158876061,0.04757059945000543,0.07799146883189678,0.13948957371628948,0.14919699026892583,0.16307122567668558,0.2947449469566345,0.128223450978597,0.1832466761271159,0.33477226495742796,0.41620806852976483,0.4112742741902669,0.0008959490507065008,0.0009127647111502787,0.0008108332054689527,0.0008581882265085975,0.0009171097539365291,0.000980849356468146,0.16047665954814577,0.6533333333333333,1.0,1.0,1.0,94.36027581430972,588
visuotactile_world_model,test_id,2,20350025,id_025,30,0.49123654981040293,0.39815640416410236,0.40616547332869635,0.5135375065522061,0.5683616254892614,0.5699617395177483,1.1133537411689758,0.8027830680211385,0.9960260430971781,1.1583186229070028,1.244869383176168,1.364771588643392,0.004456216829906528,0.0036528793105389925,0.003981783601921052,0.004400139457235734,0.004906849920128783,0.00533943185970808,0.7316090504822581,0.6533333333333333,1.0,0.0,0.0,430.18612168356776,588
visuotactile_world_model,test_id,2,20350026,id_026,30,0.29530346744383373,0.22578539295742908,0.22999961423791118,0.29136181347486045,0.33915742037610874,0.39021309617285926,0.6014652093251546,0.45780733426411946,0.46508761246999103,0.6032510121663411,0.7347645362218221,0.7464155515034994,0.002020475290870915,0.001274819679868718,0.001457864158631613,0.0019762940937653184,0.002457895358869185,0.00293550316321974,0.43564979119707836,0.6533333333333333,1.0,1.0,1.0,256.1620772238821,588
visuotactile_world_model,test_id,2,20350027,id_027,30,0.19716983696497564,0.17480958182778622,0.17899008322921064,0.1945753100535108,0.20413348695470226,0.2333407227596682,0.64560511191686,0.6520839055379232,0.6423933188120524,0.6585565050443013,0.635149343808492,0.6398424863815307,0.003690289046692972,0.0024164004290166,0.002998352551367134,0.003648200840689242,0.004339766007615253,0.005048725404776633,0.2992688752819307,0.62,1.0,1.0,1.0,166.9920324073173,558
visuotactile_world_model,test_id,2,20350028,id_028,30,0.024256824714442096,0.025040605891909866,0.023800946813490657,0.023671210370957853,0.02392884763992495,0.02484251285592715,0.11946890036265055,0.12461389700571696,0.12129011154174804,0.11828483740488688,0.11622812747955322,0.11692752838134765,0.0005106576050942143,0.0005098886205814779,0.0004870688348698119,0.0004937499218309919,0.0005177728521327178,0.0005448077960560719,,0.0,1.0,1.0,1.0,0.0,0
visuotactile_world_model,test_id,2,20350029,id_029,30,0.23282165988244943,0.09584701061248779,0.1509448466098143,0.2403107382564081,0.3167162705005871,0.3602894334329499,0.5472762648264567,0.20609732468922934,0.3798413912455241,0.5830795605977376,0.71358642578125,0.8537766218185425,0.0020651642982071885,0.0013413717077734569,0.0017506909479076663,0.0021082032006233932,0.002355070064853256,0.0027704855698781707,0.3369845878712985,0.6533333333333333,1.0,1.0,1.0,198.14693766832352,588
visuotactile_persistence,test_id,2,20350000,id_000,30,0.06178637057542801,0.0035549152228567336,0.06950282069543998,0.07843865209983455,0.07779135211474365,0.07964411274426514,0.3524983803431193,0.20139716466267904,0.37376031080881755,0.39208083152770995,0.39629146258036296,0.398962132136027,0.005660399938157449,0.0027448275553373,0.004140073891418675,0.005615511967334896,0.007057336434566726,0.008744249842129648,0.09361571299307274,0.66,,,,55.60773351788521,594
visuotactile_persistence,test_id,2,20350001,id_001,30,0.0,0.0,0.0,0.0,0.0,0.0,0.13497915267944335,0.13497915267944335,0.13497915267944335,0.13497915267944335,0.13497915267944335,0.13497915267944335,0.002486287145099292,0.0025019814105083546,0.0024894420135145386,0.002482711135720213,0.0024794521857984366,0.0024778489799549184,,0.0,,,,0.0,0
visuotactile_persistence,test_id,2,20350002,id_002,30,0.22236113448316852,0.15270814574840996,0.1881308673467073,0.20751919703454608,0.23488352317880426,0.328563939107375,0.635737239519755,0.43116602102915447,0.5089346647262574,0.5944964011510213,0.716478435198466,0.9276106754938761,0.005680172990541905,0.003106156635719041,0.003931502361471454,0.0054634509258903565,0.007050602386395137,0.008849152643233538,0.34385742445850803,0.6466666666666666,,,,200.12502103485167,582
visuotactile_persistence,test_id,2,20350003,id_003,30,0.0,0.0,0.0,0.0,0.0,0.0,0.13545977274576823,0.13545977274576823,0.13545977274576823,0.13545977274576823,0.13545977274576823,0.13545977274576823,0.0009528611095932623,0.0009685844493408998,0.0009560213036214312,0.0009492785747473438,0.0009460136954051753,0.0009444075248514612,,0.0,,,,0.0,0
visuotactile_persistence,test_id,2,20350004,id_004,30,0.13795492568415485,0.07915333640606453,0.11927899752950502,0.144269849660082,0.15730753129141198,0.18976491353371078,0.5423137291272482,0.3868526220321655,0.4779203693072001,0.5544058005015056,0.6076408306757609,0.6847490231196086,0.005068173441104591,0.0023189916973933578,0.0036143678550918895,0.004978738342955088,0.0064420788044420385,0.007986690505640581,0.2273982291497058,0.6066666666666667,,,,124.15943311573938,546
visuotactile_persistence,test_id,2,20350005,id_005,30,0.0,0.0,0.0,0.0,0.0,0.0,0.0834747036298116,0.0834747036298116,0.0834747036298116,0.0834747036298116,0.0834747036298116,0.0834747036298116,0.0005513398450178405,0.0005670641548931599,0.0005545002253105243,0.0005477570851022998,0.0005444920117345949,0.0005428857480486234,,0.0,,,,0.0,0
visuotactile_persistence,test_id,2,20350006,id_006,30,0.07068707540579554,0.023660048242244457,0.05529100025693576,0.06748954993155268,0.07807750147249963,0.1289172771257452,0.3047677008310954,0.24210495948791505,0.28999120791753136,0.2983223040898641,0.3070135633150736,0.38640646934509276,0.005106976327175896,0.002502618454551945,0.003724825339547048,0.004944574021889517,0.006419946940150112,0.007942916879740854,0.1127985245837163,0.6266666666666667,,,,63.61836786521599,564
visuotactile_persistence,test_id,2,20350007,id_007,30,0.0,0.0,0.0,0.0,0.0,0.0,0.09399143060048422,0.09399143060048422,0.09399143060048422,0.09399143060048422,0.09399143060048422,0.09399143060048422,0.0008755736728198826,0.0008912968449294567,0.000878733842788885,0.0008719911760029694,0.0008687263238243758,0.0008671201765537262,,0.0,,,,0.0,0
visuotactile_persistence,test_id,2,20350008,id_008,30,0.05015913013213624,0.006602792884223163,0.011553211624009742,0.025264913480107985,0.09849139613927238,0.10888333653306795,0.2912553016344706,0.2105601668357849,0.21077853441238403,0.25187758207321165,0.3844138503074646,0.3986463745435079,0.005686629922905316,0.0025534679317691673,0.00409418684624446,0.005599830670204634,0.0072262133549277985,0.00895945081138052,0.07677417877367793,0.6533333333333333,,,,45.14321711892262,588
visuotactile_persistence,test_id,2,20350009,id_009,30,0.10414012004828288,0.03424902779257132,0.07905896647522846,0.10312672262597415,0.12258320621525248,0.18168267713238795,0.7012393188476562,0.5675607919692993,0.6474762320518493,0.6904221773147583,0.7306949655214946,0.8700424273808797,0.0039979131480989355,0.0021514687919989227,0.0025534605607390403,0.003769010635248075,0.005074814171530306,0.006440811580978334,0.16618104263023864,0.6266666666666667,,,,93.72610804345459,564
visuotactile_persistence,test_id,2,20350010,id_010,30,0.46854422251383465,0.4046309417320622,0.4001696329149935,0.4031899438550075,0.5468377709802654,0.5878928230868445,1.6962670763333638,1.5150065978368124,1.6444178660710653,1.5927292426427206,1.8366594870885213,1.8925221880277,0.006504689970558199,0.00409463398779432,0.005184132159532358,0.006225119323547309,0.007611990910178671,0.009407573471738337,0.6958577562086653,0.6733333333333333,,,,421.6898002624512,606
visuotactile_persistence,test_id,2,20350011,id_011,30,0.0982504125767284,0.03126812330964539,0.060971807636734515,0.07659879858709044,0.1186353113502264,0.20377802199994524,0.7463792220751444,0.6162592490514119,0.679704737663269,0.7012979427973429,0.7695949514706929,0.9650392293930053,0.003863225177434894,0.0014225637210377802,0.0025309663527878002,0.00378996276219065,0.0051013408286962655,0.006471292222461973,0.15193362769597174,0.6466666666666666,,,,88.42537131905556,582
visuotactile_persistence,test_id,2,20350012,id_012,30,0.0,0.0,0.0,0.0,0.0,0.0,0.13372886975606282,0.13372886975606282,0.13372886975606282,0.13372886975606282,0.13372886975606282,0.13372886975606282,0.0003896584773125748,0.0004053826133410136,0.0003928188195762535,0.00038607576473926507,0.0003828107185351352,0.0003812044703712066,,0.0,,,,0.0,0
visuotactile_persistence,test_id,2,20350013,id_013,30,0.12084393468892408,0.07723063178256982,0.099947103832124,0.11897707155440003,0.13611262385319506,0.17195224242233154,0.5657485222816467,0.4473702510197957,0.5171726067860921,0.5589568773905437,0.6050131400426229,0.7002297361691793,0.005229467466318359,0.0022759055563559135,0.0036685448489151896,0.005154487129766494,0.006723589818769445,0.008324809977784753,0.19919329893778695,0.6066666666666667,,,,108.75954122003168,546
visuotactile_persistence,test_id,2,20350014,id_014,30,0.17132245567937693,0.05131183374259207,0.164607800087995,0.18247046805918216,0.21359387818309997,0.2446282983240154,0.497185165087382,0.2973910013834635,0.45853163401285807,0.49721418221791586,0.5721359809239706,0.660653026898702,0.005306844945686559,0.0031661985248016816,0.003603879688307643,0.005046119246010979,0.006560523303536078,0.008157503965776414,0.2887457118191746,0.5933333333333334,,,,154.19021011143923,534
visuotactile_persistence,test_id,2,20350015,id_015,30,0.19372678028212653,0.09493471313164466,0.14224990559741854,0.1947818654951536,0.2321255351209806,0.30454188206543525,0.42294482866923017,0.3629502296447754,0.3674374500910441,0.38650922775268554,0.4462346990903219,0.5515925367673238,0.004834476199854786,0.002323451539268717,0.0032390735888232786,0.004692679356473188,0.006178727055278917,0.007738449459429831,0.31585888089477154,0.6133333333333333,,,,174.35410225391388,552
visuotactile_persistence,test_id,2,20350016,id_016,30,0.261668420256012,0.05521900448948145,0.11329382591777377,0.2909285426967674,0.42291823559337194,0.4259824925826656,0.8728539657592773,0.5205848852793376,0.6446708520253499,0.8269551118214925,1.161348557472229,1.2107104221979776,0.007433073387946933,0.004301153643367191,0.005823386134579778,0.007332423919190963,0.008982901356648653,0.010725501885948082,0.4005128881469572,0.6533333333333333,,,,235.50157823041081,588
visuotactile_persistence,test_id,2,20350017,id_017,30,0.0,0.0,0.0,0.0,0.0,0.0,0.06490111351013184,0.06490111351013184,0.06490111351013184,0.06490111351013184,0.06490111351013184,0.06490111351013184,0.000503899483786275,0.0005196237626175086,0.0005070598563179374,0.0005003167316317558,0.0004970516660250723,0.0004954454023391008,,0.0,,,,0.0,0
visuotactile_persistence,test_id,2,20350018,id_018,30,0.18252226378872163,0.0832721641390688,0.14616831453103157,0.16743116706299285,0.2365406698236863,0.2791990033868286,0.5486239449183146,0.48315710624059044,0.5150918761889139,0.5256463170051575,0.5638910373051961,0.6553333878517151,0.005374673772215222,0.0024989608325995507,0.003803948039421812,0.005280499160289764,0.006846968767543634,0.00844299206122135,0.29759064748161135,0.6133333333333333,,,,164.27003740984946,552
visuotactile_persistence,test_id,2,20350019,id_019,30,0.03743637410716878,0.0034472766591029033,0.005728294690036112,0.00911266047300564,0.08539336200079156,0.08350027671290769,0.3225276549657186,0.2351213773091634,0.23833568890889487,0.24007205168406168,0.44527387619018555,0.4538352807362874,0.004415270474661763,0.002168808279869457,0.003128008459073802,0.004299223675237347,0.005580995767377317,0.006899316191750889,0.05789130016572492,0.6466666666666666,,,,33.6927366964519,582
visuotactile_persistence,test_id,2,20350020,id_020,30,0.06526367964016067,0.012968824555476507,0.02359901037481096,0.03309018620186382,0.13108834317988818,0.12557203388876384,0.2922817508379618,0.17218835751215616,0.1876619776089986,0.19411017497380575,0.46797360976537067,0.4394746343294779,0.00354407025501132,0.0017113556736148895,0.002298941571886341,0.0033947496907785536,0.004519224620889872,0.005796079717886944,0.10092321593839278,0.6466666666666666,,,,58.7373116761446,582
visuotactile_persistence,test_id,2,20350021,id_021,30,0.18022155396019418,0.1665659620323115,0.17880763019331627,0.18843474798939294,0.18429670912317103,0.1830027204627792,0.599630643526713,0.5500010490417481,0.5871176719665527,0.5955953598022461,0.5994828224182129,0.6659563144048055,0.005319833721344669,0.0022977439570240677,0.0037201224671055875,0.0052449094830080865,0.006837133077594141,0.008499259621991466,0.2676557732082092,0.6733333333333333,,,,162.19939856417477,606
visuotactile_persistence,test_id,2,20350022,id_022,30,0.0,0.0,0.0,0.0,0.0,0.0,0.1394323746363322,0.1394323746363322,0.1394323746363322,0.1394323746363322,0.1394323746363322,0.1394323746363322,0.0009355630787710349,0.0009512864790546398,0.0009387232867690425,0.0009319805268508693,0.0009287156397476792,0.0009271094614329438,,0.0,,,,0.0,0
visuotactile_persistence,test_id,2,20350023,id_023,30,0.17795887120585474,0.10505444039073256,0.11331816145943271,0.1459535002708435,0.22141319167696769,0.3040550622312973,0.5841504542032877,0.3700658877690633,0.44014187653859455,0.5246095418930053,0.6655974308649699,0.9203375339508056,0.005628349573041002,0.0031420463346876204,0.004207834525732324,0.005504445954769229,0.006885789113584906,0.00840163193643093,0.2751941307307032,0.6466666666666666,,,,160.16298408526927,582
visuotactile_persistence,test_id,2,20350024,id_024,30,0.06658521133578486,0.01588367811507649,0.02418550370881955,0.07190821247382297,0.11216530705698663,0.10878335532421866,0.2780980396270752,0.17113879521687825,0.15933868885040284,0.24651215076446534,0.42726708253224693,0.38623348077138264,0.003981857689019913,0.0015681265892150502,0.002606734912842512,0.0038681354218473036,0.005233556063224872,0.0066327354579698294,0.10191613979967071,0.6533333333333333,,,,59.92669020220637,588
visuotactile_persistence,test_id,2,20350025,id_025,30,0.18096920356671845,0.07767427636103498,0.09654387455537088,0.2275092427308361,0.3151031166418559,0.18801550754449434,0.9426784372329712,0.7630535284678142,0.7917543570200603,0.8918667793273926,1.0978140751520793,1.1689034461975099,0.0052106802250879505,0.0028795485442969946,0.003694538661511615,0.005042281479109079,0.006471243659810473,0.00796578878071159,0.2769936789286507,0.6533333333333333,,,,162.8722832100466,588
visuotactile_persistence,test_id,2,20350026,id_026,30,0.16578821828174922,0.048129092984729345,0.08670021870897876,0.1634978141221735,0.20613993739502298,0.3244740281978415,0.7148116087913513,0.48450628519058225,0.5568346619606018,0.7102153499921163,0.8102784832318624,1.0122232635815938,0.006804402754302524,0.003848343123293792,0.005277274058122809,0.0066867473283006495,0.008272811746428488,0.009936837515366885,0.2537574769618611,0.6533333333333333,,,,149.2093964535743,588
visuotactile_persistence,test_id,2,20350027,id_027,30,0.09885978431078708,0.031266358637044,0.05955673475853271,0.09849968896143967,0.12247488755318854,0.18250125164373054,0.8069571208953857,0.6822916825612386,0.728132677078247,0.8037590940793355,0.8387304027875264,0.9818717479705811,0.004798074848949909,0.0022198281056868534,0.0033357910229824483,0.00470239738545691,0.006131418189033866,0.007600939541589469,0.15945126501739854,0.62,,,,88.97380587970838,558
visuotactile_persistence,test_id,2,20350028,id_028,30,0.0,0.0,0.0,0.0,0.0,0.0,0.1044902483622233,0.1044902483622233,0.1044902483622233,0.1044902483622233,0.1044902483622233,0.1044902483622233,0.000549115048100551,0.0005648383676695327,0.0005522752413526178,0.0005455325124785304,0.0005422676408973833,0.0005406614781046907,,0.0,,,,0.0,0
visuotactile_persistence,test_id,2,20350029,id_029,30,0.07770070895863077,0.011758392578404811,0.02050893890360991,0.06497953266112341,0.1516574084551798,0.13959927219483587,0.2342314831415812,0.12870167096455892,0.13386663595835369,0.2035916010538737,0.34926029046376544,0.35573721726735436,0.004180770626796099,0.0015841274619257698,0.002775533042343644,0.00409986781111608,0.0054954828694462774,0.006948841949148725,0.1189296565693328,0.6533333333333333,,,,69.93063806276768,588
visuotactile_shuffled_touch,test_id,2,20350000,id_000,30,1.256983870052629,1.3346047557476495,1.2360303199953504,1.2531073222557703,1.2387823733397656,1.2223945789246096,3.478647855917613,3.6724453727404276,3.426209266980489,3.487283182144165,3.4221938927968343,3.3851075649261473,0.05315094172294872,0.05258011629339308,0.05295990475763877,0.053087709745159375,0.053422325453720984,0.05370465236483142,1.8830770659777853,0.66,,,,1118.5477771908045,594
visuotactile_shuffled_touch,test_id,2,20350001,id_001,30,4.056551111094239,4.018024257280761,4.063900803143365,4.070491560279495,4.067915381698144,4.062423553069433,11.85685448884964,11.746953984101614,11.86623679002126,11.889289180437723,11.892980527877807,11.888811961809795,0.05973713554131488,0.058550797678375,0.05894015755038708,0.059743112096718204,0.06043019628462692,0.0610214140964672,,0.0,,,,0.0,0
visuotactile_shuffled_touch,test_id,2,20350002,id_002,30,3.4811059930227284,3.627090914656098,3.4830085846388505,3.4323099220688973,3.437787616956565,3.425332926793231,9.8742426888148,10.14721922079722,9.836544481913249,9.765111804008484,9.814859596888224,9.807478340466817,0.05001547006366309,0.049977994217382124,0.04982934525566331,0.0498609075245137,0.05010585281997919,0.050303250500777115,5.365663360066622,0.6466666666666666,,,,3122.816075558774,582
visuotactile_shuffled_touch,test_id,2,20350003,id_003,30,1.9699909913974503,1.994007811229676,1.9897355999694102,1.9740218358631763,1.9557808856169383,1.936408824308051,5.7128478622436525,5.819285655021668,5.774898544947306,5.7156759142875675,5.656402138868968,5.597977058092753,0.04999322456230099,0.04826051200507209,0.0491723927630422,0.05009081762982533,0.05086488463372613,0.051577515779839204,,0.0,,,,0.0,0
visuotactile_shuffled_touch,test_id,2,20350004,id_004,30,1.9152859146458407,1.962867133319378,1.9155918975257211,1.895063302728037,1.8945880899050584,1.9083191497510092,5.4373668193817135,5.525144664446513,5.423769843578339,5.387003469467163,5.4059685071309405,5.444947612285614,0.04422214070917107,0.043587304399504014,0.043896091954472166,0.04432738919664795,0.044552926575609796,0.044746991419621435,3.126785315187723,0.6066666666666667,,,,1707.2247820924968,546
visuotactile_shuffled_touch,test_id,2,20350005,id_005,30,1.2364317911904719,1.3002081178956562,1.2593906703819004,1.229337342383547,1.2060230844550663,1.1871997408361898,2.8526302854220074,2.9977444211641946,2.907972796758016,2.833186984062195,2.7799694617589314,2.744277763366699,0.044959995803268,0.045223966528040664,0.04477873150802528,0.044854833961774906,0.04493738844369848,0.04500505857480069,,0.0,,,,0.0,0
visuotactile_shuffled_touch,test_id,2,20350006,id_006,30,1.5003426363339856,1.5323944495990873,1.5249735821866326,1.4986701280499497,1.4745646399963233,1.4711103818379343,3.517511139710744,3.6304340759913125,3.588505971431732,3.515007706483205,3.4524325927098594,3.401175351937612,0.0422234296402894,0.04173169281178465,0.041951419032799704,0.042232747587452955,0.04247763843547243,0.042723650333937255,2.3762266193252346,0.6266666666666667,,,,1340.1918132994324,564
visuotactile_shuffled_touch,test_id,2,20350007,id_007,30,1.0019358456341756,0.9882350802835491,0.993076612510615,1.0034189326895608,1.010439760900206,1.0145088417869474,2.781587988535563,2.7957665363947553,2.7700826088587442,2.772926704088847,2.7818450133005777,2.7873190800348917,0.05115030499175191,0.04949151625235875,0.05046647009827818,0.05131070376373827,0.05195727926523735,0.05252555557914699,,0.0,,,,0.0,0
visuotactile_shuffled_touch,test_id,2,20350008,id_008,30,1.3354866114051807,1.2992793720215559,1.303667390284439,1.3496473215520381,1.3555384975340632,1.3693004756338067,3.8518490974108377,3.7561144113540648,3.7983065366744997,3.8818774422009787,3.89206903775533,3.9308780590693155,0.0015206124645192175,0.0017292071405487755,0.0011302354318710665,0.001147097279317677,0.0015108129087214668,0.002085709562137102,2.027503217994964,0.6533333333333333,,,,1192.1718921810389,588
visuotactile_shuffled_touch,test_id,2,20350009,id_009,30,2.0690393583248885,2.060898755811569,2.08307069098163,2.0823498925918504,2.0767018924570744,2.0421755597823195,5.755216933091481,5.745603032906851,5.804748010635376,5.8002657175064085,5.777557444572449,5.647910459836324,0.004642338541064722,0.0037435428210301326,0.0041706071002408866,0.004586905264295638,0.005048788257408887,0.005661849262348066,3.2157343873054,0.6266666666666667,,,,1813.6741944402456,564
visuotactile_shuffled_touch,test_id,2,20350010,id_010,30,1.5879962091479036,1.6380277041345834,1.5503307160817914,1.475218068001171,1.6480905476750598,1.6283140098469124,5.3318671329816185,5.331304748853047,5.182049751281738,5.155546005566915,5.469305944442749,5.521129214763642,0.0025986888476957877,0.0019268445437774062,0.0021853472649430235,0.0023972930231442053,0.002924638990468035,0.0035593204161462684,2.34261946170514,0.6733333333333333,,,,1419.6273937933147,606
visuotactile_shuffled_touch,test_id,2,20350011,id_011,30,2.4424492178712454,2.606499335801022,2.4642985713771646,2.393878437144061,2.3803833399174943,2.367186405116485,6.613803316752116,6.92046799659729,6.644040242830912,6.519224468866984,6.518496322631836,6.466787552833557,0.036776512047702756,0.03626217759447172,0.03643602046746916,0.03671324587970351,0.037073307201111065,0.03739780909575832,3.7601767364358114,0.6466666666666666,,,,2188.422860605642,582
visuotactile_shuffled_touch,test_id,2,20350012,id_012,30,2.3182729367456503,2.3254008357930513,2.333455939559887,2.3253390103682046,2.3113125136432546,2.2958563843638533,6.609568130175273,6.649999757607778,6.654571708043417,6.62334379752477,6.5824367761611935,6.537488611539205,0.059119873352659245,0.05830953135931243,0.058658802885717405,0.059124895499553534,0.05955283271226411,0.05995330430644875,,0.0,,,,0.0,0
visuotactile_shuffled_touch,test_id,2,20350013,id_013,30,1.2342848960496484,1.2034317490541273,1.2076565045449468,1.221538430183298,1.2530040866384904,1.28579370982738,3.23636114358902,3.0975729544957478,3.1428349653879804,3.210097893079122,3.325305143992106,3.4059947609901426,0.0027420832891948523,0.0020339999192704756,0.002460555693445106,0.002770663328313579,0.0030496546843399603,0.003395542820605139,2.0042346297684825,0.6066666666666667,,,,1094.3121078535914,546
visuotactile_shuffled_touch,test_id,2,20350014,id_014,30,0.47650514909583663,0.5365925686433911,0.48394830042703285,0.45990150949607295,0.44994115851198635,0.45214220840069985,0.834817271232605,0.9932995875676472,0.8197604417800903,0.7908608277638753,0.7837090253829956,0.7864564736684163,0.0033236080077282773,0.0025021699839271605,0.0028907446360487182,0.0033260063772710662,0.003740231040865183,0.004158888000529259,0.7616784761028454,0.5933333333333334,,,,406.7363062389195,534
visuotactile_shuffled_touch,test_id,2,20350015,id_015,30,1.5108613237076336,1.572140262255238,1.551077462339567,1.5109955456728736,1.4939346158049174,1.4261587324655718,3.6163614042599996,3.748854080835978,3.702195390065511,3.6476630369822183,3.561318771044413,3.421775742371877,0.002724351309395085,0.0023960548414227864,0.002296638795329879,0.0026531376526691018,0.0029795079530837635,0.0032964173044698936,2.376375355852255,0.6133333333333333,,,,1311.7591964304447,552
visuotactile_shuffled_touch,test_id,2,20350016,id_016,30,4.141275977912462,4.313445144105288,4.142408552465754,4.121597881449594,4.079201721296542,4.049726590245134,11.440003620783488,11.80995196501414,11.42045837243398,11.346098613739013,11.3471271832784,11.276381969451904,0.04874905748680855,0.04833156078044946,0.04851240824015501,0.04864929835118043,0.04906953730775664,0.049182482754501204,6.321397161668762,0.6533333333333333,,,,3716.981531061232,588
visuotactile_shuffled_touch,test_id,2,20350017,id_017,30,3.137433476710899,3.1192747527423004,3.153678294343667,3.1494133634285792,3.1393597301923566,3.1254412428475917,9.126370497544606,9.076925750573476,9.170056621233622,9.159301606814067,9.131863268216451,9.093705240885416,0.058762192310920607,0.056785707299908,0.057956400494246434,0.058922685752622786,0.05969938699078436,0.06044678101704146,,0.0,,,,0.0,0
visuotactile_shuffled_touch,test_id,2,20350018,id_018,30,1.9538179549367891,1.8577042559161783,1.906383139350348,1.9592483893036843,2.0225073060434724,2.0232466840702625,5.425504414240519,5.17845136721929,5.293072136243184,5.458661158879598,5.573840939998627,5.623496468861898,0.0015516221476718783,0.0011849412888598938,0.0012313335008608797,0.0014813239802606403,0.0017584400911194583,0.0021020718772585194,3.127434876025317,0.6133333333333333,,,,1726.344051565975,552
visuotactile_shuffled_touch,test_id,2,20350019,id_019,30,0.3938527913205326,0.3414137373160985,0.36676424286431736,0.40464592202463084,0.4067804297225343,0.44965962467508186,0.4453287069002787,0.2505093971888224,0.3548771023750305,0.49887087345123293,0.4995020310084025,0.6228841304779053,0.0014794541751810659,0.0017082326502228776,0.001560049701947719,0.001435139251407236,0.001371399542161574,0.0013224497301659237,0.5829963135145784,0.6466666666666666,,,,339.3038544654846,582
visuotactile_shuffled_touch,test_id,2,20350020,id_020,30,1.7390456563358505,1.5634371851467423,1.6383921786935793,1.7714613173156977,1.8160975887543624,1.905840011768871,4.4799715407689416,3.965352924664815,4.205581633249919,4.579258298873901,4.687550242741903,4.962114604314168,0.0041244600329082455,0.003004563169088215,0.0034911157252887886,0.004025451415994515,0.004698881495278329,0.005402288358891383,2.6358051387100283,0.6466666666666666,,,,1534.0385907292366,582
visuotactile_shuffled_touch,test_id,2,20350021,id_021,30,2.3771288085790974,2.60436703822472,2.3966111075443526,2.3185281558169257,2.2801398892266054,2.2859978520828816,6.661341493924459,7.3093223969141645,6.708751940727234,6.479903944333395,6.387182255585988,6.4215469320615135,0.04697298078564927,0.046009241242427376,0.04642268384341151,0.0471659685485065,0.04750184517858239,0.04776516511531857,3.513195781455231,0.6733333333333333,,,,2128.99664356187,606
visuotactile_shuffled_touch,test_id,2,20350022,id_022,30,3.884795156829059,3.7874204121530055,3.859160174636377,3.8989708474526803,3.9271240439265966,3.951300305976636,11.087620251178741,10.764798390865327,11.011765591303508,11.130405855178832,11.226887051264445,11.304244367281596,0.044392432298045605,0.0436073278891854,0.0439909233013168,0.04444825075333938,0.044807052166045955,0.0451086073803405,,0.0,,,,0.0,0
visuotactile_shuffled_touch,test_id,2,20350023,id_023,30,2.721235305348204,2.630520608979795,2.6502469115580123,2.7088857678903473,2.7776789092769225,2.838844329035944,7.323354772726694,7.073220324516297,7.154543526967367,7.313402986526489,7.487675034999848,7.587931990623474,0.002032902898111691,0.0020092584231557946,0.0019555910490453242,0.0020113370885762078,0.0020341110997833312,0.002154216829997798,4.191390776641898,0.6466666666666666,,,,2439.3894320055842,582
visuotactile_shuffled_touch,test_id,2,20350024,id_024,30,1.4920890472560293,1.385629586958223,1.4534101989534167,1.5288682700238294,1.5385015931187405,1.5540355872259373,3.901990625858307,3.600000286102295,3.7767003456751507,3.976732003688812,4.0715172529220585,4.085003240903219,0.005256394437359025,0.004521560040302575,0.004823568304224561,0.0051480225753039125,0.0056254535913467405,0.006163367675617338,2.267555856998047,0.6533333333333333,,,,1333.3228439148515,588
visuotactile_shuffled_touch,test_id,2,20350025,id_025,30,1.790853832086755,1.7920317758702569,1.788387376949605,1.7963770473893317,1.8001146100564964,1.7773583501680859,3.702312532265981,3.6812293926874795,3.684472374121348,3.755262605349223,3.678330334027608,3.7122679551442466,0.0023761781219703458,0.0014270089372682075,0.001493514053678761,0.0022641863984366258,0.0030327991660063463,0.0036633820544617873,2.7208191764154503,0.6533333333333333,,,,1599.8416757322848,588
visuotactile_shuffled_touch,test_id,2,20350026,id_026,30,2.010858675738176,1.9899015964319309,1.9656757678008743,2.000900898915198,2.0324613915963305,2.065353723946545,4.226877442995707,4.092312558492025,4.074612808227539,4.214322773615519,4.365097117424011,4.388041957219442,0.0035967352769027154,0.0023047636651123563,0.0030212753491165737,0.003610596995955954,0.004247989936266095,0.004799050438062598,3.061499599810867,0.6533333333333333,,,,1800.1617646887898,588
visuotactile_shuffled_touch,test_id,2,20350027,id_027,30,2.4016306435999772,2.4281620885762902,2.4048014912547337,2.4005037303082646,2.3888795450743703,2.385806362786227,6.700169064203898,6.756413459777832,6.719738292694092,6.713202174504598,6.665132188796997,6.646359205245972,0.04406360305069635,0.04356514904648066,0.0437616097740829,0.04406045948465665,0.04433351290257027,0.04459728404569129,3.854850821467417,0.62,,,,2151.0067583788186,558
visuotactile_shuffled_touch,test_id,2,20350028,id_028,30,1.1079904952541821,1.1557516749741303,1.1229184478728307,1.10050761949064,1.0857656231977872,1.0750091107355224,2.926304010550181,3.0896699825922647,2.971982435385386,2.891892409324646,2.855171545346578,2.8228036801020306,0.0456118505114379,0.04482036903888608,0.045076114544644955,0.04558734743623063,0.04604809115019937,0.04652733038722848,,0.0,,,,0.0,0
visuotactile_shuffled_touch,test_id,2,20350029,id_029,30,0.33973297029526695,0.2461695859829585,0.2693303654073841,0.3422549581569102,0.40619400418880913,0.43471593774027295,0.38016066392262776,0.14927082061767577,0.21536657810211182,0.39927719434102377,0.5103602886199952,0.6265284379323324,0.004075555176629374,0.0031167379619243245,0.003608476009685546,0.00411546672306334,0.004512303225540867,0.005024791962932795,0.5006243487072437,0.6533333333333333,,,,294.3671170398593,588
visuotactile_world_model,test_geometry_ood,2,20351000,geometry_ood_000,30,0.2394723847705043,0.10982979804587861,0.1763400031822837,0.23715478358272876,0.3015527311919464,0.372484607849684,0.6530114459991455,0.33083654244740807,0.5007397413253785,0.6211529850959778,0.8045601884524027,1.0077677726745606,0.002346536728243033,0.00262368125646996,0.002286431034250806,0.002281349846938004,0.0022603989442965635,0.002280822559259832,0.3337684785153463,0.5866666666666667,1.0,1.0,1.0,176.22975665610284,528
visuotactile_world_model,test_geometry_ood,2,20351001,geometry_ood_001,30,0.030271467963854472,0.03091238345950842,0.02774215998748938,0.029550052537686295,0.030699343668917814,0.03245340016567045,0.07654486179351806,0.07838982741038004,0.07752980391184489,0.07512513001759848,0.07612357139587403,0.0755559762318929,0.0005396762175951153,0.0008151258303162952,0.0006805697941066076,0.00046102203389940163,0.00036237165525866054,0.0003792917743946115,,0.0,1.0,1.0,1.0,0.0,0
visuotactile_world_model,test_geometry_ood,2,20351002,geometry_ood_002,30,0.029213967596491176,0.02816395854784383,0.028610145838724243,0.029546943017178112,0.030015975547333557,0.02973281503137615,0.0887035338083903,0.10015707015991211,0.09286498228708903,0.08722864786783854,0.08367589314778646,0.07959107557932536,0.00047684922193487483,0.0004461610301708182,0.0004321867600083351,0.0004969039543842276,0.0004980367530758183,0.0005109576120351752,,0.0,1.0,1.0,1.0,0.0,0
visuotactile_world_model,test_geometry_ood,2,20351003,geometry_ood_003,30,2.5373399692897993,2.468462041579187,2.472533338703215,2.5114508150559334,2.4999619170816407,2.7342917340290214,4.648821846644084,4.566508285204569,4.450652782122294,4.595199847221375,4.682149839401245,4.949598479270935,0.0077788999932818115,0.006857347306019316,0.007461669738404453,0.008136688735491285,0.008231873658951372,0.00820692052754263,3.868322414232,0.6533333333333333,0.0,0.0,0.0,2274.573579568416,588
visuotactile_world_model,test_geometry_ood,2,20351004,geometry_ood_004,30,0.34178478444822963,0.25423943513176506,0.2964233958058887,0.3471885262988508,0.371538345515728,0.43953421948891547,0.9027520779768626,0.6673808634281159,0.7896183371543884,0.8970130642255147,1.0207588394482932,1.1389892856280008,0.0021097483303553115,0.0015862142919407538,0.0018021836915674309,0.0020816215546801686,0.0023278850751618546,0.0027508370384263497,0.49118521388316916,0.5733333333333334,1.0,1.0,1.0,253.4515703637153,516
visuotactile_world_model,test_geometry_ood,2,20351005,geometry_ood_005,30,0.0321633228742414,0.03652497631394201,0.031246871459815237,0.031054460774693225,0.031109997754295668,0.03088030806846089,0.07476300239562989,0.07075000603993734,0.0758010466893514,0.0758842388788859,0.07632506688435872,0.07505465348561605,0.0005850886146072298,0.0005610622776051362,0.0005198745309220006,0.0005913328845053911,0.000621677574235946,0.0006314958057676753,,0.0,1.0,1.0,1.0,0.0,0
visuotactile_world_model,test_geometry_ood,2,20351006,geometry_ood_006,30,0.2629049418390625,0.1036581722398599,0.19749123277142644,0.29820046812916795,0.354287431958235,0.3608874040966233,0.6534621977806091,0.262919549147288,0.4897848924001058,0.7639998277028401,0.8613880316416422,0.8892186880111694,0.001932803822370867,0.002055939934992542,0.0017610561335459352,0.0017126417524802188,0.0018582514797647793,0.0022761298110708593,0.3274304175851835,0.6466666666666666,1.0,1.0,1.0,190.56450303457677,582
visuotactile_world_model,test_geometry_ood,2,20351007,geometry_ood_007,30,0.03257918253127071,0.03810486644506454,0.03179086504711045,0.03137069021662076,0.030753612683879005,0.030875878263678817,0.05822533130645752,0.06415339310963948,0.05558164914449056,0.05381460984547933,0.05699783166249593,0.060579172770182294,0.000621984281266729,0.0005250858336997529,0.0006339923827908933,0.0006343237628849845,0.0006592617952264846,0.00065725763173153,,0.0,1.0,1.0,1.0,0.0,0
visuotactile_world_model,test_geometry_ood,2,20351008,geometry_ood_008,30,0.3149249224085361,0.18466094247479406,0.27099966022910343,0.3396963933896687,0.3743202850326068,0.40494733091650736,0.8149018319447835,0.45981834729512533,0.7339985609054566,0.9292865435282389,0.9331908861796061,1.0182148218154907,0.002336919105340106,0.0025316876475699247,0.00209903661646725,0.002158152936802556,0.0023629340381982424,0.002532784287662556,0.4191728416859105,0.6466666666666666,1.0,1.0,1.0,243.95859386119992,582
visuotactile_world_model,test_geometry_ood,2,20351009,geometry_ood_009,30,1.192741587166157,1.2028195262369183,1.1773396959942248,1.1617818877514865,1.1788996232259605,1.2428672026221952,2.052195855776469,2.097481298446655,2.0313025236129763,1.914716092745463,2.0307977040608725,2.1866816600163776,0.008271558554843067,0.006088753207586705,0.0073192801016072435,0.008498895602921644,0.009449446212965996,0.010001417649133752,1.7748289954724412,0.6666666666666666,0.0,0.0,0.0,1064.8973972834647,600
visuotactile_world_model,test_geometry_ood,2,20351010,geometry_ood_010,30,0.2343828688127299,0.1351894435369306,0.1674625636699299,0.2263119980899824,0.29159956500969,0.35135077375711665,0.5751582916577657,0.348119330406189,0.406005056699117,0.5423700054486592,0.7275530815124511,0.8517439842224122,0.0028238809380369883,0.002990928420331329,0.00272349647905988,0.0027472940545218687,0.0027706857770681383,0.002886999959203725,0.331634927346992,0.64,1.0,1.0,1.0,191.0217181518674,576
visuotactile_world_model,test_geometry_ood,2,20351011,geometry_ood_011,30,2.131156124493314,2.161503737068011,2.017728725220594,2.174326195360886,2.0950114861027234,2.207210478714357,3.852519653638204,4.076075688997904,3.7643098910649617,3.7346036513646443,3.745508082707723,3.9421009540557863,0.008944888638022045,0.005640391636795054,0.007710592274088412,0.009451886177218208,0.010582753783091902,0.011338819318916648,3.1508102200667163,0.6733333333333333,0.0,0.0,0.0,1909.39099336043,606
visuotactile_world_model,test_geometry_ood,2,20351012,geometry_ood_012,30,0.44598850370488236,0.35279379329747623,0.36076982411452463,0.3841195618940724,0.5094939178476731,0.6227654213706653,0.9449440932273865,0.6814051230748495,0.7826902389526367,0.8360673228899638,1.1072443087895711,1.3173134724299114,0.002330859178910032,0.001876940857619047,0.002054364013019949,0.0023456270806491374,0.002569832088192925,0.002807531855069101,0.6196243846494901,0.6333333333333333,1.0,1.0,1.0,353.18589925020933,570
visuotactile_world_model,test_geometry_ood,2,20351013,geometry_ood_013,30,1.5558621779601607,1.5243326927638716,1.5631553128568663,1.5415393111192517,1.5661394623936051,1.5841441106672087,2.3986411905288696,2.3121206680933635,2.4572943210601808,2.4326140165328978,2.389505934715271,2.4016710122426352,0.008888163307371239,0.007749893493019045,0.008786456853461763,0.009262053160152087,0.009307480906136334,0.009334932124086965,2.321247385693714,0.6666666666666666,0.0,0.0,0.0,1392.7484314162284,600
visuotactile_world_model,test_geometry_ood,2,20351014,geometry_ood_014,30,0.359446533727977,0.2655946368351579,0.3824220773867435,0.34038830573360124,0.37310783904459743,0.435719809639785,0.9539930232365926,0.8322307666142782,1.0344350973765055,0.8750959078470866,0.9266332308451335,1.1015701134999594,0.001886980823862056,0.0015005327955198784,0.0014596514015768965,0.001605305322057878,0.0020499934849794953,0.002819421115176131,0.5046859215066991,0.66,1.0,1.0,1.0,299.78343737497926,594
visuotactile_world_model,test_geometry_ood,2,20351015,geometry_ood_015,30,0.6329634623622729,0.615907010042833,0.5998408831345539,0.6392549348995089,0.637198543176055,0.6726159405584137,0.5469670025507609,0.5943107406298319,0.5249158263206481,0.5294423341751099,0.46365387439727784,0.6225122372309367,0.010741251048942408,0.009652343609680732,0.010258794230564187,0.010721420597595474,0.011202431066582601,0.011871265740289043,0.955774015689991,0.6533333333333333,1.0,0.0,0.0,561.9951212257147,588
visuotactile_world_model,test_geometry_ood,2,20351016,geometry_ood_016,30,0.031208564701179664,0.0301615960482094,0.03118426036089659,0.031743050511512494,0.03190013505518437,0.03105378153009547,0.07839878718058269,0.08512508074442546,0.0827781359354655,0.07781782944997152,0.07477116584777832,0.07150172392527263,0.0005073524188871185,0.00047901617363095285,0.00045490789537628494,0.0005243246443569661,0.0005314107208202282,0.0005471026602511604,,0.0,1.0,1.0,1.0,0.0,0
visuotactile_world_model,test_geometry_ood,2,20351017,geometry_ood_017,30,1.437629422640635,1.3101910597748228,1.3735597330249019,1.4347820301229754,1.5018066101810998,1.5678076800993748,2.3050494543711344,2.02718878587087,2.0413824796676634,2.312696584065755,2.435227084159851,2.7087523380915326,0.008712964685788999,0.0056165353123409055,0.0077420164792177575,0.009094942384399474,0.010158776713069528,0.01095255253991733,2.1851743682838825,0.6533333333333333,0.0,0.0,0.0,1284.8825285509229,588
visuotactile_world_model,test_geometry_ood,2,20351018,geometry_ood_018,30,0.3103845718544391,0.23474296118236251,0.24775069968567953,0.2961488472918669,0.3656052237790492,0.4076751273332371,0.6438785330454508,0.49436397552490235,0.5192549626032511,0.5483858346939087,0.7758203268051147,0.8815675656000773,0.0033747306648486603,0.002775053340398396,0.0028158901065277555,0.0033066782634705305,0.0037482137442566453,0.004227817869589975,0.4378308567166742,0.64,1.0,1.0,1.0,252.19057346880436,576
visuotactile_world_model,test_geometry_ood,2,20351019,geometry_ood_019,30,0.027328919424778886,0.028662048714856305,0.025301089944938817,0.026878689808977976,0.027878935593697758,0.027923833061423566,0.09004939874013265,0.0861692746480306,0.090281081199646,0.09083410104115804,0.09193040529886881,0.0910321315129598,0.0004135553144927447,0.00043469831289257856,0.00038421625892321267,0.0003946090990211815,0.0004292551175846408,0.00042499778404211003,,0.0,1.0,1.0,1.0,0.0,0
visuotactile_world_model,test_geometry_ood,2,20351020,geometry_ood_020,30,0.03310079067117638,0.032276701968577175,0.033060815557837485,0.03348428640100691,0.03371661955283748,0.03296552987562285,0.08171470959981282,0.09489545027414957,0.08549586931864421,0.07977673212687174,0.07618281046549479,0.07222268581390381,0.0005447299561152856,0.0004728470230475068,0.0005224593837435047,0.0005750974950691064,0.0005722148343920708,0.0005810310443242391,,0.0,1.0,1.0,1.0,0.0,0
visuotactile_world_model,test_geometry_ood,2,20351021,geometry_ood_021,30,1.2200255148837136,1.212228065667053,1.2182880238319436,1.2056575271714893,1.2034239042136403,1.2605300535344415,2.163962837855021,2.1289066235224405,1.9997753620147705,2.127028449376424,2.214547340075175,2.3495564142862957,0.012020232350720713,0.011237226546897242,0.012076554362041254,0.012381164221248278,0.012310348319200177,0.012095868304216613,1.8521847352037066,0.6533333333333333,0.0,0.0,0.0,1089.0846242997795,588
visuotactile_world_model,test_geometry_ood,2,20351022,geometry_ood_022,30,0.25902350563762916,0.11478616599407461,0.1872916819527745,0.2855794724697868,0.35248668361455204,0.3549735241569579,0.7112647732098897,0.34684933423995973,0.5633444309234619,0.798956322669983,0.9392860492070516,0.9078877290089925,0.0016696384533618888,0.0021321439067833125,0.0016547347729404767,0.001560160017106682,0.0015141180017963051,0.0014870355681826672,0.2460965772463371,0.64,1.0,1.0,1.0,141.75162849389017,576
visuotactile_world_model,test_geometry_ood,2,20351023,geometry_ood_023,30,1.6441874660758509,1.6382247015212974,1.6625033242627978,1.6552409015595912,1.6170267855127654,1.6479416175228025,2.6839568122227986,2.6451168855031333,2.708280404408773,2.683957235018412,2.6582367102305096,2.724192825953166,0.005365315099091579,0.005595892357329528,0.004919361672364175,0.005324729931696008,0.00543470784711341,0.0055518836869547766,2.451549655646086,0.6666666666666666,0.0,0.0,0.0,1470.9297933876514,600
visuotactile_world_model,test_geometry_ood,2,20351024,geometry_ood_024,30,0.4244109191559255,0.3713407314279013,0.407603918771363,0.44393002253232733,0.4179998811230891,0.48118004192494684,0.842405394713084,0.8172323107719421,0.8547184308369954,0.8447473049163818,0.792466410001119,0.9028625170389811,0.002153798312259217,0.0020065095004004737,0.001982648919026057,0.002090159427219381,0.002238962062013646,0.002450711652636528,0.6170737235038619,0.66,1.0,1.0,1.0,366.541791761294,594
visuotactile_world_model,test_geometry_ood,2,20351025,geometry_ood_025,30,0.5176549608425962,0.5254198181546397,0.5103452803360091,0.5114144676261478,0.48890241860515543,0.5521928194910288,0.7725152846177419,0.7454059521357218,0.7661924839019776,0.7622843424479167,0.7685660282770793,0.8201276163260142,0.009571778777365883,0.008423513465095312,0.009304797812364995,0.009704198734834791,0.01005520363493512,0.010371180239599199,0.8342834777666099,0.6066666666666667,1.0,0.0,0.0,455.518778860569,546
visuotactile_world_model,test_geometry_ood,2,20351026,geometry_ood_026,30,0.3054298245058292,0.19669986385852098,0.2047219287397133,0.27287857972292434,0.3898588727538784,0.4629898774541087,0.8655867258707682,0.5414046128590901,0.6215768655141195,0.8167070945103964,1.117739446957906,1.230505609512329,0.002999667969609921,0.00274071831178541,0.00264208658093897,0.0029363121682157117,0.003231909809013208,0.0034473129780963063,0.41991277968433377,0.64,1.0,1.0,1.0,241.86976109817624,576
visuotactile_world_model,test_geometry_ood,2,20351027,geometry_ood_027,30,0.6569662620872259,0.6527427148487833,0.646323601466914,0.609348401075436,0.6702812022426062,0.7061353908023901,0.8712366342544555,0.8332269748051961,0.8204016367594401,0.7861961921056112,0.9575576623280843,0.9588007052739461,0.011475887629203499,0.009672295240064462,0.010917818814050406,0.011732417771903177,0.012291058626336357,0.01276584769366309,0.9997830516066646,0.6466666666666666,1.0,0.0,0.0,581.8737360350788,582
visuotactile_world_model,test_geometry_ood,2,20351028,geometry_ood_028,30,0.41264653687675795,0.2760564253975948,0.3638703822468718,0.3878635157313612,0.4732709284664856,0.5621714325414764,1.0504419620831806,0.7165676514307658,0.9314443031946819,0.9789226055145264,1.1902920802434285,1.4349831700325013,0.0019086742051877081,0.0019740985861668985,0.0014196284969026844,0.0016093584708869457,0.0020177367608994246,0.0025225487110825877,0.604770950426658,0.6666666666666666,1.0,1.0,1.0,362.8625702559948,600
visuotactile_world_model,test_geometry_ood,2,20351029,geometry_ood_029,30,1.3257053206819627,1.2121405507541365,1.270581252189974,1.300228353879518,1.4175475098606614,1.4280289367255237,2.089742088317871,1.8956674814224244,1.935380220413208,2.0415566205978393,2.206607468922933,2.3694986502329507,0.006727700366949042,0.006727084536881496,0.007134593864126752,0.006858873596259704,0.006503270116324226,0.006414679721153031,2.1442157650312437,0.6133333333333333,1.0,0.0,0.0,1183.6071022972465,552
visuotactile_persistence,test_geometry_ood,2,20351000,geometry_ood_000,30,0.11180467843647218,0.02857498046942055,0.07758807407226413,0.1225913540356689,0.15139103047549723,0.17887795312951008,0.24993352929751078,0.2024886687596639,0.17770382364590961,0.23406304518381754,0.28431155284245807,0.3511005560557047,0.007714687223196961,0.0050196482838752365,0.006236984444937358,0.007692705704054485,0.009111027308972553,0.010513070374145173,0.19057615642580486,0.5866666666666667,,,,100.62421059282497,528
visuotactile_persistence,test_geometry_ood,2,20351001,geometry_ood_001,30,0.0,0.0,0.0,0.0,0.0,0.0,0.06990147829055786,0.06990147829055786,0.06990147829055786,0.06990147829055786,0.06990147829055786,0.06990147829055786,0.0010858021889968465,0.0011003656584459046,0.001103708134420837,0.0010899264307226986,0.0010542922323414435,0.0010807184890533486,,0.0,,,,0.0,0
visuotactile_persistence,test_geometry_ood,2,20351002,geometry_ood_002,30,0.0,0.0,0.0,0.0,0.0,0.0,0.09941794872283935,0.09941794872283935,0.09941794872283935,0.09941794872283935,0.09941794872283935,0.09941794872283935,0.0008327460746901731,0.000848470403191944,0.0008359064580872655,0.0008291633101180195,0.0008258982367503146,0.0008242919653033217,,0.0,,,,0.0,0
visuotactile_persistence,test_geometry_ood,2,20351003,geometry_ood_003,30,1.0911292175037994,0.9704472156034576,1.4181713208556175,1.114859584511982,0.8871241323649883,1.0650438341829511,5.0198376735051475,4.747653532028198,4.821617619196574,5.04338309764862,5.133957521120707,5.352576597531637,0.012976959117222577,0.01113245760013039,0.011803669932608804,0.012666519067715853,0.01401222130516544,0.015269927680492401,1.670095741077244,0.6533333333333333,,,,982.0162957534194,588
visuotactile_persistence,test_geometry_ood,2,20351004,geometry_ood_004,30,0.17164644265081733,0.09297266238782968,0.14106497479757915,0.1901125649559415,0.18324357724438112,0.25083843386835525,0.6203564329942067,0.48396318952242534,0.533519983291626,0.610637225707372,0.6905176361401876,0.7831441303094228,0.0058560144218305745,0.003089707038210084,0.004475925090567519,0.0058423197207351524,0.007173085398972034,0.008699034860668083,0.299383330204914,0.5733333333333334,,,,154.4817983857356,516
visuotactile_persistence,test_geometry_ood,2,20351005,geometry_ood_005,30,0.0,0.0,0.0,0.0,0.0,0.0,0.0681583046913147,0.0681583046913147,0.0681583046913147,0.0681583046913147,0.0681583046913147,0.0681583046913147,0.0005120550534532716,0.0005446112093826135,0.0005339534002511451,0.0004958916610727708,0.0004930978602108856,0.0004927211363489429,,0.0,,,,0.0,0
visuotactile_persistence,test_geometry_ood,2,20351006,geometry_ood_006,30,0.03844662455634938,0.014242601296347048,0.02006198529464503,0.025307639833125804,0.031990192137244675,0.10063070422038436,0.32318007389704384,0.27276286284128826,0.27974597613016766,0.2844079971313477,0.32439419825871785,0.4545893351236979,0.004967489277866359,0.0025156062891862046,0.0037197940517216923,0.004885205321867639,0.0061312912672292445,0.007585549459327013,0.059453543128375336,0.6466666666666666,,,,34.601962100714445,582
visuotactile_persistence,test_geometry_ood,2,20351007,geometry_ood_007,30,0.0,0.0,0.0,0.0,0.0,0.0,0.08665698369344076,0.08665698369344076,0.08665698369344076,0.08665698369344076,0.08665698369344076,0.08665698369344076,0.0005532048487414917,0.0005764547502622008,0.0005680314730852843,0.0005389913528536757,0.0005446973955258727,0.0005378492719804247,,0.0,,,,0.0,0
visuotactile_persistence,test_geometry_ood,2,20351008,geometry_ood_008,30,0.11920677584595979,0.0993524484996063,0.10421303232045223,0.10532014487026674,0.14396874139395852,0.1431795121455151,0.37828128337860106,0.3702122211456299,0.3552793343861898,0.3481300433476766,0.4152712186177572,0.40251359939575193,0.00602373163914308,0.0033073025677974027,0.004674486051468799,0.006033384590409696,0.007351599431907137,0.008751885554132362,0.18434037501952544,0.6466666666666666,,,,107.2860982613638,582
visuotactile_persistence,test_geometry_ood,2,20351009,geometry_ood_009,30,0.46296943441861205,0.37476830064422556,0.42941424085034263,0.6177967785133256,0.4571558893968662,0.43571196268830037,2.2638401873906453,2.223276686668396,2.2872337738672894,2.277945939699809,2.268257737159729,2.262486799558004,0.010029372773133219,0.007580555494253834,0.008715482087184985,0.010006528239076336,0.01125208973341311,0.012592208311737825,0.6944541516279181,0.6666666666666666,,,,416.67249097675085,600
visuotactile_persistence,test_geometry_ood,2,20351010,geometry_ood_010,30,0.06815727967354987,0.020987548575633102,0.07306544697946972,0.07758057897703516,0.08000869886535737,0.08914412497025397,0.33261666536331175,0.1973699688911438,0.3432353814442953,0.3511626323064168,0.35670468807220457,0.41461065610249836,0.006535764092113823,0.003909244407744457,0.005088223951558272,0.0065223444175596034,0.007904506868605192,0.00925450081510159,0.10649574948992166,0.64,,,,61.34155170619488,576
visuotactile_persistence,test_geometry_ood,2,20351011,geometry_ood_011,30,0.8210156586600674,0.6028519485973649,0.7114578663888905,0.9793719499061505,0.6880928368618091,1.1233036915461223,4.592067345778148,4.398183437188466,4.482681373755137,4.575992747147878,4.637056720256806,4.86642245054245,0.008546783690496038,0.0061627717455849055,0.007301405215791116,0.008513033859586964,0.009737384311544398,0.011019323319972803,1.219330186128813,0.6733333333333333,,,,738.9140927940607,606
visuotactile_persistence,test_geometry_ood,2,20351012,geometry_ood_012,30,0.2916209636173315,0.23246064046397805,0.22239212361681793,0.2763277223644157,0.36354448957782654,0.363379842063619,1.0099254020055135,0.8762000719706218,0.9352438926696778,1.0168426275253295,1.0937743743260702,1.1275660435358683,0.006883132469374687,0.004104908128889899,0.005238093389198184,0.006793229499210914,0.00829522314015776,0.009984208189416676,0.46045415307999704,0.6333333333333333,,,,262.4588672555983,570
visuotactile_persistence,test_geometry_ood,2,20351013,geometry_ood_013,30,0.9268637577951369,0.844607890330048,0.9444284186853716,0.7001976701948378,0.8685072235426762,1.2765775862227504,2.609601628780365,2.4353487054506937,2.6513424197832745,2.6571510910987852,2.652818024158478,2.651347903410594,0.011441742756093541,0.009600511410584052,0.010301256350552042,0.01141453297265495,0.012437839658620458,0.013454573388056208,1.3902956366927053,0.6666666666666666,,,,834.1773820156232,600
visuotactile_persistence,test_geometry_ood,2,20351014,geometry_ood_014,30,0.14566824798782665,0.019271649647918013,0.09148553653309742,0.19052100779695644,0.21217893088857334,0.21488411507258812,0.8614797774950663,0.6133825103441874,0.7123689730962117,0.9969880819320679,0.9973250945409139,0.9873342275619507,0.005288130873814225,0.0029303942845823865,0.003977586588977526,0.005215928113708894,0.0064547724944228925,0.007861972887379427,0.22070946664822222,0.66,,,,131.101423189044,594
visuotactile_persistence,test_geometry_ood,2,20351015,geometry_ood_015,30,0.5212672125454992,0.49886439027937335,0.38335633378527645,0.544763178906093,0.6333919253821174,0.5459602343746357,0.8782544390360514,0.8031582514444987,0.7966079394022624,0.8628740151723225,0.9623425563176473,0.9662894328435262,0.01171683652792126,0.009411358336607615,0.01053724706871435,0.011695219514270624,0.012868941319175065,0.014071416400838643,0.7978579783859682,0.6533333333333333,,,,469.1404912909493,588
visuotactile_persistence,test_geometry_ood,2,20351016,geometry_ood_016,30,0.0,0.0,0.0,0.0,0.0,0.0,0.08199572563171387,0.08199572563171387,0.08199572563171387,0.08199572563171387,0.08199572563171387,0.08199572563171387,0.0008043827465735376,0.0008201070750753085,0.00080754312997063,0.0008007999820013841,0.0007975349086336792,0.0007959286371866862,,0.0,,,,0.0,0
visuotactile_persistence,test_geometry_ood,2,20351017,geometry_ood_017,30,0.50319330718627,0.3561992766128646,0.4704313173890114,0.45585732029155934,0.651245972887975,0.5822326487499393,2.4213052217165627,2.266279915968577,2.278847801685333,2.4496920386950176,2.4639304439226786,2.6477759083112082,0.00811917971742029,0.005898553439571212,0.006852965689419458,0.008047136598421881,0.009273394220508635,0.010523848639180263,0.770193837530005,0.6533333333333333,,,,452.87397646764293,588
visuotactile_persistence,test_geometry_ood,2,20351018,geometry_ood_018,30,0.19196580494443574,0.13027371405106453,0.17759183533489703,0.18950535819555323,0.2055293659783072,0.2569287511623568,0.8697875261306762,0.7415547649065654,0.807202140490214,0.8873091220855713,0.9246580123901367,0.988213590780894,0.00580638661980629,0.003674888531289374,0.004434514676298325,0.0055869942298159,0.006980005896184594,0.008355529765443256,0.2999465702256809,0.64,,,,172.76922444999218,576
visuotactile_persistence,test_geometry_ood,2,20351019,geometry_ood_019,30,0.0,0.0,0.0,0.0,0.0,0.0,0.06268990437189738,0.06268990437189738,0.06268990437189738,0.06268990437189738,0.06268990437189738,0.06268990437189738,0.0003097054874524474,0.0003376249456778169,0.0003258751860509316,0.000312053068773821,0.0002763918814404557,0.00029658235531921187,,0.0,,,,0.0,0
visuotactile_persistence,test_geometry_ood,2,20351020,geometry_ood_020,30,0.0,0.0,0.0,0.0,0.0,0.0,0.09154663880666097,0.09154663880666097,0.09154663880666097,0.09154663880666097,0.09154663880666097,0.09154663880666097,0.0009314704352679352,0.0009471947637697061,0.0009346308186650276,0.0009278876706957818,0.0009246225973280768,0.0009230163258810838,,0.0,,,,0.0,0
visuotactile_persistence,test_geometry_ood,2,20351021,geometry_ood_021,30,0.5613171217756139,0.48421335947803323,0.612329479229326,0.5798465239504973,0.5107197371208005,0.6194765090994123,2.7536521530151368,2.494595678647359,2.5830758968989054,2.768687033653259,2.874273586273193,3.047628569602966,0.009628363092585156,0.008890437618053209,0.009179179277271032,0.009524147115492572,0.009828672045841813,0.010719379406267156,0.8591588598606336,0.6533333333333333,,,,505.1854095980525,588
visuotactile_persistence,test_geometry_ood,2,20351022,geometry_ood_022,30,0.040900592548358775,0.011443186913513474,0.021618806555246315,0.025895965782304606,0.029567570622182553,0.1159774328685469,0.4423268381754557,0.36899309953053794,0.38449893792470297,0.3962714115778605,0.4024052540461222,0.659465487798055,0.005776755562207351,0.0035397085671623548,0.0044571855144264795,0.005653121318512907,0.006921005256784459,0.008312757154150556,0.06390717585681058,0.64,,,,36.810533293522894,576
visuotactile_persistence,test_geometry_ood,2,20351023,geometry_ood_023,30,0.8472291848560174,0.8817333651085695,0.731478268156449,0.8138680191503631,0.8014639447132746,1.007602327151431,2.7386331391334533,2.724349558353424,2.763651748498281,2.7508102854092917,2.73451962073644,2.7198344826698304,0.00786260983441025,0.0063924246778090795,0.006961993306564788,0.007660761708393693,0.008601825540730109,0.009696043938553582,1.2708437772840262,0.6666666666666666,,,,762.5062663704157,600
visuotactile_persistence,test_geometry_ood,2,20351024,geometry_ood_024,30,0.29715478337887263,0.14075278838475544,0.2431353613630765,0.31709859694043796,0.3801506541358928,0.40463651607020035,1.0575444507598877,0.7306754430135091,0.9823566913604737,1.116147549947103,1.2251393953959147,1.233403174082438,0.007377578836555283,0.004912320551617692,0.00597116508288309,0.007234311026210586,0.008649516322960456,0.010120581199104587,0.4502345202710191,0.66,,,,267.43930504098535,594
visuotactile_persistence,test_geometry_ood,2,20351025,geometry_ood_025,30,0.30039889169054934,0.284289030424164,0.2961209424215162,0.3003886573430565,0.27094250492777466,0.3502533233362354,0.8108379113674163,0.7648611187934875,0.7968668103218078,0.8065199812253316,0.8157836000124613,0.8701580464839935,0.00935363709150503,0.008888812273895989,0.008568444141807656,0.00882896160085996,0.009617047912130753,0.010864919528830796,0.4951630082811253,0.6066666666666667,,,,270.3590025214944,546
visuotactile_persistence,test_geometry_ood,2,20351026,geometry_ood_026,30,0.22098718380762472,0.1490021790895197,0.1774833923826615,0.2124366317772203,0.2536541621718142,0.31235955361690787,0.8737332534790039,0.7168376127878825,0.7644198099772136,0.8331341743469238,0.9443140665690104,1.1099606037139893,0.007371855271824946,0.004708762043931832,0.005857222857108961,0.0072685485278877115,0.008783296844922007,0.01024144608527422,0.3452924746994136,0.64,,,,198.88846542686224,576
visuotactile_persistence,test_geometry_ood,2,20351027,geometry_ood_027,30,0.37013588328328395,0.36677628062251544,0.33105619469036657,0.2702622047522002,0.3969446044829157,0.48564013186842203,0.779145557085673,0.7311308701833089,0.7125891049702963,0.7012000799179077,0.8690186500549316,0.8817890803019206,0.00979381838425373,0.00866998879549404,0.008706486384229113,0.009369434354205926,0.010522909051117798,0.011700273336221775,0.5723750772421917,0.6466666666666666,,,,333.1222949549556,582
visuotactile_persistence,test_geometry_ood,2,20351028,geometry_ood_028,30,0.18965595461014245,0.08786855420718591,0.09261932323376337,0.21534846207747857,0.2739618021166987,0.2784816314155857,0.9789075708389282,0.7522536834081014,0.7954967498779297,1.0782628218332926,1.1347314516703289,1.1337931474049887,0.005593666275187085,0.003806236390179644,0.004268927278462798,0.005432737482866893,0.006573702507497122,0.007886727716928969,0.28448393191521365,0.6666666666666666,,,,170.6903591491282,600
visuotactile_persistence,test_geometry_ood,2,20351029,geometry_ood_029,30,0.5062084457940526,0.3068185016512871,0.4816531567937798,0.5260695904079411,0.6398107093655401,0.5766902707517148,1.6995095324516296,1.6073534528414408,1.632584321498871,1.6645989537239074,1.7534417192141214,1.8395692149798075,0.007421642462722957,0.006590995914302766,0.006715916888788342,0.007107071663873891,0.007897529933446397,0.008796697913203389,0.8253398572729118,0.6133333333333333,,,,455.5876012146473,552
visuotactile_shuffled_touch,test_geometry_ood,2,20351000,geometry_ood_000,30,1.587748421197757,1.6036723560601887,1.5761609158892598,1.5627664313962062,1.5813572577925192,1.6147851448506116,4.14166686296463,4.003394377231598,4.012205068270365,4.069017438093821,4.232166413466135,4.3915510177612305,0.03879105925792828,0.04334985427946473,0.04091367609410857,0.03847398641907299,0.03548558972931157,0.035732189767683546,2.6319662678799816,0.5866666666666667,,,,1389.6781894406304,528
visuotactile_shuffled_touch,test_geometry_ood,2,20351001,geometry_ood_001,30,0.030271467963854472,0.03091238345950842,0.02774215998748938,0.029550052537686295,0.030699343668917814,0.03245340016567045,0.07654486179351806,0.07838982741038004,0.07752980391184489,0.07512513001759848,0.07612357139587403,0.0755559762318929,0.0005396762175951153,0.0008151258303162952,0.0006805697941066076,0.00046102203389940163,0.00036237165525866054,0.0003792917743946115,,0.0,,,,0.0,0
visuotactile_shuffled_touch,test_geometry_ood,2,20351002,geometry_ood_002,30,3.05982345999322,2.798582468833774,3.0184861575460267,3.135102783816142,3.17453254306068,3.1724133467094764,7.9826338529586796,7.236539439360301,7.836075353622436,8.182171754042308,8.317901961008708,8.340480756759643,0.05201323981319244,0.047911662860618286,0.050597362934301296,0.052763693279121074,0.053995241275212415,0.054798238716709115,,0.0,,,,0.0,0
visuotactile_shuffled_touch,test_geometry_ood,2,20351003,geometry_ood_003,30,3.0619165201195413,3.03403693402393,3.002839023888939,3.0419656007033256,3.0514451351637644,3.1792959068177473,5.7417345682779946,5.6140308777491255,5.630038571357727,5.782225871086121,5.782322613398234,5.900054907798767,0.009362906080204993,0.00892617906210944,0.008871263576050599,0.009196967701427639,0.00964923839395245,0.01017088166748484,4.671245706318339,0.6533333333333333,,,,2746.6924753151834,588
visuotactile_shuffled_touch,test_geometry_ood,2,20351004,geometry_ood_004,30,2.106521079674777,2.122323828666574,2.080127913535883,2.0808446797231834,2.0962628269361123,2.153046149512132,5.713218267361323,5.615528994798661,5.582184215386708,5.641718637943268,5.789149026075999,5.9375104626019795,0.03916769005823881,0.04454433354937161,0.04205729910560573,0.039253082192347695,0.035759943739200634,0.034223791704668355,3.569213635789938,0.5733333333333334,,,,1841.714236067608,516
visuotactile_shuffled_touch,test_geometry_ood,2,20351005,geometry_ood_005,30,1.0431729930473699,1.0699728082658515,1.0523680482266677,1.039907151957353,1.0305667065911823,1.0230502501957945,3.0222540044784547,3.1539823134740193,3.0588501691818237,3.001325829823812,2.9635337352752686,2.9335779746373496,0.052680827636892594,0.050952996379540615,0.05186890999708946,0.052781851981611304,0.0535637517614911,0.054236628064730515,,0.0,,,,0.0,0
visuotactile_shuffled_touch,test_geometry_ood,2,20351006,geometry_ood_006,30,1.0456116325573788,1.004176499756674,0.9977254915361603,1.058389025605801,1.0844516202393506,1.0833155256489084,2.666396046479543,2.4265000502268474,2.5174837748209637,2.7180471897125242,2.8064055840174356,2.8635436336199445,0.03696841894435541,0.03828482923757595,0.03753551363479346,0.0369602858874714,0.036310858029173686,0.03575060793276255,1.5378015887990748,0.6466666666666666,,,,895.0005246810615,582
visuotactile_shuffled_touch,test_geometry_ood,2,20351007,geometry_ood_007,30,1.0806149899380075,1.1155275186109874,1.0930380411653056,1.077018594638341,1.0637066790420149,1.0537841162333885,2.949255746205648,3.065583606561025,2.9894410451253255,2.9340379436810813,2.8938870350519816,2.8633291006088255,0.05877069702061514,0.05750665593271454,0.05781905011972412,0.058707939899371314,0.059536333843910445,0.060283505307355274,,0.0,,,,0.0,0
visuotactile_shuffled_touch,test_geometry_ood,2,20351008,geometry_ood_008,30,1.163448042649155,1.165317188239553,1.182256673524777,1.190690217125747,1.159391458870636,1.1195846754850614,2.4260285615921022,2.319474999109904,2.462830662727356,2.5478760798772178,2.4309743801752726,2.3689866860707602,0.007093199649825692,0.006196548591833562,0.006272747425828129,0.006814158921285222,0.007670162753978123,0.008512380556203425,1.7313219966971767,0.6466666666666666,,,,1007.6294020777568,582
visuotactile_shuffled_touch,test_geometry_ood,2,20351009,geometry_ood_009,30,2.1067782603700955,2.220382582437661,2.1545245536706514,2.0402354689935844,2.0447970731183887,2.0739516236301925,4.136888519922892,4.469938389460245,4.31698309580485,3.977294190724691,3.8824108123779295,4.0378161112467446,0.009609561736385027,0.008939161345673104,0.00900741150447478,0.009244062231543164,0.010156348382588476,0.010700825217645616,3.145884005278349,0.6666666666666666,,,,1887.5304031670094,600
visuotactile_shuffled_touch,test_geometry_ood,2,20351010,geometry_ood_010,30,2.022397887172798,1.9623945060082608,1.9884186992007824,2.039821478538215,2.062679821646048,2.0586749304706853,4.978165184656779,4.798880044619242,4.844977108637492,5.0146050453186035,5.119726220766704,5.112637503941854,0.008090705116240618,0.007771784252448318,0.007766207361904283,0.008040674151076625,0.008303211567302545,0.00857164824847132,2.98031603645197,0.64,,,,1716.6620369963348,576
visuotactile_shuffled_touch,test_geometry_ood,2,20351011,geometry_ood_011,30,2.0064909085962506,2.019178649265733,2.0128177710705333,2.116982095150484,1.9282452763989568,1.9552307510955467,2.8654184182484945,3.0499759594599407,3.0966547250747682,2.9034602642059326,2.640328598022461,2.63667254447937,0.012171348850242793,0.011392950740021964,0.012200561239539335,0.012322441104333847,0.012365801085252315,0.012574990082066506,2.9656638598235525,0.6733333333333333,,,,1797.192299053073,606
visuotactile_shuffled_touch,test_geometry_ood,2,20351012,geometry_ood_012,30,1.5567227912777,1.4304225610362158,1.421449982136902,1.500941138010886,1.6468474035358263,1.78395287166867,3.599541963736216,3.232335098584493,3.2547542492548627,3.4748312989870707,3.869826404253642,4.165962767601013,0.004602849404327571,0.0045713890460319815,0.004057760133097569,0.004343974078074098,0.004791164619382471,0.005249959145051737,2.3734153650276233,0.6333333333333333,,,,1352.8467580657452,570
visuotactile_shuffled_touch,test_geometry_ood,2,20351013,geometry_ood_013,30,1.1232938596378599,0.9579024617663688,1.151002449180103,1.1254861910310057,1.190386632685032,1.1916915635267893,1.0895741510391235,0.7142103354136149,1.0543271780014039,1.1590698480606079,1.2304732879002889,1.289790105819702,0.00867479015296946,0.007793295701655249,0.008323955737675229,0.008692210435401648,0.009085667498099307,0.009478821392015864,1.6723949082102627,0.6666666666666666,,,,1003.4369449261576,600
visuotactile_shuffled_touch,test_geometry_ood,2,20351014,geometry_ood_014,30,1.6516322238908874,1.6632880579266283,1.7110380791748563,1.6252013414477309,1.6158036059389511,1.6428300349662701,4.124304712613424,4.195166007677714,4.233862988154093,4.003358467419942,4.0257985909779865,4.163337508837382,0.003973589725792408,0.004434225669441124,0.003912822859516988,0.0038209646319349606,0.003802945123364528,0.0038969903447044394,2.462543027814139,0.66,,,,1462.7505585215986,594
visuotactile_shuffled_touch,test_geometry_ood,2,20351015,geometry_ood_015,30,1.6907077136118378,1.6995757201518347,1.6866115542633149,1.6629189727646816,1.655360810469008,1.7490715104103502,3.631998215516408,3.6943339188893636,3.630913229783376,3.5782360076904296,3.497329250971476,3.7591786702473957,0.0408591956901364,0.04104524334349359,0.04087893176280583,0.040904697279135385,0.04075180244787286,0.04071530361737435,2.5747703186229987,0.6533333333333333,,,,1513.9649473503232,588
visuotactile_shuffled_touch,test_geometry_ood,2,20351016,geometry_ood_016,30,2.0838326061020296,1.9389948949010836,2.0632570769430862,2.129061147549914,2.146255161033736,2.1415947500823274,5.214859911600748,4.74172447125117,5.081647884845734,5.326446231206258,5.441418703397115,5.483062267303467,0.051324312133559334,0.04869654616729046,0.05065513900093113,0.05188870560377836,0.05250051531863088,0.05288065457716584,,0.0,,,,0.0,0
visuotactile_shuffled_touch,test_geometry_ood,2,20351017,geometry_ood_017,30,1.1524185704150134,1.0582315519038175,1.1323240384666455,1.194875675605403,1.1835483920863934,1.1931131940128075,0.827969388961792,0.6283675750096639,0.706388258934021,0.8703941106796265,0.8769467115402222,1.0577502886454264,0.013051002873883893,0.010887615526250253,0.01224418314717089,0.013120227144099772,0.0140812287456356,0.01492175980626295,1.7486271454895637,0.6533333333333333,,,,1028.1927615478635,588
visuotactile_shuffled_touch,test_geometry_ood,2,20351018,geometry_ood_018,30,2.162103089719183,2.3048298056961762,2.1020545386191873,2.0764763166507083,2.1357171543977325,2.19143763323211,5.851144634882609,6.050324630737305,5.63060614267985,5.636525630950928,5.900492588678996,6.037774181365966,0.042692212794693964,0.04429407208226621,0.04327804275089875,0.042512816027738154,0.04194559775933158,0.041430535353235126,3.3311410408803366,0.64,,,,1918.7372395470738,576
visuotactile_shuffled_touch,test_geometry_ood,2,20351019,geometry_ood_019,30,0.027328919424778886,0.028662048714856305,0.025301089944938817,0.026878689808977976,0.027878935593697758,0.027923833061423566,0.09004939874013265,0.0861692746480306,0.090281081199646,0.09083410104115804,0.09193040529886881,0.0910321315129598,0.0004135553144927447,0.00043469831289257856,0.00038421625892321267,0.0003946090990211815,0.0004292551175846408,0.00042499778404211003,,0.0,,,,0.0,0
visuotactile_shuffled_touch,test_geometry_ood,2,20351020,geometry_ood_020,30,3.6489198366635374,3.354408537989689,3.6157050975287954,3.7361183544827834,3.770297935253216,3.768069258063204,9.852813789049785,8.938454341888427,9.694831927617392,10.092913508415222,10.247396969795227,10.290472197532655,0.046694663312130916,0.04404773953525971,0.045571514824405315,0.04707072559588899,0.04806641607234875,0.048716920532751826,,0.0,,,,0.0,0
visuotactile_shuffled_touch,test_geometry_ood,2,20351021,geometry_ood_021,30,3.290036702868011,3.192678723949939,3.2449223538136316,3.2780455383265186,3.329384189057681,3.405152709192286,8.257035272916157,7.999062991142273,8.094733770688375,8.282297277450562,8.389698100090026,8.519384225209555,0.010937901268868396,0.010309884786450615,0.010516004396292071,0.010863694102348139,0.011283610380875568,0.011716312678375591,5.020569206608244,0.6533333333333333,,,,2952.0946934856474,588
visuotactile_shuffled_touch,test_geometry_ood,2,20351022,geometry_ood_022,30,1.2591872856393456,1.186215214865903,1.2599021258557008,1.3006854816546871,1.3023560645679633,1.246777541252474,2.876405104796092,2.5449673771858214,2.8503949721654256,3.0067926168441774,3.05619965394338,2.9236709038416544,0.007676483999239281,0.006793828393953542,0.0070549193187616765,0.007644361267254377,0.008197838366807748,0.008691472649419059,1.8088524834990192,0.64,,,,1041.899030495435,576
visuotactile_shuffled_touch,test_geometry_ood,2,20351023,geometry_ood_023,30,1.7937513431451386,1.7813928267401127,1.841746953357425,1.8356806810531352,1.768400765541527,1.7415354890334938,2.675853435198466,2.576011085510254,2.7947240749994915,2.7332098642985025,2.6365930239359536,2.638729127248128,0.010136822105074923,0.009342571320788313,0.009759896042911958,0.01015918633978193,0.010493117244914174,0.010929339576978236,2.6758954712500174,0.6666666666666666,,,,1605.5372827500105,600
visuotactile_shuffled_touch,test_geometry_ood,2,20351024,geometry_ood_024,30,2.138545106636981,2.2243843368358083,2.1543539747181866,2.121096328128543,2.0784217638480995,2.1144691296542684,5.502900044918061,5.769630602995554,5.524479254086812,5.468020804723104,5.368892542521158,5.383477020263672,0.00431354768302602,0.004499540512915701,0.004072240821551531,0.004191333866522958,0.0042995285281601054,0.004505094685979808,3.214246734838795,0.66,,,,1909.262560494244,594
visuotactile_shuffled_touch,test_geometry_ood,2,20351025,geometry_ood_025,30,2.111438474409903,2.101871027906115,2.1128388169738983,2.1447367295519344,2.078572242013696,2.1191735556038718,5.58954411705335,5.517617297172547,5.559469477335612,5.5965736945470175,5.624021498362223,5.65003861784935,0.011401545059246322,0.011238491104450077,0.011366816974865893,0.011414210839817921,0.011423635490549108,0.011564570886548609,3.458148823094114,0.6066666666666667,,,,1888.1492574093863,546
visuotactile_shuffled_touch,test_geometry_ood,2,20351026,geometry_ood_026,30,2.2611272280808126,2.2054604441134464,2.18398235152579,2.2386880999120575,2.3217095718408625,2.3557956730119054,5.8702061001459755,5.642465686798095,5.66829826037089,5.835226845741272,6.084111324946085,6.120928382873535,0.004080379317359378,0.005030251515563577,0.004196040223663052,0.0037915031774900855,0.0036788795376196505,0.0037052221324605245,3.4756899727702453,0.64,,,,2001.9974243156612,576
visuotactile_shuffled_touch,test_geometry_ood,2,20351027,geometry_ood_027,30,2.4094798554604253,2.3073648450896145,2.3387942785811093,2.40313227445715,2.4930204870593218,2.505087392114931,6.120763646761576,5.829955903689067,5.989868625005086,6.090082359313965,6.3164200703303015,6.377491275469462,0.011231889847355585,0.010513459177066883,0.0109288843232207,0.011249026143923401,0.011584967964639266,0.011883111627927672,3.7098556186786222,0.6466666666666666,,,,2159.135970070958,582
visuotactile_shuffled_touch,test_geometry_ood,2,20351028,geometry_ood_028,30,1.3710127424779865,1.444965163928767,1.3885422568768262,1.3343225105769105,1.3387816966200867,1.3484520843873422,3.230073637167613,3.4266103665033976,3.25341788927714,3.140193255742391,3.15152272383372,3.178623950481415,0.004340742918720934,0.0037753131065983324,0.0035535923302328835,0.0041274958193146935,0.004767477399339744,0.005479835938119019,2.042320258828501,0.6666666666666666,,,,1225.3921552971005,600
visuotactile_shuffled_touch,test_geometry_ood,2,20351029,geometry_ood_029,30,1.5251290911436082,1.4098443899096713,1.5078191315341327,1.5206734204043946,1.5934376211216053,1.5938708927482366,2.1632126498222353,1.91879190603892,2.101241823037465,2.152854498227437,2.2633453845977782,2.3798296372095744,0.010571131532390912,0.008637823727137098,0.009617424504055332,0.010572567221242935,0.011529947840608656,0.012497894368910542,2.469363216870883,0.6133333333333333,,,,1363.0884957127273,552
visuotactile_world_model,test_physics_ood,2,20352000,physics_ood_000,30,0.37996795533845823,0.2651148132358988,0.31126554177867044,0.4239870634343889,0.42543354355212715,0.47403881469120585,0.6788025236129761,0.4701637506484985,0.529800820350647,0.7591278076171875,0.7634177923202514,0.8715024471282959,0.0016480778479793419,0.0012262401112820953,0.0014308168746841451,0.001621084699096779,0.001826531874636809,0.0021357156801968813,0.5659826928686326,0.6533333333333333,1.0,1.0,1.0,332.7978234067559,588
visuotactile_world_model,test_physics_ood,2,20352001,physics_ood_001,30,0.03431517381221056,0.03520223332775964,0.034384046205215985,0.033987838154037796,0.03412000377559,0.03388174759844939,0.09872804323832195,0.09846568902333577,0.09932379722595215,0.09831348260243734,0.09865918954213461,0.09887805779774984,0.0006795714500670632,0.0006963856285437942,0.0006802504416555166,0.00069245178407679,0.0006713395239785313,0.0006574298720806837,,0.0,1.0,1.0,1.0,0.0,0
visuotactile_world_model,test_physics_ood,2,20352002,physics_ood_002,30,0.024333712814582718,0.026648159118162262,0.024440057223869695,0.02409528988516993,0.023191249722407922,0.023293808123303783,0.07587281068166098,0.07524160544077556,0.07704006830851237,0.07595324516296387,0.07557957967122396,0.0755495548248291,0.0004867906573538979,0.000566496680645893,0.0005274497671052814,0.0004792554265198608,0.0004396320281860729,0.00042111938431238136,,0.0,1.0,1.0,1.0,0.0,0
visuotactile_world_model,test_physics_ood,2,20352003,physics_ood_003,30,0.5565635787819823,0.5303659661155607,0.5066436416159074,0.6366012641746137,0.5772800900455978,0.5319269319582317,0.9787025213241577,1.0720590909322103,0.9472726265589396,1.0967073440551758,0.975213106473287,0.8022604386011759,0.003223320023777584,0.0032121437912185987,0.003280215438765784,0.0032149015440760802,0.0031960540586927285,0.00321328528613473,0.835070712504541,0.6533333333333333,1.0,1.0,1.0,491.0215789526701,588
visuotactile_world_model,test_physics_ood,2,20352004,physics_ood_004,30,0.33300086168986226,0.21045827091568045,0.30558311455986564,0.3161845477297902,0.3706388418873151,0.4621395333566599,0.5796382141113281,0.3197521328926086,0.570249613126119,0.4921007474263509,0.6212802688280742,0.894808308283488,0.0023915553252057483,0.0024633364984765647,0.0023332679324084894,0.002365255803063822,0.002411266069005554,0.002384650323074311,0.4478685888049959,0.6533333333333333,1.0,0.0,0.0,263.3467302173376,588
visuotactile_world_model,test_physics_ood,2,20352005,physics_ood_005,30,0.24894645717408923,0.18896732355157533,0.22818565234127972,0.2233129151372446,0.27819646203683485,0.3260699328035116,0.5632021848360698,0.3203372041384379,0.5271315256754557,0.4971779982248942,0.6722534338633219,0.799110762278239,0.003442671693628654,0.0025372233532834796,0.0030664165853522716,0.0034316207515075804,0.0039036866238651175,0.00427441115413482,0.35809089224164686,0.6666666666666666,1.0,1.0,1.0,214.8545353449881,600
visuotactile_world_model,test_physics_ood,2,20352006,physics_ood_006,30,0.2782998726848099,0.16971728249142568,0.2568757246558865,0.2782803021992246,0.3391043290288912,0.3475217250486215,0.39481126228968305,0.2100862979888916,0.3825294812520345,0.4071902791659037,0.4911579370498657,0.4830923159917196,0.0023326082248240707,0.0019102286198176444,0.0022143874045771855,0.00238483181844155,0.0025098771943400304,0.002643716086943944,0.40871924938953885,0.66,1.0,1.0,1.0,242.77923413738608,594
visuotactile_world_model,test_physics_ood,2,20352007,physics_ood_007,30,0.24351753699489764,0.1372103186324239,0.20169079259244932,0.23198181349370214,0.2922759772381849,0.35442878301772807,0.551222542921702,0.3167336662610372,0.5191731850306193,0.47648247083028156,0.6316638231277466,0.8120595693588257,0.001642853506685545,0.001279407359349231,0.0012836018577218056,0.0015485637976477543,0.0018977637693751604,0.002204930749333774,0.3369023894675735,0.6533333333333333,1.0,1.0,1.0,198.0986050069332,588
visuotactile_world_model,test_physics_ood,2,20352008,physics_ood_008,30,0.3926584473459257,0.2617640241980553,0.36258227893461786,0.3929605509257979,0.4421277242195275,0.50385765845163,0.8774938376744589,0.5262704133987427,0.7797899007797241,0.8639872113863627,1.0204580307006836,1.196963632106781,0.002776243622259547,0.00251019774004817,0.0025512794808795055,0.0027203927980735897,0.002904288365971297,0.003195059726325174,0.6422684734847661,0.5933333333333334,1.0,1.0,1.0,342.97136484086514,534
visuotactile_world_model,test_physics_ood,2,20352009,physics_ood_009,30,0.23399298002322516,0.15087848357442352,0.21413791618413394,0.21898566069495345,0.280144451217105,0.3058183884455098,0.47424376805623375,0.3535377264022827,0.5097890297571818,0.44820396900177,0.48455742200215657,0.5751306931177775,0.0018345892596213769,0.0022521361242979765,0.0017633225613584121,0.001700545179968079,0.0016962146231283743,0.001760727809354042,0.34388080313927194,0.66,1.0,1.0,1.0,204.26519706472754,594
visuotactile_world_model,test_physics_ood,2,20352010,physics_ood_010,30,0.24269579645246267,0.2594136556610465,0.2049691256756584,0.21728007164266375,0.2542239526493682,0.27759217663357655,0.5749474795659383,0.6224356571833293,0.4605018456776937,0.5026455322901408,0.6161759853363037,0.6729783773422241,0.0015828168361137311,0.001403830541918675,0.001332922097450743,0.0015113971506555874,0.0017240285873413087,0.001941905803202341,0.3438507159550985,0.6666666666666666,1.0,1.0,1.0,206.31042957305908,600
visuotactile_world_model,test_physics_ood,2,20352011,physics_ood_011,30,0.17080665570373335,0.07632064488199022,0.11129015855905082,0.1622620868186156,0.22218392410626014,0.28197646415275,0.2921687038739522,0.125294295946757,0.1861232082049052,0.3057438770929972,0.3348993301391602,0.5087828079859416,0.0012414584630945076,0.0007216817311321695,0.0008772313827648759,0.0011845374712720514,0.00151907394756563,0.0019047677827378113,0.24052762300992497,0.6533333333333333,1.0,1.0,1.0,141.4302423298359,588
visuotactile_world_model,test_physics_ood,2,20352012,physics_ood_012,30,0.6696131324768066,0.4638785356655717,0.5285164599203401,0.6695758772186107,0.7753690355767806,0.91072575400273,1.4317411017417907,0.9435596625010173,1.0570920308430989,1.4078537146250407,1.6735727469126382,2.0766273538271585,0.005049877283163369,0.004732487750394891,0.0047491765231825415,0.004941457284924885,0.0052375921475080155,0.005588672709806512,0.9797582927193775,0.6733333333333333,0.0,0.0,0.0,593.7335253879428,606
visuotactile_world_model,test_physics_ood,2,20352013,physics_ood_013,30,0.2796471844709271,0.1796438316607641,0.21319122235290705,0.2653787875108214,0.32973625264518586,0.4102858281849573,0.7845414002736409,0.5502284526824951,0.6124876260757446,0.7272909084955851,0.9097052097320557,1.1229948043823241,0.0019081785758802046,0.001232010731473565,0.0012259693001396954,0.0017359050650460025,0.002338811755180359,0.0030081960275614014,0.41982196972196645,0.6,1.0,0.0,0.0,226.7038636498619,540
visuotactile_world_model,test_physics_ood,2,20352014,physics_ood_014,30,0.7136055763893657,0.6888216255853573,0.6981027987268236,0.6965889122957984,0.7339162283059624,0.7505983170328869,1.5465892267227173,1.5593100627263388,1.5371508677800496,1.4832560698191324,1.5335891803105672,1.6196399529774983,0.003508807657441745,0.0037020728651744623,0.0033082793350331487,0.003273125784471631,0.003449502207028369,0.003811058095501115,1.0866876029092627,0.6466666666666666,1.0,0.0,0.0,632.4521848931909,582
visuotactile_world_model,test_physics_ood,2,20352015,physics_ood_015,30,0.3537169722426269,0.26112529316710104,0.2927667810478144,0.3467837212193343,0.3997974886869391,0.46811157709194556,0.677633589108785,0.4997719128926595,0.5249457756678263,0.6636538704236349,0.7666045864423116,0.9331918001174927,0.002285830786374087,0.0020072219582895436,0.002195084758568555,0.0023098062297018866,0.0024247524173309407,0.00249228856797951,0.5550790461961941,0.62,1.0,1.0,1.0,309.7341077774763,558
visuotactile_world_model,test_physics_ood,2,20352016,physics_ood_016,30,0.3612433522236016,0.32097328392167884,0.289790509103073,0.33134543546992873,0.3839978399583035,0.48010969266502396,0.6345104281107584,0.5775611321131389,0.49183870951334635,0.5032248497009277,0.6574806531270345,0.9424467960993449,0.0017755958886118606,0.0018346039733539024,0.0013486871340622506,0.0015860737505136058,0.0018725241728437443,0.0022360904122857997,0.5078770261009534,0.6666666666666666,1.0,1.0,1.0,304.72621566057205,600
visuotactile_world_model,test_physics_ood,2,20352017,physics_ood_017,30,0.27581318325983983,0.15325436807858447,0.2281417701729677,0.2912558699466495,0.3316567819203354,0.37475712618066204,0.5427661935488383,0.24893946250279744,0.41558088064193727,0.5714998483657837,0.6776923497517904,0.8001184264818827,0.0023740026820451023,0.0019013691421908637,0.002144728123676032,0.0023742149506385127,0.002600156298528115,0.0028495448951919872,0.44134375208264426,0.6,1.0,1.0,1.0,238.3256261246279,540
visuotactile_world_model,test_physics_ood,2,20352018,physics_ood_018,30,0.5009840667164988,0.27504281281597087,0.3790439309138391,0.5091189532230298,0.6076074716117646,0.7341071650178896,1.2109323183695475,0.6270199139912923,0.9061540524164836,1.2290741165479024,1.4886279066403707,1.8037856022516887,0.003555771918812146,0.003011990955565125,0.0032619040537004667,0.003550923184957355,0.0038157144755435485,0.0041383269242942335,0.790543155978337,0.62,1.0,1.0,1.0,441.12308103591204,558
visuotactile_world_model,test_physics_ood,2,20352019,physics_ood_019,30,0.4785332408731079,0.5301822798430091,0.4258082494553592,0.4416999168694019,0.48782545030117036,0.5071503078965988,0.9891572252909342,1.1346272627512615,0.8542327245076498,0.8546547333399455,1.005490509668986,1.0967808961868286,0.001628146596097698,0.001968280536433061,0.0016405438305810093,0.0015374823240563273,0.0014318246161565185,0.0015626016732615728,0.7018115059158299,0.6666666666666666,0.0,1.0,0.0,421.08690354949795,600
visuotactile_world_model,test_physics_ood,2,20352020,physics_ood_020,30,0.6408704222035077,0.4261761208789216,0.5388780303920309,0.6286965765472915,0.7428956449652712,0.8677057382340233,1.3379811016718546,0.8300397237141927,1.0762210051218668,1.2939345041910808,1.5908076127370199,1.898902662595113,0.003604542005729551,0.0031734127745342753,0.003212977689690888,0.0035699373576790093,0.0038702285829155395,0.004196153623828043,0.9741034733701203,0.6466666666666666,1.0,0.0,0.0,566.92822150141,582
visuotactile_world_model,test_physics_ood,2,20352021,physics_ood_021,30,0.7223910190309916,0.510320839472115,0.6234201700530119,0.7339016827858157,0.8300719576784306,0.9142404451655844,1.549440067609151,1.0185466170310975,1.2946406364440919,1.5493471503257752,1.8201726078987122,2.0644933263460796,0.005602147831814364,0.004798350510342667,0.005249610644144317,0.005642067043421169,0.005979349875512223,0.006341361085651443,1.1365429173514299,0.6266666666666667,1.0,0.0,0.0,641.0102053862065,564
visuotactile_world_model,test_physics_ood,2,20352022,physics_ood_022,30,0.21426034294068813,0.13033520831829973,0.1743402009829879,0.24138174135651852,0.2401658603714572,0.2850787036741773,0.4025844899813334,0.23747403621673585,0.33651119470596313,0.48954294522603353,0.40545042355855304,0.5439438501993815,0.002206670156059166,0.0022688684558185438,0.00229466431774199,0.002239809319144115,0.002079684456111863,0.002150324231479317,0.3008079677318483,0.66,1.0,1.0,1.0,178.6799328327179,594
visuotactile_world_model,test_physics_ood,2,20352023,physics_ood_023,30,0.334283620832074,0.2690008049675574,0.2849127772160702,0.30309930031912197,0.3763343659746978,0.43807085568292276,0.7323846856753031,0.49337956110636394,0.5703134139378866,0.6835095643997192,0.8929048260052999,1.0218160629272461,0.0030233121337369085,0.0019580158831862112,0.00255052816743652,0.0031056230965380866,0.0035157722110549607,0.003986621310468763,0.502764000101303,0.6466666666666666,0.0,1.0,0.0,292.60864805895835,582
visuotactile_world_model,test_physics_ood,2,20352024,physics_ood_024,30,0.26495742915198206,0.12777816758801538,0.18292398538647425,0.30963824794938166,0.31947069577872755,0.3849760490573115,0.6181858952840169,0.3570587952931722,0.45217023690541586,0.678383739789327,0.7140058437983196,0.8893108606338501,0.002723467613492782,0.0022080687806010245,0.002399938559392467,0.002687429200159386,0.0029863919946365057,0.003335509532674526,0.38713118424132265,0.6533333333333333,1.0,1.0,1.0,227.6331363338977,588
visuotactile_world_model,test_physics_ood,2,20352025,physics_ood_025,30,0.31261532818691595,0.2558028277837568,0.2722157395548291,0.3074337612009711,0.35562929519348674,0.3719950172015362,0.39234278361002606,0.28772741158803306,0.3582736055056254,0.4177684585253398,0.49354785283406577,0.40439658959706626,0.0043926581868436185,0.004373066503709803,0.0042023053547988335,0.0042581530792328215,0.004463430107959235,0.0046663358885174,0.46449529985282695,0.6533333333333333,1.0,0.0,0.0,273.12323631346226,588
visuotactile_world_model,test_physics_ood,2,20352026,physics_ood_026,30,0.03511873100780778,0.03932050069173177,0.03512959244350592,0.034191983400119676,0.03335412345412705,0.033597455049554505,0.06288155555725097,0.06982632478078206,0.06404228210449218,0.06084190209706624,0.05992701053619385,0.05977025826772054,0.0006038475618697702,0.0005405815279421707,0.0006209093534077207,0.0006369736666480701,0.0006126667334077259,0.0006081065279431641,,0.0,1.0,1.0,1.0,0.0,0
visuotactile_world_model,test_physics_ood,2,20352027,physics_ood_027,30,0.35431422446802674,0.1865640605903334,0.27670259821332166,0.3516294542493092,0.42129816851682134,0.5353768407703481,0.7997965010007223,0.4356425205866496,0.5535452127456665,0.7632719437281291,0.9751448273658753,1.2713780005772908,0.0017043064585110794,0.0020307398634031417,0.001607124853762798,0.0015892283845460042,0.0015625724685378374,0.0017318667223056158,0.5113791452464109,0.6733333333333333,1.0,1.0,1.0,309.89576201932505,606
visuotactile_world_model,test_physics_ood,2,20352028,physics_ood_028,30,0.2154133214842942,0.21239483155724076,0.19481243592583472,0.21217992721746365,0.21521893423050642,0.24246047849042549,0.3069452444712321,0.25188828706741334,0.20092631975809733,0.32178255716959636,0.3481734871864319,0.41195557117462156,0.004904992529191077,0.004598990071099251,0.004842537455260754,0.004989223477120201,0.005043640030392756,0.005050571612082421,0.33005481879610743,0.62,1.0,0.0,0.0,184.17058888822794,558
visuotactile_world_model,test_physics_ood,2,20352029,physics_ood_029,30,0.23099171489684117,0.16739204528017176,0.20369141604751348,0.2261255456445118,0.26357155998961795,0.2941780075223909,0.26863070726394656,0.19731659094492596,0.22736457586288453,0.2279917637507121,0.30368177890777587,0.38679882685343425,0.001576329304371029,0.0013904139438333611,0.0013635567661064367,0.0015723103385729094,0.001689387314642469,0.0018659781586999695,0.3615452257827634,0.6066666666666667,1.0,1.0,1.0,197.4036932773888,546
visuotactile_persistence,test_physics_ood,2,20352000,physics_ood_000,30,0.10455819712641339,0.022644629867540466,0.03300423328247335,0.1460981836128566,0.1494788671274566,0.1715650717417399,0.5301637554168701,0.3370912233988444,0.3425218423207601,0.6104467550913493,0.6669813474019368,0.69377760887146,0.00509021060851713,0.0018770075519569218,0.0033837692889695367,0.005001694666376958,0.006711101419447611,0.008477480115834624,0.16003805682614294,0.6533333333333333,,,,94.10237741377205,588
visuotactile_persistence,test_physics_ood,2,20352001,physics_ood_001,30,0.0,0.0,0.0,0.0,0.0,0.0,0.09775059223175049,0.09775059223175049,0.09775059223175049,0.09775059223175049,0.09775059223175049,0.09775059223175049,0.0005084795760922134,0.0005242029981066783,0.0005116397902990381,0.000504897014858822,0.000501632127755632,0.0005000259494408965,,0.0,,,,0.0,0
visuotactile_persistence,test_physics_ood,2,20352002,physics_ood_002,30,0.0,0.0,0.0,0.0,0.0,0.0,0.060413392384847005,0.060413392384847005,0.060413392384847005,0.060413392384847005,0.060413392384847005,0.060413392384847005,0.00042114598055680594,0.00043687033855045835,0.00042430635852118334,0.0004175632105519374,0.00041429812942321104,0.0004126918657372395,,0.0,,,,0.0,0
visuotactile_persistence,test_physics_ood,2,20352003,physics_ood_003,30,0.2061409074233638,0.05551050272252825,0.10196832517782847,0.2763965710997581,0.28492055063446364,0.3119085874822405,1.6408906666437786,1.3154277801513672,1.3757238388061523,1.7270718495051065,1.8690722068150838,1.9171576579411824,0.007985615593691667,0.005553168291226029,0.006484512344468385,0.007898188599695762,0.009281433583237231,0.010710775149830928,0.31552179707657724,0.6533333333333333,,,,185.5268166810274,588
visuotactile_persistence,test_physics_ood,2,20352004,physics_ood_004,30,0.08576691262837913,0.014660908633636104,0.032042689766320916,0.13568267987834082,0.1269198919956883,0.11952839286790953,0.47464539845784504,0.3104697306950887,0.3211702744166056,0.6036091566085815,0.5816474676132202,0.5563303629557291,0.0054547908583966395,0.0029637288690234223,0.004032834980171174,0.005396572364649425,0.006726992095354945,0.00815382598278423,0.1312758866760905,0.6533333333333333,,,,77.19022136554122,588
visuotactile_persistence,test_physics_ood,2,20352005,physics_ood_005,30,0.21495816418176725,0.059235965765805705,0.1957252954857217,0.24026479116744465,0.2846907783713606,0.29487399011850357,0.8191918770472209,0.4674823522567749,0.8348545789718628,0.8649450063705444,0.957597263654073,0.9710801839828491,0.007035790669033304,0.004207513850027074,0.005575589855046322,0.0069132882015158735,0.008433952238798762,0.010048609199778487,0.32243724627265086,0.6666666666666666,,,,193.46234776359051,600
visuotactile_persistence,test_physics_ood,2,20352006,physics_ood_006,30,0.10278112180013624,0.022423059260472656,0.08581940349605348,0.08342749692706598,0.16587499174185924,0.1563606575752298,0.41084089279174807,0.25148574511210126,0.3949816624323527,0.35700843334197996,0.5351094245910645,0.5156191984812418,0.005988354297199597,0.0032390673140374323,0.004518285191928347,0.005856208708913376,0.007379643060266972,0.008948567210851858,0.15572897242444883,0.66,,,,92.50300962012261,594
visuotactile_persistence,test_physics_ood,2,20352007,physics_ood_007,30,0.08099120794071092,0.011647788186868032,0.019057580166392855,0.13415367189380858,0.12210859614941809,0.11798840330706703,0.45017927487691245,0.2860524892807007,0.29424562454223635,0.5827024459838868,0.5551548798878988,0.5327409346898396,0.004434296073547254,0.0018168466941763958,0.003039596260835727,0.004362890679234018,0.005761954692813257,0.007190192040676872,0.12396613460312896,0.6533333333333333,,,,72.89208714663982,588
visuotactile_persistence,test_physics_ood,2,20352008,physics_ood_008,30,0.17400562004910575,0.051415250119235784,0.15399095142881075,0.1880834296345711,0.22254884623818927,0.2539896228247219,0.7102474824587504,0.39321468273798627,0.6718260725339253,0.74921954870224,0.828800110022227,0.9081769982973734,0.006975208056004097,0.004460356244817376,0.005482541903620586,0.006886175593050817,0.008262923714937642,0.009784042823594064,0.293267898959167,0.5933333333333334,,,,156.60505804419518,534
visuotactile_persistence,test_physics_ood,2,20352009,physics_ood_009,30,0.10045412323955033,0.018158660146097343,0.06839933360202445,0.07630345014234384,0.17737538514451848,0.1620337871627675,0.4775490125020345,0.3267250935236613,0.43976797262827555,0.4189930359522502,0.5926487604777019,0.6096101999282837,0.00538560446118936,0.002326710169048359,0.0036454241684017084,0.005201278564830621,0.006955454774045696,0.008799154629620413,0.1522032170296217,0.66,,,,90.4087109155953,594
visuotactile_persistence,test_physics_ood,2,20352010,physics_ood_010,30,0.21031913270552954,0.13207164671685961,0.1757236759695742,0.2152244990898503,0.26001811739471226,0.2685577243566513,1.0091326808929444,0.8815507411956787,0.9273534138997396,0.996953010559082,1.1126888434092204,1.127117395401001,0.00598258263974761,0.002912905040041854,0.004376741475425661,0.005859036549615363,0.00752527560495461,0.00923895452870056,0.3154786990582943,0.6666666666666666,,,,189.28721943497658,600
visuotactile_persistence,test_physics_ood,2,20352011,physics_ood_011,30,0.08375243165426784,0.013587763201859263,0.027713410183787347,0.06999027331670125,0.1582624889910221,0.14920822257796923,0.21068924109141032,0.08716818491617838,0.09420835177103679,0.15366040070851644,0.3713223457336426,0.3470869223276774,0.004526923443966856,0.00202399828704074,0.0032272092532366512,0.0044120737972358865,0.005766881129238755,0.007204454753082246,0.1281924974300018,0.6533333333333333,,,,75.37718848884106,588
visuotactile_persistence,test_physics_ood,2,20352012,physics_ood_012,30,0.19498348116874695,0.1520244437787268,0.18018642432159848,0.18774861676825416,0.19922091315189996,0.2557370078232553,1.012571194966634,0.9972493171691894,1.00301194190979,0.9811606884002686,0.9624423821767171,1.1189916451772055,0.007889959839327882,0.005059980632116397,0.006259301704509805,0.0077404583998334905,0.00933236546892052,0.011057692991259197,0.28957942747833704,0.6733333333333333,,,,175.48513305187225,606
visuotactile_persistence,test_physics_ood,2,20352013,physics_ood_013,30,0.17854401852767396,0.10126311181682265,0.14514436672971998,0.18214887316183498,0.21604718890480903,0.2481165520251832,0.6723958587646485,0.5633462746938069,0.5952860752741496,0.6409024715423584,0.7348700046539307,0.8275744676589966,0.005116970204204942,0.0027494011214002968,0.003832809452433139,0.005039138731081039,0.006270238753252973,0.007693262962857261,0.29757336421278996,0.6,,,,160.68961667490657,540
visuotactile_persistence,test_physics_ood,2,20352014,physics_ood_014,30,0.14833391989684766,0.05471307651864158,0.08644605461094114,0.12028882304827372,0.20128692388534547,0.2789347214210365,1.5419120788574219,1.3887615521748862,1.3709713459014892,1.4430238246917724,1.6167008002599081,1.8901028712590535,0.008538258540987347,0.005815308704040944,0.006929619994480163,0.008488228144900252,0.010000628884881735,0.011457506976633643,0.22938235035595,0.6466666666666666,,,,133.5005279071629,582
visuotactile_persistence,test_physics_ood,2,20352015,physics_ood_015,30,0.2053813461628225,0.06774715301063326,0.149257273806466,0.20232554781768058,0.2547213528719213,0.3528554033074114,0.8973316089312235,0.6219119071960449,0.7473305384318034,0.9004385272661845,0.9956329981486003,1.2213440736134846,0.005466944315121509,0.0025719868407274287,0.003945869030818964,0.00541557223671892,0.006853155258189266,0.008548138209152966,0.33126023574648794,0.62,,,,184.84321154654026,558
visuotactile_persistence,test_physics_ood,2,20352016,physics_ood_016,30,0.19200446320076783,0.16182600843409697,0.18820342520872752,0.2017618385454019,0.20104364355405172,0.20718740026156107,0.701687707901001,0.6757597128550211,0.742927630742391,0.7137088298797607,0.692567237218221,0.683475128809611,0.004187807043393453,0.0020815760362893343,0.0028816807316616178,0.003977943452385565,0.005304256768431515,0.006693578228199233,0.28800669480115176,0.6666666666666666,,,,172.80401688069105,600
visuotactile_persistence,test_physics_ood,2,20352017,physics_ood_017,30,0.14221222609527306,0.05401787691840178,0.09518348867940303,0.17111289526510517,0.18910135762190394,0.20164551199155134,0.47761070330937705,0.3051828225453695,0.3678360144297282,0.529184631506602,0.5715615034103394,0.6142885446548462,0.004849116486342003,0.0019845921352195242,0.003353165982601543,0.004798614070750773,0.006292515488651892,0.007816694754486283,0.2370203768254551,0.6,,,,127.99100348574575,540
visuotactile_persistence,test_physics_ood,2,20352018,physics_ood_018,30,0.12311558850109577,0.04599759735994869,0.07712183362907833,0.12717629654539955,0.14933651321464114,0.21594570175641112,0.501177438100179,0.35298439661661785,0.4145289103190104,0.5071562965710957,0.5422274549802144,0.6889901320139568,0.006442201370373368,0.0032944075103538734,0.00476850257255137,0.006363961950410157,0.008041506551671773,0.009742628266879667,0.19857352984047705,0.62,,,,110.8040296509862,558
visuotactile_persistence,test_physics_ood,2,20352019,physics_ood_019,30,0.30104416081811197,0.19752539059910407,0.25722435805558536,0.30695713590183815,0.3552666261067821,0.38824729342725023,1.5144901752471924,1.4191665967305502,1.4596400101979574,1.4688725789388022,1.5833780606587728,1.6413936297098795,0.006358036168385297,0.003764371523478379,0.004984893979659925,0.006280494167003781,0.007618320104666054,0.009142101067118347,0.451566241227168,0.6666666666666666,,,,270.9397447363008,600
visuotactile_persistence,test_physics_ood,2,20352020,physics_ood_020,30,0.10762543931603431,0.03792730685737398,0.07420652757088343,0.08421219338973364,0.12436880378259553,0.21741236497958502,0.7807522932688395,0.6579996585845947,0.7067335923512776,0.715954335530599,0.8003243207931519,1.0227495590845743,0.008169603527834019,0.0049919056007638575,0.006557727531374743,0.008137513134473313,0.009661700180731713,0.011499171191826463,0.16643109172582626,0.6466666666666666,,,,96.86289538443089,582
visuotactile_persistence,test_physics_ood,2,20352021,physics_ood_021,30,0.1955788417139815,0.11348906225628323,0.18296114416379067,0.21649039938218065,0.2268910905553235,0.23806251221232944,0.8944105164210001,0.7596253951390585,0.8561159173647562,0.9094404578208923,0.9563750902811686,0.9904957214991251,0.006559434966960301,0.004247899225447327,0.0052200093089292444,0.006491702317725867,0.007733547342165063,0.009104016640534004,0.3120938963520981,0.6266666666666667,,,,176.02095754258335,564
visuotactile_persistence,test_physics_ood,2,20352022,physics_ood_022,30,0.09729184120479557,0.02021331377327442,0.06839425868044297,0.07959850538108083,0.1603974206580056,0.15785570753117403,0.37057716369628907,0.23291263580322266,0.33823142051696775,0.3085446357727051,0.5092243989308675,0.4639727274576823,0.007432950153791656,0.004676286402779321,0.005989581951871515,0.007343939350297053,0.00876654296880588,0.010388400095204512,0.14741188061332663,0.66,,,,87.56265708431602,594
visuotactile_persistence,test_physics_ood,2,20352023,physics_ood_023,30,0.13961352608464142,0.04264187003071937,0.08233888316123436,0.11366933580074046,0.1773862753134583,0.28203126611705454,0.7323283449808756,0.521565834681193,0.581533145904541,0.6621360619862874,0.8237233241399129,1.0726833581924438,0.005753222284838557,0.002865731786005199,0.004170549556147307,0.0056692403469545145,0.007231137773487717,0.008829451961598048,0.21589720528552794,0.6466666666666666,,,,125.65217347617727,582
visuotactile_persistence,test_physics_ood,2,20352024,physics_ood_024,30,0.10386359346202678,0.025558739114138813,0.0304206615106927,0.14313529977161024,0.15220990766667658,0.16799335924701558,0.6484329700469971,0.461020557085673,0.46920955181121826,0.7224116961161295,0.7780905326207479,0.8114325126012166,0.00527592511381954,0.0025602052143464484,0.0038152540063795945,0.005189188833658894,0.006629717035684735,0.008185260479028027,0.1589748879520818,0.6533333333333333,,,,93.4772341158241,588
visuotactile_persistence,test_physics_ood,2,20352025,physics_ood_025,30,0.10420736678772502,0.03564509517616696,0.054963375876347226,0.10427593290805817,0.1190390451086892,0.20711338486936356,0.379797690709432,0.2791800022125244,0.2883431434631348,0.4063319206237793,0.35455466906229655,0.5705787181854248,0.007427363450018068,0.005809492610084514,0.006191036889019111,0.007186820443409184,0.008378983948690195,0.009570483358887334,0.15950107161386484,0.6533333333333333,,,,93.78663010895252,588
visuotactile_persistence,test_physics_ood,2,20352026,physics_ood_026,30,0.0,0.0,0.0,0.0,0.0,0.0,0.07719635168711345,0.07719635168711345,0.07719635168711345,0.07719635168711345,0.07719635168711345,0.07719635168711345,0.0007808557890045146,0.0007965801671768228,0.0007840161716255049,0.0007772730158952375,0.0007740079270054897,0.0007724016633195182,,0.0,,,,0.0,0
visuotactile_persistence,test_physics_ood,2,20352027,physics_ood_027,30,0.17173430707619344,0.14123927020377272,0.17033384434568385,0.16711709345755582,0.16566680808076248,0.21431451929319237,0.7237553262710571,0.7184293905893961,0.7136211077372233,0.6974951108296712,0.6849074999491374,0.8043235222498576,0.006042138757766225,0.0038175201664368314,0.00467952108689739,0.005975527921691537,0.007247137266676873,0.008490987347128491,0.2550509511032576,0.6733333333333333,,,,154.5608763685741,606
visuotactile_persistence,test_physics_ood,2,20352028,physics_ood_028,30,0.12021934177312586,0.028092479664418434,0.13698985878792075,0.16069352428118389,0.13344508132172955,0.1418757648103767,0.40857380708058677,0.29179035822550453,0.40144633849461875,0.45085685650507606,0.44363584121068317,0.4551396409670512,0.007372911383426981,0.0053226670327906804,0.005844183562051815,0.0072102289392205424,0.008569993783991474,0.009917483599080394,0.193902164150203,0.62,,,,108.19740759581327,558
visuotactile_persistence,test_physics_ood,2,20352029,physics_ood_029,30,0.08794028277612395,0.025451181477142704,0.03872325269298421,0.10809204909536574,0.1184881325190266,0.14894679809610048,0.28871382077534996,0.21634016831715902,0.22473007043202717,0.3087174971898397,0.314503272374471,0.37927809556325276,0.00583985607062156,0.0030533519806340338,0.00439872540300712,0.005731283764665325,0.007226754981093109,0.008789164223708212,0.14495651007053398,0.6066666666666667,,,,79.14625449851155,546
visuotactile_shuffled_touch,test_physics_ood,2,20352000,physics_ood_000,30,2.7474177043760815,2.886250935474204,2.8113296714921794,2.788169241282675,2.660065087241431,2.591273586389919,6.903722357749939,7.3403162082036335,7.098212504386902,6.970679402351379,6.654744640986125,6.454659032821655,0.04936762071253421,0.04915305098014263,0.049182414744670194,0.04934067140178134,0.049506200663745406,0.04965576577233151,4.189630267926219,0.6533333333333333,,,,2463.502597540617,588
visuotactile_shuffled_touch,test_physics_ood,2,20352001,physics_ood_001,30,0.03431517381221056,0.03520223332775964,0.034384046205215985,0.033987838154037796,0.03412000377559,0.03388174759844939,0.09872804323832195,0.09846568902333577,0.09932379722595215,0.09831348260243734,0.09865918954213461,0.09887805779774984,0.0006795714500670632,0.0006963856285437942,0.0006802504416555166,0.00069245178407679,0.0006713395239785313,0.0006574298720806837,,0.0,,,,0.0,0
visuotactile_shuffled_touch,test_physics_ood,2,20352002,physics_ood_002,30,4.040247567614747,3.822199538184537,3.9933051779866218,4.088428331063025,4.13587095056557,4.1614338402739826,11.07634384473165,10.348524165153503,10.929126691818237,11.23404507637024,11.391648721694946,11.478374568621318,0.04723717280197889,0.048008800239767876,0.04753192355080197,0.04726177950312073,0.046877778162403655,0.0465055825538002,,0.0,,,,0.0,0
visuotactile_shuffled_touch,test_physics_ood,2,20352003,physics_ood_003,30,3.3432368481035035,3.232003340476917,3.257702752078573,3.425772661363913,3.405549443140626,3.3951560434574883,8.853449478149415,8.607290768623352,8.67320388952891,8.998944568634034,9.025371654828389,8.962436509132385,0.0011775260616559535,0.0013078149194673946,0.001169790249938766,0.001135202528287967,0.0011205351484629015,0.0011542874621227384,5.10038694105789,0.6533333333333333,,,,2999.027521342039,588
visuotactile_shuffled_touch,test_physics_ood,2,20352004,physics_ood_004,30,3.300580535632455,3.1520212722735272,3.2565004598452814,3.2900450074217384,3.3551730630298455,3.4491628755918806,8.746612000465394,8.253869187831878,8.636737004915874,8.687019220987956,8.91462347904841,9.240811109542847,0.0026654762658290566,0.0025198968748251596,0.0024776787768738965,0.002618259098380804,0.002795846857285748,0.002915699721779674,4.990082375451821,0.6533333333333333,,,,2934.168436765671,588
visuotactile_shuffled_touch,test_physics_ood,2,20352005,physics_ood_005,30,2.956650158655312,2.942295503906078,2.9753563684514828,2.9502016378566625,2.963310800327195,2.952086482735144,7.63110143105189,7.560149212678273,7.6899265130360925,7.590466499328613,7.6558586120605465,7.659106318155924,0.003318948798502485,0.0031030471281458935,0.0031668382386366525,0.003261476312763989,0.003465531001954029,0.003597851311011861,4.419646444463481,0.6666666666666666,,,,2651.787866678089,600
visuotactile_shuffled_touch,test_physics_ood,2,20352006,physics_ood_006,30,0.35409655588782496,0.2669331598199076,0.3374729458449615,0.3527348769000835,0.4058923267862863,0.40744947008788585,0.3301959013938904,0.17765246232350668,0.3356173515319824,0.32745156685511273,0.4071658452351888,0.4030922810236613,0.0016837479104287922,0.0017076795687898994,0.0015743972733616828,0.0016675070490843305,0.001669328452165549,0.0017998272087424994,0.5235627087880466,0.66,,,,310.99624902009964,594
visuotactile_shuffled_touch,test_physics_ood,2,20352007,physics_ood_007,30,2.1134775083532764,2.0346178388636975,2.0858978613900643,2.1149135474529532,2.147981882612738,2.183976411446929,5.542371138731639,5.295308673381806,5.521148467063904,5.50059400399526,5.626629042625427,5.768175506591797,0.002345681090373546,0.0016281985910609365,0.0019197630695998668,0.002412933805802216,0.0027595206707095106,0.003007989314695199,3.199086019097745,0.6533333333333333,,,,1881.062579229474,588
visuotactile_shuffled_touch,test_physics_ood,2,20352008,physics_ood_008,30,2.1847961160830325,2.0790035210549833,2.1139381456085378,2.1747216031162275,2.246627325233486,2.3096899854019286,5.671091929276784,5.39232919216156,5.471547655264536,5.645470841725667,5.8245092312494915,6.021602725982666,0.0022392762972352404,0.001944045132646958,0.0019847197865601627,0.0022314505108321707,0.002420494272761668,0.0026156717833752435,3.435249324748467,0.5933333333333334,,,,1834.4231394156814,534
visuotactile_shuffled_touch,test_physics_ood,2,20352009,physics_ood_009,30,3.140866285715666,3.0791261915531423,3.1331814592911136,3.1374244731437,3.1740442460506326,3.1805550585397415,8.674167723655701,8.484223206837973,8.674575448036194,8.697062110900879,8.724944790204367,8.790033062299093,0.0025027707820603003,0.002512569655664265,0.002372921428953608,0.002446121869919201,0.002491007341692845,0.0026912336140715826,4.748234296612667,0.66,,,,2820.4511721879244,594
visuotactile_shuffled_touch,test_physics_ood,2,20352010,physics_ood_010,30,3.1805974270361994,3.168820686534875,3.135373222683039,3.1627822587887446,3.207214829698205,3.228796137476133,8.889188984235128,8.89929834206899,8.769358078638712,8.823415764172871,8.945481061935425,9.00839167435964,0.0017154856747947634,0.0016671502671670169,0.0016327551779492448,0.0016617366578429936,0.0017078808198372523,0.001907905451177309,4.750703161830703,0.6666666666666666,,,,2850.421897098422,600
visuotactile_shuffled_touch,test_physics_ood,2,20352011,physics_ood_011,30,1.408615892595715,1.4141985065717664,1.472113937118815,1.4530455304516687,1.3768299627842175,1.3268915260521075,2.958352427482605,3.043910050392151,3.1699098269144694,3.119598110516866,2.779653286933899,2.67869086265564,0.0050847975277186685,0.0036872063763439657,0.0042850751779042184,0.00507204489937673,0.00585367094220904,0.006525990242759387,2.085459188349089,0.6533333333333333,,,,1226.2500027492642,588
visuotactile_shuffled_touch,test_physics_ood,2,20352012,physics_ood_012,30,1.70193916372127,1.8171410336469611,1.6953575559374359,1.6263268983819419,1.6484660251686971,1.7224043054713143,3.9358089073499043,4.365225187937418,3.9258632103602094,3.711490035057068,3.721724096934001,3.9547420064608256,0.0020467783440835776,0.00195913299297293,0.00206768848390008,0.0018510805287708838,0.0020446865120902656,0.002311303202683727,2.51291576486462,0.6733333333333333,,,,1522.8269535079598,606
visuotactile_shuffled_touch,test_physics_ood,2,20352013,physics_ood_013,30,1.0004823742206725,1.0266630049587953,1.0053172977434264,0.9974339198321104,0.9918538073284758,0.9811438412405551,2.362563910484314,2.4213711818059287,2.375188930829366,2.3668086369832357,2.345218714078267,2.3042320887247723,0.006157096175011248,0.00514254115599518,0.005591016045461098,0.0061326514308651285,0.006681270012632012,0.007238002230102817,1.393140733021277,0.6,,,,752.2959958314896,540
visuotactile_shuffled_touch,test_physics_ood,2,20352014,physics_ood_014,30,1.2184357338812617,1.1625693725628985,1.1438015205992593,1.1752021360935436,1.2800888383140168,1.33051680183659,2.7345292663574217,2.5210959831873576,2.4899060249328615,2.61883962949117,2.910092075665792,3.1327126185099283,0.00236219678268147,0.002359702216926962,0.002260796232925107,0.002286830125376582,0.0024088513649379215,0.0024948039732407778,1.8673527949070399,0.6466666666666666,,,,1086.7993266358972,582
visuotactile_shuffled_touch,test_physics_ood,2,20352015,physics_ood_015,30,1.7836760311739313,1.673352060880926,1.7515923227287,1.7896095098099776,1.8308636437066728,1.8729626187433799,4.044840672810873,3.6752648909886676,3.927300810813904,4.059328174591064,4.249398509661357,4.312910977999369,0.0023337843580520713,0.002400067182801043,0.002266816661479728,0.002237934481430178,0.002337964589241892,0.0024261388753075153,2.748992342702163,0.62,,,,1533.937727227807,558
visuotactile_shuffled_touch,test_physics_ood,2,20352016,physics_ood_016,30,0.8549159710647332,1.0076363334639205,0.7931160979800754,0.7814277519678904,0.8130890660194887,0.8793106058922907,1.8992953411738078,2.274358073870341,1.7271140178044637,1.6762881358464559,1.792675518989563,2.026040959358215,0.00338718289276585,0.002723220382661869,0.0029923942949001987,0.003507674268136422,0.0037373289504709344,0.003975296567659825,1.2483859543626508,0.6666666666666666,,,,749.0315726175904,600
visuotactile_shuffled_touch,test_physics_ood,2,20352017,physics_ood_017,30,0.6279799981456664,0.5779540507329834,0.602492358804577,0.6157983142675625,0.6589173897273011,0.684737877195908,1.3214604194959005,1.192715871334076,1.274694275856018,1.2500552813212076,1.3810612161954243,1.5087754527727764,0.0025383926609841485,0.0019279543892480433,0.0021800256217829883,0.002454393469573309,0.002837438163502763,0.0032921516608136396,1.0282884435590218,0.6,,,,555.2757595218718,540
visuotactile_shuffled_touch,test_physics_ood,2,20352018,physics_ood_018,30,1.8416799008680715,1.7997535308202108,1.8265837436127994,1.8508762736701303,1.8708453288922706,1.860340627344946,4.935878845850627,4.870717144012451,4.942542640368144,4.944993082682291,4.997809632619222,4.923331729571024,0.0012255243999728313,0.0015363183823258926,0.0012863849367325505,0.001170003495644778,0.001026241361008336,0.0011086738241525987,2.82113446694495,0.62,,,,1574.1930325552821,558
visuotactile_shuffled_touch,test_physics_ood,2,20352019,physics_ood_019,30,2.282121806734552,2.2193464485514496,2.1607306779051823,2.252576791184644,2.354891942731208,2.4230631733002763,6.19435975074768,6.0212169488271075,5.921158774693807,6.07397563457489,6.360961167017619,6.594486228624979,0.005392990605517601,0.004443169249376903,0.0049183373882745705,0.005447729808899264,0.005855838539234052,0.006299878041803216,3.407194354707996,0.6666666666666666,,,,2044.3166128247976,600
visuotactile_shuffled_touch,test_physics_ood,2,20352020,physics_ood_020,30,0.9784740782570508,0.8655597511678934,0.8886515931743715,0.9432814499984185,1.043935273980929,1.1509423229636417,2.1186736154556276,1.805100401242574,1.8602320830027261,2.0218154509862263,2.3124335606892905,2.59378658135732,0.004138997948418061,0.003586788836400956,0.003666365786921233,0.003986078015683839,0.0044672481754484275,0.004988508927635848,1.4961709827312695,0.6466666666666666,,,,870.7715119495988,582
visuotactile_shuffled_touch,test_physics_ood,2,20352021,physics_ood_021,30,1.4905699519730276,1.4424886309231322,1.4626511094263859,1.4940587718453673,1.5177415224206117,1.5359097252496414,3.2609449632962546,3.1248225847880047,3.1618697245915732,3.264014208316803,3.34636332988739,3.4076549688975017,0.0026966032773877184,0.003121605511599531,0.0029592402551012736,0.0026927612372674046,0.0024608281596253316,0.002248581223345051,2.346539840498503,0.6266666666666667,,,,1323.4484700411558,564
visuotactile_shuffled_touch,test_physics_ood,2,20352022,physics_ood_022,30,2.8572804854768847,2.6874791387675536,2.790350821158952,2.900027348742717,2.920328846118516,2.988216272596684,8.323572426637014,7.873469090461731,8.153073561191558,8.44710234006246,8.451513942082723,8.692703199386596,0.0024727235222235322,0.0016875430786361296,0.0021899602531145015,0.002634617309862127,0.002803075247599433,0.00304842172190547,4.30538394127154,0.66,,,,2557.3980611152947,594
visuotactile_shuffled_touch,test_physics_ood,2,20352023,physics_ood_023,30,1.602329285380741,1.5003781722651588,1.5171613935588135,1.5729846465711792,1.6689247132175498,1.7521975012910036,3.9687252275149025,3.6640359719594318,3.7419248978296915,3.8957021792729694,4.173449949423472,4.3685131390889484,0.002160067744165038,0.001858775298266361,0.0018476814516664793,0.002071804165219267,0.002344625082332641,0.0026774527233404417,2.463659357650788,0.6466666666666666,,,,1433.8497461527586,582
visuotactile_shuffled_touch,test_physics_ood,2,20352024,physics_ood_024,30,1.4636175302519567,1.4260480608584152,1.438277894548244,1.5069640246012972,1.4648377917706967,1.4819598794811302,3.873880221048991,3.798384745915731,3.8328258991241455,3.9600319226582843,3.8721959273020428,3.905962610244751,0.004246758984712263,0.00469278081242616,0.004258563090115785,0.0040940193148950735,0.004057359121118983,0.004131072585005313,2.2218150124555693,0.6533333333333333,,,,1306.4272273238748,588
visuotactile_shuffled_touch,test_physics_ood,2,20352025,physics_ood_025,30,1.5502041544392704,1.6546621651699145,1.5430568647881349,1.5370198194765383,1.5230297265781296,1.4932521961836351,2.9946833006540934,3.308679445584615,2.9981145660082498,2.970003815491994,2.9394651373227436,2.7571535388628643,0.0398008039186243,0.039864664934187506,0.03978574535770652,0.03984208220111517,0.0397982682993946,0.039713258800717695,2.3587639114635737,0.6533333333333333,,,,1386.9531799405813,588
visuotactile_shuffled_touch,test_physics_ood,2,20352026,physics_ood_026,30,2.2696309430483317,2.4247345107711022,2.3298178761783572,2.257253714257644,2.1960804863108527,2.1402681277237003,6.157096935113271,6.616325529416402,6.3403331955273945,6.114390699068705,5.937185335159302,5.777249916394552,0.05834170770443355,0.05844362151886647,0.05825757395165662,0.05828982168653359,0.05833205379312858,0.05838546757198249,,0.0,,,,0.0,0
visuotactile_shuffled_touch,test_physics_ood,2,20352027,physics_ood_027,30,1.5279141310726603,1.615629476019078,1.4783431037018697,1.4620550951403049,1.5016800281902154,1.5818629523118337,3.818262410958608,4.1232832908630375,3.6383742888768515,3.6028348048528036,3.7516880075136823,3.9751316626866657,0.004630935201033329,0.00449373215281715,0.004645364324096591,0.004539192793890834,0.0046567054523620754,0.0048196812819999955,2.254349303570124,0.6733333333333333,,,,1366.1356779634953,606
visuotactile_shuffled_touch,test_physics_ood,2,20352028,physics_ood_028,30,0.4084004526875085,0.4325795762861768,0.4082792964039577,0.3985227953849567,0.3916421913645334,0.41097840399791796,0.3111024530728658,0.32021756172180177,0.2533678372701009,0.28992159366607667,0.31310559511184693,0.37889967759450277,0.002882327844466393,0.0029490303713828325,0.0027748656924813987,0.002855923754395917,0.0028951290800857048,0.002936690323986113,0.6413243852529047,0.62,,,,357.85900697112083,558
visuotactile_shuffled_touch,test_physics_ood,2,20352029,physics_ood_029,30,1.209883385023309,1.2918455985685189,1.258305633482006,1.208157869738837,1.1700120195953383,1.1210958037318455,3.2538365491231285,3.558806379636129,3.4406652053197226,3.2306841532389323,3.110215489069621,2.928811518351237,0.0011766801125486382,0.00179526184219867,0.0012277388557170828,0.000893639245380958,0.0009298616088926793,0.0010368990105538009,1.8780902308094634,0.6066666666666667,,,,1025.437266021967,546
visuotactile_world_model,test_combined_ood,2,20353000,combined_ood_000,30,0.031205750819709565,0.029875976302557523,0.03106624163273308,0.031696396900547874,0.032126860610312884,0.03126327865239647,0.07125125249226888,0.08173218568166098,0.07393805980682373,0.06943875948588053,0.06687314510345459,0.06427411238352458,0.0006564752470391492,0.0005282284071048101,0.0006219220890974005,0.0006957659148611129,0.0007070522677774231,0.0007294075563549996,,0.0,1.0,1.0,1.0,0.0,0
visuotactile_world_model,test_combined_ood,2,20353001,combined_ood_001,30,0.023485522938685284,0.026316437994440396,0.023717550250391167,0.02257420379254553,0.022231205521772306,0.022588217134277024,0.11262043158213297,0.13240219751993815,0.12027169068654378,0.10873738924662273,0.1029488484064738,0.09874203205108642,0.0006456321136405071,0.0006761708374445637,0.0007338322970705728,0.000663194964484622,0.000555178817982475,0.0005997836512203018,,0.0,1.0,1.0,1.0,0.0,0
visuotactile_world_model,test_combined_ood,2,20353002,combined_ood_002,30,0.27333156663717495,0.15251158999486103,0.20875835756046904,0.26413179404205744,0.3441809762062298,0.3970751153822574,0.6431864396731058,0.3413859208424886,0.49117927948633827,0.6232467095057169,0.8415625015894572,0.9185577869415283,0.0024726684515674908,0.0017780663872448107,0.0018629535023743907,0.0024117113479102652,0.0028823885135352612,0.003428222506772727,0.36199272958199596,0.64,1.0,1.0,1.0,208.50781223922968,576
visuotactile_world_model,test_combined_ood,2,20353003,combined_ood_003,30,0.5078040510416031,0.46350611476227643,0.44480387238371705,0.5144260740166323,0.5217840886674822,0.5945001053779075,0.4332992188135783,0.3665239969889323,0.31556090513865154,0.4511958758036296,0.43917891184488933,0.5940364042917887,0.009346576230600477,0.006743402670448025,0.008449364077144613,0.009727666437781106,0.010576018392263601,0.011236429575365036,0.7629183774028404,0.6533333333333333,0.0,0.0,0.0,448.59600591287017,588
visuotactile_world_model,test_combined_ood,2,20353004,combined_ood_004,30,0.19452022455632687,0.13521988389806616,0.12591105064170227,0.17099188357177708,0.23799060311996276,0.30248770155012605,0.4209634399414062,0.2673596620559692,0.23732264836629233,0.35203530788421633,0.5476915836334229,0.7004079977671306,0.0027364738801649463,0.003030495368875563,0.0026074791559949516,0.002582030964549631,0.002666619115431483,0.0027957447959731023,0.22441041073516796,0.6333333333333333,1.0,1.0,1.0,127.91393411904573,570
visuotactile_world_model,test_combined_ood,2,20353005,combined_ood_005,30,0.029995269117256005,0.035250529336432614,0.029837457608017655,0.028699794597923756,0.028065400467150742,0.028123163576755258,0.06710436820983887,0.06331623395284017,0.06757329305013021,0.06746613184611003,0.06859938303629558,0.06856679916381836,0.0005801885148199896,0.0007862038522337874,0.0006229129872129609,0.0005205946198354165,0.000460859335726127,0.0005103717790916562,,0.0,1.0,1.0,1.0,0.0,0
visuotactile_world_model,test_combined_ood,2,20353006,combined_ood_006,30,0.03809514354086584,0.043823859716455145,0.03929889818860425,0.03714444030904108,0.03558568658514155,0.034622832905087206,0.07055758476257325,0.07411854267120362,0.0722224235534668,0.06984339555104574,0.06866000493367513,0.06794355710347494,0.0007955558318644762,0.0007655346028817197,0.000811277605437984,0.0008266670241331061,0.0007961035783713063,0.000778196348498265,,0.0,1.0,1.0,1.0,0.0,0
visuotactile_world_model,test_combined_ood,2,20353007,combined_ood_007,30,0.031024669773048824,0.032553813585804565,0.030154276804791557,0.030266712709433503,0.030679417608512772,0.03146912815670173,0.07303830941518148,0.07110010782877604,0.07555168469746908,0.07280038197835287,0.07354638576507569,0.07219298680623372,0.0006841953638164947,0.0009421396108033757,0.000765283964574337,0.0005918959815365573,0.0005417972531480094,0.0005798600090201944,,0.0,1.0,1.0,1.0,0.0,0
visuotactile_world_model,test_combined_ood,2,20353008,combined_ood_008,30,0.19400191926914784,0.10739427954993314,0.16497197996618018,0.20480355479651027,0.22903603876216544,0.2638037432709502,0.45729276180267336,0.28447916110356647,0.39539066950480145,0.46947622299194336,0.5243628938992818,0.6127548615137736,0.0019008115391867856,0.0020064704352989794,0.0018108213281569383,0.001846629633413007,0.001839677170695116,0.0020004591283698876,0.24425740418705905,0.58,1.0,1.0,1.0,127.50236498564482,522
visuotactile_world_model,test_combined_ood,2,20353009,combined_ood_009,30,2.330276414565742,2.261620363717278,2.2630873407340713,2.2782486126033796,2.4330323869155515,2.41539336885843,4.540966644287109,4.479317331314087,4.3636852661768595,4.3592711925506595,4.71988890171051,4.782670529683431,0.009691964174465587,0.007184447328715275,0.008767096081282944,0.010085858800448478,0.010925000354958078,0.011497418306923161,3.587563595052847,0.6466666666666666,0.0,0.0,0.0,2087.962012320757,582
visuotactile_world_model,test_combined_ood,2,20353010,combined_ood_010,30,0.02883825642367204,0.030060228063828416,0.02830197811126709,0.028291498600608773,0.02892578827838103,0.028611789064274893,0.09989943027496338,0.11430903275807698,0.10164676507314047,0.0970598300298055,0.09466275374094645,0.09181876977284749,0.0005419130258572598,0.0005000272882170975,0.0005256921906645099,0.0005662864539772272,0.0005587859506097933,0.0005587732458176713,,0.0,1.0,1.0,1.0,0.0,0
visuotactile_world_model,test_combined_ood,2,20353011,combined_ood_011,30,0.8661048875004053,0.756654175143275,0.82886325661093,0.8866604917579227,0.9000520798688133,0.9582944341210855,1.5257195099194845,1.3755768855412802,1.458277444044749,1.4657143513361612,1.613825543721517,1.715203324953715,0.008803594135679304,0.008838892669882626,0.009033711739660551,0.008817824744619429,0.008655828736179198,0.00867171278805472,1.396425176675067,0.6133333333333333,1.0,0.0,0.0,770.826697524637,552
visuotactile_world_model,test_combined_ood,2,20353012,combined_ood_012,30,0.19955031181375185,0.16930761736714178,0.13362886088175907,0.16062353547248576,0.22621151405490106,0.30798003129247165,0.4936350480715434,0.42729078928629555,0.32973347504933676,0.3833263913790385,0.5885000467300415,0.7393245379130046,0.0035546847789858778,0.003773627783327053,0.003547946266674747,0.0035638705594465137,0.0034945726627483966,0.003393406622732679,0.2806288365843809,0.64,1.0,1.0,1.0,161.64220987260342,576
visuotactile_world_model,test_combined_ood,2,20353013,combined_ood_013,30,0.3030515641532838,0.2729070203689237,0.2420478286842505,0.2598306604454087,0.3339781512351086,0.40649416003272765,0.38582799275716145,0.2794293721516927,0.2541992584864298,0.2830305735270182,0.46783900260925293,0.6446417570114136,0.011182877745013683,0.009898910652069996,0.01079849008237943,0.01130655633751303,0.011755774954023461,0.012154656699082503,0.45289211821041464,0.6466666666666666,0.0,0.0,0.0,263.5832127984613,582
visuotactile_world_model,test_combined_ood,2,20353014,combined_ood_014,30,0.3751060246758991,0.22857134783019623,0.27015889570530915,0.3476703730308347,0.465514012819363,0.5636154939937923,0.7347032260894776,0.32809157371520997,0.4389225482940674,0.67237335840861,1.0007561286290487,1.2333725214004516,0.006046461003716103,0.005673588362211982,0.005701662533101626,0.006067036870323742,0.006302876366923253,0.006487140886019915,0.5508938562642369,0.64,1.0,0.0,0.0,317.31486120820045,576
visuotactile_world_model,test_combined_ood,2,20353015,combined_ood_015,30,0.03083379356397523,0.02943949999494685,0.02944852691143751,0.030746442162328295,0.03151648462646538,0.03301801412469811,0.09260396798451742,0.10062634944915771,0.09765778382619222,0.09118770758310954,0.08844192028045654,0.08510607878367106,0.0007189962469662229,0.0009156046745677789,0.0008423363654098163,0.0006701767929674436,0.0006101572381642957,0.00055670616372178,,0.0,1.0,1.0,1.0,0.0,0
visuotactile_world_model,test_combined_ood,2,20353016,combined_ood_016,30,0.2828238854412403,0.17043591875375974,0.1987395639013913,0.26030749208811255,0.3522389044985175,0.4323975479644206,0.7543881718317668,0.4253575881322225,0.5194509347279866,0.717705488204956,0.9486492236455282,1.1607776244481405,0.002908434708757947,0.002902210259344429,0.0024893606780096887,0.0027736857999116184,0.0030561202748989064,0.003320796531625092,0.41406426920245093,0.6466666666666666,1.0,1.0,1.0,240.98540467582643,582
visuotactile_world_model,test_combined_ood,2,20353017,combined_ood_017,30,1.1435621006083156,0.9848263343175252,1.0313850292935967,1.1645848095210063,1.2281023600449166,1.308911969864534,2.0360724393526715,1.7384130040804544,1.8510581652323406,2.0275110244750976,2.1971712986628216,2.3662087043126423,0.007687758918230732,0.007090770736491929,0.007742944778874517,0.007831104608097423,0.007820201383826013,0.00795377308386378,1.8295477603872616,0.62,1.0,0.0,0.0,1020.887650296092,558
visuotactile_world_model,test_combined_ood,2,20353018,combined_ood_018,30,0.03203850092573298,0.03147756219324138,0.032201588112447,0.03238798928343588,0.032425926335983804,0.031699438703556855,0.08099137783050538,0.08861604531606039,0.0852035125096639,0.08030381202697753,0.07724049091339111,0.07359302838643392,0.0005192698809939126,0.00047471959066266816,0.00048563987171898286,0.0005341408696646492,0.000546217387697349,0.0005556316852259139,,0.0,1.0,1.0,1.0,0.0,0
visuotactile_world_model,test_combined_ood,2,20353019,combined_ood_019,30,0.028726768917921516,0.030565281936691866,0.027172974766128594,0.027568364774601326,0.028404917981889512,0.029922305130296284,0.09529812971750895,0.10807849566141764,0.10265430609385172,0.09261329174041748,0.08808378378550212,0.0850607713063558,0.0008817600280356904,0.0010298565534564356,0.0010367763810791076,0.0009033204910034935,0.0007633987658967575,0.0006754479487426579,,0.0,1.0,1.0,1.0,0.0,0
visuotactile_world_model,test_combined_ood,2,20353020,combined_ood_020,30,0.028463914402657085,0.02761480321900712,0.027238676676319705,0.0287236747228437,0.029638470854196283,0.029103946540918614,0.0913861115773519,0.10749905109405518,0.09505298932393393,0.08844512303670247,0.08488878409067789,0.08104461034138997,0.0005087071408828099,0.0005395360834275683,0.0004661741433665156,0.0004943387932144106,0.0005117863727112611,0.0005317003116942943,,0.0,1.0,1.0,1.0,0.0,0
visuotactile_world_model,test_combined_ood,2,20353021,combined_ood_021,30,1.079678789228201,1.004357481478817,1.0805260105679433,1.076874014072948,1.1007356102474861,1.1359008297738102,2.130822836558024,2.032660460472107,2.1216433604558307,2.122576665878296,2.1389907360076905,2.2382429599761964,0.008216166944475845,0.007820484401114906,0.00797326237273713,0.00815483023567746,0.00840557471771414,0.008726682995135586,1.6044807393103837,0.6666666666666666,0.0,0.0,0.0,962.6884435862303,600
visuotactile_world_model,test_combined_ood,2,20353022,combined_ood_022,30,0.3831386194233265,0.28723423675530485,0.3775161258358922,0.35060151792648764,0.4086234233652552,0.49171779323369263,0.8300703954696655,0.681932004292806,0.7901095549265543,0.7304436286290487,0.854126516977946,1.0937402725219727,0.004518507564983641,0.0036725126944171884,0.003953990439185873,0.004540495275675008,0.005001060350332409,0.0054244790653077265,0.5363967536857684,0.66,1.0,0.0,0.0,318.61967168934643,594
visuotactile_world_model,test_combined_ood,2,20353023,combined_ood_023,30,0.7686122456813852,0.6480492759495974,0.6926110461147295,0.7581792218403683,0.8232915670921405,0.9209301174100902,1.52319535891215,1.192081383864085,1.3487892389297484,1.5001589059829712,1.661937908331553,1.9130093574523925,0.010325815053656697,0.010715454483094316,0.010369436019876352,0.010270707386856278,0.010093330669527252,0.01018014670892929,1.2511940274196558,0.6066666666666667,1.0,0.0,0.0,683.151938971132,546
visuotactile_world_model,test_combined_ood,2,20353024,combined_ood_024,30,0.048006741361071664,0.05088231426974137,0.047687415923509335,0.04766371153915922,0.04715875919080443,0.046641505882143976,0.18271710713704428,0.18336579004923503,0.18205325603485106,0.18020387490590414,0.18218852678934733,0.1857740879058838,0.0006413704459555447,0.0005796303002474208,0.0005532967547575633,0.0006399479229003191,0.0006910733451756338,0.0007429039066967865,,0.0,1.0,1.0,1.0,0.0,0
visuotactile_world_model,test_combined_ood,2,20353025,combined_ood_025,30,0.02723085774315728,0.02755082222736544,0.026176595460209583,0.026725926974581347,0.027444867479304472,0.02825607657432556,0.07626316706339518,0.07496010462443034,0.07823597590128581,0.07670323848724366,0.07626612186431884,0.07515039443969726,0.0006973442458547652,0.0008859300656088938,0.0007301176277299722,0.0006679028524861981,0.0005773399219227334,0.0006254307615260283,,0.0,1.0,1.0,1.0,0.0,0
visuotactile_world_model,test_combined_ood,2,20353026,combined_ood_026,30,0.04395047126130925,0.04477781399877535,0.04291644957330492,0.04379964579517643,0.04374533948592014,0.044513107453369435,0.12838243961334228,0.14620338280995687,0.13018221060434979,0.12235379219055176,0.12060481707255045,0.12256799538930258,0.0016634298193578918,0.0013769000807466606,0.0016346036068474253,0.001747275264157603,0.001774192745021234,0.0017841774000165362,,0.0,1.0,1.0,1.0,0.0,0
visuotactile_world_model,test_combined_ood,2,20353027,combined_ood_027,30,0.4664600901709249,0.4226590032223612,0.4099369512456987,0.4709318431818651,0.4653477078717616,0.5634249453329377,0.48566216945648194,0.4266946792602539,0.36122922897338866,0.49671297073364257,0.4873773654301961,0.6562966028849284,0.007571004106042286,0.00690248457637305,0.007409594615455717,0.007640111411456018,0.0078587597507673,0.008044070176159343,0.6972045948757429,0.6533333333333333,0.0,0.0,0.0,409.9563017869368,588
visuotactile_world_model,test_combined_ood,2,20353028,combined_ood_028,30,0.38426692309064997,0.2199821291077468,0.3389307049413522,0.42251514084637165,0.451939152719246,0.48796748783853316,0.954374934832255,0.48044255971908567,0.8337286392847697,1.084528390566508,1.1055240551630656,1.2676510294278462,0.0030658307539609573,0.0032217659715873498,0.0029756632711117467,0.0029811150821236272,0.0029894948277312022,0.00316111461725086,0.5154079309955905,0.6466666666666666,1.0,1.0,1.0,299.96741583943367,582
visuotactile_world_model,test_combined_ood,2,20353029,combined_ood_029,30,0.026842181198298933,0.034199686037997404,0.026929249345428414,0.02509218104597595,0.024022339553468757,0.02396745000862413,0.07445026874542236,0.07553492387135824,0.07240258057912191,0.07268301645914714,0.07468994458516438,0.07694087823232015,0.0007616547611542046,0.0006830442231148482,0.0007669552326357613,0.0007852574868593365,0.0007787764790312697,0.0007942403841298074,,0.0,1.0,1.0,1.0,0.0,0
visuotactile_persistence,test_combined_ood,2,20353000,combined_ood_000,30,0.0,0.0,0.0,0.0,0.0,0.0,0.09436426957448324,0.09436426957448324,0.09436426957448324,0.09436426957448324,0.09436426957448324,0.09436426957448324,0.0011574020958505572,0.0011731264181435107,0.0011605624730388322,0.0011538193405916293,0.0011505542517018816,0.0011489479957769314,,0.0,,,,0.0,0
visuotactile_persistence,test_combined_ood,2,20353001,combined_ood_001,30,0.0,0.0,0.0,0.0,0.0,0.0,0.13007645606994628,0.13007645606994628,0.13007645606994628,0.13007645606994628,0.13007645606994628,0.13007645606994628,0.000406841216996933,0.0004204387427307665,0.0004162366851232946,0.0004056621284689754,0.00040173566085286436,0.0003901328678087642,,0.0,,,,0.0,0
visuotactile_persistence,test_combined_ood,2,20353002,combined_ood_002,30,0.1470757769793272,0.09611744499868817,0.12808380019333626,0.15074879175259007,0.16100388595627413,0.19942496199574736,0.6442886559168498,0.572555955251058,0.5905170281728108,0.6433872143427531,0.6641721645991008,0.7508109172185262,0.005313463471053789,0.003224948386196047,0.004112279962282628,0.005276043705331783,0.006418615067377687,0.007535430234080802,0.22980590153019875,0.64,,,,132.36819928139448,576
visuotactile_persistence,test_combined_ood,2,20353003,combined_ood_003,30,0.23464425056344934,0.18916826791440447,0.18451757695939805,0.21831931136031119,0.22588783627789882,0.3553282603052341,0.5464733767509461,0.4585728367169698,0.44629281759262085,0.5790472149848938,0.5506706674893697,0.6977833469708761,0.006599394731068363,0.0042668165018161135,0.005288587863712261,0.0064973667613230646,0.00772139544521148,0.009222807083278894,0.35914936310732043,0.6533333333333333,,,,211.1798255071044,588
visuotactile_persistence,test_combined_ood,2,20353004,combined_ood_004,30,0.11507121324539185,0.12527838320367865,0.11493201367557049,0.11269201081660059,0.11179922247926394,0.11065443605184555,0.41570831775665285,0.4569258133570353,0.43709625403086344,0.41048261324564617,0.3913606325785319,0.38267627557118733,0.007816173277484875,0.005360735262123247,0.006319646308353791,0.00768779832093666,0.009152733996355284,0.010559952499655386,0.18169138933482923,0.6333333333333333,,,,103.56409192085266,570
visuotactile_persistence,test_combined_ood,2,20353005,combined_ood_005,30,0.0,0.0,0.0,0.0,0.0,0.0,0.05724639495213826,0.05724639495213826,0.05724639495213826,0.05724639495213826,0.05724639495213826,0.05724639495213826,0.0008656305734378596,0.0008904315996915102,0.00084212482906878,0.0008652113164619853,0.0008628900764354815,0.0008674950455315411,,0.0,,,,0.0,0
visuotactile_persistence,test_combined_ood,2,20353006,combined_ood_006,30,0.0,0.0,0.0,0.0,0.0,0.0,0.11009026368459066,0.11009026368459066,0.11009026368459066,0.11009026368459066,0.11009026368459066,0.11009026368459066,0.000834418695885688,0.0008501421349744002,0.0008375789077642063,0.0008308361323239903,0.0008275712374597788,0.0008259650669060648,,0.0,,,,0.0,0
visuotactile_persistence,test_combined_ood,2,20353007,combined_ood_007,30,0.0,0.0,0.0,0.0,0.0,0.0,0.056196749210357666,0.056196749210357666,0.056196749210357666,0.056196749210357666,0.056196749210357666,0.056196749210357666,0.001147337556273366,0.0011671058697781216,0.0011578800176115086,0.0011005674275414397,0.001147334516281262,0.0011637999501544981,,0.0,,,,0.0,0
visuotactile_persistence,test_combined_ood,2,20353008,combined_ood_008,30,0.07610230846227044,0.04774276695421172,0.05607294494079219,0.07410880182352331,0.09557078331708908,0.10701624527573586,0.2698675382137299,0.23815569480260212,0.24626146554946898,0.26505179007848106,0.28757131695747373,0.31229742368062335,0.006335680610500276,0.003996366363329192,0.004966713080648333,0.006253388054513683,0.007584012994387498,0.008877922559622674,0.13121087665908696,0.58,,,,68.49207761604339,522
visuotactile_persistence,test_combined_ood,2,20353009,combined_ood_009,30,0.8486221398578749,0.6766663711931971,0.7852614028586282,0.8717875480651855,1.0305878433916305,0.8788075337807337,5.008753187656403,4.743604608376821,4.8095869819323225,4.878113249937694,5.270119798183441,5.342341299851736,0.008115557786853363,0.006337156449444592,0.006755629558271418,0.007881584868300706,0.009142748219892383,0.010460669838357717,1.3123022781307345,0.6466666666666666,,,,763.7599258720875,582
visuotactile_persistence,test_combined_ood,2,20353010,combined_ood_010,30,0.0,0.0,0.0,0.0,0.0,0.0,0.11763134797414145,0.11763134797414145,0.11763134797414145,0.11763134797414145,0.11763134797414145,0.11763134797414145,0.0007804414552326004,0.0007961658023608228,0.0007836018223315478,0.0007768586898843447,0.0007735936165166398,0.0007719873450696468,,0.0,,,,0.0,0
visuotactile_persistence,test_combined_ood,2,20353011,combined_ood_011,30,0.3025649844156578,0.1042550864060306,0.3282347334962752,0.31487624106100864,0.3755618256723715,0.3898970354426031,1.572779533068339,1.3534343481063842,1.4784323533376058,1.5151634693145752,1.695992922782898,1.820874571800232,0.00554953059181571,0.0043955759416955216,0.004796147521119565,0.0053709218123306835,0.006165612584057575,0.0070193950998752065,0.49331247459074645,0.6133333333333333,,,,272.30848597409204,552
visuotactile_persistence,test_combined_ood,2,20353012,combined_ood_012,30,0.18734390105638238,0.12192381541762087,0.14944615239898365,0.1804509857462512,0.21385248067478338,0.27104607104427286,0.8181003681818644,0.6981695095698038,0.7378464619318644,0.792412527402242,0.8728803793589274,0.9891929626464844,0.008283050051735094,0.005699788557831198,0.0067202287260442976,0.008214102464262397,0.009684690254895637,0.011096440255641937,0.2927248454005975,0.64,,,,168.60951095074415,576
visuotactile_persistence,test_combined_ood,2,20353013,combined_ood_013,30,0.16764240634013225,0.12304101221961901,0.08516199514011127,0.13762031416877613,0.226560181025545,0.26582852914660987,0.4364669839541117,0.3760021726290385,0.3577776630719503,0.34667003552118936,0.4864984393119812,0.6153866092363993,0.006403864029950152,0.0060703935838925345,0.005491165440374365,0.00563039481251811,0.006693419150542468,0.008133947162423282,0.2592408345465963,0.6466666666666666,,,,150.87816570611903,582
visuotactile_persistence,test_combined_ood,2,20353014,combined_ood_014,30,0.17881031095981598,0.12035086825489998,0.15908682975504135,0.1812378916475508,0.19608339485194948,0.2372925702896383,0.46478413899739585,0.3725842714309692,0.41522861321767174,0.4683607498804728,0.4881884018580119,0.5795586585998536,0.009045418843937418,0.006868555179486672,0.007613667224844297,0.008813032313870888,0.01025983679573983,0.011672002705745399,0.27939111087471247,0.64,,,,160.92927986383438,576
visuotactile_persistence,test_combined_ood,2,20353015,combined_ood_015,30,0.0,0.0,0.0,0.0,0.0,0.0,0.06054009596506755,0.06054009596506755,0.06054009596506755,0.06054009596506755,0.06054009596506755,0.06054009596506755,0.0007941971754189581,0.0008135765150655061,0.0007899931593177219,0.0007678007318948706,0.0008027449483051896,0.0007968705225115021,,0.0,,,,0.0,0
visuotactile_persistence,test_combined_ood,2,20353016,combined_ood_016,30,0.22149397988286285,0.12429422615095972,0.17367264452493852,0.21833450498266352,0.28947887813879386,0.30168964561695855,0.8726446040471395,0.6578389088312785,0.7591635624567667,0.8519883394241333,1.015066639582316,1.0791655699412028,0.007142678247376655,0.004943864206628253,0.005817647691583261,0.007058335933834314,0.008290554416210702,0.009602988988626748,0.34251646373638583,0.6466666666666666,,,,199.34458189457655,582
visuotactile_persistence,test_combined_ood,2,20353017,combined_ood_017,30,0.3315156265333967,0.19875588081777096,0.17371090571913456,0.3800143040716648,0.41446445736736576,0.49063258469104765,1.5279028566678365,1.4128411650657653,1.4662943323453268,1.5411268989245097,1.5849106828371684,1.6343412041664123,0.006570677816246946,0.004932140842235337,0.005435922838902722,0.006368884851690381,0.007432619146614646,0.008683821401791646,0.5347026234409625,0.62,,,,298.3640638800571,558
visuotactile_persistence,test_combined_ood,2,20353018,combined_ood_018,30,0.0,0.0,0.0,0.0,0.0,0.0,0.08636537392934164,0.08636537392934164,0.08636537392934164,0.08636537392934164,0.08636537392934164,0.08636537392934164,0.0007089234391848247,0.000724646879825741,0.0007120836370935042,0.0007053408771753311,0.0007020759900721411,0.0007004698117574055,,0.0,,,,0.0,0
visuotactile_persistence,test_combined_ood,2,20353019,combined_ood_019,30,0.0,0.0,0.0,0.0,0.0,0.0,0.10441749493281047,0.10441749493281047,0.10441749493281047,0.10441749493281047,0.10441749493281047,0.10441749493281047,0.0011068851739400997,0.0011179283794869358,0.0011407842549184958,0.0011253897197699796,0.0010862427938263864,0.0010640807216987015,,0.0,,,,0.0,0
visuotactile_persistence,test_combined_ood,2,20353020,combined_ood_020,30,0.0,0.0,0.0,0.0,0.0,0.0,0.11753625869750976,0.11753625869750976,0.11753625869750976,0.11753625869750976,0.11753625869750976,0.11753625869750976,0.0013434217117416361,0.00135914603403459,0.0013465820889299114,0.0013398389564827085,0.0013365738675929606,0.0013349676116680106,,0.0,,,,0.0,0
visuotactile_persistence,test_combined_ood,2,20353021,combined_ood_021,30,0.3382559907664027,0.24375032297232085,0.29853175644659335,0.33933087245871624,0.42474982008958856,0.38491718186479473,1.8844285917282104,1.877863065401713,1.9059827089309693,1.8997355858484903,1.8787657181421915,1.859795880317688,0.007962301174799602,0.006714589439798147,0.006716416209625701,0.0075439295421044035,0.00877567525409783,0.010060895428371927,0.5073839861496041,0.6666666666666666,,,,304.4303916897625,600
visuotactile_persistence,test_combined_ood,2,20353022,combined_ood_022,30,0.1989898641547188,0.03460897781058318,0.11164563889873938,0.24102715496491228,0.2924637955484084,0.31520375355095087,0.9212891228993734,0.5697426080703736,0.7561019897460938,1.0520360072453816,1.0886139313379923,1.1399510780970254,0.00790011699932317,0.006570250533210735,0.006863177470707645,0.007683516561519355,0.008703958561333517,0.009679681869844596,0.3014997941738164,0.66,,,,179.09087773924693,594
visuotactile_persistence,test_combined_ood,2,20353023,combined_ood_023,30,0.27081077113023233,0.21905717126662946,0.23806657818301272,0.23182217170380884,0.2936012901883158,0.3715066443093949,1.144360769589742,1.042646050453186,1.1006407260894775,1.1263592878977458,1.1626681089401245,1.2894896745681763,0.008320413548111295,0.008244492249408117,0.007864008832257241,0.007887493667658419,0.008415703188317518,0.00919036980291518,0.44639138098389947,0.6066666666666667,,,,243.7296940172091,546
visuotactile_persistence,test_combined_ood,2,20353024,combined_ood_024,30,0.0,0.0,0.0,0.0,0.0,0.0,0.12818344036738077,0.12818344036738077,0.12818344036738077,0.12818344036738077,0.12818344036738077,0.12818344036738077,0.0009092262899503112,0.0009249205972688894,0.0009123811575894555,0.0009056502720341086,0.0009023913143513103,0.0009007881085077922,,0.0,,,,0.0,0
visuotactile_persistence,test_combined_ood,2,20353025,combined_ood_025,30,0.0,0.0,0.0,0.0,0.0,0.0,0.04834463993708293,0.04834463993708293,0.04834463993708293,0.04834463993708293,0.04834463993708293,0.04834463993708293,0.0006027606703961889,0.0006445543200243265,0.0006040190559967111,0.0006086541184534629,0.000550966306279103,0.0006056095512273411,,0.0,,,,0.0,0
visuotactile_persistence,test_combined_ood,2,20353026,combined_ood_026,30,0.0,0.0,0.0,0.0,0.0,0.0,0.1615373134613037,0.1615373134613037,0.1615373134613037,0.1615373134613037,0.1615373134613037,0.1615373134613037,0.0016432656991916398,0.0016589599816749492,0.0016464205691590905,0.001639689691364765,0.0016364307259209454,0.0016348275278384487,,0.0,,,,0.0,0
visuotactile_persistence,test_combined_ood,2,20353027,combined_ood_027,30,0.21956129168574182,0.13107516106942463,0.172885997277788,0.21249505822132858,0.2722828241530806,0.3090674177070873,0.6368575119972228,0.5768075982729594,0.5471867918968201,0.6676233013470968,0.6221763968467713,0.7704934716224671,0.007398708147617678,0.006638757197652012,0.006747516458077977,0.007116355564600478,0.007830335692657779,0.008660575825100143,0.3360632015598089,0.6533333333333333,,,,197.60516251716763,588
visuotactile_persistence,test_combined_ood,2,20353028,combined_ood_028,30,0.13470683217462567,0.11445499882102013,0.1195205583754513,0.12131206778188547,0.1591012486981021,0.15914528719666932,0.4048509693145752,0.4025424877802531,0.3823450485865275,0.36684221426645913,0.45443063577016196,0.41809446016947427,0.00576253193935069,0.0035711382942584654,0.0044343471488294504,0.005650009098462761,0.006929697684245184,0.008227467470957588,0.20830953429065824,0.6466666666666666,,,,121.2361489571631,582
visuotactile_persistence,test_combined_ood,2,20353029,combined_ood_029,30,0.0,0.0,0.0,0.0,0.0,0.0,0.0723036527633667,0.0723036527633667,0.0723036527633667,0.0723036527633667,0.0723036527633667,0.0723036527633667,0.000585149225856488,0.0006158262568836411,0.000595505046658218,0.0005850148755901804,0.0005591479770373553,0.0005702519731130451,,0.0,,,,0.0,0
visuotactile_shuffled_touch,test_combined_ood,2,20353000,combined_ood_000,30,0.031205750819709565,0.029875976302557523,0.03106624163273308,0.031696396900547874,0.032126860610312884,0.03126327865239647,0.07125125249226888,0.08173218568166098,0.07393805980682373,0.06943875948588053,0.06687314510345459,0.06427411238352458,0.0006564752470391492,0.0005282284071048101,0.0006219220890974005,0.0006957659148611129,0.0007070522677774231,0.0007294075563549996,,0.0,,,,0.0,0
visuotactile_shuffled_touch,test_combined_ood,2,20353001,combined_ood_001,30,2.3184319549115995,2.374737068865862,2.355604743874735,2.3266031018561786,2.287252514736934,2.2479623452242876,6.064348364671071,6.240160230795542,6.179051772753398,6.080976915359497,5.965689325332642,5.855863579114279,0.05650126550346613,0.05776128344781076,0.057015240332111715,0.05644433423876762,0.05591265167264889,0.05537281782599166,,0.0,,,,0.0,0
visuotactile_shuffled_touch,test_combined_ood,2,20353002,combined_ood_002,30,1.5257773204996354,1.4161225783949096,1.4416166861231128,1.5180914177248874,1.6066873176437286,1.6463686026115385,4.085428678989411,3.797489881515503,3.8504529436429342,4.078665097554524,4.322910968462626,4.377624503771464,0.007990495630850395,0.007495624156824003,0.0077364102471619844,0.007985987952755144,0.008273554244078695,0.008460901553432147,2.3189392199920906,0.64,,,,1335.708990715444,576
visuotactile_shuffled_touch,test_combined_ood,2,20353003,combined_ood_003,30,0.5849014852485723,0.5235437225757373,0.5246646320240365,0.5999186894132031,0.5991881338051623,0.6771922484247221,0.5957966391245524,0.4935979604721069,0.4880304495493571,0.6342830499013264,0.6148823817571004,0.7481893539428711,0.01075852283121397,0.010172765733053287,0.010639262498201182,0.010848980765634527,0.011014946328941733,0.011116658830239127,0.8809246542502422,0.6533333333333333,,,,517.9836966991425,588
visuotactile_shuffled_touch,test_combined_ood,2,20353004,combined_ood_004,30,1.141811392356952,1.2684134887945322,1.0914032475194997,1.0639254044534432,1.1125502644520666,1.1727645565652185,2.3114279246330263,2.4385215600331622,2.094169882933299,2.117742892106374,2.350387716293335,2.5563175717989606,0.04048745486943517,0.04573095623248567,0.04267834473478918,0.04008388643172414,0.037552036416794485,0.036392050531382364,1.720133307262471,0.6333333333333333,,,,980.4759851396084,570
visuotactile_shuffled_touch,test_combined_ood,2,20353005,combined_ood_005,30,0.029995269117256005,0.035250529336432614,0.029837457608017655,0.028699794597923756,0.028065400467150742,0.028123163576755258,0.06710436820983887,0.06331623395284017,0.06757329305013021,0.06746613184611003,0.06859938303629558,0.06856679916381836,0.0005801885148199896,0.0007862038522337874,0.0006229129872129609,0.0005205946198354165,0.000460859335726127,0.0005103717790916562,,0.0,,,,0.0,0
visuotactile_shuffled_touch,test_combined_ood,2,20353006,combined_ood_006,30,0.03809514354086584,0.043823859716455145,0.03929889818860425,0.03714444030904108,0.03558568658514155,0.034622832905087206,0.07055758476257325,0.07411854267120362,0.0722224235534668,0.06984339555104574,0.06866000493367513,0.06794355710347494,0.0007955558318644762,0.0007655346028817197,0.000811277605437984,0.0008266670241331061,0.0007961035783713063,0.000778196348498265,,0.0,,,,0.0,0
visuotactile_shuffled_touch,test_combined_ood,2,20353007,combined_ood_007,30,1.1870113616229758,1.2119431463380654,1.1930917299663026,1.1834963698560992,1.1760824065241549,1.1704431554302572,2.773367578983307,2.7937793413798016,2.782826356093089,2.772144643465678,2.763678948084513,2.754408605893453,0.05382617532508448,0.05375978051063915,0.05383323872617136,0.05383933517926683,0.053808302350807934,0.05389021985853712,,0.0,,,,0.0,0
visuotactile_shuffled_touch,test_combined_ood,2,20353008,combined_ood_008,30,2.0741642676024803,2.0491808948003585,2.1063790500991875,2.09666086083485,2.072432724138101,2.0461678081399035,5.316653893788655,5.181379357973735,5.3599153359731035,5.397789255777995,5.351877641677857,5.292307877540589,0.008165867629771431,0.007976561920562139,0.00753135938818256,0.007894586989035208,0.008432851879236598,0.00899397797184065,3.2432203363213272,0.58,,,,1692.961015559733,522
visuotactile_shuffled_touch,test_combined_ood,2,20353009,combined_ood_009,30,5.253814380477286,5.144664860475395,5.183306120398144,5.214065003126032,5.340508652654373,5.386527265732487,12.562001466751099,12.274047422409058,12.359887274106343,12.441655604044596,12.839510448773702,12.894906584421793,0.04439199755666778,0.04417009675332035,0.04418412080267444,0.04435061703746517,0.04454094173852354,0.044714211451355367,8.108498593885132,0.6466666666666666,,,,4719.1461816411465,582
visuotactile_shuffled_touch,test_combined_ood,2,20353010,combined_ood_010,30,2.813131553472744,2.737696654835923,2.8114002662089965,2.8368570854059523,2.8413619635626675,2.8383417973501817,7.519870638847351,7.2255385955174765,7.4814224481582645,7.592439079284668,7.638933833440145,7.661019237836202,0.044215510697104034,0.0445800477755256,0.044121861702296886,0.0440246981374609,0.04412439374330764,0.044226552126929164,,0.0,,,,0.0,0
visuotactile_shuffled_touch,test_combined_ood,2,20353011,combined_ood_011,30,1.5447733416077163,1.5282955110073089,1.539335565827787,1.550429364707735,1.5554928810025255,1.5503133854932256,3.223651567300161,3.216134576002757,3.216798774401347,3.190701651573181,3.2406689564387006,3.2539538780848187,0.010025431505443218,0.010163930000271649,0.010329220079195995,0.010197433324841161,0.009861964284209535,0.00957460983869775,2.4990459084240855,0.6133333333333333,,,,1379.4733414500952,552
visuotactile_shuffled_touch,test_combined_ood,2,20353012,combined_ood_012,30,2.154509112702476,2.0690785607943933,2.090067747483651,2.136345797487431,2.209349526464939,2.267703931281964,5.787110699812572,5.533557327588399,5.613163050015768,5.741653478145599,5.9632092396418255,6.083970403671264,0.003928426136262715,0.0038195394484015805,0.00370657133947437,0.003878088101434211,0.004031999285022418,0.004205932506980995,3.335251962973012,0.64,,,,1921.1051306724548,576
visuotactile_shuffled_touch,test_combined_ood,2,20353013,combined_ood_013,30,1.3187314925839504,1.4463615281921294,1.3667730611231592,1.2905059999682837,1.259377731817464,1.2306391418187155,3.037435986995697,3.3180344184239705,3.188273811340332,2.997553829352061,2.9015304803848267,2.781787395477295,0.007737856479361653,0.008450904896017164,0.008034084690734744,0.007770894475591679,0.007400808894696335,0.007032589439768344,2.0235311827939197,0.6466666666666666,,,,1177.6951483860612,582
visuotactile_shuffled_touch,test_combined_ood,2,20353014,combined_ood_014,30,2.4954328404035833,2.6912671273160313,2.4412849387567905,2.4073704853239986,2.4501201525123584,2.487121498108738,5.9906943353017175,6.306156651178996,5.771694898605347,5.801125343640646,5.988107101122538,6.086387681961059,0.04687991999555379,0.048236397865305966,0.047232183709274976,0.04669977053029773,0.04628412968789538,0.0459471181849949,3.8639045058387436,0.64,,,,2225.6089953631163,576
visuotactile_shuffled_touch,test_combined_ood,2,20353015,combined_ood_015,30,3.2095415337694186,3.1951135408443707,3.2241346628715593,3.2144988493372995,3.2072647999972106,3.2066958157966536,8.844836133321126,8.798713938395183,8.86714628537496,8.85676539738973,8.84959678252538,8.85195826292038,0.05665145681666521,0.058034370843476304,0.057219890144187956,0.05658212106791325,0.0559387441064852,0.05548215792126333,,0.0,,,,0.0,0
visuotactile_shuffled_touch,test_combined_ood,2,20353016,combined_ood_016,30,1.3870649290622936,1.3133945540421539,1.2842202679150634,1.364714365100695,1.4519448968892297,1.5210505613643261,3.639027862548828,3.462502376238505,3.3819359381993612,3.573540512720744,3.8035209735234576,3.9736395120620727,0.006333530722185969,0.005703592878611137,0.005745866656070575,0.00622475385122622,0.006770688435062766,0.007222751789959148,2.12165351191542,0.6466666666666666,,,,1234.8023439347744,582
visuotactile_shuffled_touch,test_combined_ood,2,20353017,combined_ood_017,30,2.9508803791904614,2.865642245569163,2.8828623568121756,2.9918329355824325,2.9979217023071314,3.0161426556814046,6.597710541089376,6.346179310480753,6.441532651583354,6.669542837142944,6.7337696075439455,6.797528298695882,0.03803327824144314,0.037487666301118834,0.037684634137743464,0.03805815915693529,0.03833830469908814,0.038597626912329965,4.744577241971368,0.62,,,,2647.474101020023,558
visuotactile_shuffled_touch,test_combined_ood,2,20353018,combined_ood_018,30,0.03203850092573298,0.03147756219324138,0.032201588112447,0.03238798928343588,0.032425926335983804,0.031699438703556855,0.08099137783050538,0.08861604531606039,0.0852035125096639,0.08030381202697753,0.07724049091339111,0.07359302838643392,0.0005192698809939126,0.00047471959066266816,0.00048563987171898286,0.0005341408696646492,0.000546217387697349,0.0005556316852259139,,0.0,,,,0.0,0
visuotactile_shuffled_touch,test_combined_ood,2,20353019,combined_ood_019,30,0.028726768917921516,0.030565281936691866,0.027172974766128594,0.027568364774601326,0.028404917981889512,0.029922305130296284,0.09529812971750895,0.10807849566141764,0.10265430609385172,0.09261329174041748,0.08808378378550212,0.0850607713063558,0.0008817600280356904,0.0010298565534564356,0.0010367763810791076,0.0009033204910034935,0.0007633987658967575,0.0006754479487426579,,0.0,,,,0.0,0
visuotactile_shuffled_touch,test_combined_ood,2,20353020,combined_ood_020,30,2.302011263614727,2.37915326859802,2.3551183582593995,2.3130086850581897,2.259154373200403,2.203621632957624,5.84408933242162,5.994449925422669,5.964144559701284,5.878745126724243,5.757509382565816,5.625597667694092,0.051225962611691406,0.05122522046634306,0.05109808347575987,0.05128087854633729,0.0512530694482848,0.051272561121731994,,0.0,,,,0.0,0
visuotactile_shuffled_touch,test_combined_ood,2,20353021,combined_ood_021,30,1.0500862524741226,1.0870786254397697,1.135879832630356,1.0479704451229837,0.9699658840273817,1.0095364751501217,1.8463974173863729,1.9487556298573812,2.020648129781087,1.8574828227361044,1.725874368349711,1.6792261362075807,0.00946216544524456,0.010039048669083665,0.009629264776594936,0.009292503908121337,0.00912567403477927,0.009224335837643594,1.5600919341792663,0.6666666666666666,,,,936.0551605075598,600
visuotactile_shuffled_touch,test_combined_ood,2,20353022,combined_ood_022,30,1.2424801711748457,1.256726573345562,1.2258551783135367,1.1944997312656294,1.2342411991933153,1.3010781737561854,2.952316287358602,3.00190954208374,2.8382044633229575,2.8127496321996053,2.9413604736328125,3.167357325553894,0.00656048947169135,0.00519509851001203,0.005968281304618964,0.006566114746965468,0.007201645752259841,0.007871307044600448,1.838429407854737,0.66,,,,1092.0270682657138,594
visuotactile_shuffled_touch,test_combined_ood,2,20353023,combined_ood_023,30,2.7160054801197515,2.6774219126544065,2.6947890060332913,2.7062285702623843,2.7217241501021716,2.7798637615465043,6.755577036539713,6.608213075002035,6.699134167035421,6.7430097182591755,6.795907926559448,6.931620295842489,0.036851278806958966,0.03633322879128779,0.03656186899752356,0.036866896473414575,0.037123369767020145,0.03737103000554877,4.461182875394985,0.6066666666666667,,,,2435.8058499656618,546
visuotactile_shuffled_touch,test_combined_ood,2,20353024,combined_ood_024,30,0.048006741361071664,0.05088231426974137,0.047687415923509335,0.04766371153915922,0.04715875919080443,0.046641505882143976,0.18271710713704428,0.18336579004923503,0.18205325603485106,0.18020387490590414,0.18218852678934733,0.1857740879058838,0.0006413704459555447,0.0005796303002474208,0.0005532967547575633,0.0006399479229003191,0.0006910733451756338,0.0007429039066967865,,0.0,,,,0.0,0
visuotactile_shuffled_touch,test_combined_ood,2,20353025,combined_ood_025,30,0.02723085774315728,0.02755082222736544,0.026176595460209583,0.026725926974581347,0.027444867479304472,0.02825607657432556,0.07626316706339518,0.07496010462443034,0.07823597590128581,0.07670323848724366,0.07626612186431884,0.07515039443969726,0.0006973442458547652,0.0008859300656088938,0.0007301176277299722,0.0006679028524861981,0.0005773399219227334,0.0006254307615260283,,0.0,,,,0.0,0
visuotactile_shuffled_touch,test_combined_ood,2,20353026,combined_ood_026,30,1.3335711668969856,1.3463746507652103,1.3522215984244315,1.3398036065200964,1.3224290614533756,1.3070269173218145,3.23421199798584,3.1877280195554096,3.2707217613856,3.26093198855718,3.2370022853215534,3.2146759351094563,0.054791292756951104,0.05420535798960676,0.05434163350922366,0.0547810257334883,0.05513726620702073,0.05549118034541607,,0.0,,,,0.0,0
visuotactile_shuffled_touch,test_combined_ood,2,20353027,combined_ood_027,30,0.5952924629445705,0.5005456992528505,0.5071020144555304,0.6189340909425584,0.6340570414645804,0.7158234686073329,0.6319669516881307,0.3789844910303752,0.39525731404622394,0.6868517398834229,0.7515212217966716,0.94721999168396,0.010766900232216964,0.011250655523811777,0.010802550967006634,0.01058320514857769,0.010578966878044108,0.010619122643644612,0.8943970021823434,0.6533333333333333,,,,525.9054372832179,588
visuotactile_shuffled_touch,test_combined_ood,2,20353028,combined_ood_028,30,1.3224244343448017,1.339998388228317,1.2812745991680357,1.3212077711605363,1.3177327550947666,1.3519086580723525,2.561472000281016,2.433211406071981,2.4049461841583253,2.5719120343526205,2.5840511123339334,2.81323926448822,0.03805904729485822,0.040417560168619575,0.03889913448365405,0.037905524543020874,0.03689523425224858,0.036177783026748025,1.9661669690174746,0.6466666666666666,,,,1144.3091759681702,582
visuotactile_shuffled_touch,test_combined_ood,2,20353029,combined_ood_029,30,0.026842181198298933,0.034199686037997404,0.026929249345428414,0.02509218104597595,0.024022339553468757,0.02396745000862413,0.07445026874542236,0.07553492387135824,0.07240258057912191,0.07268301645914714,0.07468994458516438,0.07694087823232015,0.0007616547611542046,0.0006830442231148482,0.0007669552326357613,0.0007852574868593365,0.0007787764790312697,0.0007942403841298074,,0.0,,,,0.0,0
