method,domain,training_seed,metric,estimate,ci_low,ci_high,environment_episodes,fixed_model_seeds,training_seed_sd,valid_bootstrap_resamples,per_model_estimates
vision_world_model,test_combined_ood,0,contact_forecast_fraction,0.3397777777777778,0.23154999999999998,0.44889444444444443,30,1,,2000,[0.3397777777777778]
vision_world_model,test_combined_ood,1,contact_forecast_fraction,0.3397777777777778,0.23154999999999998,0.44889444444444443,30,1,,2000,[0.3397777777777778]
vision_world_model,test_combined_ood,2,contact_forecast_fraction,0.3397777777777778,0.23154999999999998,0.44889444444444443,30,1,,2000,[0.3397777777777778]
vision_world_model,test_combined_ood,0,contact_phase_endpoint_force_mae_N,2.1411506416492228,1.694535864657835,2.5686759128616727,30,1,,2000,[2.1411506416492228]
vision_world_model,test_combined_ood,1,contact_phase_endpoint_force_mae_N,2.188927551414631,1.7059073753394787,2.696424368035729,30,1,,2000,[2.188927551414631]
vision_world_model,test_combined_ood,2,contact_phase_endpoint_force_mae_N,2.134480584531284,1.6782274552783203,2.5989342033859324,30,1,,2000,[2.134480584531284]
vision_world_model,test_combined_ood,0,endpoint_force_mae_N,0.759372654165331,0.48343365451803355,1.0440274408493782,30,1,,2000,[0.759372654165331]
vision_world_model,test_combined_ood,1,endpoint_force_mae_N,0.7923412941428315,0.5131337816688801,1.0901928437036261,30,1,,2000,[0.7923412941428315]
vision_world_model,test_combined_ood,2,endpoint_force_mae_N,0.7642679953716902,0.49356673213400426,1.0523960910806025,30,1,,2000,[0.7642679953716902]
vision_world_model,test_combined_ood,0,endpoint_force_mae_N_h1,0.7192617466563739,0.4667400853779292,0.9803344275074023,30,1,,2000,[0.7192617466563739]
vision_world_model,test_combined_ood,1,endpoint_force_mae_N_h1,0.7661447383280567,0.49226978139900945,1.060840005580068,30,1,,2000,[0.7661447383280567]
vision_world_model,test_combined_ood,2,endpoint_force_mae_N_h1,0.7414776748760293,0.47078277532773577,1.0333461207801613,30,1,,2000,[0.7414776748760293]
vision_world_model,test_combined_ood,0,endpoint_force_mae_N_h2,0.736977441335028,0.4764166269892378,1.0088349522810633,30,1,,2000,[0.736977441335028]
vision_world_model,test_combined_ood,1,endpoint_force_mae_N_h2,0.7789532147313434,0.5012385397173068,1.0760874203647728,30,1,,2000,[0.7789532147313434]
vision_world_model,test_combined_ood,2,endpoint_force_mae_N_h2,0.7514933720838141,0.4832955835792926,1.0348477745492493,30,1,,2000,[0.7514933720838141]
vision_world_model,test_combined_ood,0,endpoint_force_mae_N_h3,0.7623968213041209,0.48436103593733987,1.0465396334928527,30,1,,2000,[0.7623968213041209]
vision_world_model,test_combined_ood,1,endpoint_force_mae_N_h3,0.7946944908247571,0.5107507516783274,1.101362230428697,30,1,,2000,[0.7946944908247571]
vision_world_model,test_combined_ood,2,endpoint_force_mae_N_h3,0.7597325719051339,0.4905733067820159,1.049959031492299,30,1,,2000,[0.7597325719051339]
vision_world_model,test_combined_ood,0,endpoint_force_mae_N_h4,0.778294706615033,0.4891355105319353,1.0738999875192357,30,1,,2000,[0.778294706615033]
vision_world_model,test_combined_ood,1,endpoint_force_mae_N_h4,0.8067588521766097,0.5212834444377243,1.1155015468522302,30,1,,2000,[0.8067588521766097]
vision_world_model,test_combined_ood,2,endpoint_force_mae_N_h4,0.7796478638777302,0.5069898694011434,1.0753998074823543,30,1,,2000,[0.7796478638777302]
vision_world_model,test_combined_ood,0,endpoint_force_mae_N_h5,0.7999325549160993,0.49950534970920396,1.1057426622340765,30,1,,2000,[0.7999325549160993]
vision_world_model,test_combined_ood,1,endpoint_force_mae_N_h5,0.8151551746533907,0.5268516487574757,1.1269981775604772,30,1,,2000,[0.8151551746533907]
vision_world_model,test_combined_ood,2,endpoint_force_mae_N_h5,0.7889884941157437,0.5095489018535267,1.0854378175484143,30,1,,2000,[0.7889884941157437]
vision_world_model,test_combined_ood,0,height_episode_coverage,0.8666666666666667,0.7333333333333333,0.9666666666666667,30,1,,2000,[0.8666666666666667]
vision_world_model,test_combined_ood,1,height_episode_coverage,0.9333333333333333,0.8333333333333334,1.0,30,1,,2000,[0.9333333333333333]
vision_world_model,test_combined_ood,2,height_episode_coverage,0.6333333333333333,0.4666666666666667,0.8,30,1,,2000,[0.6333333333333333]
vision_world_model,test_combined_ood,0,height_mae_m,0.005067234406124852,0.003180180118540981,0.0072003695197160895,30,1,,2000,[0.005067234406124852]
vision_world_model,test_combined_ood,1,height_mae_m,0.00436518072330768,0.0029571479439522794,0.005797612955662689,30,1,,2000,[0.00436518072330768]
vision_world_model,test_combined_ood,2,height_mae_m,0.004994448446076907,0.00325789128939149,0.0069836000330805986,30,1,,2000,[0.004994448446076907]
vision_world_model,test_combined_ood,0,height_mae_m_h1,0.004210238058650349,0.002770051926194962,0.005922577141549684,30,1,,2000,[0.004210238058650349]
vision_world_model,test_combined_ood,1,height_mae_m_h1,0.003985088594442156,0.0028178866984037284,0.005190900879021986,30,1,,2000,[0.003985088594442156]
vision_world_model,test_combined_ood,2,height_mae_m_h1,0.004426192402833193,0.002961196388442153,0.006082695985532255,30,1,,2000,[0.004426192402833193]
vision_world_model,test_combined_ood,0,height_mae_m_h2,0.004510347275904172,0.002851548344201648,0.006451649264770417,30,1,,2000,[0.004510347275904172]
vision_world_model,test_combined_ood,1,height_mae_m_h2,0.0040921326382279705,0.0027732607617977517,0.005427208945789768,30,1,,2000,[0.0040921326382279705]
vision_world_model,test_combined_ood,2,height_mae_m_h2,0.004638016843236983,0.003018592079297782,0.006465409700485501,30,1,,2000,[0.004638016843236983]
vision_world_model,test_combined_ood,0,height_mae_m_h3,0.00500021274858025,0.0030957040744364756,0.007140408105900052,30,1,,2000,[0.00500021274858025]
vision_world_model,test_combined_ood,1,height_mae_m_h3,0.004310193187395473,0.0029085278766304125,0.005808216244105198,30,1,,2000,[0.004310193187395473]
vision_world_model,test_combined_ood,2,height_mae_m_h3,0.004977757527133993,0.003239237860908664,0.006955139162755788,30,1,,2000,[0.004977757527133993]
vision_world_model,test_combined_ood,0,height_mae_m_h4,0.005524415345086406,0.003427538948250003,0.00784933798224261,30,1,,2000,[0.005524415345086406]
vision_world_model,test_combined_ood,1,height_mae_m_h4,0.004589835083073315,0.0030665500990322064,0.006186719070295412,30,1,,2000,[0.004589835083073315]
vision_world_model,test_combined_ood,2,height_mae_m_h4,0.005298349475876118,0.0034428083736177846,0.007454505555141722,30,1,,2000,[0.005298349475876118]
vision_world_model,test_combined_ood,0,height_mae_m_h5,0.006090958602403084,0.003816220288483439,0.008651843691231785,30,1,,2000,[0.006090958602403084]
vision_world_model,test_combined_ood,1,height_mae_m_h5,0.004848654113399486,0.0032347336304058747,0.006564953423755165,30,1,,2000,[0.004848654113399486]
vision_world_model,test_combined_ood,2,height_mae_m_h5,0.0056319259813042465,0.003662023497054987,0.007949691870295077,30,1,,2000,[0.0056319259813042465]
vision_world_model,test_combined_ood,0,interval_peak_mae_N,1.6230587475829654,1.028755065289471,2.204312154573864,30,1,,2000,[1.6230587475829654]
vision_world_model,test_combined_ood,1,interval_peak_mae_N,1.7910831355253856,1.1785319621198707,2.4348088684068783,30,1,,2000,[1.7910831355253856]
vision_world_model,test_combined_ood,2,interval_peak_mae_N,1.6544452883667415,1.067686805319786,2.2773736813690926,30,1,,2000,[1.6544452883667415]
vision_world_model,test_combined_ood,0,interval_peak_mae_N_h1,1.4938031721115113,0.9640221275753446,2.0161631609135204,30,1,,2000,[1.4938031721115113]
vision_world_model,test_combined_ood,1,interval_peak_mae_N_h1,1.7287344483534495,1.1241860442856948,2.393987983041339,30,1,,2000,[1.7287344483534495]
vision_world_model,test_combined_ood,2,interval_peak_mae_N_h1,1.5889631246195899,1.0012867491112816,2.228026304377449,30,1,,2000,[1.5889631246195899]
vision_world_model,test_combined_ood,0,interval_peak_mae_N_h2,1.5593573247061836,1.0060235338277288,2.109533898671468,30,1,,2000,[1.5593573247061836]
vision_world_model,test_combined_ood,1,interval_peak_mae_N_h2,1.7571510443422529,1.151430464681652,2.400668668780061,30,1,,2000,[1.7571510443422529]
vision_world_model,test_combined_ood,2,interval_peak_mae_N_h2,1.622307193411721,1.0378711332380772,2.239441302107439,30,1,,2000,[1.622307193411721]
vision_world_model,test_combined_ood,0,interval_peak_mae_N_h3,1.6312834101253086,1.0257936753630637,2.2345713516440653,30,1,,2000,[1.6312834101253086]
vision_world_model,test_combined_ood,1,interval_peak_mae_N_h3,1.7933925626013014,1.1728869913419089,2.4364933539893885,30,1,,2000,[1.7933925626013014]
vision_world_model,test_combined_ood,2,interval_peak_mae_N_h3,1.6435664470990499,1.0405597954326204,2.288062492102384,30,1,,2000,[1.6435664470990499]
vision_world_model,test_combined_ood,0,interval_peak_mae_N_h4,1.6850838005542754,1.0356535305943755,2.323955599142445,30,1,,2000,[1.6850838005542754]
vision_world_model,test_combined_ood,1,interval_peak_mae_N_h4,1.8276031296783024,1.19208424480425,2.4879700480335285,30,1,,2000,[1.8276031296783024]
vision_world_model,test_combined_ood,2,interval_peak_mae_N_h4,1.6981649390856426,1.0967139287590981,2.332017927802271,30,1,,2000,[1.6981649390856426]
vision_world_model,test_combined_ood,0,interval_peak_mae_N_h5,1.7457660304175482,1.0662624471651183,2.409643863075309,30,1,,2000,[1.7457660304175482]
vision_world_model,test_combined_ood,1,interval_peak_mae_N_h5,1.8485344926516214,1.20971998539567,2.516741939852635,30,1,,2000,[1.8485344926516214]
vision_world_model,test_combined_ood,2,interval_peak_mae_N_h5,1.7192247376177046,1.1053237403763665,2.353858034580946,30,1,,2000,[1.7192247376177046]
vision_world_model,test_combined_ood,0,joint_episode_coverage,0.8666666666666667,0.7333333333333333,0.9666666666666667,30,1,,2000,[0.8666666666666667]
vision_world_model,test_combined_ood,1,joint_episode_coverage,0.9333333333333333,0.8333333333333334,1.0,30,1,,2000,[0.9333333333333333]
vision_world_model,test_combined_ood,2,joint_episode_coverage,0.6333333333333333,0.4666666666666667,0.8,30,1,,2000,[0.6333333333333333]
vision_world_model,test_combined_ood,0,peak_episode_coverage,1.0,1.0,1.0,30,1,,2000,[1.0]
vision_world_model,test_combined_ood,1,peak_episode_coverage,1.0,1.0,1.0,30,1,,2000,[1.0]
vision_world_model,test_combined_ood,2,peak_episode_coverage,1.0,1.0,1.0,30,1,,2000,[1.0]
vision_world_model,test_geometry_ood,0,contact_forecast_fraction,0.4928888888888889,0.3915388888888889,0.5822277777777777,30,1,,2000,[0.4928888888888889]
vision_world_model,test_geometry_ood,1,contact_forecast_fraction,0.4928888888888889,0.3915388888888889,0.5822277777777777,30,1,,2000,[0.4928888888888889]
vision_world_model,test_geometry_ood,2,contact_forecast_fraction,0.4928888888888889,0.3915388888888889,0.5822277777777777,30,1,,2000,[0.4928888888888889]
vision_world_model,test_geometry_ood,0,contact_phase_endpoint_force_mae_N,2.1817942369514576,1.7065005296247113,2.7275686162434916,30,1,,2000,[2.1817942369514576]
vision_world_model,test_geometry_ood,1,contact_phase_endpoint_force_mae_N,2.3844054879570353,1.8924666378933264,2.9509641449449178,30,1,,2000,[2.3844054879570353]
vision_world_model,test_geometry_ood,2,contact_phase_endpoint_force_mae_N,2.2748307067994533,1.775894556377254,2.8496269112765096,30,1,,2000,[2.2748307067994533]
vision_world_model,test_geometry_ood,0,endpoint_force_mae_N,1.1056388862085424,0.788746738419085,1.458730125604419,30,1,,2000,[1.1056388862085424]
vision_world_model,test_geometry_ood,1,endpoint_force_mae_N,1.2164068431619175,0.8824206607993641,1.5773195504765591,30,1,,2000,[1.2164068431619175]
vision_world_model,test_geometry_ood,2,endpoint_force_mae_N,1.154524732696203,0.822227353917365,1.5184248483423093,30,1,,2000,[1.154524732696203]
vision_world_model,test_geometry_ood,0,endpoint_force_mae_N_h1,1.0826469247703683,0.7801093396504702,1.430000358110802,30,1,,2000,[1.0826469247703683]
vision_world_model,test_geometry_ood,1,endpoint_force_mae_N_h1,1.2034762025362364,0.8736199963141872,1.5731871107899653,30,1,,2000,[1.2034762025362364]
vision_world_model,test_geometry_ood,2,endpoint_force_mae_N_h1,1.1565135647982565,0.8261141669110877,1.5248939703456381,30,1,,2000,[1.1565135647982565]
vision_world_model,test_geometry_ood,0,endpoint_force_mae_N_h2,1.074904255606234,0.7656341009226162,1.4188375344845312,30,1,,2000,[1.074904255606234]
vision_world_model,test_geometry_ood,1,endpoint_force_mae_N_h2,1.1979357104673465,0.8620898811242014,1.560080940714276,30,1,,2000,[1.1979357104673465]
vision_world_model,test_geometry_ood,2,endpoint_force_mae_N_h2,1.1329700222466554,0.8002923704009348,1.49104356472421,30,1,,2000,[1.1329700222466554]
vision_world_model,test_geometry_ood,0,endpoint_force_mae_N_h3,1.1097244520982106,0.7901285355979559,1.4631199330046891,30,1,,2000,[1.1097244520982106]
vision_world_model,test_geometry_ood,1,endpoint_force_mae_N_h3,1.228757093364666,0.8885951879111667,1.600918649688958,30,1,,2000,[1.228757093364666]
vision_world_model,test_geometry_ood,2,endpoint_force_mae_N_h3,1.1586634475292845,0.8203962251105069,1.5258022788607866,30,1,,2000,[1.1586634475292845]
vision_world_model,test_geometry_ood,0,endpoint_force_mae_N_h4,1.121464289456813,0.8003682171970141,1.4729836908059828,30,1,,2000,[1.121464289456813]
vision_world_model,test_geometry_ood,1,endpoint_force_mae_N_h4,1.2228235176261686,0.8863087333542106,1.5858233506097887,30,1,,2000,[1.2228235176261686]
vision_world_model,test_geometry_ood,2,endpoint_force_mae_N_h4,1.1586419361814235,0.8249015200190479,1.5219705851944982,30,1,,2000,[1.1586419361814235]
vision_world_model,test_geometry_ood,0,endpoint_force_mae_N_h5,1.1394545091110868,0.8087633517424627,1.5057192271637116,30,1,,2000,[1.1394545091110868]
vision_world_model,test_geometry_ood,1,endpoint_force_mae_N_h5,1.22904169181517,0.886345666964297,1.5943660328762896,30,1,,2000,[1.22904169181517]
vision_world_model,test_geometry_ood,2,endpoint_force_mae_N_h5,1.1658346927253944,0.8354717000888626,1.5294303346300768,30,1,,2000,[1.1658346927253944]
vision_world_model,test_geometry_ood,0,height_episode_coverage,0.9,0.8,1.0,30,1,,2000,[0.9]
vision_world_model,test_geometry_ood,1,height_episode_coverage,1.0,1.0,1.0,30,1,,2000,[1.0]
vision_world_model,test_geometry_ood,2,height_episode_coverage,0.7,0.5333333333333333,0.8666666666666667,30,1,,2000,[0.7]
vision_world_model,test_geometry_ood,0,height_mae_m,0.006091003099036041,0.004343083899716537,0.007819290123715312,30,1,,2000,[0.006091003099036041]
vision_world_model,test_geometry_ood,1,height_mae_m,0.004723885752587294,0.0037387781255007013,0.00572535551097357,30,1,,2000,[0.004723885752587294]
vision_world_model,test_geometry_ood,2,height_mae_m,0.005972509645488269,0.004646894891014542,0.007299329292320989,30,1,,2000,[0.005972509645488269]
vision_world_model,test_geometry_ood,0,height_mae_m_h1,0.0048863552300544046,0.0035413991993296402,0.006241071255247028,30,1,,2000,[0.0048863552300544046]
vision_world_model,test_geometry_ood,1,height_mae_m_h1,0.00459599404117196,0.0036118045448949687,0.005568281239960924,30,1,,2000,[0.00459599404117196]
vision_world_model,test_geometry_ood,2,height_mae_m_h1,0.005592643805785984,0.00439709651427337,0.006856408554465614,30,1,,2000,[0.005592643805785984]
vision_world_model,test_geometry_ood,0,height_mae_m_h2,0.005322564583556313,0.0036807397691849876,0.006926175579241113,30,1,,2000,[0.005322564583556313]
vision_world_model,test_geometry_ood,1,height_mae_m_h2,0.004521551430160697,0.0035205246892292055,0.0055254733431841785,30,1,,2000,[0.004521551430160697]
vision_world_model,test_geometry_ood,2,height_mae_m_h2,0.005752716079845817,0.004447788894220139,0.007097986269945976,30,1,,2000,[0.005752716079845817]
vision_world_model,test_geometry_ood,0,height_mae_m_h3,0.006014209908058142,0.00423310318513864,0.007750587984940566,30,1,,2000,[0.006014209908058142]
vision_world_model,test_geometry_ood,1,height_mae_m_h3,0.004502412661030475,0.0035206974395469944,0.005509298933150904,30,1,,2000,[0.004502412661030475]
vision_world_model,test_geometry_ood,2,height_mae_m_h3,0.005973662361890698,0.004613311426604115,0.00735829770008503,30,1,,2000,[0.005973662361890698]
vision_world_model,test_geometry_ood,0,height_mae_m_h4,0.006731281966818238,0.004829902716432925,0.00861436334749467,30,1,,2000,[0.006731281966818238]
vision_world_model,test_geometry_ood,1,height_mae_m_h4,0.004810922625620151,0.003775208888344221,0.005895008504004281,30,1,,2000,[0.004810922625620151]
vision_world_model,test_geometry_ood,2,height_mae_m_h4,0.006142809047402504,0.004780062073232128,0.007562577897491994,30,1,,2000,[0.006142809047402504]
vision_world_model,test_geometry_ood,0,height_mae_m_h5,0.007500603806693107,0.005449725513407934,0.009521434809622911,30,1,,2000,[0.007500603806693107]
vision_world_model,test_geometry_ood,1,height_mae_m_h5,0.005188548004953191,0.00407554792865671,0.006360412226596964,30,1,,2000,[0.005188548004953191]
vision_world_model,test_geometry_ood,2,height_mae_m_h5,0.006400716932516338,0.004975313953077098,0.007896651534766229,30,1,,2000,[0.006400716932516338]
vision_world_model,test_geometry_ood,0,interval_peak_mae_N,2.3274450462526746,1.5862766130218904,3.1530657119982766,30,1,,2000,[2.3274450462526746]
vision_world_model,test_geometry_ood,1,interval_peak_mae_N,2.6757671787871256,1.8463810953908495,3.5998394827110896,30,1,,2000,[2.6757671787871256]
vision_world_model,test_geometry_ood,2,interval_peak_mae_N,2.5204734956290986,1.7164221361640428,3.4241956562141556,30,1,,2000,[2.5204734956290986]
vision_world_model,test_geometry_ood,0,interval_peak_mae_N_h1,2.262254553238551,1.5673963089982668,3.0485910591847354,30,1,,2000,[2.262254553238551]
vision_world_model,test_geometry_ood,1,interval_peak_mae_N_h1,2.657131471236547,1.8711148138079379,3.5837881452474325,30,1,,2000,[2.657131471236547]
vision_world_model,test_geometry_ood,2,interval_peak_mae_N_h1,2.534067867729399,1.7381137037475904,3.44084585285849,30,1,,2000,[2.534067867729399]
vision_world_model,test_geometry_ood,0,interval_peak_mae_N_h2,2.2421070652537876,1.5141191463536685,3.0504711661537485,30,1,,2000,[2.2421070652537876]
vision_world_model,test_geometry_ood,1,interval_peak_mae_N_h2,2.6443162992265488,1.809696310331424,3.5806743203765796,30,1,,2000,[2.6443162992265488]
vision_world_model,test_geometry_ood,2,interval_peak_mae_N_h2,2.4671790879302553,1.6772411269545555,3.3497327151629657,30,1,,2000,[2.4671790879302553]
vision_world_model,test_geometry_ood,0,interval_peak_mae_N_h3,2.3363827917310926,1.5788255898488894,3.1700446499519876,30,1,,2000,[2.3363827917310926]
vision_world_model,test_geometry_ood,1,interval_peak_mae_N_h3,2.7062928114997016,1.847625601073106,3.6377301603820587,30,1,,2000,[2.7062928114997016]
vision_world_model,test_geometry_ood,2,interval_peak_mae_N_h3,2.5282315417130787,1.7100574090249008,3.4455283406078805,30,1,,2000,[2.5282315417130787]
vision_world_model,test_geometry_ood,0,interval_peak_mae_N_h4,2.369380745357937,1.5996783643994066,3.212378636042276,30,1,,2000,[2.369380745357937]
vision_world_model,test_geometry_ood,1,interval_peak_mae_N_h4,2.6821314866012997,1.8299057713382774,3.5782940615349337,30,1,,2000,[2.6821314866012997]
vision_world_model,test_geometry_ood,2,interval_peak_mae_N_h4,2.5297650165028043,1.7240029780069988,3.4324915011260244,30,1,,2000,[2.5297650165028043]
vision_world_model,test_geometry_ood,0,interval_peak_mae_N_h5,2.4271000756820045,1.6379952852825324,3.2907154734101556,30,1,,2000,[2.4271000756820045]
vision_world_model,test_geometry_ood,1,interval_peak_mae_N_h5,2.6889638253715304,1.853505686102642,3.585650040631492,30,1,,2000,[2.6889638253715304]
vision_world_model,test_geometry_ood,2,interval_peak_mae_N_h5,2.543123964269956,1.7476575379603438,3.4226868070297765,30,1,,2000,[2.543123964269956]
vision_world_model,test_geometry_ood,0,joint_episode_coverage,0.8666666666666667,0.7333333333333333,0.9666666666666667,30,1,,2000,[0.8666666666666667]
vision_world_model,test_geometry_ood,1,joint_episode_coverage,0.9666666666666667,0.9,1.0,30,1,,2000,[0.9666666666666667]
vision_world_model,test_geometry_ood,2,joint_episode_coverage,0.6666666666666666,0.5,0.8333333333333334,30,1,,2000,[0.6666666666666666]
vision_world_model,test_geometry_ood,0,peak_episode_coverage,0.9666666666666667,0.9,1.0,30,1,,2000,[0.9666666666666667]
vision_world_model,test_geometry_ood,1,peak_episode_coverage,0.9666666666666667,0.9,1.0,30,1,,2000,[0.9666666666666667]
vision_world_model,test_geometry_ood,2,peak_episode_coverage,0.9333333333333333,0.8333333333333334,1.0,30,1,,2000,[0.9333333333333333]
vision_world_model,test_id,0,contact_forecast_fraction,0.4688888888888889,0.3591111111111111,0.5722277777777777,30,1,,2000,[0.4688888888888889]
vision_world_model,test_id,1,contact_forecast_fraction,0.4688888888888889,0.3591111111111111,0.5722277777777777,30,1,,2000,[0.4688888888888889]
vision_world_model,test_id,2,contact_forecast_fraction,0.4688888888888889,0.3591111111111111,0.5722277777777777,30,1,,2000,[0.4688888888888889]
vision_world_model,test_id,0,contact_phase_endpoint_force_mae_N,1.9457227591964774,1.5335272734651475,2.3789615693229162,30,1,,2000,[1.9457227591964774]
vision_world_model,test_id,1,contact_phase_endpoint_force_mae_N,1.9687900636669566,1.597341312785154,2.4063252193935143,30,1,,2000,[1.9687900636669566]
vision_world_model,test_id,2,contact_phase_endpoint_force_mae_N,1.8971576625786908,1.5360887707620061,2.3073343376560143,30,1,,2000,[1.8971576625786908]
vision_world_model,test_id,0,endpoint_force_mae_N,0.9346260682562952,0.6563601826534573,1.2240433848061858,30,1,,2000,[0.9346260682562952]
vision_world_model,test_id,1,endpoint_force_mae_N,0.9619865766388743,0.6994873048512411,1.2576476965434729,30,1,,2000,[0.9619865766388743]
vision_world_model,test_id,2,endpoint_force_mae_N,0.9212703747411121,0.6600087096768824,1.2001092012015366,30,1,,2000,[0.9212703747411121]
vision_world_model,test_id,0,endpoint_force_mae_N_h1,0.9141245016864398,0.6389608129616482,1.202610555776356,30,1,,2000,[0.9141245016864398]
vision_world_model,test_id,1,endpoint_force_mae_N_h1,0.9512209308352666,0.6883504218996149,1.2554014371714544,30,1,,2000,[0.9512209308352666]
vision_world_model,test_id,2,endpoint_force_mae_N_h1,0.8953345961427247,0.6491385940510771,1.1712077357721196,30,1,,2000,[0.8953345961427247]
vision_world_model,test_id,0,endpoint_force_mae_N_h2,0.9105755530921225,0.636227158713659,1.2020354940952014,30,1,,2000,[0.9105755530921225]
vision_world_model,test_id,1,endpoint_force_mae_N_h2,0.942611344633624,0.6815738879501285,1.2334054595054023,30,1,,2000,[0.942611344633624]
vision_world_model,test_id,2,endpoint_force_mae_N_h2,0.8979066190644409,0.6462047611611499,1.1714781550248325,30,1,,2000,[0.8979066190644409]
vision_world_model,test_id,0,endpoint_force_mae_N_h3,0.9361290515326308,0.6507589516053408,1.2314378397389254,30,1,,2000,[0.9361290515326308]
vision_world_model,test_id,1,endpoint_force_mae_N_h3,0.9575330225492104,0.6896620254593522,1.2492969666712619,30,1,,2000,[0.9575330225492104]
vision_world_model,test_id,2,endpoint_force_mae_N_h3,0.9240088660821439,0.6651954783041135,1.211424971551688,30,1,,2000,[0.9240088660821439]
vision_world_model,test_id,0,endpoint_force_mae_N_h4,0.954661967418398,0.6676335144310379,1.2462100254975654,30,1,,2000,[0.954661967418398]
vision_world_model,test_id,1,endpoint_force_mae_N_h4,0.977575146120766,0.7051232961584788,1.2713312295793802,30,1,,2000,[0.977575146120766]
vision_world_model,test_id,2,endpoint_force_mae_N_h4,0.9443981453036044,0.6780319751789621,1.2338678450518838,30,1,,2000,[0.9443981453036044]
vision_world_model,test_id,0,endpoint_force_mae_N_h5,0.9576392675518851,0.6817060210325462,1.2468994830280662,30,1,,2000,[0.9576392675518851]
vision_world_model,test_id,1,endpoint_force_mae_N_h5,0.9809924390555049,0.7133466375423035,1.2730028236019595,30,1,,2000,[0.9809924390555049]
vision_world_model,test_id,2,endpoint_force_mae_N_h5,0.9447036471126463,0.6813799576472913,1.2353023391392046,30,1,,2000,[0.9447036471126463]
vision_world_model,test_id,0,height_episode_coverage,1.0,1.0,1.0,30,1,,2000,[1.0]
vision_world_model,test_id,1,height_episode_coverage,1.0,1.0,1.0,30,1,,2000,[1.0]
vision_world_model,test_id,2,height_episode_coverage,1.0,1.0,1.0,30,1,,2000,[1.0]
vision_world_model,test_id,0,height_mae_m,0.004261793690449041,0.0032151874495594205,0.005307624097364573,30,1,,2000,[0.004261793690449041]
vision_world_model,test_id,1,height_mae_m,0.0026881365216298338,0.0021543765571767127,0.0032239619299656206,30,1,,2000,[0.0026881365216298338]
vision_world_model,test_id,2,height_mae_m,0.002724378442582545,0.0021649589261910377,0.003221967626421368,30,1,,2000,[0.002724378442582545]
vision_world_model,test_id,0,height_mae_m_h1,0.003399738570054372,0.002642189839767525,0.004092531218030975,30,1,,2000,[0.003399738570054372]
vision_world_model,test_id,1,height_mae_m_h1,0.0021289733839027275,0.0017009416453236351,0.002564267261978076,30,1,,2000,[0.0021289733839027275]
vision_world_model,test_id,2,height_mae_m_h1,0.0024231367055068,0.00195986981834479,0.0028604027206852655,30,1,,2000,[0.0024231367055068]
vision_world_model,test_id,0,height_mae_m_h2,0.00370684911862352,0.002792639900082981,0.004601173911265504,30,1,,2000,[0.00370684911862352]
vision_world_model,test_id,1,height_mae_m_h2,0.002333086489266457,0.0018634350015886917,0.00278140736906385,30,1,,2000,[0.002333086489266457]
vision_world_model,test_id,2,height_mae_m_h2,0.0024731880331415193,0.0019603042585311214,0.002939757184662287,30,1,,2000,[0.0024731880331415193]
vision_world_model,test_id,0,height_mae_m_h3,0.00420808720208394,0.0031353088493811404,0.005301483695953114,30,1,,2000,[0.00420808720208394]
vision_world_model,test_id,1,height_mae_m_h3,0.0026198011647405412,0.0020866552294674977,0.003162686530099664,30,1,,2000,[0.0026198011647405412]
vision_world_model,test_id,2,height_mae_m_h3,0.002660309320393329,0.00209989073513619,0.0031597833166459974,30,1,,2000,[0.002660309320393329]
vision_world_model,test_id,0,height_mae_m_h4,0.004716471714847204,0.003499107576289033,0.005934892961548432,30,1,,2000,[0.004716471714847204]
vision_world_model,test_id,1,height_mae_m_h4,0.003013265586600432,0.002383124623132365,0.003649198799929258,30,1,,2000,[0.003013265586600432]
vision_world_model,test_id,2,height_mae_m_h4,0.0028897294872634424,0.002274904146651453,0.003475615598822413,30,1,,2000,[0.0028897294872634424]
vision_world_model,test_id,0,height_mae_m_h5,0.005277821846636168,0.003934877470598116,0.0066668649073366795,30,1,,2000,[0.005277821846636168]
vision_world_model,test_id,1,height_mae_m_h5,0.003345555983639012,0.0026244105273185094,0.004052953713738437,30,1,,2000,[0.003345555983639012]
vision_world_model,test_id,2,height_mae_m_h5,0.0031755286666076345,0.0024803695404676143,0.0038461981110299846,30,1,,2000,[0.0031755286666076345]
vision_world_model,test_id,0,interval_peak_mae_N,2.556915058824751,1.76435085227357,3.375415214175648,30,1,,2000,[2.556915058824751]
vision_world_model,test_id,1,interval_peak_mae_N,2.650531203667323,1.9127353361765544,3.4410350271092516,30,1,,2000,[2.650531203667323]
vision_world_model,test_id,2,interval_peak_mae_N,2.4920593416161005,1.7660412757250998,3.2839638341334125,30,1,,2000,[2.4920593416161005]
vision_world_model,test_id,0,interval_peak_mae_N_h1,2.5053268563747406,1.7415989016559388,3.318210845943954,30,1,,2000,[2.5053268563747406]
vision_world_model,test_id,1,interval_peak_mae_N_h1,2.632109898328781,1.8976955214175912,3.442667148874866,30,1,,2000,[2.632109898328781]
vision_world_model,test_id,2,interval_peak_mae_N_h1,2.4170484018325804,1.707383711371157,3.1823840918540953,30,1,,2000,[2.4170484018325804]
vision_world_model,test_id,0,interval_peak_mae_N_h2,2.5055556490686204,1.736324333863126,3.3268990096482964,30,1,,2000,[2.5055556490686204]
vision_world_model,test_id,1,interval_peak_mae_N_h2,2.608966765801112,1.8727299535638757,3.4094737906754014,30,1,,2000,[2.608966765801112]
vision_world_model,test_id,2,interval_peak_mae_N_h2,2.433919019434187,1.7167283580270079,3.213625639845927,30,1,,2000,[2.433919019434187]
vision_world_model,test_id,0,interval_peak_mae_N_h3,2.563504619333479,1.7743823105461067,3.3893385936684077,30,1,,2000,[2.563504619333479]
vision_world_model,test_id,1,interval_peak_mae_N_h3,2.637389998568429,1.8996169593234857,3.4231603580945063,30,1,,2000,[2.637389998568429]
vision_world_model,test_id,2,interval_peak_mae_N_h3,2.505243722995122,1.7778203092416127,3.2978086972667104,30,1,,2000,[2.505243722995122]
vision_world_model,test_id,0,interval_peak_mae_N_h4,2.594676129553053,1.7945469869441457,3.4143129407068087,30,1,,2000,[2.594676129553053]
vision_world_model,test_id,1,interval_peak_mae_N_h4,2.6759705777963,1.9352882599267696,3.4628279920220373,30,1,,2000,[2.6759705777963]
vision_world_model,test_id,2,interval_peak_mae_N_h4,2.54543882422977,1.7941979453265666,3.353681259618864,30,1,,2000,[2.54543882422977]
vision_world_model,test_id,0,interval_peak_mae_N_h5,2.6155120397938623,1.823574285748932,3.4177305138144223,30,1,,2000,[2.6155120397938623]
vision_world_model,test_id,1,interval_peak_mae_N_h5,2.698218777841992,1.945899695754051,3.4785665589736565,30,1,,2000,[2.698218777841992]
vision_world_model,test_id,2,interval_peak_mae_N_h5,2.5586467395888435,1.8157704934610261,3.347659743789168,30,1,,2000,[2.5586467395888435]
vision_world_model,test_id,0,joint_episode_coverage,1.0,1.0,1.0,30,1,,2000,[1.0]
vision_world_model,test_id,1,joint_episode_coverage,1.0,1.0,1.0,30,1,,2000,[1.0]
vision_world_model,test_id,2,joint_episode_coverage,0.9666666666666667,0.9,1.0,30,1,,2000,[0.9666666666666667]
vision_world_model,test_id,0,peak_episode_coverage,1.0,1.0,1.0,30,1,,2000,[1.0]
vision_world_model,test_id,1,peak_episode_coverage,1.0,1.0,1.0,30,1,,2000,[1.0]
vision_world_model,test_id,2,peak_episode_coverage,0.9666666666666667,0.9,1.0,30,1,,2000,[0.9666666666666667]
vision_world_model,test_physics_ood,0,contact_forecast_fraction,0.5797777777777777,0.49844444444444447,0.641561111111111,30,1,,2000,[0.5797777777777777]
vision_world_model,test_physics_ood,1,contact_forecast_fraction,0.5797777777777777,0.49844444444444447,0.641561111111111,30,1,,2000,[0.5797777777777777]
vision_world_model,test_physics_ood,2,contact_forecast_fraction,0.5797777777777777,0.49844444444444447,0.641561111111111,30,1,,2000,[0.5797777777777777]
vision_world_model,test_physics_ood,0,contact_phase_endpoint_force_mae_N,2.0368670031879423,1.6487858636074937,2.418114028990815,30,1,,2000,[2.0368670031879423]
vision_world_model,test_physics_ood,1,contact_phase_endpoint_force_mae_N,2.1543453180510657,1.7315855903869144,2.562235708024341,30,1,,2000,[2.1543453180510657]
vision_world_model,test_physics_ood,2,contact_phase_endpoint_force_mae_N,2.0547716186022056,1.6556483339067058,2.43095362453074,30,1,,2000,[2.0547716186022056]
vision_world_model,test_physics_ood,0,endpoint_force_mae_N,1.198596129920161,0.926594256512449,1.4736039822811298,30,1,,2000,[1.198596129920161]
vision_world_model,test_physics_ood,1,endpoint_force_mae_N,1.2790861967449525,0.9993518931925038,1.5600433041993544,30,1,,2000,[1.2790861967449525]
vision_world_model,test_physics_ood,2,endpoint_force_mae_N,1.2135191248720512,0.9444799626924193,1.4768023804980484,30,1,,2000,[1.2135191248720512]
vision_world_model,test_physics_ood,0,endpoint_force_mae_N_h1,1.1574641431085075,0.8850206133290539,1.4268864819745843,30,1,,2000,[1.1574641431085075]
vision_world_model,test_physics_ood,1,endpoint_force_mae_N_h1,1.2473063170132055,0.9429990717922812,1.5345880524764286,30,1,,2000,[1.2473063170132055]
vision_world_model,test_physics_ood,2,endpoint_force_mae_N_h1,1.1830007551131012,0.9109612925841292,1.4377737830212183,30,1,,2000,[1.1830007551131012]
vision_world_model,test_physics_ood,0,endpoint_force_mae_N_h2,1.1541507399001987,0.8861976767270977,1.4264711803679906,30,1,,2000,[1.1541507399001987]
vision_world_model,test_physics_ood,1,endpoint_force_mae_N_h2,1.2627116767603352,0.9749513437294108,1.5466290807456933,30,1,,2000,[1.2627116767603352]
vision_world_model,test_physics_ood,2,endpoint_force_mae_N_h2,1.1845218827645294,0.9182429117254602,1.445444269270125,30,1,,2000,[1.1845218827645294]
vision_world_model,test_physics_ood,0,endpoint_force_mae_N_h3,1.2003305614144644,0.9247724618325398,1.4798605212847853,30,1,,2000,[1.2003305614144644]
vision_world_model,test_physics_ood,1,endpoint_force_mae_N_h3,1.2869813135628485,1.004547308632802,1.5697771993603091,30,1,,2000,[1.2869813135628485]
vision_world_model,test_physics_ood,2,endpoint_force_mae_N_h3,1.2218941371737444,0.9507942335647186,1.489254771071526,30,1,,2000,[1.2218941371737444]
vision_world_model,test_physics_ood,0,endpoint_force_mae_N_h4,1.222724988005055,0.9523554101595612,1.5013568225501674,30,1,,2000,[1.222724988005055]
vision_world_model,test_physics_ood,1,endpoint_force_mae_N_h4,1.2931623930868659,1.0144734971387985,1.5715333734134866,30,1,,2000,[1.2931623930868659]
vision_world_model,test_physics_ood,2,endpoint_force_mae_N_h4,1.2310265945228833,0.957841001330296,1.5011823101435202,30,1,,2000,[1.2310265945228833]
vision_world_model,test_physics_ood,0,endpoint_force_mae_N_h5,1.25831021717258,0.9881047902978047,1.528404337059829,30,1,,2000,[1.25831021717258]
vision_world_model,test_physics_ood,1,endpoint_force_mae_N_h5,1.3052692833015074,1.023053555177887,1.5797599959815678,30,1,,2000,[1.3052692833015074]
vision_world_model,test_physics_ood,2,endpoint_force_mae_N_h5,1.2471522547859974,0.9748373396461572,1.5179282154442173,30,1,,2000,[1.2471522547859974]
vision_world_model,test_physics_ood,0,height_episode_coverage,0.9333333333333333,0.8333333333333334,1.0,30,1,,2000,[0.9333333333333333]
vision_world_model,test_physics_ood,1,height_episode_coverage,1.0,1.0,1.0,30,1,,2000,[1.0]
vision_world_model,test_physics_ood,2,height_episode_coverage,0.8666666666666667,0.7333333333333333,0.9666666666666667,30,1,,2000,[0.8666666666666667]
vision_world_model,test_physics_ood,0,height_mae_m,0.006238625759543437,0.005143649567682102,0.007310250824267536,30,1,,2000,[0.006238625759543437]
vision_world_model,test_physics_ood,1,height_mae_m,0.0037777787666224564,0.0032656373751049008,0.004298148618943459,30,1,,2000,[0.0037777787666224564]
vision_world_model,test_physics_ood,2,height_mae_m,0.003974974485966312,0.003311668342123893,0.004605479247262863,30,1,,2000,[0.003974974485966312]
vision_world_model,test_physics_ood,0,height_mae_m_h1,0.005007877594066991,0.004132002893266165,0.005873267981409703,30,1,,2000,[0.005007877594066991]
vision_world_model,test_physics_ood,1,height_mae_m_h1,0.0033624213796833325,0.0027929585531900458,0.004028271760679975,30,1,,2000,[0.0033624213796833325]
vision_world_model,test_physics_ood,2,height_mae_m_h1,0.003726231437499842,0.0030785195810005663,0.004381391087249439,30,1,,2000,[0.003726231437499842]
vision_world_model,test_physics_ood,0,height_mae_m_h2,0.005532511227647774,0.0045355545274133975,0.006492933098736102,30,1,,2000,[0.005532511227647774]
vision_world_model,test_physics_ood,1,height_mae_m_h2,0.0033680729952821923,0.0028765433772803385,0.0038838225479444696,30,1,,2000,[0.0033680729952821923]
vision_world_model,test_physics_ood,2,height_mae_m_h2,0.003688841970433714,0.0030166952023339237,0.0043232986176881235,30,1,,2000,[0.003688841970433714]
vision_world_model,test_physics_ood,0,height_mae_m_h3,0.006244759412365966,0.005087404607070009,0.0073965768504211955,30,1,,2000,[0.006244759412365966]
vision_world_model,test_physics_ood,1,height_mae_m_h3,0.0035528268367892857,0.003080201142908158,0.004013831607826028,30,1,,2000,[0.0035528268367892857]
vision_world_model,test_physics_ood,2,height_mae_m_h3,0.003867428037378381,0.003166711981647596,0.004533896844390457,30,1,,2000,[0.003867428037378381]
vision_world_model,test_physics_ood,0,height_mae_m_h4,0.006878322693066568,0.0055869885745099355,0.008195932629649176,30,1,,2000,[0.006878322693066568]
vision_world_model,test_physics_ood,1,height_mae_m_h4,0.0040250363945961,0.0034688929417243343,0.004549181864342245,30,1,,2000,[0.0040250363945961]
vision_world_model,test_physics_ood,2,height_mae_m_h4,0.0041125510637842425,0.0034095933617435447,0.00477642679999796,30,1,,2000,[0.0041125510637842425]
vision_world_model,test_physics_ood,0,height_mae_m_h5,0.007529657870569887,0.006145599873215866,0.008924121801738186,30,1,,2000,[0.007529657870569887]
vision_world_model,test_physics_ood,1,height_mae_m_h5,0.004580536226761372,0.003936993362214707,0.005196825382504256,30,1,,2000,[0.004580536226761372]
vision_world_model,test_physics_ood,2,height_mae_m_h5,0.004479819920735382,0.003765319741299512,0.005137878950812187,30,1,,2000,[0.004479819920735382]
vision_world_model,test_physics_ood,0,interval_peak_mae_N,2.8943812572956085,2.1610969608717494,3.6544293603142104,30,1,,2000,[2.8943812572956085]
vision_world_model,test_physics_ood,1,interval_peak_mae_N,3.142390980535083,2.3469195290684697,3.949937248659796,30,1,,2000,[3.142390980535083]
vision_world_model,test_physics_ood,2,interval_peak_mae_N,2.89432560939259,2.1589190879431035,3.615827222448587,30,1,,2000,[2.89432560939259]
vision_world_model,test_physics_ood,0,interval_peak_mae_N_h1,2.824096159272724,2.0804648445347946,3.583019333710273,30,1,,2000,[2.824096159272724]
vision_world_model,test_physics_ood,1,interval_peak_mae_N_h1,3.11018483016226,2.255744869169262,3.9432075388696455,30,1,,2000,[3.11018483016226]
vision_world_model,test_physics_ood,2,interval_peak_mae_N_h1,2.849543503522873,2.1015354336831304,3.5537850295073454,30,1,,2000,[2.849543503522873]
vision_world_model,test_physics_ood,0,interval_peak_mae_N_h2,2.8020389372772643,2.0807487206459045,3.54276609901587,30,1,,2000,[2.8020389372772643]
vision_world_model,test_physics_ood,1,interval_peak_mae_N_h2,3.1313385342227087,2.2981078994936412,3.9572768450246913,30,1,,2000,[3.1313385342227087]
vision_world_model,test_physics_ood,2,interval_peak_mae_N_h2,2.839223653740353,2.113039307276408,3.557346113592386,30,1,,2000,[2.839223653740353]
vision_world_model,test_physics_ood,0,interval_peak_mae_N_h3,2.8879529314570958,2.142540927304162,3.6664234435756993,30,1,,2000,[2.8879529314570958]
vision_world_model,test_physics_ood,1,interval_peak_mae_N_h3,3.1541598660416073,2.3555395325819655,3.964165675825542,30,1,,2000,[3.1541598660416073]
vision_world_model,test_physics_ood,2,interval_peak_mae_N_h3,2.9130918663077883,2.178653642760383,3.6381444519493313,30,1,,2000,[2.9130918663077883]
vision_world_model,test_physics_ood,0,interval_peak_mae_N_h4,2.929309242963791,2.1865821989576024,3.7001535299519697,30,1,,2000,[2.929309242963791]
vision_world_model,test_physics_ood,1,interval_peak_mae_N_h4,3.1484282251199085,2.3535052094658218,3.950113780806461,30,1,,2000,[3.1484282251199085]
vision_world_model,test_physics_ood,2,interval_peak_mae_N_h4,2.916389998065101,2.170017215738694,3.6628092780874835,30,1,,2000,[2.916389998065101]
vision_world_model,test_physics_ood,0,interval_peak_mae_N_h5,3.028509015507168,2.303798026263714,3.7800268198384175,30,1,,2000,[3.028509015507168]
vision_world_model,test_physics_ood,1,interval_peak_mae_N_h5,3.1678434471289316,2.3878054507772126,3.9600318424304324,30,1,,2000,[3.1678434471289316]
vision_world_model,test_physics_ood,2,interval_peak_mae_N_h5,2.953379025326835,2.203351682994101,3.7154891073471967,30,1,,2000,[2.953379025326835]
vision_world_model,test_physics_ood,0,joint_episode_coverage,0.9,0.8,1.0,30,1,,2000,[0.9]
vision_world_model,test_physics_ood,1,joint_episode_coverage,1.0,1.0,1.0,30,1,,2000,[1.0]
vision_world_model,test_physics_ood,2,joint_episode_coverage,0.8333333333333334,0.7,0.9333333333333333,30,1,,2000,[0.8333333333333334]
vision_world_model,test_physics_ood,0,peak_episode_coverage,0.9666666666666667,0.9,1.0,30,1,,2000,[0.9666666666666667]
vision_world_model,test_physics_ood,1,peak_episode_coverage,1.0,1.0,1.0,30,1,,2000,[1.0]
vision_world_model,test_physics_ood,2,peak_episode_coverage,0.9333333333333333,0.8333333333333334,1.0,30,1,,2000,[0.9333333333333333]
visuotactile_persistence,test_combined_ood,0,contact_forecast_fraction,0.3397777777777778,0.23154999999999998,0.44889444444444443,30,1,,2000,[0.3397777777777778]
visuotactile_persistence,test_combined_ood,1,contact_forecast_fraction,0.3397777777777778,0.23154999999999998,0.44889444444444443,30,1,,2000,[0.3397777777777778]
visuotactile_persistence,test_combined_ood,2,contact_forecast_fraction,0.3397777777777778,0.23154999999999998,0.44889444444444443,30,1,,2000,[0.3397777777777778]
visuotactile_persistence,test_combined_ood,0,contact_phase_endpoint_force_mae_N,0.38978531538995587,0.2843136506249686,0.5356328630910724,30,1,,2000,[0.38978531538995587]
visuotactile_persistence,test_combined_ood,1,contact_phase_endpoint_force_mae_N,0.38978531538995587,0.2843136506249686,0.5356328630910724,30,1,,2000,[0.38978531538995587]
visuotactile_persistence,test_combined_ood,2,contact_phase_endpoint_force_mae_N,0.38978531538995587,0.2843136506249686,0.5356328630910724,30,1,,2000,[0.38978531538995587]
visuotactile_persistence,test_combined_ood,0,endpoint_force_mae_N,0.13244038827360943,0.07477650196453862,0.19955522494314412,30,1,,2000,[0.13244038827360943]
visuotactile_persistence,test_combined_ood,1,endpoint_force_mae_N,0.13244038827360943,0.07477650196453862,0.19955522494314412,30,1,,2000,[0.13244038827360943]
visuotactile_persistence,test_combined_ood,2,endpoint_force_mae_N,0.13244038827360943,0.07477650196453862,0.19955522494314412,30,1,,2000,[0.13244038827360943]
visuotactile_persistence,test_combined_ood,0,endpoint_force_mae_N_h1,0.08901802518236865,0.047282167687011815,0.14093736957994943,30,1,,2000,[0.08901802518236865]
visuotactile_persistence,test_combined_ood,1,endpoint_force_mae_N_h1,0.08901802518236865,0.047282167687011815,0.14093736957994943,30,1,,2000,[0.08901802518236865]
visuotactile_persistence,test_combined_ood,2,endpoint_force_mae_N_h1,0.08901802518236865,0.047282167687011815,0.14093736957994943,30,1,,2000,[0.08901802518236865]
visuotactile_persistence,test_combined_ood,0,endpoint_force_mae_N_h2,0.10929438429479314,0.05899189813069448,0.1718918324433723,30,1,,2000,[0.10929438429479314]
visuotactile_persistence,test_combined_ood,1,endpoint_force_mae_N_h2,0.10929438429479314,0.05899189813069448,0.1718918324433723,30,1,,2000,[0.10929438429479314]
visuotactile_persistence,test_combined_ood,2,endpoint_force_mae_N_h2,0.10929438429479314,0.05899189813069448,0.1718918324433723,30,1,,2000,[0.10929438429479314]
visuotactile_persistence,test_combined_ood,0,endpoint_force_mae_N_h3,0.13287260102089257,0.07352498654932627,0.20289668515316117,30,1,,2000,[0.13287260102089257]
visuotactile_persistence,test_combined_ood,1,endpoint_force_mae_N_h3,0.13287260102089257,0.07352498654932627,0.20289668515316117,30,1,,2000,[0.13287260102089257]
visuotactile_persistence,test_combined_ood,2,endpoint_force_mae_N_h3,0.13287260102089257,0.07352498654932627,0.20289668515316117,30,1,,2000,[0.13287260102089257]
visuotactile_persistence,test_combined_ood,0,endpoint_force_mae_N_h4,0.15943499226101537,0.08864189994518744,0.24212850603653618,30,1,,2000,[0.15943499226101537]
visuotactile_persistence,test_combined_ood,1,endpoint_force_mae_N_h4,0.15943499226101537,0.08864189994518744,0.24212850603653618,30,1,,2000,[0.15943499226101537]
visuotactile_persistence,test_combined_ood,2,endpoint_force_mae_N_h4,0.15943499226101537,0.08864189994518744,0.24212850603653618,30,1,,2000,[0.15943499226101537]
visuotactile_persistence,test_combined_ood,0,endpoint_force_mae_N_h5,0.17158193860897747,0.10114937947110565,0.25005142825436305,30,1,,2000,[0.17158193860897747]
visuotactile_persistence,test_combined_ood,1,endpoint_force_mae_N_h5,0.17158193860897747,0.10114937947110565,0.25005142825436305,30,1,,2000,[0.17158193860897747]
visuotactile_persistence,test_combined_ood,2,endpoint_force_mae_N_h5,0.17158193860897747,0.10114937947110565,0.25005142825436305,30,1,,2000,[0.17158193860897747]
visuotactile_persistence,test_combined_ood,0,height_mae_m,0.004057792708216261,0.0029351677559072815,0.005155390046915674,30,1,,2000,[0.004057792708216261]
visuotactile_persistence,test_combined_ood,1,height_mae_m,0.005063962586353429,0.0039029952400263736,0.006251225522147918,30,1,,2000,[0.005063962586353429]
visuotactile_persistence,test_combined_ood,2,height_mae_m,0.00424684874155274,0.0030768455728870723,0.005374862910336295,30,1,,2000,[0.00424684874155274]
visuotactile_persistence,test_combined_ood,0,height_mae_m_h1,0.0029683574805191406,0.0022399307419594455,0.0037371709327756737,30,1,,2000,[0.0029683574805191406]
visuotactile_persistence,test_combined_ood,1,height_mae_m_h1,0.004370502925335636,0.003384887823029001,0.005453144846529338,30,1,,2000,[0.004370502925335636]
visuotactile_persistence,test_combined_ood,2,height_mae_m_h1,0.0033664179506983295,0.002512127977580046,0.004284406780063969,30,1,,2000,[0.0033664179506983295]
visuotactile_persistence,test_combined_ood,0,height_mae_m_h2,0.003339547951893312,0.0024607241448538846,0.004219456602428787,30,1,,2000,[0.003339547951893312]
visuotactile_persistence,test_combined_ood,1,height_mae_m_h2,0.004590617383138225,0.0035756858325443723,0.00565388500040798,30,1,,2000,[0.004590617383138225]
visuotactile_persistence,test_combined_ood,2,height_mae_m_h2,0.003629628534674541,0.0026934567052521743,0.0045617310499478135,30,1,,2000,[0.003629628534674541]
visuotactile_persistence,test_combined_ood,0,height_mae_m_h3,0.003966633341931609,0.0028625267252593606,0.005056613304554048,30,1,,2000,[0.003966633341931609]
visuotactile_persistence,test_combined_ood,1,height_mae_m_h3,0.004953612016688567,0.003827192228031183,0.00609281764182621,30,1,,2000,[0.004953612016688567]
visuotactile_persistence,test_combined_ood,2,height_mae_m_h3,0.0041247830870431955,0.00299337140400894,0.005236740914865448,30,1,,2000,[0.0041247830870431955]
visuotactile_persistence,test_combined_ood,0,height_mae_m_h4,0.004648844710868111,0.0033098285565696037,0.0059699592180639,30,1,,2000,[0.004648844710868111]
visuotactile_persistence,test_combined_ood,1,height_mae_m_h4,0.005416107420427983,0.004115644991315397,0.006712341411119268,30,1,,2000,[0.005416107420427983]
visuotactile_persistence,test_combined_ood,2,height_mae_m_h4,0.004731395391152344,0.003373663381616805,0.006058893903504618,30,1,,2000,[0.004731395391152344]
visuotactile_persistence,test_combined_ood,0,height_mae_m_h5,0.005365580055869133,0.0038013422344487886,0.00690104228187556,30,1,,2000,[0.005365580055869133]
visuotactile_persistence,test_combined_ood,1,height_mae_m_h5,0.005988973186176736,0.004490260233943344,0.007514600842954274,30,1,,2000,[0.005988973186176736]
visuotactile_persistence,test_combined_ood,2,height_mae_m_h5,0.005382018744195294,0.0038246528756588102,0.006928207393181057,30,1,,2000,[0.005382018744195294]
visuotactile_persistence,test_combined_ood,0,interval_peak_mae_N,0.6930522432459725,0.39565885948903035,1.0667295157916012,30,1,,2000,[0.6930522432459725]
visuotactile_persistence,test_combined_ood,1,interval_peak_mae_N,0.7877268040047751,0.4214152732223272,1.2424943460769124,30,1,,2000,[0.7877268040047751]
visuotactile_persistence,test_combined_ood,2,interval_peak_mae_N,0.630479675941997,0.3441358493950632,1.0138235857023132,30,1,,2000,[0.630479675941997]
visuotactile_persistence,test_combined_ood,0,interval_peak_mae_N_h1,0.6360275647375319,0.3617069073816141,0.9881381684508588,30,1,,2000,[0.6360275647375319]
visuotactile_persistence,test_combined_ood,1,interval_peak_mae_N_h1,0.729525173637602,0.3909166720542643,1.1620778729981842,30,1,,2000,[0.729525173637602]
visuotactile_persistence,test_combined_ood,2,interval_peak_mae_N_h1,0.571837361521191,0.30672372545467486,0.9295092382199232,30,1,,2000,[0.571837361521191]
visuotactile_persistence,test_combined_ood,0,interval_peak_mae_N_h2,0.6566034219000074,0.3733701146907277,1.0185230574144257,30,1,,2000,[0.6566034219000074]
visuotactile_persistence,test_combined_ood,1,interval_peak_mae_N_h2,0.7508691452609169,0.3994529144035446,1.194715685519907,30,1,,2000,[0.7508691452609169]
visuotactile_persistence,test_combined_ood,2,interval_peak_mae_N_h2,0.5927196183469561,0.31919592975576716,0.9617839225629965,30,1,,2000,[0.5927196183469561]
visuotactile_persistence,test_combined_ood,0,interval_peak_mae_N_h3,0.6882263395521376,0.39179853648609586,1.0569763785103956,30,1,,2000,[0.6882263395521376]
visuotactile_persistence,test_combined_ood,1,interval_peak_mae_N_h3,0.7839323431915707,0.4247028687066502,1.235131163951423,30,1,,2000,[0.7839323431915707]
visuotactile_persistence,test_combined_ood,2,interval_peak_mae_N_h3,0.6249744750393762,0.3394483385847675,0.9990775875482293,30,1,,2000,[0.6249744750393762]
visuotactile_persistence,test_combined_ood,0,interval_peak_mae_N_h4,0.724069186647733,0.4137662204586798,1.1161274765763018,30,1,,2000,[0.724069186647733]
visuotactile_persistence,test_combined_ood,1,interval_peak_mae_N_h4,0.8192555901077059,0.44057136012613773,1.2851852865599918,30,1,,2000,[0.8192555901077059]
visuotactile_persistence,test_combined_ood,2,interval_peak_mae_N_h4,0.6619640196031994,0.359145282684101,1.0623849246915842,30,1,,2000,[0.6619640196031994]
visuotactile_persistence,test_combined_ood,0,interval_peak_mae_N_h5,0.7603347033924527,0.441629823161496,1.1595106626417901,30,1,,2000,[0.7603347033924527]
visuotactile_persistence,test_combined_ood,1,interval_peak_mae_N_h5,0.8550517678260803,0.46809264132711625,1.3287557078070111,30,1,,2000,[0.8550517678260803]
visuotactile_persistence,test_combined_ood,2,interval_peak_mae_N_h5,0.7009029051992628,0.3868069918652376,1.1062172699471309,30,1,,2000,[0.7009029051992628]
visuotactile_persistence,test_geometry_ood,0,contact_forecast_fraction,0.4928888888888889,0.3915388888888889,0.5822277777777777,30,1,,2000,[0.4928888888888889]
visuotactile_persistence,test_geometry_ood,1,contact_forecast_fraction,0.4928888888888889,0.3915388888888889,0.5822277777777777,30,1,,2000,[0.4928888888888889]
visuotactile_persistence,test_geometry_ood,2,contact_forecast_fraction,0.4928888888888889,0.3915388888888889,0.5822277777777777,30,1,,2000,[0.4928888888888889]
visuotactile_persistence,test_geometry_ood,0,contact_phase_endpoint_force_mae_N,0.5950592953719551,0.4135535514865767,0.7786483749528775,30,1,,2000,[0.5950592953719551]
visuotactile_persistence,test_geometry_ood,1,contact_phase_endpoint_force_mae_N,0.5950592953719551,0.4135535514865767,0.7786483749528775,30,1,,2000,[0.5950592953719551]
visuotactile_persistence,test_geometry_ood,2,contact_phase_endpoint_force_mae_N,0.5950592953719551,0.4135535514865767,0.7786483749528775,30,1,,2000,[0.5950592953719551]
visuotactile_persistence,test_geometry_ood,0,endpoint_force_mae_N,0.2932981149188881,0.18770841220620874,0.41011564741062523,30,1,,2000,[0.2932981149188881]
visuotactile_persistence,test_geometry_ood,1,endpoint_force_mae_N,0.2932981149188881,0.18770841220620874,0.41011564741062523,30,1,,2000,[0.2932981149188881]
visuotactile_persistence,test_geometry_ood,2,endpoint_force_mae_N,0.2932981149188881,0.18770841220620874,0.41011564741062523,30,1,,2000,[0.2932981149188881]
visuotactile_persistence,test_geometry_ood,0,endpoint_force_mae_N_h1,0.23329241711128917,0.13581257893338786,0.3430364641711769,30,1,,2000,[0.23329241711128917]
visuotactile_persistence,test_geometry_ood,1,endpoint_force_mae_N_h1,0.23329241711128917,0.13581257893338786,0.3430364641711769,30,1,,2000,[0.23329241711128917]
visuotactile_persistence,test_geometry_ood,2,endpoint_force_mae_N_h1,0.23329241711128917,0.13581257893338786,0.3430364641711769,30,1,,2000,[0.23329241711128917]
visuotactile_persistence,test_geometry_ood,0,endpoint_force_mae_N_h2,0.27507391439099727,0.16449160506641622,0.4050745693657847,30,1,,2000,[0.27507391439099727]
visuotactile_persistence,test_geometry_ood,1,endpoint_force_mae_N_h2,0.27507391439099727,0.16449160506641622,0.4050745693657847,30,1,,2000,[0.27507391439099727]
visuotactile_persistence,test_geometry_ood,2,endpoint_force_mae_N_h2,0.27507391439099727,0.16449160506641622,0.4050745693657847,30,1,,2000,[0.27507391439099727]
visuotactile_persistence,test_geometry_ood,0,endpoint_force_mae_N_h3,0.2950442501844804,0.1891448195705867,0.4132465125934773,30,1,,2000,[0.2950442501844804]
visuotactile_persistence,test_geometry_ood,1,endpoint_force_mae_N_h3,0.2950442501844804,0.1891448195705867,0.4132465125934773,30,1,,2000,[0.2950442501844804]
visuotactile_persistence,test_geometry_ood,2,endpoint_force_mae_N_h3,0.2950442501844804,0.1891448195705867,0.4132465125934773,30,1,,2000,[0.2950442501844804]
visuotactile_persistence,test_geometry_ood,0,endpoint_force_mae_N_h4,0.3038196232218157,0.20360852553668168,0.4066363002138796,30,1,,2000,[0.3038196232218157]
visuotactile_persistence,test_geometry_ood,1,endpoint_force_mae_N_h4,0.3038196232218157,0.20360852553668168,0.4066363002138796,30,1,,2000,[0.3038196232218157]
visuotactile_persistence,test_geometry_ood,2,endpoint_force_mae_N_h4,0.3038196232218157,0.20360852553668168,0.4066363002138796,30,1,,2000,[0.3038196232218157]
visuotactile_persistence,test_geometry_ood,0,endpoint_force_mae_N_h5,0.35926036968585795,0.23410806114538746,0.4964498682922113,30,1,,2000,[0.35926036968585795]
visuotactile_persistence,test_geometry_ood,1,endpoint_force_mae_N_h5,0.35926036968585795,0.23410806114538746,0.4964498682922113,30,1,,2000,[0.35926036968585795]
visuotactile_persistence,test_geometry_ood,2,endpoint_force_mae_N_h5,0.35926036968585795,0.23410806114538746,0.4964498682922113,30,1,,2000,[0.35926036968585795]
visuotactile_persistence,test_geometry_ood,0,height_mae_m,0.007040646675424392,0.005331335732255442,0.008853820098579063,30,1,,2000,[0.007040646675424392]
visuotactile_persistence,test_geometry_ood,1,height_mae_m,0.007105858297837484,0.0057397734509532,0.008440424631351844,30,1,,2000,[0.007105858297837484]
visuotactile_persistence,test_geometry_ood,2,height_mae_m,0.006237183494862014,0.00497431637806197,0.007501672234903607,30,1,,2000,[0.006237183494862014]
visuotactile_persistence,test_geometry_ood,0,height_mae_m_h1,0.0053349960511938355,0.003957756097784214,0.006889393300434069,30,1,,2000,[0.0053349960511938355]
visuotactile_persistence,test_geometry_ood,1,height_mae_m_h1,0.005646339619157111,0.004380013285264593,0.006894425706566026,30,1,,2000,[0.005646339619157111]
visuotactile_persistence,test_geometry_ood,2,height_mae_m_h1,0.004663747439885305,0.0035441095420699433,0.005791575108911881,30,1,,2000,[0.004663747439885305]
visuotactile_persistence,test_geometry_ood,0,height_mae_m_h2,0.005998815645968231,0.004467593882868338,0.007694714258635132,30,1,,2000,[0.005998815645968231]
visuotactile_persistence,test_geometry_ood,1,height_mae_m_h2,0.006215813094070957,0.004949539518485027,0.007467992806956722,30,1,,2000,[0.006215813094070957]
visuotactile_persistence,test_geometry_ood,2,height_mae_m_h2,0.005305126797369061,0.004174114622945329,0.006449790092181906,30,1,,2000,[0.005305126797369061]
visuotactile_persistence,test_geometry_ood,0,height_mae_m_h3,0.006943573967889986,0.005228707679629831,0.0087730943017733,30,1,,2000,[0.006943573967889986]
visuotactile_persistence,test_geometry_ood,1,height_mae_m_h3,0.0069625627575442195,0.005619543735285536,0.008267773502336543,30,1,,2000,[0.0069625627575442195]
visuotactile_persistence,test_geometry_ood,2,height_mae_m_h3,0.006132963004121039,0.0048721675172629245,0.007372926051814122,30,1,,2000,[0.006132963004121039]
visuotactile_persistence,test_geometry_ood,0,height_mae_m_h4,0.007945604067483347,0.006074126616200375,0.009927914800546812,30,1,,2000,[0.007945604067483347]
visuotactile_persistence,test_geometry_ood,1,height_mae_m_h4,0.00785800337442197,0.006403423662607869,0.009278459139567631,30,1,,2000,[0.00785800337442197]
visuotactile_persistence,test_geometry_ood,2,height_mae_m_h4,0.007043180762751338,0.005631148003447581,0.008405557467243247,30,1,,2000,[0.007043180762751338]
visuotactile_persistence,test_geometry_ood,0,height_mae_m_h5,0.008980243644586557,0.00692602742668694,0.011086746760189673,30,1,,2000,[0.008980243644586557]
visuotactile_persistence,test_geometry_ood,1,height_mae_m_h5,0.008846572643993163,0.00720915180881679,0.010426079512674833,30,1,,2000,[0.008846572643993163]
visuotactile_persistence,test_geometry_ood,2,height_mae_m_h5,0.008040899470183325,0.006479132708911492,0.009572354675359544,30,1,,2000,[0.008040899470183325]
visuotactile_persistence,test_geometry_ood,0,interval_peak_mae_N,0.9652385469675064,0.6147105118393897,1.3693234037111204,30,1,,2000,[0.9652385469675064]
visuotactile_persistence,test_geometry_ood,1,interval_peak_mae_N,1.4493866581784354,0.8719615672992336,2.081874470347166,30,1,,2000,[1.4493866581784354]
visuotactile_persistence,test_geometry_ood,2,interval_peak_mae_N,1.170837485909462,0.7438126647909482,1.670929549850689,30,1,,2000,[1.170837485909462]
visuotactile_persistence,test_geometry_ood,0,interval_peak_mae_N_h1,0.8625392823086845,0.5278244506186909,1.2474661364754038,30,1,,2000,[0.8625392823086845]
visuotactile_persistence,test_geometry_ood,1,interval_peak_mae_N_h1,1.3487007254362107,0.7870023073123561,1.956286893515123,30,1,,2000,[1.3487007254362107]
visuotactile_persistence,test_geometry_ood,2,interval_peak_mae_N_h1,1.069441742963261,0.6636052363034751,1.5451960889266596,30,1,,2000,[1.069441742963261]
visuotactile_persistence,test_geometry_ood,0,interval_peak_mae_N_h2,0.9095525323682361,0.5665746793349584,1.3020345262338715,30,1,,2000,[0.9095525323682361]
visuotactile_persistence,test_geometry_ood,1,interval_peak_mae_N_h2,1.3968570984072155,0.8281888963994053,2.0135412067605385,30,1,,2000,[1.3968570984072155]
visuotactile_persistence,test_geometry_ood,2,interval_peak_mae_N_h2,1.114617916279369,0.7015333004577292,1.598526978800694,30,1,,2000,[1.114617916279369]
visuotactile_persistence,test_geometry_ood,0,interval_peak_mae_N_h3,0.9704496687650681,0.6219185971783268,1.3755432643708252,30,1,,2000,[0.9704496687650681]
visuotactile_persistence,test_geometry_ood,1,interval_peak_mae_N_h3,1.456699589424663,0.8785676744298803,2.088318871297769,30,1,,2000,[1.456699589424663]
visuotactile_persistence,test_geometry_ood,2,interval_peak_mae_N_h3,1.1757526326841778,0.751751354434424,1.6742634840293058,30,1,,2000,[1.1757526326841778]
visuotactile_persistence,test_geometry_ood,0,interval_peak_mae_N_h4,1.0126846288310156,0.6587964371012317,1.4298551563951705,30,1,,2000,[1.0126846288310156]
visuotactile_persistence,test_geometry_ood,1,interval_peak_mae_N_h4,1.4945726291338604,0.9098714693221781,2.1401288148197852,30,1,,2000,[1.4945726291338604]
visuotactile_persistence,test_geometry_ood,2,interval_peak_mae_N_h4,1.2173104702101814,0.7796301362282699,1.728918453570869,30,1,,2000,[1.2173104702101814]
visuotactile_persistence,test_geometry_ood,0,interval_peak_mae_N_h5,1.0709666225645278,0.7065935179475281,1.5035400757193564,30,1,,2000,[1.0709666225645278]
visuotactile_persistence,test_geometry_ood,1,interval_peak_mae_N_h5,1.5501032484902275,0.9565678552389144,2.2151544597115778,30,1,,2000,[1.5501032484902275]
visuotactile_persistence,test_geometry_ood,2,interval_peak_mae_N_h5,1.2770646674103208,0.8283964004665613,1.804262766200635,30,1,,2000,[1.2770646674103208]
visuotactile_persistence,test_id,0,contact_forecast_fraction,0.4688888888888889,0.3591111111111111,0.5722277777777777,30,1,,2000,[0.4688888888888889]
visuotactile_persistence,test_id,1,contact_forecast_fraction,0.4688888888888889,0.3591111111111111,0.5722277777777777,30,1,,2000,[0.4688888888888889]
visuotactile_persistence,test_id,2,contact_forecast_fraction,0.4688888888888889,0.3591111111111111,0.5722277777777777,30,1,,2000,[0.4688888888888889]
visuotactile_persistence,test_id,0,contact_phase_endpoint_force_mae_N,0.22711498944182978,0.17263931439704608,0.2931356784041681,30,1,,2000,[0.22711498944182978]
visuotactile_persistence,test_id,1,contact_phase_endpoint_force_mae_N,0.22711498944182978,0.17263931439704608,0.2931356784041681,30,1,,2000,[0.22711498944182978]
visuotactile_persistence,test_id,2,contact_phase_endpoint_force_mae_N,0.22711498944182978,0.17263931439704608,0.2931356784041681,30,1,,2000,[0.22711498944182978]
visuotactile_persistence,test_id,0,endpoint_force_mae_N,0.1064916950493913,0.07147515026921303,0.14493339748738282,30,1,,2000,[0.1064916950493913]
visuotactile_persistence,test_id,1,endpoint_force_mae_N,0.1064916950493913,0.07147515026921303,0.14493339748738282,30,1,,2000,[0.1064916950493913]
visuotactile_persistence,test_id,2,endpoint_force_mae_N,0.1064916950493913,0.07147515026921303,0.14493339748738282,30,1,,2000,[0.1064916950493913]
visuotactile_persistence,test_id,0,endpoint_force_mae_N_h1,0.05235146603124492,0.027912100422804037,0.08408403718098563,30,1,,2000,[0.05235146603124492]
visuotactile_persistence,test_id,1,endpoint_force_mae_N_h1,0.05235146603124492,0.027912100422804037,0.08408403718098563,30,1,,2000,[0.05235146603124492]
visuotactile_persistence,test_id,2,endpoint_force_mae_N_h1,0.05235146603124492,0.027912100422804037,0.08408403718098563,30,1,,2000,[0.05235146603124492]
visuotactile_persistence,test_id,0,endpoint_force_mae_N_h2,0.07530575405996016,0.0469848518488256,0.1085936981636634,30,1,,2000,[0.07530575405996016]
visuotactile_persistence,test_id,1,endpoint_force_mae_N_h2,0.07530575405996016,0.0469848518488256,0.1085936981636634,30,1,,2000,[0.07530575405996016]
visuotactile_persistence,test_id,2,endpoint_force_mae_N_h2,0.07530575405996016,0.0469848518488256,0.1085936981636634,30,1,,2000,[0.07530575405996016]
visuotactile_persistence,test_id,0,endpoint_force_mae_N_h3,0.1021157442675731,0.068504472626011,0.1388866692516948,30,1,,2000,[0.1021157442675731]
visuotactile_persistence,test_id,1,endpoint_force_mae_N_h3,0.1021157442675731,0.068504472626011,0.1388866692516948,30,1,,2000,[0.1021157442675731]
visuotactile_persistence,test_id,2,endpoint_force_mae_N_h3,0.1021157442675731,0.068504472626011,0.1388866692516948,30,1,,2000,[0.1021157442675731]
visuotactile_persistence,test_id,0,endpoint_force_mae_N_h4,0.14018769327999542,0.09555644011194386,0.18941499346804677,30,1,,2000,[0.14018769327999542]
visuotactile_persistence,test_id,1,endpoint_force_mae_N_h4,0.14018769327999542,0.09555644011194386,0.18941499346804677,30,1,,2000,[0.14018769327999542]
visuotactile_persistence,test_id,2,endpoint_force_mae_N_h4,0.14018769327999542,0.09555644011194386,0.18941499346804677,30,1,,2000,[0.14018769327999542]
visuotactile_persistence,test_id,0,endpoint_force_mae_N_h5,0.1624978176081829,0.11310499916109688,0.2155604088595697,30,1,,2000,[0.1624978176081829]
visuotactile_persistence,test_id,1,endpoint_force_mae_N_h5,0.1624978176081829,0.11310499916109688,0.2155604088595697,30,1,,2000,[0.1624978176081829]
visuotactile_persistence,test_id,2,endpoint_force_mae_N_h5,0.1624978176081829,0.11310499916109688,0.2155604088595697,30,1,,2000,[0.1624978176081829]
visuotactile_persistence,test_id,0,height_mae_m,0.004090718506080318,0.003270494076047544,0.004825143038296543,30,1,,2000,[0.004090718506080318]
visuotactile_persistence,test_id,1,height_mae_m,0.00451606440044836,0.003743305892482426,0.005168355224729748,30,1,,2000,[0.00451606440044836]
visuotactile_persistence,test_id,2,height_mae_m,0.0040291441572238304,0.003205375998939174,0.004768831062996226,30,1,,2000,[0.0040291441572238304]
visuotactile_persistence,test_id,0,height_mae_m_h1,0.002134579997736081,0.0017812100510531713,0.0024712251887548417,30,1,,2000,[0.002134579997736081]
visuotactile_persistence,test_id,1,height_mae_m_h1,0.002531301146761204,0.002202614928403313,0.0028327719857285656,30,1,,2000,[0.002531301146761204]
visuotactile_persistence,test_id,2,height_mae_m_h1,0.0021416795007987983,0.0017594209074563373,0.0025180057983557663,30,1,,2000,[0.0021416795007987983]
visuotactile_persistence,test_id,0,height_mae_m_h2,0.003044959476481179,0.0024684651327815015,0.003552527237772664,30,1,,2000,[0.003044959476481179]
visuotactile_persistence,test_id,1,height_mae_m_h2,0.0034227782232402306,0.0029084982949676083,0.0038618417729529833,30,1,,2000,[0.0034227782232402306]
visuotactile_persistence,test_id,2,height_mae_m_h2,0.002940890032591091,0.0023731762170605686,0.0034600792350417274,30,1,,2000,[0.002940890032591091]
visuotactile_persistence,test_id,0,height_mae_m_h3,0.004018913497339883,0.003215810574271826,0.004737119625181851,30,1,,2000,[0.004018913497339883]
visuotactile_persistence,test_id,1,height_mae_m_h3,0.004439912432183822,0.00368550642704617,0.005077769949194691,30,1,,2000,[0.004439912432183822]
visuotactile_persistence,test_id,2,height_mae_m_h3,0.003931693639929614,0.0031313173168924144,0.004650064603879904,30,1,,2000,[0.003931693639929614]
visuotactile_persistence,test_id,0,height_mae_m_h4,0.005056935536542571,0.004000831642524443,0.005982970258052066,30,1,,2000,[0.005056935536542571]
visuotactile_persistence,test_id,1,height_mae_m_h4,0.005523144921882906,0.004506833254640999,0.006395140699300099,30,1,,2000,[0.005523144921882906]
visuotactile_persistence,test_id,2,height_mae_m_h4,0.004996473970734061,0.0039197405011115434,0.005934727730904341,30,1,,2000,[0.004996473970734061]
visuotactile_persistence,test_id,0,height_mae_m_h5,0.006198204022301879,0.004876178484479574,0.007365072299377061,30,1,,2000,[0.006198204022301879]
visuotactile_persistence,test_id,1,height_mae_m_h5,0.00666318527817364,0.005353980325063781,0.00777825694579547,30,1,,2000,[0.00666318527817364]
visuotactile_persistence,test_id,2,height_mae_m_h5,0.006134983642065587,0.004778651772370116,0.007313137978647622,30,1,,2000,[0.006134983642065587]
visuotactile_persistence,test_id,0,interval_peak_mae_N,0.4272515042093065,0.31167947514123384,0.573257021051645,30,1,,2000,[0.4272515042093065]
visuotactile_persistence,test_id,1,interval_peak_mae_N,0.44328579547670155,0.3357747111214532,0.5738730640086862,30,1,,2000,[0.44328579547670155]
visuotactile_persistence,test_id,2,interval_peak_mae_N,0.46145464181900026,0.3442519416173299,0.594122265158759,30,1,,2000,[0.46145464181900026]
visuotactile_persistence,test_id,0,interval_peak_mae_N_h1,0.3195564067363739,0.2257951150039832,0.44624026566412717,30,1,,2000,[0.3195564067363739]
visuotactile_persistence,test_id,1,interval_peak_mae_N_h1,0.33570606509844464,0.2509446957409382,0.44690339711308474,30,1,,2000,[0.33570606509844464]
visuotactile_persistence,test_id,2,interval_peak_mae_N_h1,0.35766291154755486,0.26316442904869713,0.47203578866852647,30,1,,2000,[0.35766291154755486]
visuotactile_persistence,test_id,0,interval_peak_mae_N_h2,0.3661961844232347,0.26480253949430255,0.49909955823752594,30,1,,2000,[0.3661961844232347]
visuotactile_persistence,test_id,1,interval_peak_mae_N_h2,0.38222163107660084,0.2882017348044449,0.5022106710374354,30,1,,2000,[0.38222163107660084]
visuotactile_persistence,test_id,2,interval_peak_mae_N_h2,0.40165100812911986,0.2976383430759112,0.5270187511642774,30,1,,2000,[0.40165100812911986]
visuotactile_persistence,test_id,0,interval_peak_mae_N_h3,0.4063340127468109,0.29777724998195965,0.5429120405250122,30,1,,2000,[0.4063340127468109]
visuotactile_persistence,test_id,1,interval_peak_mae_N_h3,0.4223420011997223,0.31966749928063815,0.5432642805079618,30,1,,2000,[0.4223420011997223]
visuotactile_persistence,test_id,2,interval_peak_mae_N_h3,0.4390567922592163,0.3262935741941134,0.5651550258530511,30,1,,2000,[0.4390567922592163]
visuotactile_persistence,test_id,0,interval_peak_mae_N_h4,0.4901559139622582,0.35857016314731704,0.6560438238282998,30,1,,2000,[0.4901559139622582]
visuotactile_persistence,test_id,1,interval_peak_mae_N_h4,0.5063794740041097,0.3808202741940816,0.6515583741565545,30,1,,2000,[0.5063794740041097]
visuotactile_persistence,test_id,2,interval_peak_mae_N_h4,0.5229848900106218,0.39303652256727223,0.6663440850641992,30,1,,2000,[0.5229848900106218]
visuotactile_persistence,test_id,0,interval_peak_mae_N_h5,0.5540150031778548,0.40633784720301624,0.7293862028486198,30,1,,2000,[0.5540150031778548]
visuotactile_persistence,test_id,1,interval_peak_mae_N_h5,0.5697798060046302,0.4291503683394856,0.7274424117174413,30,1,,2000,[0.5697798060046302]
visuotactile_persistence,test_id,2,interval_peak_mae_N_h5,0.5859176071484884,0.4408829456898901,0.739648096697198,30,1,,2000,[0.5859176071484884]
visuotactile_persistence,test_physics_ood,0,contact_forecast_fraction,0.5797777777777777,0.49844444444444447,0.641561111111111,30,1,,2000,[0.5797777777777777]
visuotactile_persistence,test_physics_ood,1,contact_forecast_fraction,0.5797777777777777,0.49844444444444447,0.641561111111111,30,1,,2000,[0.5797777777777777]
visuotactile_persistence,test_physics_ood,2,contact_forecast_fraction,0.5797777777777777,0.49844444444444447,0.641561111111111,30,1,,2000,[0.5797777777777777]
visuotactile_persistence,test_physics_ood,0,contact_phase_endpoint_force_mae_N,0.22867506113349242,0.19894167363021803,0.26055170500830094,30,1,,2000,[0.22867506113349242]
visuotactile_persistence,test_physics_ood,1,contact_phase_endpoint_force_mae_N,0.22867506113349242,0.19894167363021803,0.26055170500830094,30,1,,2000,[0.22867506113349242]
visuotactile_persistence,test_physics_ood,2,contact_phase_endpoint_force_mae_N,0.22867506113349242,0.19894167363021803,0.26055170500830094,30,1,,2000,[0.22867506113349242]
visuotactile_persistence,test_physics_ood,0,endpoint_force_mae_N,0.13258071877717373,0.10747734094913824,0.15656405710322024,30,1,,2000,[0.13258071877717373]
visuotactile_persistence,test_physics_ood,1,endpoint_force_mae_N,0.13258071877717373,0.10747734094913824,0.15656405710322024,30,1,,2000,[0.13258071877717373]
visuotactile_persistence,test_physics_ood,2,endpoint_force_mae_N,0.13258071877717373,0.10747734094913824,0.15656405710322024,30,1,,2000,[0.13258071877717373]
visuotactile_persistence,test_physics_ood,0,endpoint_force_mae_N_h1,0.05689097172035232,0.03982872042863864,0.0772102802425307,30,1,,2000,[0.05689097172035232]
visuotactile_persistence,test_physics_ood,1,endpoint_force_mae_N_h1,0.05689097172035232,0.03982872042863864,0.0772102802425307,30,1,,2000,[0.05689097172035232]
visuotactile_persistence,test_physics_ood,2,endpoint_force_mae_N_h1,0.05689097172035232,0.03982872042863864,0.0772102802425307,30,1,,2000,[0.05689097172035232]
visuotactile_persistence,test_physics_ood,0,endpoint_force_mae_N_h2,0.09705146434634958,0.07337382217320663,0.12134015638776245,30,1,,2000,[0.09705146434634958]
visuotactile_persistence,test_physics_ood,1,endpoint_force_mae_N_h2,0.09705146434634958,0.07337382217320663,0.12134015638776245,30,1,,2000,[0.09705146434634958]
visuotactile_persistence,test_physics_ood,2,endpoint_force_mae_N_h2,0.09705146434634958,0.07337382217320663,0.12134015638776245,30,1,,2000,[0.09705146434634958]
visuotactile_persistence,test_physics_ood,0,endpoint_force_mae_N_h3,0.14141431357613463,0.1135427703179238,0.16794021416248436,30,1,,2000,[0.14141431357613463]
visuotactile_persistence,test_physics_ood,1,endpoint_force_mae_N_h3,0.14141431357613463,0.1135427703179238,0.16794021416248436,30,1,,2000,[0.14141431357613463]
visuotactile_persistence,test_physics_ood,2,endpoint_force_mae_N_h3,0.14141431357613463,0.1135427703179238,0.16794021416248436,30,1,,2000,[0.14141431357613463]
visuotactile_persistence,test_physics_ood,0,endpoint_force_mae_N_h4,0.16987051993687702,0.13864411868535642,0.1972931181470039,30,1,,2000,[0.16987051993687702]
visuotactile_persistence,test_physics_ood,1,endpoint_force_mae_N_h4,0.16987051993687702,0.13864411868535642,0.1972931181470039,30,1,,2000,[0.16987051993687702]
visuotactile_persistence,test_physics_ood,2,endpoint_force_mae_N_h4,0.16987051993687702,0.13864411868535642,0.1972931181470039,30,1,,2000,[0.16987051993687702]
visuotactile_persistence,test_physics_ood,0,endpoint_force_mae_N_h5,0.19767632430615506,0.163004567450598,0.2289897326850084,30,1,,2000,[0.19767632430615506]
visuotactile_persistence,test_physics_ood,1,endpoint_force_mae_N_h5,0.19767632430615506,0.163004567450598,0.2289897326850084,30,1,,2000,[0.19767632430615506]
visuotactile_persistence,test_physics_ood,2,endpoint_force_mae_N_h5,0.19767632430615506,0.163004567450598,0.2289897326850084,30,1,,2000,[0.19767632430615506]
visuotactile_persistence,test_physics_ood,0,height_mae_m,0.005421388472016487,0.00470831900354533,0.006013356692202635,30,1,,2000,[0.005421388472016487]
visuotactile_persistence,test_physics_ood,1,height_mae_m,0.0059729641485674724,0.0052956005177237486,0.006541844489521787,30,1,,2000,[0.0059729641485674724]
visuotactile_persistence,test_physics_ood,2,height_mae_m,0.005643085257471992,0.004852784289769423,0.0062997891122180995,30,1,,2000,[0.005643085257471992]
visuotactile_persistence,test_physics_ood,0,height_mae_m_h1,0.0030007886972614668,0.002549921654024931,0.003433649703081755,30,1,,2000,[0.0030007886972614668]
visuotactile_persistence,test_physics_ood,1,height_mae_m_h1,0.003407116229387207,0.003007072888088361,0.003809145952516701,30,1,,2000,[0.003407116229387207]
visuotactile_persistence,test_physics_ood,2,height_mae_m_h1,0.0032601880112714653,0.0027269129573768524,0.003762588915065862,30,1,,2000,[0.0032601880112714653]
visuotactile_persistence,test_physics_ood,0,height_mae_m_h2,0.004107649686209495,0.0035513062696223238,0.004593651664071432,30,1,,2000,[0.004107649686209495]
visuotactile_persistence,test_physics_ood,1,height_mae_m_h2,0.004638318887381401,0.004108621190963378,0.005124706334806332,30,1,,2000,[0.004638318887381401]
visuotactile_persistence,test_physics_ood,2,height_mae_m_h2,0.004310296659564806,0.0036882875785902596,0.004853977771257631,30,1,,2000,[0.004310296659564806]
visuotactile_persistence,test_physics_ood,0,height_mae_m_h3,0.005349006489527205,0.004633617712275332,0.005940196311411758,30,1,,2000,[0.005349006489527205]
visuotactile_persistence,test_physics_ood,1,height_mae_m_h3,0.005915451612430236,0.00524084936154961,0.006493868970251546,30,1,,2000,[0.005915451612430236]
visuotactile_persistence,test_physics_ood,2,height_mae_m_h3,0.005550899905720144,0.004768545984418072,0.006205018387476634,30,1,,2000,[0.005550899905720144]
visuotactile_persistence,test_physics_ood,0,height_mae_m_h4,0.00664000906603178,0.0057631432619212625,0.007340213516297808,30,1,,2000,[0.00664000906603178]
visuotactile_persistence,test_physics_ood,1,height_mae_m_h4,0.00724686469771162,0.006412315647199041,0.007912519875089655,30,1,,2000,[0.00724686469771162]
visuotactile_persistence,test_physics_ood,2,height_mae_m_h4,0.006855135101909077,0.005893098082281035,0.007614104960288386,30,1,,2000,[0.006855135101909077]
visuotactile_persistence,test_physics_ood,0,height_mae_m_h5,0.008009488421052487,0.00695387214639858,0.008813352413134351,30,1,,2000,[0.008009488421052487]
visuotactile_persistence,test_physics_ood,1,height_mae_m_h5,0.008657069315926896,0.0076439218028357975,0.009449952628507162,30,1,,2000,[0.008657069315926896]
visuotactile_persistence,test_physics_ood,2,height_mae_m_h5,0.008238906608894467,0.0071164940070060165,0.009119195130504926,30,1,,2000,[0.008238906608894467]
visuotactile_persistence,test_physics_ood,0,interval_peak_mae_N,0.8519307970205943,0.6310820271147622,1.085343934422069,30,1,,2000,[0.8519307970205943]
visuotactile_persistence,test_physics_ood,1,interval_peak_mae_N,0.8627398003737132,0.6567676437384553,1.0822336861517692,30,1,,2000,[0.8627398003737132]
visuotactile_persistence,test_physics_ood,2,interval_peak_mae_N,0.6505136439270444,0.5103030818104743,0.7972097194717988,30,1,,2000,[0.6505136439270444]
visuotactile_persistence,test_physics_ood,0,interval_peak_mae_N_h1,0.7158374136024052,0.5097460859749052,0.9386259895861147,30,1,,2000,[0.7158374136024052]
visuotactile_persistence,test_physics_ood,1,interval_peak_mae_N_h1,0.721870807674196,0.5303247565858894,0.9351706084277893,30,1,,2000,[0.721870807674196]
visuotactile_persistence,test_physics_ood,2,interval_peak_mae_N_h1,0.5118418313397302,0.3826477356453737,0.6513253615796566,30,1,,2000,[0.5118418313397302]
visuotactile_persistence,test_physics_ood,0,interval_peak_mae_N_h2,0.7768173424402872,0.5707507875065009,1.0075720847381486,30,1,,2000,[0.7768173424402872]
visuotactile_persistence,test_physics_ood,1,interval_peak_mae_N_h2,0.7854459614223904,0.5881710691551367,1.001984206471178,30,1,,2000,[0.7854459614223904]
visuotactile_persistence,test_physics_ood,2,interval_peak_mae_N_h2,0.5737836907969581,0.4422078375452095,0.7121969998776913,30,1,,2000,[0.5737836907969581]
visuotactile_persistence,test_physics_ood,0,interval_peak_mae_N_h3,0.8566315029727088,0.6362662106288803,1.0880701381398572,30,1,,2000,[0.8566315029727088]
visuotactile_persistence,test_physics_ood,1,interval_peak_mae_N_h3,0.8689225288232167,0.6597037312686442,1.0872798465159201,30,1,,2000,[0.8689225288232167]
visuotactile_persistence,test_physics_ood,2,interval_peak_mae_N_h3,0.6555435466766357,0.5140689195990562,0.8030631823473506,30,1,,2000,[0.6555435466766357]
visuotactile_persistence,test_physics_ood,0,interval_peak_mae_N_h4,0.9228315309683481,0.694527561760611,1.1642791841559939,30,1,,2000,[0.9228315309683481]
visuotactile_persistence,test_physics_ood,1,interval_peak_mae_N_h4,0.9357966049512227,0.720291870408588,1.1632126460340286,30,1,,2000,[0.9357966049512227]
visuotactile_persistence,test_physics_ood,2,interval_peak_mae_N_h4,0.722370079225964,0.5718223899768458,0.8766972400214937,30,1,,2000,[0.722370079225964]
visuotactile_persistence,test_physics_ood,0,interval_peak_mae_N_h5,0.987536195119222,0.7471049735512998,1.2424999086889954,30,1,,2000,[0.987536195119222]
visuotactile_persistence,test_physics_ood,1,interval_peak_mae_N_h5,1.00166309899754,0.7710863027605745,1.2434836686584685,30,1,,2000,[1.00166309899754]
visuotactile_persistence,test_physics_ood,2,interval_peak_mae_N_h5,0.7890290715959337,0.6251343705157439,0.9546932700408829,30,1,,2000,[0.7890290715959337]
visuotactile_shuffled_touch,test_combined_ood,0,contact_forecast_fraction,0.3397777777777778,0.23154999999999998,0.44889444444444443,30,1,,2000,[0.3397777777777778]
visuotactile_shuffled_touch,test_combined_ood,1,contact_forecast_fraction,0.3397777777777778,0.23154999999999998,0.44889444444444443,30,1,,2000,[0.3397777777777778]
visuotactile_shuffled_touch,test_combined_ood,2,contact_forecast_fraction,0.3397777777777778,0.23154999999999998,0.44889444444444443,30,1,,2000,[0.3397777777777778]
visuotactile_shuffled_touch,test_combined_ood,0,contact_phase_endpoint_force_mae_N,2.790343077780534,1.9354667863850463,3.768395109785571,30,1,,2000,[2.790343077780534]
visuotactile_shuffled_touch,test_combined_ood,1,contact_phase_endpoint_force_mae_N,2.769381142407892,1.9569421996193839,3.709864760972308,30,1,,2000,[2.769381142407892]
visuotactile_shuffled_touch,test_combined_ood,2,contact_phase_endpoint_force_mae_N,2.830448836120768,2.0195359247582427,3.7809259520633987,30,1,,2000,[2.830448836120768]
visuotactile_shuffled_touch,test_combined_ood,0,endpoint_force_mae_N,1.4045157104809596,0.9760757380185442,1.8518889392961626,30,1,,2000,[1.4045157104809596]
visuotactile_shuffled_touch,test_combined_ood,1,endpoint_force_mae_N,1.3877876983624065,0.9703254369006435,1.8247661156870565,30,1,,2000,[1.3877876983624065]
visuotactile_shuffled_touch,test_combined_ood,2,endpoint_force_mae_N,1.426132993023532,0.9995600503473492,1.8704253901171979,30,1,,2000,[1.426132993023532]
visuotactile_shuffled_touch,test_combined_ood,0,endpoint_force_mae_N_h1,1.4096246611017353,0.9798465533482894,1.8492549380194867,30,1,,2000,[1.4096246611017353]
visuotactile_shuffled_touch,test_combined_ood,1,endpoint_force_mae_N_h1,1.388826953324541,0.9729313070958165,1.82089434991114,30,1,,2000,[1.388826953324541]
visuotactile_shuffled_touch,test_combined_ood,2,endpoint_force_mae_N_h1,1.4235460211050317,0.9894244323656808,1.857020025559985,30,1,,2000,[1.4235460211050317]
visuotactile_shuffled_touch,test_combined_ood,0,endpoint_force_mae_N_h2,1.388978284923446,0.9595024881538724,1.8321916608906959,30,1,,2000,[1.388978284923446]
visuotactile_shuffled_touch,test_combined_ood,1,endpoint_force_mae_N_h2,1.3724504525650776,0.9564240658755147,1.8103031970665582,30,1,,2000,[1.3724504525650776]
visuotactile_shuffled_touch,test_combined_ood,2,endpoint_force_mae_N_h2,1.4116252028441953,0.9887310784764639,1.849072861030741,30,1,,2000,[1.4116252028441953]
visuotactile_shuffled_touch,test_combined_ood,0,endpoint_force_mae_N_h3,1.3954221209390434,0.9675715893821412,1.8389538225002535,30,1,,2000,[1.3954221209390434]
visuotactile_shuffled_touch,test_combined_ood,1,endpoint_force_mae_N_h3,1.3817085997483702,0.9658189314065034,1.8175558235253015,30,1,,2000,[1.3817085997483702]
visuotactile_shuffled_touch,test_combined_ood,2,endpoint_force_mae_N_h3,1.4197982478645388,0.9956394652842966,1.8648273524124503,30,1,,2000,[1.4197982478645388]
visuotactile_shuffled_touch,test_combined_ood,0,endpoint_force_mae_N_h4,1.4066655516639972,0.9794229660891729,1.8563658367229485,30,1,,2000,[1.4066655516639972]
visuotactile_shuffled_touch,test_combined_ood,1,endpoint_force_mae_N_h4,1.3889732253308305,0.9674650318829205,1.8372301719659174,30,1,,2000,[1.3889732253308305]
visuotactile_shuffled_touch,test_combined_ood,2,endpoint_force_mae_N_h4,1.4294024963749365,1.0024890882020074,1.8822387711256396,30,1,,2000,[1.4294024963749365]
visuotactile_shuffled_touch,test_combined_ood,0,endpoint_force_mae_N_h5,1.421887933776576,0.9874880204118349,1.8728430304758086,30,1,,2000,[1.421887933776576]
visuotactile_shuffled_touch,test_combined_ood,1,endpoint_force_mae_N_h5,1.4069792608432128,0.9889344944328639,1.8587269510668527,30,1,,2000,[1.4069792608432128]
visuotactile_shuffled_touch,test_combined_ood,2,endpoint_force_mae_N_h5,1.4462929969289582,1.018293282282336,1.8983686215516682,30,1,,2000,[1.4462929969289582]
visuotactile_shuffled_touch,test_combined_ood,0,height_mae_m,0.021494924605723807,0.013337079361054768,0.029479466766534373,30,1,,2000,[0.021494924605723807]
visuotactile_shuffled_touch,test_combined_ood,1,height_mae_m,0.023701852526924794,0.015153316832460528,0.03202230793949738,30,1,,2000,[0.023701852526924794]
visuotactile_shuffled_touch,test_combined_ood,2,height_mae_m,0.02163926485052798,0.013785773454205223,0.029335205812118265,30,1,,2000,[0.02163926485052798]
visuotactile_shuffled_touch,test_combined_ood,0,height_mae_m_h1,0.02149923987350323,0.013503818940373702,0.029319233124028763,30,1,,2000,[0.02149923987350323]
visuotactile_shuffled_touch,test_combined_ood,1,height_mae_m_h1,0.022552671647758364,0.014315534583317559,0.030517211144319944,30,1,,2000,[0.022552671647758364]
visuotactile_shuffled_touch,test_combined_ood,2,height_mae_m_h1,0.021931427882583295,0.013873495903234773,0.02969052383933092,30,1,,2000,[0.021931427882583295]
visuotactile_shuffled_touch,test_combined_ood,0,height_mae_m_h2,0.021517820269897736,0.01339399055803046,0.029464121120659305,30,1,,2000,[0.021517820269897736]
visuotactile_shuffled_touch,test_combined_ood,1,height_mae_m_h2,0.023308932938800556,0.01485800689375982,0.03164187159422807,30,1,,2000,[0.023308932938800556]
visuotactile_shuffled_touch,test_combined_ood,2,height_mae_m_h2,0.021687400175077427,0.013746570117847618,0.029418813603732913,30,1,,2000,[0.021687400175077427]
visuotactile_shuffled_touch,test_combined_ood,0,height_mae_m_h3,0.021484477531468857,0.013264476063283735,0.029494917102128967,30,1,,2000,[0.021484477531468857]
visuotactile_shuffled_touch,test_combined_ood,1,height_mae_m_h3,0.02382742225853791,0.015157195289766,0.03222274646546025,30,1,,2000,[0.02382742225853791]
visuotactile_shuffled_touch,test_combined_ood,2,height_mae_m_h3,0.02159111311740061,0.01374560013440027,0.029270926038441957,30,1,,2000,[0.02159111311740061]
visuotactile_shuffled_touch,test_combined_ood,0,height_mae_m_h4,0.021488799852070063,0.013202457061312291,0.029551023761622167,30,1,,2000,[0.021488799852070063]
visuotactile_shuffled_touch,test_combined_ood,1,height_mae_m_h4,0.02422574668503431,0.015492044051358081,0.03273170247691732,30,1,,2000,[0.02422574668503431]
visuotactile_shuffled_touch,test_combined_ood,2,height_mae_m_h4,0.021497412172935177,0.013725132216183636,0.029143135134234194,30,1,,2000,[0.021497412172935177]
visuotactile_shuffled_touch,test_combined_ood,0,height_mae_m_h5,0.02148428550167915,0.013190343368646508,0.029586236418420515,30,1,,2000,[0.02148428550167915]
visuotactile_shuffled_touch,test_combined_ood,1,height_mae_m_h5,0.02459448910449282,0.01584213475942387,0.03324813788041622,30,1,,2000,[0.02459448910449282]
visuotactile_shuffled_touch,test_combined_ood,2,height_mae_m_h5,0.021488970904643388,0.01367556206668491,0.029058366028301755,30,1,,2000,[0.021488970904643388]
visuotactile_shuffled_touch,test_combined_ood,0,interval_peak_mae_N,3.3821228800349767,2.2773499629278975,4.507432273780637,30,1,,2000,[3.3821228800349767]
visuotactile_shuffled_touch,test_combined_ood,1,interval_peak_mae_N,3.314113184928894,2.255555115764671,4.400382107163136,30,1,,2000,[3.314113184928894]
visuotactile_shuffled_touch,test_combined_ood,2,interval_peak_mae_N,3.4298008863925933,2.344062977063656,4.536828214421536,30,1,,2000,[3.4298008863925933]
visuotactile_shuffled_touch,test_combined_ood,0,interval_peak_mae_N_h1,3.3732521911462148,2.2785262366433936,4.487751639184024,30,1,,2000,[3.3732521911462148]
visuotactile_shuffled_touch,test_combined_ood,1,interval_peak_mae_N_h1,3.3217224109172823,2.27356263814701,4.389464799195525,30,1,,2000,[3.3217224109172823]
visuotactile_shuffled_touch,test_combined_ood,2,interval_peak_mae_N_h1,3.390958911975225,2.310585098597738,4.485600664943456,30,1,,2000,[3.390958911975225]
visuotactile_shuffled_touch,test_combined_ood,0,interval_peak_mae_N_h2,3.3295390519830916,2.232712588727474,4.444306201457977,30,1,,2000,[3.3295390519830916]
visuotactile_shuffled_touch,test_combined_ood,1,interval_peak_mae_N_h2,3.2711510258250764,2.2274321663810146,4.340414914555018,30,1,,2000,[3.2711510258250764]
visuotactile_shuffled_touch,test_combined_ood,2,interval_peak_mae_N_h2,3.3801213953230116,2.3014164908164076,4.484565099176432,30,1,,2000,[3.3801213953230116]
visuotactile_shuffled_touch,test_combined_ood,0,interval_peak_mae_N_h3,3.360076848003599,2.2573144604398148,4.494203983316819,30,1,,2000,[3.360076848003599]
visuotactile_shuffled_touch,test_combined_ood,1,interval_peak_mae_N_h3,3.2912495879332226,2.2299451855950885,4.371545585248202,30,1,,2000,[3.2912495879332226]
visuotactile_shuffled_touch,test_combined_ood,2,interval_peak_mae_N_h3,3.415583939022488,2.343136473394103,4.513687134597035,30,1,,2000,[3.415583939022488]
visuotactile_shuffled_touch,test_combined_ood,0,interval_peak_mae_N_h4,3.404450102382236,2.299211543718974,4.550903163959583,30,1,,2000,[3.404450102382236]
visuotactile_shuffled_touch,test_combined_ood,1,interval_peak_mae_N_h4,3.327269738382763,2.2570289256175355,4.436489148086971,30,1,,2000,[3.327269738382763]
visuotactile_shuffled_touch,test_combined_ood,2,interval_peak_mae_N_h4,3.460803419219123,2.3641090235014754,4.579537820912067,30,1,,2000,[3.460803419219123]
visuotactile_shuffled_touch,test_combined_ood,0,interval_peak_mae_N_h5,3.443296206659741,2.344951199442148,4.588258727427984,30,1,,2000,[3.443296206659741]
visuotactile_shuffled_touch,test_combined_ood,1,interval_peak_mae_N_h5,3.3591731615861256,2.2903608079817563,4.478388371060292,30,1,,2000,[3.3591731615861256]
visuotactile_shuffled_touch,test_combined_ood,2,interval_peak_mae_N_h5,3.5015367664231194,2.409214548028178,4.62887099304464,30,1,,2000,[3.5015367664231194]
visuotactile_shuffled_touch,test_geometry_ood,0,contact_forecast_fraction,0.4928888888888889,0.3915388888888889,0.5822277777777777,30,1,,2000,[0.4928888888888889]
visuotactile_shuffled_touch,test_geometry_ood,1,contact_forecast_fraction,0.4928888888888889,0.3915388888888889,0.5822277777777777,30,1,,2000,[0.4928888888888889]
visuotactile_shuffled_touch,test_geometry_ood,2,contact_forecast_fraction,0.4928888888888889,0.3915388888888889,0.5822277777777777,30,1,,2000,[0.4928888888888889]
visuotactile_shuffled_touch,test_geometry_ood,0,contact_phase_endpoint_force_mae_N,2.8214026610421805,2.4582659307111707,3.2112457738982423,30,1,,2000,[2.8214026610421805]
visuotactile_shuffled_touch,test_geometry_ood,1,contact_phase_endpoint_force_mae_N,2.8000520396953203,2.413687319862015,3.192752295784684,30,1,,2000,[2.8000520396953203]
visuotactile_shuffled_touch,test_geometry_ood,2,contact_phase_endpoint_force_mae_N,2.8335276259985416,2.4824404866629775,3.2160972499560603,30,1,,2000,[2.8335276259985416]
visuotactile_shuffled_touch,test_geometry_ood,0,endpoint_force_mae_N,1.8045127176104427,1.508995603658329,2.107358342083205,30,1,,2000,[1.8045127176104427]
visuotactile_shuffled_touch,test_geometry_ood,1,endpoint_force_mae_N,1.6843380388360971,1.4215368798229606,1.9432964841748213,30,1,,2000,[1.6843380388360971]
visuotactile_shuffled_touch,test_geometry_ood,2,endpoint_force_mae_N,1.7857154367961747,1.5125042798300299,2.0664306764401035,30,1,,2000,[1.7857154367961747]
visuotactile_shuffled_touch,test_geometry_ood,0,endpoint_force_mae_N_h1,1.7877684528642783,1.4922702838922246,2.081682212907217,30,1,,2000,[1.7877684528642783]
visuotactile_shuffled_touch,test_geometry_ood,1,endpoint_force_mae_N_h1,1.6700876091029582,1.4058148117823681,1.9351571092214641,30,1,,2000,[1.6700876091029582]
visuotactile_shuffled_touch,test_geometry_ood,2,endpoint_force_mae_N_h1,1.7478990112351582,1.4805688927841743,2.0144233265411833,30,1,,2000,[1.7478990112351582]
visuotactile_shuffled_touch,test_geometry_ood,0,endpoint_force_mae_N_h2,1.7908679025443013,1.499893731540967,2.0879571610039402,30,1,,2000,[1.7908679025443013]
visuotactile_shuffled_touch,test_geometry_ood,1,endpoint_force_mae_N_h2,1.6683177213306557,1.4075122453922373,1.921681381916279,30,1,,2000,[1.6683177213306557]
visuotactile_shuffled_touch,test_geometry_ood,2,endpoint_force_mae_N_h2,1.770938386624567,1.5001340126038392,2.048634649741807,30,1,,2000,[1.770938386624567]
visuotactile_shuffled_touch,test_geometry_ood,0,endpoint_force_mae_N_h3,1.8048960629614346,1.5110271360220333,2.1104904284127275,30,1,,2000,[1.8048960629614346]
visuotactile_shuffled_touch,test_geometry_ood,1,endpoint_force_mae_N_h3,1.6817113896664577,1.422548485800611,1.9407009690439012,30,1,,2000,[1.6817113896664577]
visuotactile_shuffled_touch,test_geometry_ood,2,endpoint_force_mae_N_h3,1.7889430823867831,1.5129515874603983,2.0766551058177503,30,1,,2000,[1.7889430823867831]
visuotactile_shuffled_touch,test_geometry_ood,0,endpoint_force_mae_N_h4,1.8116576568881175,1.5124573122568616,2.1194628132222486,30,1,,2000,[1.8116576568881175]
visuotactile_shuffled_touch,test_geometry_ood,1,endpoint_force_mae_N_h4,1.693684949906267,1.430944560542942,1.9547468516268351,30,1,,2000,[1.693684949906267]
visuotactile_shuffled_touch,test_geometry_ood,2,endpoint_force_mae_N_h4,1.799477205839767,1.5169748466916262,2.090548676388278,30,1,,2000,[1.799477205839767]
visuotactile_shuffled_touch,test_geometry_ood,0,endpoint_force_mae_N_h5,1.8273735127940827,1.5241197687332277,2.148810465389146,30,1,,2000,[1.8273735127940827]
visuotactile_shuffled_touch,test_geometry_ood,1,endpoint_force_mae_N_h5,1.707888524174147,1.4374227312936132,1.98395329724865,30,1,,2000,[1.707888524174147]
visuotactile_shuffled_touch,test_geometry_ood,2,endpoint_force_mae_N_h5,1.8213194978945992,1.5403998053608488,2.113264171018998,30,1,,2000,[1.8213194978945992]
visuotactile_shuffled_touch,test_geometry_ood,0,height_mae_m,0.01973597140748623,0.013386135212495315,0.026901213749719315,30,1,,2000,[0.01973597140748623]
visuotactile_shuffled_touch,test_geometry_ood,1,height_mae_m,0.021998897830852203,0.015032862794748265,0.02976226058339695,30,1,,2000,[0.021998897830852203]
visuotactile_shuffled_touch,test_geometry_ood,2,height_mae_m,0.020407864850499512,0.01425558617273386,0.027564618778743413,30,1,,2000,[0.020407864850499512]
visuotactile_shuffled_touch,test_geometry_ood,0,height_mae_m_h1,0.019618638791531945,0.0135056637112947,0.026406445864363273,30,1,,2000,[0.019618638791531945]
visuotactile_shuffled_touch,test_geometry_ood,1,height_mae_m_h1,0.020604984105221876,0.014122436459953154,0.02772846756014284,30,1,,2000,[0.020604984105221876]
visuotactile_shuffled_touch,test_geometry_ood,2,height_mae_m_h1,0.02009793570303979,0.01388742279937287,0.027107899206768097,30,1,,2000,[0.02009793570303979]
visuotactile_shuffled_touch,test_geometry_ood,0,height_mae_m_h2,0.019692127096544332,0.013485977919203125,0.026770259080196004,30,1,,2000,[0.019692127096544332]
visuotactile_shuffled_touch,test_geometry_ood,1,height_mae_m_h2,0.02150134911974116,0.014604610126664435,0.02911798380725667,30,1,,2000,[0.02150134911974116]
visuotactile_shuffled_touch,test_geometry_ood,2,height_mae_m_h2,0.020198765273283546,0.013919882963755905,0.027239736266472993,30,1,,2000,[0.020198765273283546]
visuotactile_shuffled_touch,test_geometry_ood,0,height_mae_m_h3,0.019691947207514507,0.0132446422345545,0.026889829260392514,30,1,,2000,[0.019691947207514507]
visuotactile_shuffled_touch,test_geometry_ood,1,height_mae_m_h3,0.022199876855156616,0.015079663489989292,0.03008069596895236,30,1,,2000,[0.022199876855156616]
visuotactile_shuffled_touch,test_geometry_ood,2,height_mae_m_h3,0.02039274914917769,0.014188986458902137,0.02755447056733424,30,1,,2000,[0.02039274914917769]
visuotactile_shuffled_touch,test_geometry_ood,0,height_mae_m_h4,0.019776170419677833,0.013163553266556442,0.027076309061855777,30,1,,2000,[0.019776170419677833]
visuotactile_shuffled_touch,test_geometry_ood,1,height_mae_m_h4,0.022645858784639535,0.015409633458216073,0.03068665471894201,30,1,,2000,[0.022645858784639535]
visuotactile_shuffled_touch,test_geometry_ood,2,height_mae_m_h4,0.0205290815890799,0.014353812118849115,0.027603774998114707,30,1,,2000,[0.0205290815890799]
visuotactile_shuffled_touch,test_geometry_ood,0,height_mae_m_h5,0.01990097352216253,0.01317926107277405,0.027255544765039094,30,1,,2000,[0.01990097352216253]
visuotactile_shuffled_touch,test_geometry_ood,1,height_mae_m_h5,0.023042420289501833,0.01582816497387224,0.031094971546443247,30,1,,2000,[0.023042420289501833]
visuotactile_shuffled_touch,test_geometry_ood,2,height_mae_m_h5,0.020820792537916633,0.014669645824392015,0.027844953521844823,30,1,,2000,[0.020820792537916633]
visuotactile_shuffled_touch,test_geometry_ood,0,interval_peak_mae_N,4.161739311549399,3.3124818491687376,5.038091973321635,30,1,,2000,[4.161739311549399]
visuotactile_shuffled_touch,test_geometry_ood,1,interval_peak_mae_N,3.837680445604854,3.08115650895834,4.544183379189504,30,1,,2000,[3.837680445604854]
visuotactile_shuffled_touch,test_geometry_ood,2,interval_peak_mae_N,4.108948502328661,3.3127180646005603,4.905028660821584,30,1,,2000,[4.108948502328661]
visuotactile_shuffled_touch,test_geometry_ood,0,interval_peak_mae_N_h1,4.086449793444739,3.250759332285987,4.94858623496029,30,1,,2000,[4.086449793444739]
visuotactile_shuffled_touch,test_geometry_ood,1,interval_peak_mae_N_h1,3.778780738512675,3.0103730109565787,4.489535078340106,30,1,,2000,[3.778780738512675]
visuotactile_shuffled_touch,test_geometry_ood,2,interval_peak_mae_N_h1,3.9779472583532334,3.1994979031350876,4.72210297773944,30,1,,2000,[3.9779472583532334]
visuotactile_shuffled_touch,test_geometry_ood,0,interval_peak_mae_N_h2,4.108574204047521,3.277892031047079,4.985968152278,30,1,,2000,[4.108574204047521]
visuotactile_shuffled_touch,test_geometry_ood,1,interval_peak_mae_N_h2,3.793618887000614,3.043089600410726,4.498612390223476,30,1,,2000,[3.793618887000614]
visuotactile_shuffled_touch,test_geometry_ood,2,interval_peak_mae_N_h2,4.054649822711944,3.2711530342929893,4.832183875348833,30,1,,2000,[4.054649822711944]
visuotactile_shuffled_touch,test_geometry_ood,0,interval_peak_mae_N_h3,4.155827841493818,3.3043208427131177,5.036274815013011,30,1,,2000,[4.155827841493818]
visuotactile_shuffled_touch,test_geometry_ood,1,interval_peak_mae_N_h3,3.8296250290340845,3.0772565423051517,4.532209955632686,30,1,,2000,[3.8296250290340845]
visuotactile_shuffled_touch,test_geometry_ood,2,interval_peak_mae_N_h3,4.112825526528888,3.3116347055004702,4.919225098497337,30,1,,2000,[4.112825526528888]
visuotactile_shuffled_touch,test_geometry_ood,0,interval_peak_mae_N_h4,4.205366189214918,3.332938759873311,5.1013176050119915,30,1,,2000,[4.205366189214918]
visuotactile_shuffled_touch,test_geometry_ood,1,interval_peak_mae_N_h4,3.87463022324774,3.1147804361217553,4.590317601346308,30,1,,2000,[3.87463022324774]
visuotactile_shuffled_touch,test_geometry_ood,2,interval_peak_mae_N_h4,4.166911572880215,3.350653783261776,4.991038993517558,30,1,,2000,[4.166911572880215]
visuotactile_shuffled_touch,test_geometry_ood,0,interval_peak_mae_N_h5,4.252478529545996,3.369732186777724,5.1593385523855675,30,1,,2000,[4.252478529545996]
visuotactile_shuffled_touch,test_geometry_ood,1,interval_peak_mae_N_h5,3.9117473502291573,3.159720501689447,4.625272464904521,30,1,,2000,[3.9117473502291573]
visuotactile_shuffled_touch,test_geometry_ood,2,interval_peak_mae_N_h5,4.232408331169022,3.4285534152703154,5.0566438911325395,30,1,,2000,[4.232408331169022]
visuotactile_shuffled_touch,test_id,0,contact_forecast_fraction,0.4688888888888889,0.3591111111111111,0.5722277777777777,30,1,,2000,[0.4688888888888889]
visuotactile_shuffled_touch,test_id,1,contact_forecast_fraction,0.4688888888888889,0.3591111111111111,0.5722277777777777,30,1,,2000,[0.4688888888888889]
visuotactile_shuffled_touch,test_id,2,contact_forecast_fraction,0.4688888888888889,0.3591111111111111,0.5722277777777777,30,1,,2000,[0.4688888888888889]
visuotactile_shuffled_touch,test_id,0,contact_phase_endpoint_force_mae_N,2.755524501118733,2.1929256872529463,3.3416943247858066,30,1,,2000,[2.755524501118733]
visuotactile_shuffled_touch,test_id,1,contact_phase_endpoint_force_mae_N,2.802421380482753,2.2268727275180993,3.3902512424223046,30,1,,2000,[2.802421380482753]
visuotactile_shuffled_touch,test_id,2,contact_phase_endpoint_force_mae_N,2.826164191376674,2.248425574181774,3.4153947394525606,30,1,,2000,[2.826164191376674]
visuotactile_shuffled_touch,test_id,0,endpoint_force_mae_N,1.9196808417489217,1.5780488051059318,2.284363087016257,30,1,,2000,[1.9196808417489217]
visuotactile_shuffled_touch,test_id,1,endpoint_force_mae_N,1.9196997048329578,1.5785767317317898,2.2574231002163314,30,1,,2000,[1.9196997048329578]
visuotactile_shuffled_touch,test_id,2,endpoint_force_mae_N,1.9628421549307595,1.6189953149596739,2.322714103606446,30,1,,2000,[1.9628421549307595]
visuotactile_shuffled_touch,test_id,0,endpoint_force_mae_N_h1,1.9350858709502414,1.5883829302987238,2.3009401832250966,30,1,,2000,[1.9350858709502414]
visuotactile_shuffled_touch,test_id,1,endpoint_force_mae_N_h1,1.9238151502898997,1.5836330305235375,2.268365018967022,30,1,,2000,[1.9238151502898997]
visuotactile_shuffled_touch,test_id,2,endpoint_force_mae_N_h1,1.9738310848968104,1.6235907597535728,2.339167712919259,30,1,,2000,[1.9738310848968104]
visuotactile_shuffled_touch,test_id,0,endpoint_force_mae_N_h2,1.9108894165912729,1.5710050070637545,2.275949592194526,30,1,,2000,[1.9108894165912729]
visuotactile_shuffled_touch,test_id,1,endpoint_force_mae_N_h2,1.9032861382074446,1.5671744817509057,2.240405240090098,30,1,,2000,[1.9032861382074446]
visuotactile_shuffled_touch,test_id,2,endpoint_force_mae_N_h2,1.9520460631881185,1.6061525563016639,2.3135647746815375,30,1,,2000,[1.9520460631881185]
visuotactile_shuffled_touch,test_id,0,endpoint_force_mae_N_h3,1.9099533678156635,1.5679699979684902,2.2750894668476773,30,1,,2000,[1.9099533678156635]
visuotactile_shuffled_touch,test_id,1,endpoint_force_mae_N_h3,1.912551214424376,1.5721017084029694,2.2533996892139156,30,1,,2000,[1.912551214424376]
visuotactile_shuffled_touch,test_id,2,endpoint_force_mae_N_h3,1.9559150910098106,1.613619213525361,2.3153926787999786,30,1,,2000,[1.9559150910098106]
visuotactile_shuffled_touch,test_id,0,endpoint_force_mae_N_h4,1.9196955259202946,1.5786564580413893,2.2843367750331565,30,1,,2000,[1.9196955259202946]
visuotactile_shuffled_touch,test_id,1,endpoint_force_mae_N_h4,1.9256690335780364,1.5862682674431028,2.265424964685043,30,1,,2000,[1.9256690335780364]
visuotactile_shuffled_touch,test_id,2,endpoint_force_mae_N_h4,1.9651864956907446,1.6267263180538452,2.3266474560947947,30,1,,2000,[1.9651864956907446]
visuotactile_shuffled_touch,test_id,0,endpoint_force_mae_N_h5,1.9227800274671365,1.580972006661369,2.2870264568905503,30,1,,2000,[1.9227800274671365]
visuotactile_shuffled_touch,test_id,1,endpoint_force_mae_N_h5,1.9331769876650327,1.5916597685811813,2.2733617798728063,30,1,,2000,[1.9331769876650327]
visuotactile_shuffled_touch,test_id,2,endpoint_force_mae_N_h5,1.9672320398683143,1.6283899855236996,2.3271089410608528,30,1,,2000,[1.9672320398683143]
visuotactile_shuffled_touch,test_id,0,height_mae_m,0.027495988827483313,0.01873145402277587,0.036320021056504136,30,1,,2000,[0.027495988827483313]
visuotactile_shuffled_touch,test_id,1,height_mae_m,0.028333533338630028,0.019550528072702904,0.0370982588932446,30,1,,2000,[0.028333533338630028]
visuotactile_shuffled_touch,test_id,2,height_mae_m,0.027398204320165355,0.01880258550172455,0.03596203618530351,30,1,,2000,[0.027398204320165355]
visuotactile_shuffled_touch,test_id,0,height_mae_m_h1,0.0269012297616185,0.01821973400432681,0.03577259836157706,30,1,,2000,[0.0269012297616185]
visuotactile_shuffled_touch,test_id,1,height_mae_m_h1,0.027340782046926002,0.018545297789760905,0.03610474017854075,30,1,,2000,[0.027340782046926002]
visuotactile_shuffled_touch,test_id,2,height_mae_m_h1,0.026690128327431416,0.01820021866013849,0.03528726308120936,30,1,,2000,[0.026690128327431416]
visuotactile_shuffled_touch,test_id,0,height_mae_m_h2,0.027228666896698995,0.01844074515915741,0.03609657404516311,30,1,,2000,[0.027228666896698995]
visuotactile_shuffled_touch,test_id,1,height_mae_m_h2,0.027956681152880063,0.019127090928311292,0.03673436915148017,30,1,,2000,[0.027956681152880063]
visuotactile_shuffled_touch,test_id,2,height_mae_m_h2,0.026970950969569255,0.018399893998523313,0.0355699527866515,30,1,,2000,[0.026970950969569255]
visuotactile_shuffled_touch,test_id,0,height_mae_m_h3,0.027478747054054918,0.0186806083182261,0.03631069776926919,30,1,,2000,[0.027478747054054918]
visuotactile_shuffled_touch,test_id,1,height_mae_m_h3,0.028389812873016732,0.019581304219975008,0.03718472393860348,30,1,,2000,[0.028389812873016732]
visuotactile_shuffled_touch,test_id,2,height_mae_m_h3,0.027371766685521128,0.018787275098479266,0.03596985335216513,30,1,,2000,[0.027371766685521128]
visuotactile_shuffled_touch,test_id,0,height_mae_m_h4,0.027783566114182274,0.01899691510363482,0.03660063324940792,30,1,,2000,[0.027783566114182274]
visuotactile_shuffled_touch,test_id,1,height_mae_m_h4,0.02878232884621765,0.020008964254810253,0.03756980968728343,30,1,,2000,[0.02878232884621765]
visuotactile_shuffled_touch,test_id,2,height_mae_m_h4,0.027778968983459183,0.019161177435414477,0.03639109615908817,30,1,,2000,[0.027778968983459183]
visuotactile_shuffled_touch,test_id,0,height_mae_m_h5,0.028087734310861884,0.019321563120823056,0.03685733304656201,30,1,,2000,[0.028087734310861884]
visuotactile_shuffled_touch,test_id,1,height_mae_m_h5,0.029198061774109697,0.02047120006210753,0.03800186764361568,30,1,,2000,[0.029198061774109697]
visuotactile_shuffled_touch,test_id,2,height_mae_m_h5,0.028179206634845792,0.019613466269407784,0.03680565966637609,30,1,,2000,[0.028179206634845792]
visuotactile_shuffled_touch,test_id,0,interval_peak_mae_N,5.181114276753531,4.161605362523927,6.261460362382066,30,1,,2000,[5.181114276753531]
visuotactile_shuffled_touch,test_id,1,interval_peak_mae_N,5.1725528382725185,4.177666488850117,6.222923787503771,30,1,,2000,[5.1725528382725185]
visuotactile_shuffled_touch,test_id,2,interval_peak_mae_N,5.30629477320777,4.279080582563745,6.382105571522977,30,1,,2000,[5.30629477320777]
visuotactile_shuffled_touch,test_id,0,interval_peak_mae_N_h1,5.194711427688599,4.174683345069488,6.27577877498335,30,1,,2000,[5.194711427688599]
visuotactile_shuffled_touch,test_id,1,interval_peak_mae_N_h1,5.170739963187112,4.159923325108157,6.248349649227328,30,1,,2000,[5.170739963187112]
visuotactile_shuffled_touch,test_id,2,interval_peak_mae_N_h1,5.312521317270067,4.271532561884985,6.429455150365826,30,1,,2000,[5.312521317270067]
visuotactile_shuffled_touch,test_id,0,interval_peak_mae_N_h2,5.141633615626229,4.128001994629701,6.215790406790043,30,1,,2000,[5.141633615626229]
visuotactile_shuffled_touch,test_id,1,interval_peak_mae_N_h2,5.120772298177084,4.132094772315688,6.177932777629957,30,1,,2000,[5.120772298177084]
visuotactile_shuffled_touch,test_id,2,interval_peak_mae_N_h2,5.2701569036642715,4.2386455639402065,6.358197684844332,30,1,,2000,[5.2701569036642715]
visuotactile_shuffled_touch,test_id,0,interval_peak_mae_N_h3,5.166095325019625,4.145000986297926,6.2544424623548975,30,1,,2000,[5.166095325019625]
visuotactile_shuffled_touch,test_id,1,interval_peak_mae_N_h3,5.160515245199203,4.171072105709049,6.206269094351264,30,1,,2000,[5.160515245199203]
visuotactile_shuffled_touch,test_id,2,interval_peak_mae_N_h3,5.297031887769699,4.273416891396045,6.374447806090116,30,1,,2000,[5.297031887769699]
visuotactile_shuffled_touch,test_id,0,interval_peak_mae_N_h4,5.189471352630191,4.165944014247921,6.279953951474694,30,1,,2000,[5.189471352630191]
visuotactile_shuffled_touch,test_id,1,interval_peak_mae_N_h4,5.189505178928375,4.1870157174037566,6.229812511556678,30,1,,2000,[5.189505178928375]
visuotactile_shuffled_touch,test_id,2,interval_peak_mae_N_h4,5.320136231051551,4.299142797999912,6.393143179900116,30,1,,2000,[5.320136231051551]
visuotactile_shuffled_touch,test_id,0,interval_peak_mae_N_h5,5.213659662803014,4.1829078424308035,6.302249169581465,30,1,,2000,[5.213659662803014]
visuotactile_shuffled_touch,test_id,1,interval_peak_mae_N_h5,5.221231505870819,4.2164251973629,6.261115787545839,30,1,,2000,[5.221231505870819]
visuotactile_shuffled_touch,test_id,2,interval_peak_mae_N_h5,5.331627526283264,4.304263951877753,6.4060430572132265,30,1,,2000,[5.331627526283264]
visuotactile_shuffled_touch,test_physics_ood,0,contact_forecast_fraction,0.5797777777777777,0.49844444444444447,0.641561111111111,30,1,,2000,[0.5797777777777777]
visuotactile_shuffled_touch,test_physics_ood,1,contact_forecast_fraction,0.5797777777777777,0.49844444444444447,0.641561111111111,30,1,,2000,[0.5797777777777777]
visuotactile_shuffled_touch,test_physics_ood,2,contact_forecast_fraction,0.5797777777777777,0.49844444444444447,0.641561111111111,30,1,,2000,[0.5797777777777777]
visuotactile_shuffled_touch,test_physics_ood,0,contact_phase_endpoint_force_mae_N,2.695477341607956,2.212222983488588,3.18779208258203,30,1,,2000,[2.695477341607956]
visuotactile_shuffled_touch,test_physics_ood,1,contact_phase_endpoint_force_mae_N,2.7419927729391214,2.2408264133354567,3.24365895007262,30,1,,2000,[2.7419927729391214]
visuotactile_shuffled_touch,test_physics_ood,2,contact_phase_endpoint_force_mae_N,2.7736711760719195,2.263749384395045,3.289066124746191,30,1,,2000,[2.7736711760719195]
visuotactile_shuffled_touch,test_physics_ood,0,endpoint_force_mae_N,1.790949780992715,1.4501709321551308,2.1268023025301575,30,1,,2000,[1.790949780992715]
visuotactile_shuffled_touch,test_physics_ood,1,endpoint_force_mae_N,1.7989890606120331,1.4602942910893544,2.137348450379813,30,1,,2000,[1.7989890606120331]
visuotactile_shuffled_touch,test_physics_ood,2,endpoint_force_mae_N,1.8491477717095641,1.4972305850510004,2.206777197663546,30,1,,2000,[1.8491477717095641]
visuotactile_shuffled_touch,test_physics_ood,0,endpoint_force_mae_N_h1,1.7776195088737747,1.4438543231343006,2.110448632083074,30,1,,2000,[1.7776195088737747]
visuotactile_shuffled_touch,test_physics_ood,1,endpoint_force_mae_N_h1,1.790451100329972,1.455790149879366,2.122854456150171,30,1,,2000,[1.790451100329972]
visuotactile_shuffled_touch,test_physics_ood,2,endpoint_force_mae_N_h1,1.8246164548152162,1.479134693406643,2.165809733285284,30,1,,2000,[1.8246164548152162]
visuotactile_shuffled_touch,test_physics_ood,0,endpoint_force_mae_N_h2,1.774551775076737,1.4370361067092356,2.1086781613323495,30,1,,2000,[1.774551775076737]
visuotactile_shuffled_touch,test_physics_ood,1,endpoint_force_mae_N_h2,1.7757575236864527,1.4400627999909963,2.109441045356785,30,1,,2000,[1.7757575236864527]
visuotactile_shuffled_touch,test_physics_ood,2,endpoint_force_mae_N_h2,1.8233481069909478,1.4735396040967683,2.1766974603184153,30,1,,2000,[1.8233481069909478]
visuotactile_shuffled_touch,test_physics_ood,0,endpoint_force_mae_N_h3,1.7865363445940117,1.4437445678808727,2.1245163460323515,30,1,,2000,[1.7865363445940117]
visuotactile_shuffled_touch,test_physics_ood,1,endpoint_force_mae_N_h3,1.7925073813457317,1.449386512924115,2.1291722520809206,30,1,,2000,[1.7925073813457317]
visuotactile_shuffled_touch,test_physics_ood,2,endpoint_force_mae_N_h3,1.844726804598683,1.484729550406673,2.2057499698800442,30,1,,2000,[1.844726804598683]
visuotactile_shuffled_touch,test_physics_ood,0,endpoint_force_mae_N_h4,1.8016163636026559,1.4597481837368793,2.142357081981091,30,1,,2000,[1.8016163636026559]
visuotactile_shuffled_touch,test_physics_ood,1,endpoint_force_mae_N_h4,1.8098915111508083,1.4706274555266265,2.14627032261704,30,1,,2000,[1.8098915111508083]
visuotactile_shuffled_touch,test_physics_ood,2,endpoint_force_mae_N_h4,1.865330285422711,1.507972600456448,2.2303798452378336,30,1,,2000,[1.865330285422711]
visuotactile_shuffled_touch,test_physics_ood,0,endpoint_force_mae_N_h5,1.8144249128163965,1.4722017433963008,2.153139963792818,30,1,,2000,[1.8144249128163965]
visuotactile_shuffled_touch,test_physics_ood,1,endpoint_force_mae_N_h5,1.8263377865472015,1.4824325825920808,2.1586820677711245,30,1,,2000,[1.8263377865472015]
visuotactile_shuffled_touch,test_physics_ood,2,endpoint_force_mae_N_h5,1.8877172067202628,1.5313451405765954,2.2524539771891385,30,1,,2000,[1.8877172067202628]
visuotactile_shuffled_touch,test_physics_ood,0,height_mae_m,0.008385730183843407,0.00329631250956061,0.015081592461986964,30,1,,2000,[0.008385730183843407]
visuotactile_shuffled_touch,test_physics_ood,1,height_mae_m,0.010353103796983811,0.005243722723539071,0.01717191631102549,30,1,,2000,[0.010353103796983811]
visuotactile_shuffled_touch,test_physics_ood,2,height_mae_m,0.008933654261675352,0.003975718599775428,0.015408057572147986,30,1,,2000,[0.008933654261675352]
visuotactile_shuffled_touch,test_physics_ood,0,height_mae_m_h1,0.008093497630648521,0.00309607715357399,0.01474355892290704,30,1,,2000,[0.008093497630648521]
visuotactile_shuffled_touch,test_physics_ood,1,height_mae_m_h1,0.00892302027812952,0.0039117756234740625,0.015642794318430887,30,1,,2000,[0.00892302027812952]
visuotactile_shuffled_touch,test_physics_ood,2,height_mae_m_h1,0.008764058522388546,0.0038232536188782737,0.015274934559219723,30,1,,2000,[0.008764058522388546]
visuotactile_shuffled_touch,test_physics_ood,0,height_mae_m_h2,0.008215186323084506,0.003144374987963399,0.014943949180612329,30,1,,2000,[0.008215186323084506]
visuotactile_shuffled_touch,test_physics_ood,1,height_mae_m_h2,0.009714172932047708,0.004573294826584364,0.016554473680874152,30,1,,2000,[0.009714172932047708]
visuotactile_shuffled_touch,test_physics_ood,2,height_mae_m_h2,0.00877183622003132,0.003834891081304603,0.015241165920259338,30,1,,2000,[0.00877183622003132]
visuotactile_shuffled_touch,test_physics_ood,0,height_mae_m_h3,0.008349294365802456,0.003249365613704463,0.015066601461943704,30,1,,2000,[0.008349294365802456]
visuotactile_shuffled_touch,test_physics_ood,1,height_mae_m_h3,0.010396947709507205,0.005247658927092238,0.017258140313073652,30,1,,2000,[0.010396947709507205]
visuotactile_shuffled_touch,test_physics_ood,2,height_mae_m_h3,0.008892995758473667,0.003943708507688522,0.01538190342415247,30,1,,2000,[0.008892995758473667]
visuotactile_shuffled_touch,test_physics_ood,0,height_mae_m_h4,0.008535028127904904,0.0034135717768957775,0.015234347033248899,30,1,,2000,[0.008535028127904904]
visuotactile_shuffled_touch,test_physics_ood,1,height_mae_m_h4,0.011053285335009504,0.005871574886198182,0.01790928943252786,30,1,,2000,[0.011053285335009504]
visuotactile_shuffled_touch,test_physics_ood,2,height_mae_m_h4,0.009033796912343758,0.0040640676938459765,0.015512057600379598,30,1,,2000,[0.009033796912343758]
visuotactile_shuffled_touch,test_physics_ood,0,height_mae_m_h5,0.008735644471776646,0.0036041514783856756,0.015426036513291235,30,1,,2000,[0.008735644471776646]
visuotactile_shuffled_touch,test_physics_ood,1,height_mae_m_h5,0.011678092730225116,0.006465936717587788,0.018517967431616038,30,1,,2000,[0.011678092730225116]
visuotactile_shuffled_touch,test_physics_ood,2,height_mae_m_h5,0.009205583895139475,0.004235775078403903,0.015636792314041584,30,1,,2000,[0.009205583895139475]
visuotactile_shuffled_touch,test_physics_ood,0,interval_peak_mae_N,4.5267706597381165,3.5249076945834688,5.536868307934205,30,1,,2000,[4.5267706597381165]
visuotactile_shuffled_touch,test_physics_ood,1,interval_peak_mae_N,4.552734006961186,3.5447954065223533,5.543941841656631,30,1,,2000,[4.552734006961186]
visuotactile_shuffled_touch,test_physics_ood,2,interval_peak_mae_N,4.696161349243588,3.6493532636622588,5.741582997084987,30,1,,2000,[4.696161349243588]
visuotactile_shuffled_touch,test_physics_ood,0,interval_peak_mae_N_h1,4.499112805657917,3.5156535459624396,5.4873592321376,30,1,,2000,[4.499112805657917]
visuotactile_shuffled_touch,test_physics_ood,1,interval_peak_mae_N_h1,4.536938412057029,3.534071018520329,5.52680155579249,30,1,,2000,[4.536938412057029]
visuotactile_shuffled_touch,test_physics_ood,2,interval_peak_mae_N_h1,4.634547581407759,3.6293532549043492,5.625081067247523,30,1,,2000,[4.634547581407759]
visuotactile_shuffled_touch,test_physics_ood,0,interval_peak_mae_N_h2,4.480011611911985,3.479136345975929,5.482486862470705,30,1,,2000,[4.480011611911985]
visuotactile_shuffled_touch,test_physics_ood,1,interval_peak_mae_N_h2,4.499031325446235,3.489857140150335,5.495585957407951,30,1,,2000,[4.499031325446235]
visuotactile_shuffled_touch,test_physics_ood,2,interval_peak_mae_N_h2,4.635774572425419,3.5963753979371655,5.678951924734645,30,1,,2000,[4.635774572425419]
visuotactile_shuffled_touch,test_physics_ood,0,interval_peak_mae_N_h3,4.502288322581185,3.495717039535443,5.518248795141776,30,1,,2000,[4.502288322581185]
visuotactile_shuffled_touch,test_physics_ood,1,interval_peak_mae_N_h3,4.527040152417289,3.5205289156138897,5.524274777455462,30,1,,2000,[4.527040152417289]
visuotactile_shuffled_touch,test_physics_ood,2,interval_peak_mae_N_h3,4.6730446808867985,3.613734380275011,5.727287619163591,30,1,,2000,[4.6730446808867985]
visuotactile_shuffled_touch,test_physics_ood,0,interval_peak_mae_N_h4,4.550602551963594,3.5464781242178547,5.571398242122597,30,1,,2000,[4.550602551963594]
visuotactile_shuffled_touch,test_physics_ood,1,interval_peak_mae_N_h4,4.5754578930801815,3.5621362932191953,5.57121721845534,30,1,,2000,[4.5754578930801815]
visuotactile_shuffled_touch,test_physics_ood,2,interval_peak_mae_N_h4,4.733861558702257,3.6645736993120774,5.806235483136441,30,1,,2000,[4.733861558702257]
visuotactile_shuffled_touch,test_physics_ood,0,interval_peak_mae_N_h5,4.601838006575902,3.5976638600197104,5.614038722793261,30,1,,2000,[4.601838006575902]
visuotactile_shuffled_touch,test_physics_ood,1,interval_peak_mae_N_h5,4.6252022518052,3.611359081953764,5.615843311713801,30,1,,2000,[4.6252022518052]
visuotactile_shuffled_touch,test_physics_ood,2,interval_peak_mae_N_h5,4.803578352795707,3.726266589552164,5.876860670831468,30,1,,2000,[4.803578352795707]
visuotactile_world_model,test_combined_ood,0,contact_forecast_fraction,0.3397777777777778,0.23154999999999998,0.44889444444444443,30,1,,2000,[0.3397777777777778]
visuotactile_world_model,test_combined_ood,1,contact_forecast_fraction,0.3397777777777778,0.23154999999999998,0.44889444444444443,30,1,,2000,[0.3397777777777778]
visuotactile_world_model,test_combined_ood,2,contact_forecast_fraction,0.3397777777777778,0.23154999999999998,0.44889444444444443,30,1,,2000,[0.3397777777777778]
visuotactile_world_model,test_combined_ood,0,contact_phase_endpoint_force_mae_N,0.9320739026855274,0.6055830716776052,1.3253096744486106,30,1,,2000,[0.9320739026855274]
visuotactile_world_model,test_combined_ood,1,contact_phase_endpoint_force_mae_N,1.0933426173933984,0.6948522659646305,1.555687591564744,30,1,,2000,[1.0933426173933984]
visuotactile_world_model,test_combined_ood,2,contact_phase_endpoint_force_mae_N,0.9210928643804717,0.56277438048589,1.3738482870246198,30,1,,2000,[0.9210928643804717]
visuotactile_world_model,test_combined_ood,0,endpoint_force_mae_N,0.34038039306634005,0.19474911879481901,0.517365167994066,30,1,,2000,[0.34038039306634005]
visuotactile_world_model,test_combined_ood,1,endpoint_force_mae_N,0.40176323752798554,0.2283142199430701,0.6117745935390241,30,1,,2000,[0.40176323752798554]
visuotactile_world_model,test_combined_ood,2,endpoint_force_mae_N,0.34003424866149135,0.18788196626760204,0.5302638012302486,30,1,,2000,[0.34003424866149135]
visuotactile_world_model,test_combined_ood,0,endpoint_force_mae_N_h1,0.3060465412588652,0.16934553893095886,0.47893633698285293,30,1,,2000,[0.3060465412588652]
visuotactile_world_model,test_combined_ood,1,endpoint_force_mae_N_h1,0.343892549932072,0.1873097905251758,0.5386713170607107,30,1,,2000,[0.343892549932072]
visuotactile_world_model,test_combined_ood,2,endpoint_force_mae_N_h1,0.2919875133698116,0.15236099137785775,0.4701996165758075,30,1,,2000,[0.2919875133698116]
visuotactile_world_model,test_combined_ood,0,endpoint_force_mae_N_h2,0.317295070844185,0.17656637576444903,0.4917613062648861,30,1,,2000,[0.317295070844185]
visuotactile_world_model,test_combined_ood,1,endpoint_force_mae_N_h2,0.37397146808186166,0.20690735249802433,0.5827847694474158,30,1,,2000,[0.37397146808186166]
visuotactile_world_model,test_combined_ood,2,endpoint_force_mae_N_h2,0.30846749181445277,0.16430399714653482,0.49230073574978706,30,1,,2000,[0.30846749181445277]
visuotactile_world_model,test_combined_ood,0,endpoint_force_mae_N_h3,0.3376925317382578,0.19355767052252434,0.5142575228122465,30,1,,2000,[0.3376925317382578]
visuotactile_world_model,test_combined_ood,1,endpoint_force_mae_N_h3,0.40184362118429917,0.2283233226910298,0.6163734095486751,30,1,,2000,[0.40184362118429917]
visuotactile_world_model,test_combined_ood,2,endpoint_force_mae_N_h3,0.33442540008074567,0.18402862415312685,0.5237698996295393,30,1,,2000,[0.33442540008074567]
visuotactile_world_model,test_combined_ood,0,endpoint_force_mae_N_h4,0.35992068768340957,0.2103728429418514,0.5422274358468345,30,1,,2000,[0.35992068768340957]
visuotactile_world_model,test_combined_ood,1,endpoint_force_mae_N_h4,0.43200329479519967,0.24943991656046086,0.6510051184313337,30,1,,2000,[0.43200329479519967]
visuotactile_world_model,test_combined_ood,2,endpoint_force_mae_N_h4,0.36546766806894015,0.20469769630786377,0.5647470444062966,30,1,,2000,[0.36546766806894015]
visuotactile_world_model,test_combined_ood,0,endpoint_force_mae_N_h5,0.38094713380698253,0.2278494469990471,0.5623568789998448,30,1,,2000,[0.38094713380698253]
visuotactile_world_model,test_combined_ood,1,endpoint_force_mae_N_h5,0.4571052536464952,0.2707632271394962,0.6792322756918837,30,1,,2000,[0.4571052536464952]
visuotactile_world_model,test_combined_ood,2,endpoint_force_mae_N_h5,0.3998231699735064,0.23275784717811512,0.6012275644883133,30,1,,2000,[0.3998231699735064]
visuotactile_world_model,test_combined_ood,0,height_episode_coverage,0.6333333333333333,0.4666666666666667,0.8,30,1,,2000,[0.6333333333333333]
visuotactile_world_model,test_combined_ood,1,height_episode_coverage,0.7,0.5333333333333333,0.8666666666666667,30,1,,2000,[0.7]
visuotactile_world_model,test_combined_ood,2,height_episode_coverage,0.6666666666666666,0.5,0.8333333333333334,30,1,,2000,[0.6666666666666666]
visuotactile_world_model,test_combined_ood,0,height_mae_m,0.0028582001483236025,0.0020086917290291035,0.0038100256713099133,30,1,,2000,[0.0028582001483236025]
visuotactile_world_model,test_combined_ood,1,height_mae_m,0.0050402993572238805,0.0032227227185438094,0.007086927677807317,30,1,,2000,[0.0050402993572238805]
visuotactile_world_model,test_combined_ood,2,height_mae_m,0.003677537421857576,0.0024639429696774137,0.005011820887068784,30,1,,2000,[0.003677537421857576]
visuotactile_world_model,test_combined_ood,0,height_mae_m_h1,0.0026731967519218517,0.0019279751303280742,0.003475507830631815,30,1,,2000,[0.0026731967519218517]
visuotactile_world_model,test_combined_ood,1,height_mae_m_h1,0.004311796248746557,0.002847959524994318,0.0059603102365635985,30,1,,2000,[0.004311796248746557]
visuotactile_world_model,test_combined_ood,2,height_mae_m_h1,0.0033979036983671704,0.002332956175449201,0.004641409792431254,30,1,,2000,[0.0033979036983671704]
visuotactile_world_model,test_combined_ood,0,height_mae_m_h2,0.0027647466590537484,0.0019763604810739506,0.0036330410163581167,30,1,,2000,[0.0027647466590537484]
visuotactile_world_model,test_combined_ood,1,height_mae_m_h2,0.004758129295789533,0.0030594158677445696,0.006693147771140502,30,1,,2000,[0.004758129295789533]
visuotactile_world_model,test_combined_ood,2,height_mae_m_h2,0.0035363532686541375,0.0023871221745721412,0.004830226010608989,30,1,,2000,[0.0035363532686541375]
visuotactile_world_model,test_combined_ood,0,height_mae_m_h3,0.0028512983591645023,0.0019794570129282266,0.0038229687403218107,30,1,,2000,[0.0028512983591645023]
visuotactile_world_model,test_combined_ood,1,height_mae_m_h3,0.0050823054125390225,0.00321533897623077,0.007199174528780633,30,1,,2000,[0.0050823054125390225]
visuotactile_world_model,test_combined_ood,2,height_mae_m_h3,0.0036969333642628043,0.002466078358925491,0.005054527799875358,30,1,,2000,[0.0036969333642628043]
visuotactile_world_model,test_combined_ood,0,height_mae_m_h4,0.0029582197922799324,0.002023465511277512,0.003997345885456726,30,1,,2000,[0.0029582197922799324]
visuotactile_world_model,test_combined_ood,1,height_mae_m_h4,0.005366711102122079,0.0034018218779488557,0.007601354259650783,30,1,,2000,[0.005366711102122079]
visuotactile_world_model,test_combined_ood,2,height_mae_m_h4,0.003806533923359691,0.002511777964336539,0.0052478433728441205,30,1,,2000,[0.003806533923359691]
visuotactile_world_model,test_combined_ood,0,height_mae_m_h5,0.003043539179197978,0.0020691161831669484,0.004139152715445057,30,1,,2000,[0.003043539179197978]
visuotactile_world_model,test_combined_ood,1,height_mae_m_h5,0.005682554726922212,0.0036338407753775956,0.008014724566357876,30,1,,2000,[0.005682554726922212]
visuotactile_world_model,test_combined_ood,2,height_mae_m_h5,0.003949962854644076,0.0026296151434879803,0.00543137035450814,30,1,,2000,[0.003949962854644076]
visuotactile_world_model,test_combined_ood,0,interval_peak_mae_N,0.5918291643195682,0.3458294926842054,0.8885213796503012,30,1,,2000,[0.5918291643195682]
visuotactile_world_model,test_combined_ood,1,interval_peak_mae_N,0.7563841574721866,0.4254008317073186,1.1537632803658644,30,1,,2000,[0.7563841574721866]
visuotactile_world_model,test_combined_ood,2,interval_peak_mae_N,0.6555581511391534,0.3653254791021347,1.0173112509157918,30,1,,2000,[0.6555581511391534]
visuotactile_world_model,test_combined_ood,0,interval_peak_mae_N_h1,0.5306813826825884,0.2889966416954994,0.8418565521472026,30,1,,2000,[0.5306813826825884]
visuotactile_world_model,test_combined_ood,1,interval_peak_mae_N_h1,0.6262091222074296,0.32308181423942245,1.004076108134455,30,1,,2000,[0.6262091222074296]
visuotactile_world_model,test_combined_ood,2,interval_peak_mae_N_h1,0.5516299605369568,0.2857044364710649,0.9005678346289525,30,1,,2000,[0.5516299605369568]
visuotactile_world_model,test_combined_ood,0,interval_peak_mae_N_h2,0.5371192626158396,0.30266579421361284,0.8254985464811321,30,1,,2000,[0.5371192626158396]
visuotactile_world_model,test_combined_ood,1,interval_peak_mae_N_h2,0.6844766961203681,0.366789779636595,1.07497037550807,30,1,,2000,[0.6844766961203681]
visuotactile_world_model,test_combined_ood,2,interval_peak_mae_N_h2,0.5821642382939657,0.3105508234434658,0.9293363782531683,30,1,,2000,[0.5821642382939657]
visuotactile_world_model,test_combined_ood,0,interval_peak_mae_N_h3,0.5744655972056919,0.34005007489191164,0.8595007441871695,30,1,,2000,[0.5744655972056919]
visuotactile_world_model,test_combined_ood,1,interval_peak_mae_N_h3,0.746345860560735,0.42077128874924447,1.13762781374322,30,1,,2000,[0.746345860560735]
visuotactile_world_model,test_combined_ood,2,interval_peak_mae_N_h3,0.6343048934141795,0.3508180962569184,0.987149722394016,30,1,,2000,[0.6343048934141795]
visuotactile_world_model,test_combined_ood,0,interval_peak_mae_N_h4,0.6302416545814938,0.3747604252431128,0.9337708404494657,30,1,,2000,[0.6302416545814938]
visuotactile_world_model,test_combined_ood,1,interval_peak_mae_N_h4,0.8251544580194685,0.47190987404187523,1.2420434645016987,30,1,,2000,[0.8251544580194685]
visuotactile_world_model,test_combined_ood,2,interval_peak_mae_N_h4,0.7135025842984517,0.4024076838195324,1.0908645380205577,30,1,,2000,[0.7135025842984517]
visuotactile_world_model,test_combined_ood,0,interval_peak_mae_N_h5,0.6866379245122274,0.4178901310165723,0.9921523222890164,30,1,,2000,[0.6866379245122274]
visuotactile_world_model,test_combined_ood,1,interval_peak_mae_N_h5,0.8997346504529318,0.5310871842801571,1.3262085520724456,30,1,,2000,[0.8997346504529318]
visuotactile_world_model,test_combined_ood,2,interval_peak_mae_N_h5,0.7961890791522132,0.4705020355482896,1.181772176199489,30,1,,2000,[0.7961890791522132]
visuotactile_world_model,test_combined_ood,0,joint_episode_coverage,0.6333333333333333,0.4666666666666667,0.8,30,1,,2000,[0.6333333333333333]
visuotactile_world_model,test_combined_ood,1,joint_episode_coverage,0.6666666666666666,0.5,0.8333333333333334,30,1,,2000,[0.6666666666666666]
visuotactile_world_model,test_combined_ood,2,joint_episode_coverage,0.6666666666666666,0.5,0.8333333333333334,30,1,,2000,[0.6666666666666666]
visuotactile_world_model,test_combined_ood,0,peak_episode_coverage,0.7666666666666667,0.6,0.9,30,1,,2000,[0.7666666666666667]
visuotactile_world_model,test_combined_ood,1,peak_episode_coverage,0.8,0.6658333333333334,0.9333333333333333,30,1,,2000,[0.8]
visuotactile_world_model,test_combined_ood,2,peak_episode_coverage,0.8333333333333334,0.7,0.9666666666666667,30,1,,2000,[0.8333333333333334]
visuotactile_world_model,test_geometry_ood,0,contact_forecast_fraction,0.4928888888888889,0.3915388888888889,0.5822277777777777,30,1,,2000,[0.4928888888888889]
visuotactile_world_model,test_geometry_ood,1,contact_forecast_fraction,0.4928888888888889,0.3915388888888889,0.5822277777777777,30,1,,2000,[0.4928888888888889]
visuotactile_world_model,test_geometry_ood,2,contact_forecast_fraction,0.4928888888888889,0.3915388888888889,0.5822277777777777,30,1,,2000,[0.4928888888888889]
visuotactile_world_model,test_geometry_ood,0,contact_phase_endpoint_force_mae_N,1.1053006293032785,0.7498768038751285,1.4752604190789007,30,1,,2000,[1.1053006293032785]
visuotactile_world_model,test_geometry_ood,1,contact_phase_endpoint_force_mae_N,1.3443651517183166,0.8713726735714137,1.835417193939452,30,1,,2000,[1.3443651517183166]
visuotactile_world_model,test_geometry_ood,2,contact_phase_endpoint_force_mae_N,1.2280518402506997,0.818696489146134,1.6520312751179151,30,1,,2000,[1.2280518402506997]
visuotactile_world_model,test_geometry_ood,0,endpoint_force_mae_N,0.568941079590573,0.3621978555830566,0.7781656387643271,30,1,,2000,[0.568941079590573]
visuotactile_world_model,test_geometry_ood,1,endpoint_force_mae_N,0.690112876994475,0.4273862636419016,0.9767766010492016,30,1,,2000,[0.690112876994475]
visuotactile_world_model,test_geometry_ood,2,endpoint_force_mae_N,0.6326299593996395,0.405506201946118,0.8852766050905213,30,1,,2000,[0.6326299593996395]
visuotactile_world_model,test_geometry_ood,0,endpoint_force_mae_N_h1,0.5276308367584177,0.32533769986789707,0.7410705350604322,30,1,,2000,[0.5276308367584177]
visuotactile_world_model,test_geometry_ood,1,endpoint_force_mae_N_h1,0.6285950947322676,0.37317177036566085,0.904198319183065,30,1,,2000,[0.6285950947322676]
visuotactile_world_model,test_geometry_ood,2,endpoint_force_mae_N_h1,0.5782790273110624,0.3456595813428457,0.8291316901316297,30,1,,2000,[0.5782790273110624]
visuotactile_world_model,test_geometry_ood,0,endpoint_force_mae_N_h2,0.5420810894664653,0.33731537617081603,0.7539714754665512,30,1,,2000,[0.5420810894664653]
visuotactile_world_model,test_geometry_ood,1,endpoint_force_mae_N_h2,0.6538402395207366,0.39299337399609957,0.9368821799160643,30,1,,2000,[0.6538402395207366]
visuotactile_world_model,test_geometry_ood,2,endpoint_force_mae_N_h2,0.5994760915925036,0.37269182282985464,0.8422392079574486,30,1,,2000,[0.5994760915925036]
visuotactile_world_model,test_geometry_ood,0,endpoint_force_mae_N_h3,0.564579184012384,0.3624579712217889,0.775385163075838,30,1,,2000,[0.564579184012384]
visuotactile_world_model,test_geometry_ood,1,endpoint_force_mae_N_h3,0.6896503011812887,0.4274496039672015,0.9789751857354163,30,1,,2000,[0.6896503011812887]
visuotactile_world_model,test_geometry_ood,2,endpoint_force_mae_N_h3,0.6272704491252079,0.40361502205805977,0.8777776774540412,30,1,,2000,[0.6272704491252079]
visuotactile_world_model,test_geometry_ood,0,endpoint_force_mae_N_h4,0.586096611352189,0.38742603845949525,0.7899550814689351,30,1,,2000,[0.586096611352189]
visuotactile_world_model,test_geometry_ood,1,endpoint_force_mae_N_h4,0.7171884015168029,0.45689190223674225,1.00368251164223,30,1,,2000,[0.7171884015168029]
visuotactile_world_model,test_geometry_ood,2,endpoint_force_mae_N_h4,0.6555798595929864,0.4355722353073285,0.9022689263484853,30,1,,2000,[0.6555798595929864]
visuotactile_world_model,test_geometry_ood,0,endpoint_force_mae_N_h5,0.6243176763634094,0.41461511496722664,0.8422566876051454,30,1,,2000,[0.6243176763634094]
visuotactile_world_model,test_geometry_ood,1,endpoint_force_mae_N_h5,0.761290348021279,0.48798968637266404,1.0623419042775981,30,1,,2000,[0.761290348021279]
visuotactile_world_model,test_geometry_ood,2,endpoint_force_mae_N_h5,0.7025443693764369,0.47160265040656346,0.9643048814589809,30,1,,2000,[0.7025443693764369]
visuotactile_world_model,test_geometry_ood,0,height_episode_coverage,0.4,0.23333333333333334,0.5666666666666667,30,1,,2000,[0.4]
visuotactile_world_model,test_geometry_ood,1,height_episode_coverage,0.6333333333333333,0.4666666666666667,0.8,30,1,,2000,[0.6333333333333333]
visuotactile_world_model,test_geometry_ood,2,height_episode_coverage,0.6333333333333333,0.4666666666666667,0.8,30,1,,2000,[0.6333333333333333]
visuotactile_world_model,test_geometry_ood,0,height_mae_m,0.004210578659964894,0.003336698190505275,0.005062988294884699,30,1,,2000,[0.004210578659964894]
visuotactile_world_model,test_geometry_ood,1,height_mae_m,0.006946407222661138,0.004646701787952204,0.009345183683475786,30,1,,2000,[0.006946407222661138]
visuotactile_world_model,test_geometry_ood,2,height_mae_m,0.004335403833628839,0.0030243464824578647,0.005726384065778013,30,1,,2000,[0.004335403833628839]
visuotactile_world_model,test_geometry_ood,0,height_mae_m_h1,0.0038337603015356258,0.0030013265170647277,0.004659263643901795,30,1,,2000,[0.0038337603015356258]
visuotactile_world_model,test_geometry_ood,1,height_mae_m_h1,0.005818634135179713,0.003989885724007763,0.007695381670790488,30,1,,2000,[0.005818634135179713]
visuotactile_world_model,test_geometry_ood,2,height_mae_m_h1,0.003792990734768359,0.0026692570673630045,0.004995244735026466,30,1,,2000,[0.003792990734768359]
visuotactile_world_model,test_geometry_ood,0,height_mae_m_h2,0.004020467269874643,0.0031612939507322155,0.004867878204932721,30,1,,2000,[0.004020467269874643]
visuotactile_world_model,test_geometry_ood,1,height_mae_m_h2,0.006692910858320021,0.004453616512040349,0.009008942332039522,30,1,,2000,[0.006692910858320021]
visuotactile_world_model,test_geometry_ood,2,height_mae_m_h2,0.004065378381799544,0.0028090560945363704,0.005410680786349176,30,1,,2000,[0.004065378381799544]
visuotactile_world_model,test_geometry_ood,0,height_mae_m_h3,0.004216221464577959,0.0033388014394634714,0.005085470208793089,30,1,,2000,[0.004216221464577959]
visuotactile_world_model,test_geometry_ood,1,height_mae_m_h3,0.007108816453465908,0.0047251412162473165,0.009596192188729119,30,1,,2000,[0.007108816453465908]
visuotactile_world_model,test_geometry_ood,2,height_mae_m_h3,0.0043759848560956825,0.0030092683718151722,0.005811862207268452,30,1,,2000,[0.0043759848560956825]
visuotactile_world_model,test_geometry_ood,0,height_mae_m_h4,0.004402670824929373,0.0035035491352314744,0.005310661057162684,30,1,,2000,[0.004402670824929373]
visuotactile_world_model,test_geometry_ood,1,height_mae_m_h4,0.00739487803780422,0.004914188440784023,0.00999169488627457,30,1,,2000,[0.00739487803780422]
visuotactile_world_model,test_geometry_ood,2,height_mae_m_h4,0.004605083353364737,0.0031980450487883194,0.006132814788262797,30,1,,2000,[0.004605083353364737]
visuotactile_world_model,test_geometry_ood,0,height_mae_m_h5,0.004579773438906866,0.003644216903724656,0.0055196817464473295,30,1,,2000,[0.004579773438906866]
visuotactile_world_model,test_geometry_ood,1,height_mae_m_h5,0.007716796628535829,0.005134127570959714,0.010431143284536018,30,1,,2000,[0.007716796628535829]
visuotactile_world_model,test_geometry_ood,2,height_mae_m_h5,0.004837581842115873,0.0033871203003671127,0.006400911269633473,30,1,,2000,[0.004837581842115873]
visuotactile_world_model,test_geometry_ood,0,interval_peak_mae_N,0.9401382888555527,0.6610047656158606,1.2342979845643043,30,1,,2000,[0.9401382888555527]
visuotactile_world_model,test_geometry_ood,1,interval_peak_mae_N,1.3092813387049569,0.8436580266584953,1.83263429477579,30,1,,2000,[1.3092813387049569]
visuotactile_world_model,test_geometry_ood,2,interval_peak_mae_N,1.1515269545449152,0.77290528058211,1.5712424755914338,30,1,,2000,[1.1515269545449152]
visuotactile_world_model,test_geometry_ood,0,interval_peak_mae_N_h1,0.8575120243761275,0.5633174213137891,1.1729561179843206,30,1,,2000,[0.8575120243761275]
visuotactile_world_model,test_geometry_ood,1,interval_peak_mae_N_h1,1.1784916028711532,0.711989209032721,1.7032084348731567,30,1,,2000,[1.1784916028711532]
visuotactile_world_model,test_geometry_ood,2,interval_peak_mae_N_h1,1.03335926314195,0.6510857739912139,1.4780111227846806,30,1,,2000,[1.03335926314195]
visuotactile_world_model,test_geometry_ood,0,interval_peak_mae_N_h2,0.8763958619700538,0.6015705645680427,1.165793741007646,30,1,,2000,[0.8763958619700538]
visuotactile_world_model,test_geometry_ood,1,interval_peak_mae_N_h2,1.2227595709429846,0.7624134338465002,1.7364042240546806,30,1,,2000,[1.2227595709429846]
visuotactile_world_model,test_geometry_ood,2,interval_peak_mae_N_h2,1.0762610472573175,0.7066697006920974,1.490170435488223,30,1,,2000,[1.0762610472573175]
visuotactile_world_model,test_geometry_ood,0,interval_peak_mae_N_h3,0.9228584396839142,0.6550501782662338,1.20742277416918,30,1,,2000,[0.9228584396839142]
visuotactile_world_model,test_geometry_ood,1,interval_peak_mae_N_h3,1.3005642233954535,0.8367057539191511,1.8258916693263583,30,1,,2000,[1.3005642233954535]
visuotactile_world_model,test_geometry_ood,2,interval_peak_mae_N_h3,1.1304493824640909,0.7576824935707781,1.5473123647107012,30,1,,2000,[1.1304493824640909]
visuotactile_world_model,test_geometry_ood,0,interval_peak_mae_N_h4,0.9892393763860067,0.7160655234290494,1.2695489789148169,30,1,,2000,[0.9892393763860067]
visuotactile_world_model,test_geometry_ood,1,interval_peak_mae_N_h4,1.3839585109551749,0.9153824594484435,1.9047133578525648,30,1,,2000,[1.3839585109551749]
visuotactile_world_model,test_geometry_ood,2,interval_peak_mae_N_h4,1.20950991180208,0.833746057510376,1.6296775094270701,30,1,,2000,[1.20950991180208]
visuotactile_world_model,test_geometry_ood,0,interval_peak_mae_N_h5,1.0546857418616613,0.7649688679426908,1.3509940602696604,30,1,,2000,[1.0546857418616613]
visuotactile_world_model,test_geometry_ood,1,interval_peak_mae_N_h5,1.4606327853600185,0.9842678148200115,2.0087802120612728,30,1,,2000,[1.4606327853600185]
visuotactile_world_model,test_geometry_ood,2,interval_peak_mae_N_h5,1.3080551680591372,0.91091145572563,1.7495217975791957,30,1,,2000,[1.3080551680591372]
visuotactile_world_model,test_geometry_ood,0,joint_episode_coverage,0.4,0.23333333333333334,0.5666666666666667,30,1,,2000,[0.4]
visuotactile_world_model,test_geometry_ood,1,joint_episode_coverage,0.6333333333333333,0.4666666666666667,0.8,30,1,,2000,[0.6333333333333333]
visuotactile_world_model,test_geometry_ood,2,joint_episode_coverage,0.6333333333333333,0.4666666666666667,0.8,30,1,,2000,[0.6333333333333333]
visuotactile_world_model,test_geometry_ood,0,peak_episode_coverage,0.7333333333333333,0.5666666666666667,0.8666666666666667,30,1,,2000,[0.7333333333333333]
visuotactile_world_model,test_geometry_ood,1,peak_episode_coverage,0.7666666666666667,0.6,0.9,30,1,,2000,[0.7666666666666667]
visuotactile_world_model,test_geometry_ood,2,peak_episode_coverage,0.7666666666666667,0.6,0.9,30,1,,2000,[0.7666666666666667]
visuotactile_world_model,test_id,0,contact_forecast_fraction,0.4688888888888889,0.3591111111111111,0.5722277777777777,30,1,,2000,[0.4688888888888889]
visuotactile_world_model,test_id,1,contact_forecast_fraction,0.4688888888888889,0.3591111111111111,0.5722277777777777,30,1,,2000,[0.4688888888888889]
visuotactile_world_model,test_id,2,contact_forecast_fraction,0.4688888888888889,0.3591111111111111,0.5722277777777777,30,1,,2000,[0.4688888888888889]
visuotactile_world_model,test_id,0,contact_phase_endpoint_force_mae_N,0.34090400323055475,0.28169747022508745,0.409380653043472,30,1,,2000,[0.34090400323055475]
visuotactile_world_model,test_id,1,contact_phase_endpoint_force_mae_N,0.3826692118803422,0.3199658531861023,0.4541572039597798,30,1,,2000,[0.3826692118803422]
visuotactile_world_model,test_id,2,contact_phase_endpoint_force_mae_N,0.3622119102064273,0.2979338557664463,0.43393217768342734,30,1,,2000,[0.3622119102064273]
visuotactile_world_model,test_id,0,endpoint_force_mae_N,0.17749810154394557,0.1330717492261979,0.22248571709976012,30,1,,2000,[0.17749810154394557]
visuotactile_world_model,test_id,1,endpoint_force_mae_N,0.200818665973342,0.1547939467126534,0.24783764583325463,30,1,,2000,[0.200818665973342]
visuotactile_world_model,test_id,2,endpoint_force_mae_N,0.18796144982341126,0.1410829855509581,0.23718366299269253,30,1,,2000,[0.18796144982341126]
visuotactile_world_model,test_id,0,endpoint_force_mae_N_h1,0.13298679356514995,0.0977301796537617,0.17197068578265262,30,1,,2000,[0.13298679356514995]
visuotactile_world_model,test_id,1,endpoint_force_mae_N_h1,0.1498506885748874,0.1141915277097702,0.1875259499599493,30,1,,2000,[0.1498506885748874]
visuotactile_world_model,test_id,2,endpoint_force_mae_N_h1,0.13378616320581554,0.09777787635714265,0.17520250599183296,30,1,,2000,[0.13378616320581554]
visuotactile_world_model,test_id,0,endpoint_force_mae_N_h2,0.14929318401048444,0.11147799184690746,0.18775170292493162,30,1,,2000,[0.14929318401048444]
visuotactile_world_model,test_id,1,endpoint_force_mae_N_h2,0.16905033515490317,0.1303531283825653,0.20758934417714503,30,1,,2000,[0.16905033515490317]
visuotactile_world_model,test_id,2,endpoint_force_mae_N_h2,0.15652683597954886,0.11640065838913088,0.20073934915458727,30,1,,2000,[0.15652683597954886]
visuotactile_world_model,test_id,0,endpoint_force_mae_N_h3,0.17714634113841587,0.13288990199210607,0.22330163227884892,30,1,,2000,[0.17714634113841587]
visuotactile_world_model,test_id,1,endpoint_force_mae_N_h3,0.20148375071705904,0.15531760612857115,0.24998595685145325,30,1,,2000,[0.20148375071705904]
visuotactile_world_model,test_id,2,endpoint_force_mae_N_h3,0.1895867992444309,0.14237762789210925,0.2382699795852984,30,1,,2000,[0.1895867992444309]
visuotactile_world_model,test_id,0,endpoint_force_mae_N_h4,0.20230990663843437,0.15095008122262596,0.25605132275161385,30,1,,2000,[0.20230990663843437]
visuotactile_world_model,test_id,1,endpoint_force_mae_N_h4,0.22881045168041492,0.1738439704585277,0.28463290637357286,30,1,,2000,[0.22881045168041492]
visuotactile_world_model,test_id,2,endpoint_force_mae_N_h4,0.21648942078239525,0.1613214376969392,0.2712317664415826,30,1,,2000,[0.21648942078239525]
visuotactile_world_model,test_id,0,endpoint_force_mae_N_h5,0.22575428236724326,0.17050123534793102,0.28193299090557866,30,1,,2000,[0.22575428236724326]
visuotactile_world_model,test_id,1,endpoint_force_mae_N_h5,0.2548981037394454,0.19329238044442953,0.31482496143207034,30,1,,2000,[0.2548981037394454]
visuotactile_world_model,test_id,2,endpoint_force_mae_N_h5,0.2434180299048657,0.18249021460096723,0.30256589404923223,30,1,,2000,[0.2434180299048657]
visuotactile_world_model,test_id,0,height_episode_coverage,0.9333333333333333,0.8333333333333334,1.0,30,1,,2000,[0.9333333333333333]
visuotactile_world_model,test_id,1,height_episode_coverage,0.9666666666666667,0.9,1.0,30,1,,2000,[0.9666666666666667]
visuotactile_world_model,test_id,2,height_episode_coverage,0.9666666666666667,0.9,1.0,30,1,,2000,[0.9666666666666667]
visuotactile_world_model,test_id,0,height_mae_m,0.0017658935680843165,0.0014004104150053334,0.0021176896273653253,30,1,,2000,[0.0017658935680843165]
visuotactile_world_model,test_id,1,height_mae_m,0.0024796524054642457,0.00196473783305733,0.003021920876029374,30,1,,2000,[0.0024796524054642457]
visuotactile_world_model,test_id,2,height_mae_m,0.0020931984517632775,0.0016507583916588273,0.002518163172530411,30,1,,2000,[0.0020931984517632775]
visuotactile_world_model,test_id,0,height_mae_m_h1,0.0014800852069876984,0.001197972454331951,0.0017671777874072884,30,1,,2000,[0.0014800852069876984]
visuotactile_world_model,test_id,1,height_mae_m_h1,0.002074186805111822,0.0017202582541083554,0.0024424784582111492,30,1,,2000,[0.002074186805111822]
visuotactile_world_model,test_id,2,height_mae_m_h1,0.001697854250378441,0.0013370602860118702,0.0020590016063684337,30,1,,2000,[0.001697854250378441]
visuotactile_world_model,test_id,0,height_mae_m_h2,0.0015548210828759087,0.0012484805855694705,0.0018526734668064618,30,1,,2000,[0.0015548210828759087]
visuotactile_world_model,test_id,1,height_mae_m_h2,0.0022622090876555172,0.0018056680667780003,0.0027299115485091324,30,1,,2000,[0.0022622090876555172]
visuotactile_world_model,test_id,2,height_mae_m_h2,0.0018402010905103656,0.0014328774410322593,0.0022305530350115277,30,1,,2000,[0.0018402010905103656]
visuotactile_world_model,test_id,0,height_mae_m_h3,0.001693879781232681,0.00133228538192634,0.002049093162144547,30,1,,2000,[0.001693879781232681]
visuotactile_world_model,test_id,1,height_mae_m_h3,0.002452663059909052,0.0019197306998717573,0.0029998419207145663,30,1,,2000,[0.002452663059909052]
visuotactile_world_model,test_id,2,height_mae_m_h3,0.002071928446239326,0.0016335636970575755,0.0024937891879938737,30,1,,2000,[0.002071928446239326]
visuotactile_world_model,test_id,0,height_mae_m_h4,0.0019191493592613067,0.0014990488750497913,0.0023404260603581656,30,1,,2000,[0.0019191493592613067]
visuotactile_world_model,test_id,1,height_mae_m_h4,0.00266664427747148,0.0020650354296707922,0.003306136156438797,30,1,,2000,[0.00266664427747148]
visuotactile_world_model,test_id,2,height_mae_m_h4,0.002294697338656988,0.001786959330299093,0.002771578227507739,30,1,,2000,[0.002294697338656988]
visuotactile_world_model,test_id,0,height_mae_m_h5,0.002181532410063988,0.0016747602265434881,0.0026773405653770575,30,1,,2000,[0.002181532410063988]
visuotactile_world_model,test_id,1,height_mae_m_h5,0.0029425587971733573,0.0022482479546443858,0.0036869798393284626,30,1,,2000,[0.0029425587971733573]
visuotactile_world_model,test_id,2,height_mae_m_h5,0.0025613111330312676,0.001976006993664972,0.0031043215257345255,30,1,,2000,[0.0025613111330312676]
visuotactile_world_model,test_id,0,interval_peak_mae_N,0.4213869392606947,0.31966940099398294,0.5339833460463418,30,1,,2000,[0.4213869392606947]
visuotactile_world_model,test_id,1,interval_peak_mae_N,0.47669146127170986,0.36723672763307885,0.5963125955290263,30,1,,2000,[0.47669146127170986]
visuotactile_world_model,test_id,2,interval_peak_mae_N,0.44473974760373436,0.34229794374439454,0.542344450158543,30,1,,2000,[0.44473974760373436]
visuotactile_world_model,test_id,0,interval_peak_mae_N_h1,0.31728865954611035,0.2345698338912593,0.4164011267655426,30,1,,2000,[0.31728865954611035]
visuotactile_world_model,test_id,1,interval_peak_mae_N_h1,0.34687811480628117,0.2621862222618527,0.45039516293671394,30,1,,2000,[0.34687811480628117]
visuotactile_world_model,test_id,2,interval_peak_mae_N_h1,0.3270640285809835,0.2489631377922164,0.41288660601443716,30,1,,2000,[0.3270640285809835]
visuotactile_world_model,test_id,0,interval_peak_mae_N_h2,0.3583131839169396,0.2689683274560505,0.4603846858143805,30,1,,2000,[0.3583131839169396]
visuotactile_world_model,test_id,1,interval_peak_mae_N_h2,0.40632756471633913,0.31062758074866403,0.5178809433049626,30,1,,2000,[0.40632756471633913]
visuotactile_world_model,test_id,2,interval_peak_mae_N_h2,0.3805196732944912,0.2918412093553278,0.4723457082178857,30,1,,2000,[0.3805196732944912]
visuotactile_world_model,test_id,0,interval_peak_mae_N_h3,0.42420870184898374,0.32159791909986074,0.533762091504203,30,1,,2000,[0.42420870184898374]
visuotactile_world_model,test_id,1,interval_peak_mae_N_h3,0.48116396254963345,0.37279673395554225,0.5979051559236315,30,1,,2000,[0.48116396254963345]
visuotactile_world_model,test_id,2,interval_peak_mae_N_h3,0.45077787677447,0.34793171136909057,0.5499691761169169,30,1,,2000,[0.45077787677447]
visuotactile_world_model,test_id,0,interval_peak_mae_N_h4,0.4771371938122643,0.357770648383432,0.6045613613228003,30,1,,2000,[0.4771371938122643]
visuotactile_world_model,test_id,1,interval_peak_mae_N_h4,0.543276128106647,0.41448089334368704,0.6780861315859689,30,1,,2000,[0.543276128106647]
visuotactile_world_model,test_id,2,interval_peak_mae_N_h4,0.5068749419848124,0.38806062096026206,0.6186562116046747,30,1,,2000,[0.5068749419848124]
visuotactile_world_model,test_id,0,interval_peak_mae_N_h5,0.5299869571791754,0.39662787135773236,0.6655447522103786,30,1,,2000,[0.5299869571791754]
visuotactile_world_model,test_id,1,interval_peak_mae_N_h5,0.6058115361796486,0.4595361243453291,0.7522265623443657,30,1,,2000,[0.6058115361796486]
visuotactile_world_model,test_id,2,interval_peak_mae_N_h5,0.5584622173839145,0.42660659947660234,0.6862599136961831,30,1,,2000,[0.5584622173839145]
visuotactile_world_model,test_id,0,joint_episode_coverage,0.9,0.8,1.0,30,1,,2000,[0.9]
visuotactile_world_model,test_id,1,joint_episode_coverage,0.9,0.7666666666666667,1.0,30,1,,2000,[0.9]
visuotactile_world_model,test_id,2,joint_episode_coverage,0.9,0.7666666666666667,1.0,30,1,,2000,[0.9]
visuotactile_world_model,test_id,0,peak_episode_coverage,0.9666666666666667,0.9,1.0,30,1,,2000,[0.9666666666666667]
visuotactile_world_model,test_id,1,peak_episode_coverage,0.9333333333333333,0.8333333333333334,1.0,30,1,,2000,[0.9333333333333333]
visuotactile_world_model,test_id,2,peak_episode_coverage,0.9333333333333333,0.8333333333333334,1.0,30,1,,2000,[0.9333333333333333]
visuotactile_world_model,test_physics_ood,0,contact_forecast_fraction,0.5797777777777777,0.49844444444444447,0.641561111111111,30,1,,2000,[0.5797777777777777]
visuotactile_world_model,test_physics_ood,1,contact_forecast_fraction,0.5797777777777777,0.49844444444444447,0.641561111111111,30,1,,2000,[0.5797777777777777]
visuotactile_world_model,test_physics_ood,2,contact_forecast_fraction,0.5797777777777777,0.49844444444444447,0.641561111111111,30,1,,2000,[0.5797777777777777]
visuotactile_world_model,test_physics_ood,0,contact_phase_endpoint_force_mae_N,0.6963394479259634,0.5733400887050311,0.8311225614457908,30,1,,2000,[0.6963394479259634]
visuotactile_world_model,test_physics_ood,1,contact_phase_endpoint_force_mae_N,0.7525850045056114,0.6058290891736319,0.9142991074176706,30,1,,2000,[0.7525850045056114]
visuotactile_world_model,test_physics_ood,2,contact_phase_endpoint_force_mae_N,0.5543129343021104,0.46440955132906886,0.6611151020319638,30,1,,2000,[0.5543129343021104]
visuotactile_world_model,test_physics_ood,0,endpoint_force_mae_N,0.41895377043882576,0.3322800500803082,0.5059923417168352,30,1,,2000,[0.41895377043882576]
visuotactile_world_model,test_physics_ood,1,endpoint_force_mae_N,0.4511149607165458,0.3522120238475976,0.5543236752031504,30,1,,2000,[0.4511149607165458]
visuotactile_world_model,test_physics_ood,2,endpoint_force_mae_N,0.33658239638907145,0.2716874043670645,0.4035160649661929,30,1,,2000,[0.33658239638907145]
visuotactile_world_model,test_physics_ood,0,endpoint_force_mae_N_h1,0.3495360368733398,0.26708640154583935,0.43316142983303435,30,1,,2000,[0.3495360368733398]
visuotactile_world_model,test_physics_ood,1,endpoint_force_mae_N_h1,0.36586033566807463,0.27730561979105633,0.45895108927675643,30,1,,2000,[0.36586033566807463]
visuotactile_world_model,test_physics_ood,2,endpoint_force_mae_N_h1,0.2503356204523394,0.19466716906416265,0.3104098103421835,30,1,,2000,[0.2503356204523394]
visuotactile_world_model,test_physics_ood,0,endpoint_force_mae_N_h2,0.3874802098304025,0.306560043959873,0.46853507196485966,30,1,,2000,[0.3874802098304025]
visuotactile_world_model,test_physics_ood,1,endpoint_force_mae_N_h2,0.4108224491594808,0.320088347726702,0.5070854106788735,30,1,,2000,[0.4108224491594808]
visuotactile_world_model,test_physics_ood,2,endpoint_force_mae_N_h2,0.28681455727451033,0.2303465422255125,0.34752299157828864,30,1,,2000,[0.28681455727451033]
visuotactile_world_model,test_physics_ood,0,endpoint_force_mae_N_h3,0.4217837872267356,0.3358325495174935,0.5101492641711546,30,1,,2000,[0.4217837872267356]
visuotactile_world_model,test_physics_ood,1,endpoint_force_mae_N_h3,0.456231450060279,0.357241144496594,0.5608984468469603,30,1,,2000,[0.456231450060279]
visuotactile_world_model,test_physics_ood,2,endpoint_force_mae_N_h3,0.33533150329047606,0.26912437911077053,0.40533513851422176,30,1,,2000,[0.33533150329047606]
visuotactile_world_model,test_physics_ood,0,endpoint_force_mae_N_h4,0.45319595858558187,0.3613694233410061,0.5458674991025279,30,1,,2000,[0.45319595858558187]
visuotactile_world_model,test_physics_ood,1,endpoint_force_mae_N_h4,0.4924593365851238,0.3875066702892762,0.6006873918373172,30,1,,2000,[0.4924593365851238]
visuotactile_world_model,test_physics_ood,2,endpoint_force_mae_N_h4,0.37956125682129316,0.3082649044894001,0.45498777463628703,30,1,,2000,[0.37956125682129316]
visuotactile_world_model,test_physics_ood,0,endpoint_force_mae_N_h5,0.48277285967806904,0.3875121729230892,0.5799727601676626,30,1,,2000,[0.48277285967806904]
visuotactile_world_model,test_physics_ood,1,endpoint_force_mae_N_h5,0.5302012321097708,0.41725386468957487,0.6467303162708066,30,1,,2000,[0.5302012321097708]
visuotactile_world_model,test_physics_ood,2,endpoint_force_mae_N_h5,0.4308690441067382,0.352468851918276,0.5146007320217797,30,1,,2000,[0.4308690441067382]
visuotactile_world_model,test_physics_ood,0,height_episode_coverage,1.0,1.0,1.0,30,1,,2000,[1.0]
visuotactile_world_model,test_physics_ood,1,height_episode_coverage,0.8,0.6666666666666666,0.9333333333333333,30,1,,2000,[0.8]
visuotactile_world_model,test_physics_ood,2,height_episode_coverage,0.7333333333333333,0.5666666666666667,0.8666666666666667,30,1,,2000,[0.7333333333333333]
visuotactile_world_model,test_physics_ood,0,height_mae_m,0.0018749326415353506,0.0016122504971821197,0.002097897525171154,30,1,,2000,[0.0018749326415353506]
visuotactile_world_model,test_physics_ood,1,height_mae_m,0.003551791341470865,0.0030976555114972546,0.003984783255263109,30,1,,2000,[0.003551791341470865]
visuotactile_world_model,test_physics_ood,2,height_mae_m,0.002523701402688554,0.0020701857066097243,0.0029977077968987727,30,1,,2000,[0.002523701402688554]
visuotactile_world_model,test_physics_ood,0,height_mae_m_h1,0.0018167992967775919,0.0015532848958327021,0.002058596853609843,30,1,,2000,[0.0018167992967775919]
visuotactile_world_model,test_physics_ood,1,height_mae_m_h1,0.0022102129081354683,0.0019703219738973227,0.0024434394137561968,30,1,,2000,[0.0022102129081354683]
visuotactile_world_model,test_physics_ood,2,height_mae_m_h1,0.002283661813578672,0.0018622444533474562,0.002728476180386173,30,1,,2000,[0.002283661813578672]
visuotactile_world_model,test_physics_ood,0,height_mae_m_h2,0.0017564099799427721,0.0015173827608377904,0.001971387781065358,30,1,,2000,[0.0017564099799427721]
visuotactile_world_model,test_physics_ood,1,height_mae_m_h2,0.0028410051876886023,0.002486786055737563,0.003184079322669681,30,1,,2000,[0.0028410051876886023]
visuotactile_world_model,test_physics_ood,2,height_mae_m_h2,0.002318656268180348,0.001867072406821535,0.002780244905580831,30,1,,2000,[0.002318656268180348]
visuotactile_world_model,test_physics_ood,0,height_mae_m_h3,0.0018002295270950223,0.0015443736254625643,0.0020239480866989148,30,1,,2000,[0.0018002295270950223]
visuotactile_world_model,test_physics_ood,1,height_mae_m_h3,0.0035437670524697752,0.0030739963269362405,0.003988451690616785,30,1,,2000,[0.0035437670524697752]
visuotactile_world_model,test_physics_ood,2,height_mae_m_h3,0.0024818193920590503,0.0020230192933506463,0.00295475977696737,30,1,,2000,[0.0024818193920590503]
visuotactile_world_model,test_physics_ood,0,height_mae_m_h4,0.0019270530978812734,0.0016444206082540202,0.002179329931605025,30,1,,2000,[0.0019270530978812734]
visuotactile_world_model,test_physics_ood,1,height_mae_m_h4,0.004229141867997694,0.0036496563673952347,0.004803116465074709,30,1,,2000,[0.004229141867997694]
visuotactile_world_model,test_physics_ood,2,height_mae_m_h4,0.0026557919510459115,0.0021647841523970584,0.003156433305234208,30,1,,2000,[0.0026557919510459115]
visuotactile_world_model,test_physics_ood,0,height_mae_m_h5,0.0020741713059800938,0.001766838708698035,0.0023507604873464314,30,1,,2000,[0.0020741713059800938]
visuotactile_world_model,test_physics_ood,1,height_mae_m_h5,0.004934829691062785,0.004244331326172363,0.005614627144443349,30,1,,2000,[0.004934829691062785]
visuotactile_world_model,test_physics_ood,2,height_mae_m_h5,0.0028785775885787897,0.0023711318085875566,0.0034091388372439213,30,1,,2000,[0.0028785775885787897]
visuotactile_world_model,test_physics_ood,0,interval_peak_mae_N,0.7814322347640992,0.604473363364405,0.9617952239645852,30,1,,2000,[0.7814322347640992]
visuotactile_world_model,test_physics_ood,1,interval_peak_mae_N,0.9037037931018406,0.6889648036572668,1.1350175285749964,30,1,,2000,[0.9037037931018406]
visuotactile_world_model,test_physics_ood,2,interval_peak_mae_N,0.6809626135826111,0.5398695802609126,0.8334603232271136,30,1,,2000,[0.6809626135826111]
visuotactile_world_model,test_physics_ood,0,interval_peak_mae_N_h1,0.6552641166581048,0.47963889903823537,0.8425062267581621,30,1,,2000,[0.6552641166581048]
visuotactile_world_model,test_physics_ood,1,interval_peak_mae_N_h1,0.7545021039909786,0.551099453025394,0.9710402506192524,30,1,,2000,[0.7545021039909786]
visuotactile_world_model,test_physics_ood,2,interval_peak_mae_N_h1,0.49434317535824246,0.3710845717456606,0.6290745089252789,30,1,,2000,[0.49434317535824246]
visuotactile_world_model,test_physics_ood,0,interval_peak_mae_N_h2,0.7206725862291125,0.552183557977279,0.8934630194240146,30,1,,2000,[0.7206725862291125]
visuotactile_world_model,test_physics_ood,1,interval_peak_mae_N_h2,0.8303353599707286,0.6306768308215671,1.0472375685738189,30,1,,2000,[0.8303353599707286]
visuotactile_world_model,test_physics_ood,2,interval_peak_mae_N_h2,0.5707405417495304,0.44710970331231753,0.7070984165734715,30,1,,2000,[0.5707405417495304]
visuotactile_world_model,test_physics_ood,0,interval_peak_mae_N_h3,0.7726951875951555,0.5981112988491853,0.949769980367687,30,1,,2000,[0.7726951875951555]
visuotactile_world_model,test_physics_ood,1,interval_peak_mae_N_h3,0.899823161760966,0.6855497379104296,1.127772977494531,30,1,,2000,[0.899823161760966]
visuotactile_world_model,test_physics_ood,2,interval_peak_mae_N_h3,0.6650172201792399,0.5241281827092171,0.8159035681552357,30,1,,2000,[0.6650172201792399]
visuotactile_world_model,test_physics_ood,0,interval_peak_mae_N_h4,0.8410380253526899,0.6570073757138517,1.0343552308215034,30,1,,2000,[0.8410380253526899]
visuotactile_world_model,test_physics_ood,1,interval_peak_mae_N_h4,0.9739649420314365,0.7452888147069349,1.2148784204622107,30,1,,2000,[0.9739649420314365]
visuotactile_world_model,test_physics_ood,2,interval_peak_mae_N_h4,0.7700631770822737,0.6126158517764675,0.9458588684797288,30,1,,2000,[0.7700631770822737]
visuotactile_world_model,test_physics_ood,0,interval_peak_mae_N_h5,0.917491257985433,0.7231310111118687,1.1158690562413796,30,1,,2000,[0.917491257985433]
visuotactile_world_model,test_physics_ood,1,interval_peak_mae_N_h5,1.059893397755093,0.8170852016442351,1.3292923269967238,30,1,,2000,[1.059893397755093]
visuotactile_world_model,test_physics_ood,2,interval_peak_mae_N_h5,0.904648953543769,0.7179887597991361,1.1130790405439004,30,1,,2000,[0.904648953543769]
visuotactile_world_model,test_physics_ood,0,joint_episode_coverage,0.7666666666666667,0.6,0.9,30,1,,2000,[0.7666666666666667]
visuotactile_world_model,test_physics_ood,1,joint_episode_coverage,0.6333333333333333,0.4666666666666667,0.8,30,1,,2000,[0.6333333333333333]
visuotactile_world_model,test_physics_ood,2,joint_episode_coverage,0.6666666666666666,0.5,0.8333333333333334,30,1,,2000,[0.6666666666666666]
visuotactile_world_model,test_physics_ood,0,peak_episode_coverage,0.7666666666666667,0.6,0.9,30,1,,2000,[0.7666666666666667]
visuotactile_world_model,test_physics_ood,1,peak_episode_coverage,0.8,0.6333333333333333,0.9333333333333333,30,1,,2000,[0.8]
visuotactile_world_model,test_physics_ood,2,peak_episode_coverage,0.9,0.7666666666666667,1.0,30,1,,2000,[0.9]
