seed,alpha,split,method,assumed_mu,assumed_normal_ceiling_N,certification_coverage,true_constraint_valid_fraction,false_certificate_per_frame,violation_given_certification,valid_certificates_per_frame,trajectory_any_false_certificate,certified_frames,frames
17,0.2,test_id,point,0.3,0.5,0.5222703543263356,0.5585915805842497,0.02999000333222259,0.057422373458102936,0.49228035099411305,0.5086206896551724,4702,9003
17,0.2,test_id,point,0.3,1.0,0.696767744085305,0.7534155281572809,0.024991669443518827,0.035868005738880916,0.6717760746417861,0.5,6273,9003
17,0.2,test_id,point,0.3,2.0,0.696767744085305,0.7534155281572809,0.024991669443518827,0.035868005738880916,0.6717760746417861,0.5,6273,9003
17,0.2,test_id,point,0.3,3.0,0.696767744085305,0.7534155281572809,0.024991669443518827,0.035868005738880916,0.6717760746417861,0.5,6273,9003
17,0.2,test_id,point,0.5,0.5,0.5913584360768632,0.5653670998556037,0.04887259802288126,0.08264462809917356,0.542485838053982,0.5775862068965517,5324,9003
17,0.2,test_id,point,0.5,1.0,0.7957347550816395,0.7679662334777296,0.04909474619571254,0.061697375767727526,0.746640008885927,0.603448275862069,7164,9003
17,0.2,test_id,point,0.5,2.0,0.7958458291680551,0.7679662334777296,0.04920582028212818,0.06182833217027216,0.746640008885927,0.6120689655172413,7165,9003
17,0.2,test_id,point,0.5,3.0,0.7958458291680551,0.7679662334777296,0.04920582028212818,0.06182833217027216,0.746640008885927,0.6120689655172413,7165,9003
17,0.2,test_id,point,0.8,0.5,0.6366766633344441,0.5828057314228591,0.07386426746640008,0.11601535240753663,0.562812395868044,0.6982758620689655,5732,9003
17,0.2,test_id,point,0.8,1.0,0.9041430634233033,0.801732755748084,0.10840830834166389,0.1199017199017199,0.7957347550816395,0.8620689655172413,8140,9003
17,0.2,test_id,point,0.8,2.0,0.9060313228923692,0.8021770520937466,0.1098522714650672,0.12124555596420253,0.796179051427302,0.8620689655172413,8157,9003
17,0.2,test_id,point,0.8,3.0,0.9060313228923692,0.8021770520937466,0.1098522714650672,0.12124555596420253,0.796179051427302,0.8620689655172413,8157,9003
17,0.2,test_batch6,point,0.3,0.5,0.5528863076381556,0.5665258711721225,0.036342837029215064,0.0657329301289193,0.5165434706089406,0.477124183006536,6283,11364
17,0.2,test_batch6,point,0.3,1.0,0.7310806054206266,0.744368180218233,0.032382963745160157,0.04429465575349061,0.6986976416754663,0.4444444444444444,8308,11364
17,0.2,test_batch6,point,0.3,2.0,0.7310806054206266,0.744368180218233,0.032382963745160157,0.04429465575349061,0.6986976416754663,0.4444444444444444,8308,11364
17,0.2,test_batch6,point,0.3,3.0,0.7310806054206266,0.744368180218233,0.032382963745160157,0.04429465575349061,0.6986976416754663,0.4444444444444444,8308,11364
17,0.2,test_batch6,point,0.5,0.5,0.6101724744808166,0.5732136571629708,0.05957409362900387,0.09763484280357658,0.5505983808518128,0.5555555555555556,6934,11364
17,0.2,test_batch6,point,0.5,1.0,0.8028863076381556,0.7580077437521999,0.06027807110172474,0.07507672073651907,0.7426082365364308,0.5947712418300654,9124,11364
17,0.2,test_batch6,point,0.5,2.0,0.8030623020063358,0.7580077437521999,0.06045406546990496,0.07527942143326759,0.7426082365364308,0.5947712418300654,9126,11364
17,0.2,test_batch6,point,0.5,3.0,0.8030623020063358,0.7580077437521999,0.06045406546990496,0.07527942143326759,0.7426082365364308,0.5947712418300654,9126,11364
17,0.2,test_batch6,point,0.8,0.5,0.6651707145371348,0.5875571981696586,0.0966209081309398,0.14525730916787935,0.568549806406195,0.6928104575163399,7559,11364
17,0.2,test_batch6,point,0.8,1.0,0.9083949313621964,0.7864308342133052,0.1275079197465681,0.14036617262423715,0.7808870116156283,0.8954248366013072,10323,11364
17,0.2,test_batch6,point,0.8,2.0,0.9093629003871876,0.7864308342133052,0.1284758887715593,0.14128120766402166,0.7808870116156283,0.8954248366013072,10334,11364
17,0.2,test_batch6,point,0.8,3.0,0.9093629003871876,0.7864308342133052,0.1284758887715593,0.14128120766402166,0.7808870116156283,0.8954248366013072,10334,11364
17,0.2,test_flat,point,0.3,0.5,0.0,0.33001149865848983,0.0,,0.0,0.0,0,13045
17,0.2,test_flat,point,0.3,1.0,0.007129168263702568,0.5921809122269068,0.007129168263702568,1.0,0.0,0.0436241610738255,93,13045
17,0.2,test_flat,point,0.3,2.0,0.007129168263702568,0.5921809122269068,0.007129168263702568,1.0,0.0,0.0436241610738255,93,13045
17,0.2,test_flat,point,0.3,3.0,0.007129168263702568,0.5921809122269068,0.007129168263702568,1.0,0.0,0.0436241610738255,93,13045
17,0.2,test_flat,point,0.5,0.5,0.0,0.34495975469528556,0.0,,0.0,0.0,0,13045
17,0.2,test_flat,point,0.5,1.0,0.028516673054810274,0.6211575316213108,0.018397853583748562,0.6451612903225806,0.01011881947106171,0.09395973154362416,372,13045
17,0.2,test_flat,point,0.5,2.0,0.02866998850134151,0.6211575316213108,0.018551169030279802,0.6470588235294118,0.01011881947106171,0.09395973154362416,374,13045
17,0.2,test_flat,point,0.5,3.0,0.02866998850134151,0.6211575316213108,0.018551169030279802,0.6470588235294118,0.01011881947106171,0.09395973154362416,374,13045
17,0.2,test_flat,point,0.8,0.5,0.0,0.40505940973553084,0.0,,0.0,0.0,0,13045
17,0.2,test_flat,point,0.8,1.0,0.13169796857033347,0.7471828286699885,0.019624377155998466,0.1490104772991851,0.112073591414335,0.13087248322147652,1718,13045
17,0.2,test_flat,point,0.8,2.0,0.13200459946339593,0.7488692985818322,0.018857799923342276,0.14285714285714285,0.11314679954005366,0.13087248322147652,1722,13045
17,0.2,test_flat,point,0.8,3.0,0.13200459946339593,0.7488692985818322,0.018857799923342276,0.14285714285714285,0.11314679954005366,0.13087248322147652,1722,13045
17,0.2,test_sharp,point,0.3,0.5,0.15697340730820739,0.5160704036732351,0.025683948727759708,0.1636197440585009,0.1312894585804477,0.3059210526315789,3282,20908
17,0.2,test_sharp,point,0.3,1.0,0.19576238760283146,0.7304381098144251,0.018987947197245073,0.09699486928903005,0.17677444040558637,0.2565789473684211,4093,20908
17,0.2,test_sharp,point,0.3,2.0,0.19576238760283146,0.7304381098144251,0.018987947197245073,0.09699486928903005,0.17677444040558637,0.2565789473684211,4093,20908
17,0.2,test_sharp,point,0.3,3.0,0.19576238760283146,0.7304381098144251,0.018987947197245073,0.09699486928903005,0.17677444040558637,0.2565789473684211,4093,20908
17,0.2,test_sharp,point,0.5,0.5,0.2576047445953702,0.5237229768509661,0.05017218289649895,0.194764203490531,0.20743256169887125,0.39144736842105265,5386,20908
17,0.2,test_sharp,point,0.5,1.0,0.3502487086282763,0.746030227664052,0.03596709393533576,0.10269015430834358,0.3142816146929405,0.33223684210526316,7323,20908
17,0.2,test_sharp,point,0.5,2.0,0.3502487086282763,0.746030227664052,0.03596709393533576,0.10269015430834358,0.3142816146929405,0.33223684210526316,7323,20908
17,0.2,test_sharp,point,0.5,3.0,0.3502487086282763,0.746030227664052,0.03596709393533576,0.10269015430834358,0.3142816146929405,0.33223684210526316,7323,20908
17,0.2,test_sharp,point,0.8,0.5,0.3369045341496078,0.5440501243543141,0.0714080734647025,0.2119534355479841,0.2654964606849053,0.45394736842105265,7044,20908
17,0.2,test_sharp,point,0.8,1.0,0.5717907021235891,0.7801320068873159,0.0828391046489382,0.1448766206608114,0.48895159747465083,0.5953947368421053,11955,20908
17,0.2,test_sharp,point,0.8,2.0,0.5722689879471973,0.7801798354696767,0.0833173904725464,0.14559130798161304,0.48895159747465083,0.5953947368421053,11965,20908
17,0.2,test_sharp,point,0.8,3.0,0.5722689879471973,0.7801798354696767,0.0833173904725464,0.14559130798161304,0.48895159747465083,0.5953947368421053,11965,20908
17,0.2,test_id,frame_constraint,0.3,0.5,0.14128623792069311,0.5585915805842497,0.000999666777740753,0.007075471698113208,0.14028657114295234,0.04310344827586207,1272,9003
17,0.2,test_id,frame_constraint,0.3,1.0,0.3273353326668888,0.7534155281572809,0.0018882594690658669,0.005768578215134035,0.32544707319782296,0.13793103448275862,2947,9003
17,0.2,test_id,frame_constraint,0.3,2.0,0.32933466622237034,0.7534155281572809,0.0018882594690658669,0.005733558178752108,0.32744640675330444,0.13793103448275862,2965,9003
17,0.2,test_id,frame_constraint,0.3,3.0,0.32933466622237034,0.7534155281572809,0.0018882594690658669,0.005733558178752108,0.32744640675330444,0.13793103448275862,2965,9003
17,0.2,test_id,frame_constraint,0.5,0.5,0.4136398978118405,0.5653670998556037,0.011218482727979562,0.027121374865735768,0.4024214150838609,0.1810344827586207,3724,9003
17,0.2,test_id,frame_constraint,0.5,1.0,0.6527824058647118,0.7679662334777296,0.01288459402421415,0.019737961545005955,0.6398978118404977,0.3103448275862069,5877,9003
17,0.2,test_id,frame_constraint,0.5,2.0,0.6558924802843497,0.7679662334777296,0.01288459402421415,0.01964436917866215,0.6430078862601355,0.3103448275862069,5905,9003
17,0.2,test_id,frame_constraint,0.5,3.0,0.6558924802843497,0.7679662334777296,0.01288459402421415,0.01964436917866215,0.6430078862601355,0.3103448275862069,5905,9003
17,0.2,test_id,frame_constraint,0.8,0.5,0.5478173942019327,0.5828057314228591,0.03976452293679884,0.07258718572587186,0.5080528712651339,0.4224137931034483,4932,9003
17,0.2,test_id,frame_constraint,0.8,1.0,0.8493835388203932,0.801732755748084,0.06864378540486504,0.08081600627697136,0.7807397534155281,0.7327586206896551,7647,9003
17,0.2,test_id,frame_constraint,0.8,2.0,0.8543818727090969,0.8021770520937466,0.06997667444185271,0.08190327613104524,0.7844051982672442,0.75,7692,9003
17,0.2,test_id,frame_constraint,0.8,3.0,0.8543818727090969,0.8021770520937466,0.06997667444185271,0.08190327613104524,0.7844051982672442,0.75,7692,9003
17,0.2,test_batch6,frame_constraint,0.3,0.5,0.17053854276663147,0.5665258711721225,0.0032558958113340373,0.019091847265221878,0.16728264695529743,0.0784313725490196,1938,11364
17,0.2,test_batch6,frame_constraint,0.3,1.0,0.37601196761703626,0.744368180218233,0.0019359380499824005,0.005148607535689211,0.3740760295670539,0.12418300653594772,4273,11364
17,0.2,test_batch6,frame_constraint,0.3,2.0,0.37601196761703626,0.744368180218233,0.0019359380499824005,0.005148607535689211,0.3740760295670539,0.12418300653594772,4273,11364
17,0.2,test_batch6,frame_constraint,0.3,3.0,0.37601196761703626,0.744368180218233,0.0019359380499824005,0.005148607535689211,0.3740760295670539,0.12418300653594772,4273,11364
17,0.2,test_batch6,frame_constraint,0.5,0.5,0.4565293910594861,0.5732136571629708,0.01874340021119324,0.041056283731688514,0.43778599084829284,0.27450980392156865,5188,11364
17,0.2,test_batch6,frame_constraint,0.5,1.0,0.6891939457937346,0.7580077437521999,0.020239352340725096,0.02936670071501532,0.6689545934530094,0.33986928104575165,7832,11364
17,0.2,test_batch6,frame_constraint,0.5,2.0,0.6891939457937346,0.7580077437521999,0.020239352340725096,0.02936670071501532,0.6689545934530094,0.33986928104575165,7832,11364
17,0.2,test_batch6,frame_constraint,0.5,3.0,0.6891939457937346,0.7580077437521999,0.020239352340725096,0.02936670071501532,0.6689545934530094,0.33986928104575165,7832,11364
17,0.2,test_batch6,frame_constraint,0.8,0.5,0.5748856036606829,0.5875571981696586,0.05957409362900387,0.10362773610898515,0.515311510031679,0.48366013071895425,6533,11364
17,0.2,test_batch6,frame_constraint,0.8,1.0,0.8539246744104189,0.7864308342133052,0.08667722632875748,0.1015045342126958,0.7672474480816613,0.7320261437908496,9704,11364
17,0.2,test_batch6,frame_constraint,0.8,2.0,0.8550686378035903,0.7864308342133052,0.0878211897219289,0.10270659668622002,0.7672474480816613,0.738562091503268,9717,11364
17,0.2,test_batch6,frame_constraint,0.8,3.0,0.8550686378035903,0.7864308342133052,0.0878211897219289,0.10270659668622002,0.7672474480816613,0.738562091503268,9717,11364
17,0.2,test_flat,frame_constraint,0.3,0.5,0.0,0.33001149865848983,0.0,,0.0,0.0,0,13045
17,0.2,test_flat,frame_constraint,0.3,1.0,0.0035262552702184746,0.5921809122269068,0.0035262552702184746,1.0,0.0,0.03355704697986577,46,13045
17,0.2,test_flat,frame_constraint,0.3,2.0,0.0035262552702184746,0.5921809122269068,0.0035262552702184746,1.0,0.0,0.03355704697986577,46,13045
17,0.2,test_flat,frame_constraint,0.3,3.0,0.0035262552702184746,0.5921809122269068,0.0035262552702184746,1.0,0.0,0.03355704697986577,46,13045
17,0.2,test_flat,frame_constraint,0.5,0.5,0.0,0.34495975469528556,0.0,,0.0,0.0,0,13045
17,0.2,test_flat,frame_constraint,0.5,1.0,0.016788041395170563,0.6211575316213108,0.01318512840168647,0.7853881278538812,0.0036029129934840934,0.08053691275167785,219,13045
17,0.2,test_flat,frame_constraint,0.5,2.0,0.01709467228823304,0.6211575316213108,0.013491759294748946,0.7892376681614349,0.0036029129934840934,0.08053691275167785,223,13045
17,0.2,test_flat,frame_constraint,0.5,3.0,0.01709467228823304,0.6211575316213108,0.013491759294748946,0.7892376681614349,0.0036029129934840934,0.08053691275167785,223,13045
17,0.2,test_flat,frame_constraint,0.8,0.5,0.0,0.40505940973553084,0.0,,0.0,0.0,0,13045
17,0.2,test_flat,frame_constraint,0.8,1.0,0.08907627443464929,0.7471828286699885,0.012955155231889613,0.14543889845094665,0.07612111920275967,0.09060402684563758,1162,13045
17,0.2,test_flat,frame_constraint,0.8,2.0,0.0899195093905711,0.7488692985818322,0.012571866615561518,0.13981244671781756,0.07734764277500958,0.09060402684563758,1173,13045
17,0.2,test_flat,frame_constraint,0.8,3.0,0.0899195093905711,0.7488692985818322,0.012571866615561518,0.13981244671781756,0.07734764277500958,0.09060402684563758,1173,13045
17,0.2,test_sharp,frame_constraint,0.3,0.5,0.027501434857470825,0.5160704036732351,0.0014348574708245648,0.05217391304347826,0.02606657738664626,0.039473684210526314,575,20908
17,0.2,test_sharp,frame_constraint,0.3,1.0,0.056868184427013586,0.7304381098144251,0.0020566290415152096,0.03616484440706476,0.054811555385498374,0.07236842105263158,1189,20908
17,0.2,test_sharp,frame_constraint,0.3,2.0,0.056868184427013586,0.7304381098144251,0.0020566290415152096,0.03616484440706476,0.054811555385498374,0.07236842105263158,1189,20908
17,0.2,test_sharp,frame_constraint,0.3,3.0,0.056868184427013586,0.7304381098144251,0.0020566290415152096,0.03616484440706476,0.054811555385498374,0.07236842105263158,1189,20908
17,0.2,test_sharp,frame_constraint,0.5,0.5,0.12641094317964416,0.5237229768509661,0.014205088961163192,0.11237230419977298,0.11220585421848096,0.21052631578947367,2643,20908
17,0.2,test_sharp,frame_constraint,0.5,1.0,0.2101109623110771,0.746030227664052,0.015209489190740387,0.07238788982472115,0.1949014731203367,0.22039473684210525,4393,20908
17,0.2,test_sharp,frame_constraint,0.5,2.0,0.2101109623110771,0.746030227664052,0.015209489190740387,0.07238788982472115,0.1949014731203367,0.22039473684210525,4393,20908
17,0.2,test_sharp,frame_constraint,0.5,3.0,0.2101109623110771,0.746030227664052,0.015209489190740387,0.07238788982472115,0.1949014731203367,0.22039473684210525,4393,20908
17,0.2,test_sharp,frame_constraint,0.8,0.5,0.26114405969007076,0.5440501243543141,0.03410177922326382,0.1305860805860806,0.22704228046680697,0.34210526315789475,5460,20908
17,0.2,test_sharp,frame_constraint,0.8,1.0,0.48675148268605317,0.7801320068873159,0.05825521331547733,0.11968163505944777,0.42849626937057583,0.4868421052631579,10177,20908
17,0.2,test_sharp,frame_constraint,0.8,2.0,0.4880428544097953,0.7801798354696767,0.05935527070977616,0.12161897295178362,0.42868758370001914,0.4934210526315789,10204,20908
17,0.2,test_sharp,frame_constraint,0.8,3.0,0.4880428544097953,0.7801798354696767,0.05935527070977616,0.12161897295178362,0.42868758370001914,0.4934210526315789,10204,20908
17,0.2,test_id,trajectory_coordinate_box,0.3,0.5,0.0,0.5585915805842497,0.0,,0.0,0.0,0,9003
17,0.2,test_id,trajectory_coordinate_box,0.3,1.0,0.0,0.7534155281572809,0.0,,0.0,0.0,0,9003
17,0.2,test_id,trajectory_coordinate_box,0.3,2.0,0.0,0.7534155281572809,0.0,,0.0,0.0,0,9003
17,0.2,test_id,trajectory_coordinate_box,0.3,3.0,0.0,0.7534155281572809,0.0,,0.0,0.0,0,9003
17,0.2,test_id,trajectory_coordinate_box,0.5,0.5,0.0,0.5653670998556037,0.0,,0.0,0.0,0,9003
17,0.2,test_id,trajectory_coordinate_box,0.5,1.0,0.0,0.7679662334777296,0.0,,0.0,0.0,0,9003
17,0.2,test_id,trajectory_coordinate_box,0.5,2.0,0.0,0.7679662334777296,0.0,,0.0,0.0,0,9003
17,0.2,test_id,trajectory_coordinate_box,0.5,3.0,0.0,0.7679662334777296,0.0,,0.0,0.0,0,9003
17,0.2,test_id,trajectory_coordinate_box,0.8,0.5,0.0,0.5828057314228591,0.0,,0.0,0.0,0,9003
17,0.2,test_id,trajectory_coordinate_box,0.8,1.0,0.0,0.801732755748084,0.0,,0.0,0.0,0,9003
17,0.2,test_id,trajectory_coordinate_box,0.8,2.0,0.0008885926913251138,0.8021770520937466,0.0,0.0,0.0008885926913251138,0.0,8,9003
17,0.2,test_id,trajectory_coordinate_box,0.8,3.0,0.0008885926913251138,0.8021770520937466,0.0,0.0,0.0008885926913251138,0.0,8,9003
17,0.2,test_batch6,trajectory_coordinate_box,0.3,0.5,0.0,0.5665258711721225,0.0,,0.0,0.0,0,11364
17,0.2,test_batch6,trajectory_coordinate_box,0.3,1.0,0.0,0.744368180218233,0.0,,0.0,0.0,0,11364
17,0.2,test_batch6,trajectory_coordinate_box,0.3,2.0,0.0,0.744368180218233,0.0,,0.0,0.0,0,11364
17,0.2,test_batch6,trajectory_coordinate_box,0.3,3.0,0.0,0.744368180218233,0.0,,0.0,0.0,0,11364
17,0.2,test_batch6,trajectory_coordinate_box,0.5,0.5,0.0,0.5732136571629708,0.0,,0.0,0.0,0,11364
17,0.2,test_batch6,trajectory_coordinate_box,0.5,1.0,0.0,0.7580077437521999,0.0,,0.0,0.0,0,11364
17,0.2,test_batch6,trajectory_coordinate_box,0.5,2.0,0.0,0.7580077437521999,0.0,,0.0,0.0,0,11364
17,0.2,test_batch6,trajectory_coordinate_box,0.5,3.0,0.0,0.7580077437521999,0.0,,0.0,0.0,0,11364
17,0.2,test_batch6,trajectory_coordinate_box,0.8,0.5,0.0,0.5875571981696586,0.0,,0.0,0.0,0,11364
17,0.2,test_batch6,trajectory_coordinate_box,0.8,1.0,0.0,0.7864308342133052,0.0,,0.0,0.0,0,11364
17,0.2,test_batch6,trajectory_coordinate_box,0.8,2.0,0.00035198873636043646,0.7864308342133052,0.0,0.0,0.00035198873636043646,0.0,4,11364
17,0.2,test_batch6,trajectory_coordinate_box,0.8,3.0,0.00035198873636043646,0.7864308342133052,0.0,0.0,0.00035198873636043646,0.0,4,11364
17,0.2,test_flat,trajectory_coordinate_box,0.3,0.5,0.0,0.33001149865848983,0.0,,0.0,0.0,0,13045
17,0.2,test_flat,trajectory_coordinate_box,0.3,1.0,0.0,0.5921809122269068,0.0,,0.0,0.0,0,13045
17,0.2,test_flat,trajectory_coordinate_box,0.3,2.0,0.0,0.5921809122269068,0.0,,0.0,0.0,0,13045
17,0.2,test_flat,trajectory_coordinate_box,0.3,3.0,0.0,0.5921809122269068,0.0,,0.0,0.0,0,13045
17,0.2,test_flat,trajectory_coordinate_box,0.5,0.5,0.0,0.34495975469528556,0.0,,0.0,0.0,0,13045
17,0.2,test_flat,trajectory_coordinate_box,0.5,1.0,0.0,0.6211575316213108,0.0,,0.0,0.0,0,13045
17,0.2,test_flat,trajectory_coordinate_box,0.5,2.0,0.0,0.6211575316213108,0.0,,0.0,0.0,0,13045
17,0.2,test_flat,trajectory_coordinate_box,0.5,3.0,0.0,0.6211575316213108,0.0,,0.0,0.0,0,13045
17,0.2,test_flat,trajectory_coordinate_box,0.8,0.5,0.0,0.40505940973553084,0.0,,0.0,0.0,0,13045
17,0.2,test_flat,trajectory_coordinate_box,0.8,1.0,0.0,0.7471828286699885,0.0,,0.0,0.0,0,13045
17,0.2,test_flat,trajectory_coordinate_box,0.8,2.0,0.0,0.7488692985818322,0.0,,0.0,0.0,0,13045
17,0.2,test_flat,trajectory_coordinate_box,0.8,3.0,0.0,0.7488692985818322,0.0,,0.0,0.0,0,13045
17,0.2,test_sharp,trajectory_coordinate_box,0.3,0.5,0.0,0.5160704036732351,0.0,,0.0,0.0,0,20908
17,0.2,test_sharp,trajectory_coordinate_box,0.3,1.0,0.0,0.7304381098144251,0.0,,0.0,0.0,0,20908
17,0.2,test_sharp,trajectory_coordinate_box,0.3,2.0,0.0,0.7304381098144251,0.0,,0.0,0.0,0,20908
17,0.2,test_sharp,trajectory_coordinate_box,0.3,3.0,0.0,0.7304381098144251,0.0,,0.0,0.0,0,20908
17,0.2,test_sharp,trajectory_coordinate_box,0.5,0.5,0.0,0.5237229768509661,0.0,,0.0,0.0,0,20908
17,0.2,test_sharp,trajectory_coordinate_box,0.5,1.0,0.0,0.746030227664052,0.0,,0.0,0.0,0,20908
17,0.2,test_sharp,trajectory_coordinate_box,0.5,2.0,0.0,0.746030227664052,0.0,,0.0,0.0,0,20908
17,0.2,test_sharp,trajectory_coordinate_box,0.5,3.0,0.0,0.746030227664052,0.0,,0.0,0.0,0,20908
17,0.2,test_sharp,trajectory_coordinate_box,0.8,0.5,0.0,0.5440501243543141,0.0,,0.0,0.0,0,20908
17,0.2,test_sharp,trajectory_coordinate_box,0.8,1.0,0.0,0.7801320068873159,0.0,,0.0,0.0,0,20908
17,0.2,test_sharp,trajectory_coordinate_box,0.8,2.0,0.0,0.7801798354696767,0.0,,0.0,0.0,0,20908
17,0.2,test_sharp,trajectory_coordinate_box,0.8,3.0,0.0,0.7801798354696767,0.0,,0.0,0.0,0,20908
17,0.2,test_id,trajectory_constraint,0.3,0.5,0.0,0.5585915805842497,0.0,,0.0,0.0,0,9003
17,0.2,test_id,trajectory_constraint,0.3,1.0,0.0,0.7534155281572809,0.0,,0.0,0.0,0,9003
17,0.2,test_id,trajectory_constraint,0.3,2.0,0.0,0.7534155281572809,0.0,,0.0,0.0,0,9003
17,0.2,test_id,trajectory_constraint,0.3,3.0,0.0,0.7534155281572809,0.0,,0.0,0.0,0,9003
17,0.2,test_id,trajectory_constraint,0.5,0.5,0.0,0.5653670998556037,0.0,,0.0,0.0,0,9003
17,0.2,test_id,trajectory_constraint,0.5,1.0,0.035543707653004554,0.7679662334777296,0.0,0.0,0.035543707653004554,0.0,320,9003
17,0.2,test_id,trajectory_constraint,0.5,2.0,0.06753304454070866,0.7679662334777296,0.00011107408641563923,0.001644736842105263,0.06742197045429302,0.008620689655172414,608,9003
17,0.2,test_id,trajectory_constraint,0.5,3.0,0.06753304454070866,0.7679662334777296,0.00011107408641563923,0.001644736842105263,0.06742197045429302,0.008620689655172414,608,9003
17,0.2,test_id,trajectory_constraint,0.8,0.5,0.0,0.5828057314228591,0.0,,0.0,0.0,0,9003
17,0.2,test_id,trajectory_constraint,0.8,1.0,0.2301455070532045,0.801732755748084,0.0006664445184938354,0.0028957528957528956,0.22947906253471065,0.02586206896551724,2072,9003
17,0.2,test_id,trajectory_constraint,0.8,2.0,0.28323892035988,0.8021770520937466,0.0023325558147284237,0.00823529411764706,0.2809063645451516,0.0603448275862069,2550,9003
17,0.2,test_id,trajectory_constraint,0.8,3.0,0.28323892035988,0.8021770520937466,0.0023325558147284237,0.00823529411764706,0.2809063645451516,0.0603448275862069,2550,9003
17,0.2,test_batch6,trajectory_constraint,0.3,0.5,0.0,0.5665258711721225,0.0,,0.0,0.0,0,11364
17,0.2,test_batch6,trajectory_constraint,0.3,1.0,0.0,0.744368180218233,0.0,,0.0,0.0,0,11364
17,0.2,test_batch6,trajectory_constraint,0.3,2.0,0.0,0.744368180218233,0.0,,0.0,0.0,0,11364
17,0.2,test_batch6,trajectory_constraint,0.3,3.0,0.0,0.744368180218233,0.0,,0.0,0.0,0,11364
17,0.2,test_batch6,trajectory_constraint,0.5,0.5,0.0,0.5732136571629708,0.0,,0.0,0.0,0,11364
17,0.2,test_batch6,trajectory_constraint,0.5,1.0,0.044086589229144664,0.7580077437521999,0.0,0.0,0.044086589229144664,0.0,501,11364
17,0.2,test_batch6,trajectory_constraint,0.5,2.0,0.07180570221752904,0.7580077437521999,8.799718409010911e-05,0.0012254901960784314,0.07171770503343892,0.006535947712418301,816,11364
17,0.2,test_batch6,trajectory_constraint,0.5,3.0,0.07180570221752904,0.7580077437521999,8.799718409010911e-05,0.0012254901960784314,0.07171770503343892,0.006535947712418301,816,11364
17,0.2,test_batch6,trajectory_constraint,0.8,0.5,0.0,0.5875571981696586,0.0,,0.0,0.0,0,11364
17,0.2,test_batch6,trajectory_constraint,0.8,1.0,0.2552798310454065,0.7864308342133052,0.0014079549454417458,0.005515339538090314,0.2538718760999648,0.05228758169934641,2901,11364
17,0.2,test_batch6,trajectory_constraint,0.8,2.0,0.29663850756775784,0.7864308342133052,0.0022879267863428372,0.0077128448531593,0.294350580781415,0.0718954248366013,3371,11364
17,0.2,test_batch6,trajectory_constraint,0.8,3.0,0.29663850756775784,0.7864308342133052,0.0022879267863428372,0.0077128448531593,0.294350580781415,0.0718954248366013,3371,11364
17,0.2,test_flat,trajectory_constraint,0.3,0.5,0.0,0.33001149865848983,0.0,,0.0,0.0,0,13045
17,0.2,test_flat,trajectory_constraint,0.3,1.0,0.0,0.5921809122269068,0.0,,0.0,0.0,0,13045
17,0.2,test_flat,trajectory_constraint,0.3,2.0,0.0,0.5921809122269068,0.0,,0.0,0.0,0,13045
17,0.2,test_flat,trajectory_constraint,0.3,3.0,0.0,0.5921809122269068,0.0,,0.0,0.0,0,13045
17,0.2,test_flat,trajectory_constraint,0.5,0.5,0.0,0.34495975469528556,0.0,,0.0,0.0,0,13045
17,0.2,test_flat,trajectory_constraint,0.5,1.0,0.00022997316979685704,0.6211575316213108,0.00015331544653123802,0.6666666666666666,7.665772326561901e-05,0.006711409395973154,3,13045
17,0.2,test_flat,trajectory_constraint,0.5,2.0,0.0010732081257186661,0.6211575316213108,0.0009965504024530471,0.9285714285714286,7.665772326561901e-05,0.016778523489932886,14,13045
17,0.2,test_flat,trajectory_constraint,0.5,3.0,0.0010732081257186661,0.6211575316213108,0.0009965504024530471,0.9285714285714286,7.665772326561901e-05,0.016778523489932886,14,13045
17,0.2,test_flat,trajectory_constraint,0.8,0.5,0.0,0.40505940973553084,0.0,,0.0,0.0,0,13045
17,0.2,test_flat,trajectory_constraint,0.8,1.0,0.009505557684936758,0.7471828286699885,0.00015331544653123802,0.016129032258064516,0.00935224223840552,0.006711409395973154,124,13045
17,0.2,test_flat,trajectory_constraint,0.8,2.0,0.01939440398620161,0.7488692985818322,0.0028363357608279034,0.14624505928853754,0.016558068225373708,0.02348993288590604,253,13045
17,0.2,test_flat,trajectory_constraint,0.8,3.0,0.01939440398620161,0.7488692985818322,0.0028363357608279034,0.14624505928853754,0.016558068225373708,0.02348993288590604,253,13045
17,0.2,test_sharp,trajectory_constraint,0.3,0.5,0.0,0.5160704036732351,0.0,,0.0,0.0,0,20908
17,0.2,test_sharp,trajectory_constraint,0.3,1.0,0.0,0.7304381098144251,0.0,,0.0,0.0,0,20908
17,0.2,test_sharp,trajectory_constraint,0.3,2.0,0.0,0.7304381098144251,0.0,,0.0,0.0,0,20908
17,0.2,test_sharp,trajectory_constraint,0.3,3.0,0.0,0.7304381098144251,0.0,,0.0,0.0,0,20908
17,0.2,test_sharp,trajectory_constraint,0.5,0.5,0.0,0.5237229768509661,0.0,,0.0,0.0,0,20908
17,0.2,test_sharp,trajectory_constraint,0.5,1.0,0.0031088578534532235,0.746030227664052,0.0,0.0,0.0031088578534532235,0.0,65,20908
17,0.2,test_sharp,trajectory_constraint,0.5,2.0,0.005787258465659078,0.746030227664052,0.00043045724124736944,0.0743801652892562,0.005356801224411708,0.013157894736842105,121,20908
17,0.2,test_sharp,trajectory_constraint,0.5,3.0,0.005787258465659078,0.746030227664052,0.00043045724124736944,0.0743801652892562,0.005356801224411708,0.013157894736842105,121,20908
17,0.2,test_sharp,trajectory_constraint,0.8,0.5,0.0,0.5440501243543141,0.0,,0.0,0.0,0,20908
17,0.2,test_sharp,trajectory_constraint,0.8,1.0,0.0612205854218481,0.7801320068873159,0.0023436005356801226,0.03828125,0.05887698488616797,0.03618421052631579,1280,20908
17,0.2,test_sharp,trajectory_constraint,0.8,2.0,0.08518270518461833,0.7801798354696767,0.007843887507174288,0.09208309938236946,0.07733881767744404,0.09210526315789473,1781,20908
17,0.2,test_sharp,trajectory_constraint,0.8,3.0,0.08518270518461833,0.7801798354696767,0.007843887507174288,0.09208309938236946,0.07733881767744404,0.09210526315789473,1781,20908
17,0.1,test_id,point,0.3,0.5,0.5222703543263356,0.5585915805842497,0.02999000333222259,0.057422373458102936,0.49228035099411305,0.5086206896551724,4702,9003
17,0.1,test_id,point,0.3,1.0,0.696767744085305,0.7534155281572809,0.024991669443518827,0.035868005738880916,0.6717760746417861,0.5,6273,9003
17,0.1,test_id,point,0.3,2.0,0.696767744085305,0.7534155281572809,0.024991669443518827,0.035868005738880916,0.6717760746417861,0.5,6273,9003
17,0.1,test_id,point,0.3,3.0,0.696767744085305,0.7534155281572809,0.024991669443518827,0.035868005738880916,0.6717760746417861,0.5,6273,9003
17,0.1,test_id,point,0.5,0.5,0.5913584360768632,0.5653670998556037,0.04887259802288126,0.08264462809917356,0.542485838053982,0.5775862068965517,5324,9003
17,0.1,test_id,point,0.5,1.0,0.7957347550816395,0.7679662334777296,0.04909474619571254,0.061697375767727526,0.746640008885927,0.603448275862069,7164,9003
17,0.1,test_id,point,0.5,2.0,0.7958458291680551,0.7679662334777296,0.04920582028212818,0.06182833217027216,0.746640008885927,0.6120689655172413,7165,9003
17,0.1,test_id,point,0.5,3.0,0.7958458291680551,0.7679662334777296,0.04920582028212818,0.06182833217027216,0.746640008885927,0.6120689655172413,7165,9003
17,0.1,test_id,point,0.8,0.5,0.6366766633344441,0.5828057314228591,0.07386426746640008,0.11601535240753663,0.562812395868044,0.6982758620689655,5732,9003
17,0.1,test_id,point,0.8,1.0,0.9041430634233033,0.801732755748084,0.10840830834166389,0.1199017199017199,0.7957347550816395,0.8620689655172413,8140,9003
17,0.1,test_id,point,0.8,2.0,0.9060313228923692,0.8021770520937466,0.1098522714650672,0.12124555596420253,0.796179051427302,0.8620689655172413,8157,9003
17,0.1,test_id,point,0.8,3.0,0.9060313228923692,0.8021770520937466,0.1098522714650672,0.12124555596420253,0.796179051427302,0.8620689655172413,8157,9003
17,0.1,test_batch6,point,0.3,0.5,0.5528863076381556,0.5665258711721225,0.036342837029215064,0.0657329301289193,0.5165434706089406,0.477124183006536,6283,11364
17,0.1,test_batch6,point,0.3,1.0,0.7310806054206266,0.744368180218233,0.032382963745160157,0.04429465575349061,0.6986976416754663,0.4444444444444444,8308,11364
17,0.1,test_batch6,point,0.3,2.0,0.7310806054206266,0.744368180218233,0.032382963745160157,0.04429465575349061,0.6986976416754663,0.4444444444444444,8308,11364
17,0.1,test_batch6,point,0.3,3.0,0.7310806054206266,0.744368180218233,0.032382963745160157,0.04429465575349061,0.6986976416754663,0.4444444444444444,8308,11364
17,0.1,test_batch6,point,0.5,0.5,0.6101724744808166,0.5732136571629708,0.05957409362900387,0.09763484280357658,0.5505983808518128,0.5555555555555556,6934,11364
17,0.1,test_batch6,point,0.5,1.0,0.8028863076381556,0.7580077437521999,0.06027807110172474,0.07507672073651907,0.7426082365364308,0.5947712418300654,9124,11364
17,0.1,test_batch6,point,0.5,2.0,0.8030623020063358,0.7580077437521999,0.06045406546990496,0.07527942143326759,0.7426082365364308,0.5947712418300654,9126,11364
17,0.1,test_batch6,point,0.5,3.0,0.8030623020063358,0.7580077437521999,0.06045406546990496,0.07527942143326759,0.7426082365364308,0.5947712418300654,9126,11364
17,0.1,test_batch6,point,0.8,0.5,0.6651707145371348,0.5875571981696586,0.0966209081309398,0.14525730916787935,0.568549806406195,0.6928104575163399,7559,11364
17,0.1,test_batch6,point,0.8,1.0,0.9083949313621964,0.7864308342133052,0.1275079197465681,0.14036617262423715,0.7808870116156283,0.8954248366013072,10323,11364
17,0.1,test_batch6,point,0.8,2.0,0.9093629003871876,0.7864308342133052,0.1284758887715593,0.14128120766402166,0.7808870116156283,0.8954248366013072,10334,11364
17,0.1,test_batch6,point,0.8,3.0,0.9093629003871876,0.7864308342133052,0.1284758887715593,0.14128120766402166,0.7808870116156283,0.8954248366013072,10334,11364
17,0.1,test_flat,point,0.3,0.5,0.0,0.33001149865848983,0.0,,0.0,0.0,0,13045
17,0.1,test_flat,point,0.3,1.0,0.007129168263702568,0.5921809122269068,0.007129168263702568,1.0,0.0,0.0436241610738255,93,13045
17,0.1,test_flat,point,0.3,2.0,0.007129168263702568,0.5921809122269068,0.007129168263702568,1.0,0.0,0.0436241610738255,93,13045
17,0.1,test_flat,point,0.3,3.0,0.007129168263702568,0.5921809122269068,0.007129168263702568,1.0,0.0,0.0436241610738255,93,13045
17,0.1,test_flat,point,0.5,0.5,0.0,0.34495975469528556,0.0,,0.0,0.0,0,13045
17,0.1,test_flat,point,0.5,1.0,0.028516673054810274,0.6211575316213108,0.018397853583748562,0.6451612903225806,0.01011881947106171,0.09395973154362416,372,13045
17,0.1,test_flat,point,0.5,2.0,0.02866998850134151,0.6211575316213108,0.018551169030279802,0.6470588235294118,0.01011881947106171,0.09395973154362416,374,13045
17,0.1,test_flat,point,0.5,3.0,0.02866998850134151,0.6211575316213108,0.018551169030279802,0.6470588235294118,0.01011881947106171,0.09395973154362416,374,13045
17,0.1,test_flat,point,0.8,0.5,0.0,0.40505940973553084,0.0,,0.0,0.0,0,13045
17,0.1,test_flat,point,0.8,1.0,0.13169796857033347,0.7471828286699885,0.019624377155998466,0.1490104772991851,0.112073591414335,0.13087248322147652,1718,13045
17,0.1,test_flat,point,0.8,2.0,0.13200459946339593,0.7488692985818322,0.018857799923342276,0.14285714285714285,0.11314679954005366,0.13087248322147652,1722,13045
17,0.1,test_flat,point,0.8,3.0,0.13200459946339593,0.7488692985818322,0.018857799923342276,0.14285714285714285,0.11314679954005366,0.13087248322147652,1722,13045
17,0.1,test_sharp,point,0.3,0.5,0.15697340730820739,0.5160704036732351,0.025683948727759708,0.1636197440585009,0.1312894585804477,0.3059210526315789,3282,20908
17,0.1,test_sharp,point,0.3,1.0,0.19576238760283146,0.7304381098144251,0.018987947197245073,0.09699486928903005,0.17677444040558637,0.2565789473684211,4093,20908
17,0.1,test_sharp,point,0.3,2.0,0.19576238760283146,0.7304381098144251,0.018987947197245073,0.09699486928903005,0.17677444040558637,0.2565789473684211,4093,20908
17,0.1,test_sharp,point,0.3,3.0,0.19576238760283146,0.7304381098144251,0.018987947197245073,0.09699486928903005,0.17677444040558637,0.2565789473684211,4093,20908
17,0.1,test_sharp,point,0.5,0.5,0.2576047445953702,0.5237229768509661,0.05017218289649895,0.194764203490531,0.20743256169887125,0.39144736842105265,5386,20908
17,0.1,test_sharp,point,0.5,1.0,0.3502487086282763,0.746030227664052,0.03596709393533576,0.10269015430834358,0.3142816146929405,0.33223684210526316,7323,20908
17,0.1,test_sharp,point,0.5,2.0,0.3502487086282763,0.746030227664052,0.03596709393533576,0.10269015430834358,0.3142816146929405,0.33223684210526316,7323,20908
17,0.1,test_sharp,point,0.5,3.0,0.3502487086282763,0.746030227664052,0.03596709393533576,0.10269015430834358,0.3142816146929405,0.33223684210526316,7323,20908
17,0.1,test_sharp,point,0.8,0.5,0.3369045341496078,0.5440501243543141,0.0714080734647025,0.2119534355479841,0.2654964606849053,0.45394736842105265,7044,20908
17,0.1,test_sharp,point,0.8,1.0,0.5717907021235891,0.7801320068873159,0.0828391046489382,0.1448766206608114,0.48895159747465083,0.5953947368421053,11955,20908
17,0.1,test_sharp,point,0.8,2.0,0.5722689879471973,0.7801798354696767,0.0833173904725464,0.14559130798161304,0.48895159747465083,0.5953947368421053,11965,20908
17,0.1,test_sharp,point,0.8,3.0,0.5722689879471973,0.7801798354696767,0.0833173904725464,0.14559130798161304,0.48895159747465083,0.5953947368421053,11965,20908
17,0.1,test_id,frame_constraint,0.3,0.5,0.0,0.5585915805842497,0.0,,0.0,0.0,0,9003
17,0.1,test_id,frame_constraint,0.3,1.0,0.08963678773742086,0.7534155281572809,0.0006664445184938354,0.007434944237918215,0.08897034321892702,0.04310344827586207,807,9003
17,0.1,test_id,frame_constraint,0.3,2.0,0.09496834388537154,0.7534155281572809,0.0006664445184938354,0.007017543859649123,0.0943018993668777,0.04310344827586207,855,9003
17,0.1,test_id,frame_constraint,0.3,3.0,0.09496834388537154,0.7534155281572809,0.0006664445184938354,0.007017543859649123,0.0943018993668777,0.04310344827586207,855,9003
17,0.1,test_id,frame_constraint,0.5,0.5,0.08574919471287348,0.5653670998556037,0.0003332222592469177,0.0038860103626943004,0.08541597245362657,0.008620689655172414,772,9003
17,0.1,test_id,frame_constraint,0.5,1.0,0.344218593802066,0.7679662334777296,0.0015550372098189493,0.00451758631816715,0.342663556592247,0.07758620689655173,3099,9003
17,0.1,test_id,frame_constraint,0.5,2.0,0.3538820393202266,0.7679662334777296,0.0015550372098189493,0.004394224733207784,0.3523270021104076,0.07758620689655173,3186,9003
17,0.1,test_id,frame_constraint,0.5,3.0,0.3538820393202266,0.7679662334777296,0.0015550372098189493,0.004394224733207784,0.3523270021104076,0.07758620689655173,3186,9003
17,0.1,test_id,frame_constraint,0.8,0.5,0.33188937020993003,0.5828057314228591,0.0075530378762634675,0.022757697456492636,0.32433633233366654,0.13793103448275862,2988,9003
17,0.1,test_id,frame_constraint,0.8,1.0,0.6668888148394979,0.801732755748084,0.023769854492946794,0.03564290473017988,0.6431189603465511,0.3620689655172414,6004,9003
17,0.1,test_id,frame_constraint,0.8,2.0,0.6814395201599467,0.8021770520937466,0.02599133622125958,0.038141809290953545,0.6554481839386871,0.3879310344827586,6135,9003
17,0.1,test_id,frame_constraint,0.8,3.0,0.6814395201599467,0.8021770520937466,0.02599133622125958,0.038141809290953545,0.6554481839386871,0.3879310344827586,6135,9003
17,0.1,test_batch6,frame_constraint,0.3,0.5,0.0,0.5665258711721225,0.0,,0.0,0.0,0,11364
17,0.1,test_batch6,frame_constraint,0.3,1.0,0.11360436466033087,0.744368180218233,0.00026399155227032733,0.0023237800154918666,0.11334037310806054,0.013071895424836602,1291,11364
17,0.1,test_batch6,frame_constraint,0.3,2.0,0.11501231960577261,0.744368180218233,0.00026399155227032733,0.0022953328232593728,0.11474832805350228,0.013071895424836602,1307,11364
17,0.1,test_batch6,frame_constraint,0.3,3.0,0.11501231960577261,0.744368180218233,0.00026399155227032733,0.0022953328232593728,0.11474832805350228,0.013071895424836602,1307,11364
17,0.1,test_batch6,frame_constraint,0.5,0.5,0.09802886307638156,0.5732136571629708,0.0018479408658922914,0.018850987432675045,0.09618092221048927,0.0392156862745098,1114,11364
17,0.1,test_batch6,frame_constraint,0.5,1.0,0.37988384371700107,0.7580077437521999,0.0018479408658922914,0.004864489228630994,0.3780359028511088,0.0718954248366013,4317,11364
17,0.1,test_batch6,frame_constraint,0.5,2.0,0.3823477648715241,0.7580077437521999,0.0018479408658922914,0.0048331415420023015,0.3804998240056318,0.0718954248366013,4345,11364
17,0.1,test_batch6,frame_constraint,0.5,3.0,0.3823477648715241,0.7580077437521999,0.0018479408658922914,0.0048331415420023015,0.3804998240056318,0.0718954248366013,4345,11364
17,0.1,test_batch6,frame_constraint,0.8,0.5,0.3579725448785639,0.5875571981696586,0.014255543822597676,0.03982300884955752,0.3437170010559662,0.24836601307189543,4068,11364
17,0.1,test_batch6,frame_constraint,0.8,1.0,0.6807462161210841,0.7864308342133052,0.030447025695177755,0.044725956566701135,0.6502991904259063,0.477124183006536,7736,11364
17,0.1,test_batch6,frame_constraint,0.8,2.0,0.6855860612460402,0.7864308342133052,0.03247096092925027,0.047362341162880246,0.6531151003167899,0.48366013071895425,7791,11364
17,0.1,test_batch6,frame_constraint,0.8,3.0,0.6855860612460402,0.7864308342133052,0.03247096092925027,0.047362341162880246,0.6531151003167899,0.48366013071895425,7791,11364
17,0.1,test_flat,frame_constraint,0.3,0.5,0.0,0.33001149865848983,0.0,,0.0,0.0,0,13045
17,0.1,test_flat,frame_constraint,0.3,1.0,0.0007665772326561902,0.5921809122269068,0.0007665772326561902,1.0,0.0,0.016778523489932886,10,13045
17,0.1,test_flat,frame_constraint,0.3,2.0,0.0008432349559218092,0.5921809122269068,0.0008432349559218092,1.0,0.0,0.016778523489932886,11,13045
17,0.1,test_flat,frame_constraint,0.3,3.0,0.0008432349559218092,0.5921809122269068,0.0008432349559218092,1.0,0.0,0.016778523489932886,11,13045
17,0.1,test_flat,frame_constraint,0.5,0.5,0.0,0.34495975469528556,0.0,,0.0,0.0,0,13045
17,0.1,test_flat,frame_constraint,0.5,1.0,0.008815638175546186,0.6211575316213108,0.007665772326561901,0.8695652173913043,0.0011498658489842851,0.050335570469798654,115,13045
17,0.1,test_flat,frame_constraint,0.5,2.0,0.009198926791874281,0.6211575316213108,0.008049060942889995,0.875,0.0011498658489842851,0.050335570469798654,120,13045
17,0.1,test_flat,frame_constraint,0.5,3.0,0.009198926791874281,0.6211575316213108,0.008049060942889995,0.875,0.0011498658489842851,0.050335570469798654,120,13045
17,0.1,test_flat,frame_constraint,0.8,0.5,0.0,0.40505940973553084,0.0,,0.0,0.0,0,13045
17,0.1,test_flat,frame_constraint,0.8,1.0,0.05588348026063626,0.7471828286699885,0.006285933307780759,0.11248285322359397,0.0495975469528555,0.05704697986577181,729,13045
17,0.1,test_flat,frame_constraint,0.8,2.0,0.059946339593714065,0.7488692985818322,0.008202376389421234,0.13682864450127877,0.05174396320429283,0.06375838926174497,782,13045
17,0.1,test_flat,frame_constraint,0.8,3.0,0.059946339593714065,0.7488692985818322,0.008202376389421234,0.13682864450127877,0.05174396320429283,0.06375838926174497,782,13045
17,0.1,test_sharp,frame_constraint,0.3,0.5,0.0,0.5160704036732351,0.0,,0.0,0.0,0,20908
17,0.1,test_sharp,frame_constraint,0.3,1.0,0.01057011670174096,0.7304381098144251,0.000526114405969007,0.049773755656108594,0.010044002295771954,0.019736842105263157,221,20908
17,0.1,test_sharp,frame_constraint,0.3,2.0,0.01057011670174096,0.7304381098144251,0.000526114405969007,0.049773755656108594,0.010044002295771954,0.019736842105263157,221,20908
17,0.1,test_sharp,frame_constraint,0.3,3.0,0.01057011670174096,0.7304381098144251,0.000526114405969007,0.049773755656108594,0.010044002295771954,0.019736842105263157,221,20908
17,0.1,test_sharp,frame_constraint,0.5,0.5,0.01635737516740004,0.5237229768509661,0.00028697149416491294,0.017543859649122806,0.016070403673235124,0.013157894736842105,342,20908
17,0.1,test_sharp,frame_constraint,0.5,1.0,0.07815190357757797,0.746030227664052,0.003826286588865506,0.04895960832313342,0.07432561698871246,0.07894736842105263,1634,20908
17,0.1,test_sharp,frame_constraint,0.5,2.0,0.07819973215993878,0.746030227664052,0.003874115171226325,0.04954128440366973,0.07432561698871246,0.07894736842105263,1635,20908
17,0.1,test_sharp,frame_constraint,0.5,3.0,0.07819973215993878,0.746030227664052,0.003874115171226325,0.04954128440366973,0.07432561698871246,0.07894736842105263,1635,20908
17,0.1,test_sharp,frame_constraint,0.8,0.5,0.1176104840252535,0.5440501243543141,0.006743830112875455,0.057340382269215125,0.11086665391237804,0.12171052631578948,2459,20908
17,0.1,test_sharp,frame_constraint,0.8,1.0,0.3209297876410943,0.7801320068873159,0.028458006504687203,0.08867362146050671,0.2924717811364071,0.2993421052631579,6710,20908
17,0.1,test_sharp,frame_constraint,0.8,2.0,0.3277692749186914,0.7801798354696767,0.03223646451119189,0.09835108711513206,0.2955328104074995,0.3223684210526316,6853,20908
17,0.1,test_sharp,frame_constraint,0.8,3.0,0.3277692749186914,0.7801798354696767,0.03223646451119189,0.09835108711513206,0.2955328104074995,0.3223684210526316,6853,20908
17,0.1,test_id,trajectory_coordinate_box,0.3,0.5,0.0,0.5585915805842497,0.0,,0.0,0.0,0,9003
17,0.1,test_id,trajectory_coordinate_box,0.3,1.0,0.0,0.7534155281572809,0.0,,0.0,0.0,0,9003
17,0.1,test_id,trajectory_coordinate_box,0.3,2.0,0.0,0.7534155281572809,0.0,,0.0,0.0,0,9003
17,0.1,test_id,trajectory_coordinate_box,0.3,3.0,0.0,0.7534155281572809,0.0,,0.0,0.0,0,9003
17,0.1,test_id,trajectory_coordinate_box,0.5,0.5,0.0,0.5653670998556037,0.0,,0.0,0.0,0,9003
17,0.1,test_id,trajectory_coordinate_box,0.5,1.0,0.0,0.7679662334777296,0.0,,0.0,0.0,0,9003
17,0.1,test_id,trajectory_coordinate_box,0.5,2.0,0.0,0.7679662334777296,0.0,,0.0,0.0,0,9003
17,0.1,test_id,trajectory_coordinate_box,0.5,3.0,0.0,0.7679662334777296,0.0,,0.0,0.0,0,9003
17,0.1,test_id,trajectory_coordinate_box,0.8,0.5,0.0,0.5828057314228591,0.0,,0.0,0.0,0,9003
17,0.1,test_id,trajectory_coordinate_box,0.8,1.0,0.0,0.801732755748084,0.0,,0.0,0.0,0,9003
17,0.1,test_id,trajectory_coordinate_box,0.8,2.0,0.0,0.8021770520937466,0.0,,0.0,0.0,0,9003
17,0.1,test_id,trajectory_coordinate_box,0.8,3.0,0.0,0.8021770520937466,0.0,,0.0,0.0,0,9003
17,0.1,test_batch6,trajectory_coordinate_box,0.3,0.5,0.0,0.5665258711721225,0.0,,0.0,0.0,0,11364
17,0.1,test_batch6,trajectory_coordinate_box,0.3,1.0,0.0,0.744368180218233,0.0,,0.0,0.0,0,11364
17,0.1,test_batch6,trajectory_coordinate_box,0.3,2.0,0.0,0.744368180218233,0.0,,0.0,0.0,0,11364
17,0.1,test_batch6,trajectory_coordinate_box,0.3,3.0,0.0,0.744368180218233,0.0,,0.0,0.0,0,11364
17,0.1,test_batch6,trajectory_coordinate_box,0.5,0.5,0.0,0.5732136571629708,0.0,,0.0,0.0,0,11364
17,0.1,test_batch6,trajectory_coordinate_box,0.5,1.0,0.0,0.7580077437521999,0.0,,0.0,0.0,0,11364
17,0.1,test_batch6,trajectory_coordinate_box,0.5,2.0,0.0,0.7580077437521999,0.0,,0.0,0.0,0,11364
17,0.1,test_batch6,trajectory_coordinate_box,0.5,3.0,0.0,0.7580077437521999,0.0,,0.0,0.0,0,11364
17,0.1,test_batch6,trajectory_coordinate_box,0.8,0.5,0.0,0.5875571981696586,0.0,,0.0,0.0,0,11364
17,0.1,test_batch6,trajectory_coordinate_box,0.8,1.0,0.0,0.7864308342133052,0.0,,0.0,0.0,0,11364
17,0.1,test_batch6,trajectory_coordinate_box,0.8,2.0,0.0,0.7864308342133052,0.0,,0.0,0.0,0,11364
17,0.1,test_batch6,trajectory_coordinate_box,0.8,3.0,0.0,0.7864308342133052,0.0,,0.0,0.0,0,11364
17,0.1,test_flat,trajectory_coordinate_box,0.3,0.5,0.0,0.33001149865848983,0.0,,0.0,0.0,0,13045
17,0.1,test_flat,trajectory_coordinate_box,0.3,1.0,0.0,0.5921809122269068,0.0,,0.0,0.0,0,13045
17,0.1,test_flat,trajectory_coordinate_box,0.3,2.0,0.0,0.5921809122269068,0.0,,0.0,0.0,0,13045
17,0.1,test_flat,trajectory_coordinate_box,0.3,3.0,0.0,0.5921809122269068,0.0,,0.0,0.0,0,13045
17,0.1,test_flat,trajectory_coordinate_box,0.5,0.5,0.0,0.34495975469528556,0.0,,0.0,0.0,0,13045
17,0.1,test_flat,trajectory_coordinate_box,0.5,1.0,0.0,0.6211575316213108,0.0,,0.0,0.0,0,13045
17,0.1,test_flat,trajectory_coordinate_box,0.5,2.0,0.0,0.6211575316213108,0.0,,0.0,0.0,0,13045
17,0.1,test_flat,trajectory_coordinate_box,0.5,3.0,0.0,0.6211575316213108,0.0,,0.0,0.0,0,13045
17,0.1,test_flat,trajectory_coordinate_box,0.8,0.5,0.0,0.40505940973553084,0.0,,0.0,0.0,0,13045
17,0.1,test_flat,trajectory_coordinate_box,0.8,1.0,0.0,0.7471828286699885,0.0,,0.0,0.0,0,13045
17,0.1,test_flat,trajectory_coordinate_box,0.8,2.0,0.0,0.7488692985818322,0.0,,0.0,0.0,0,13045
17,0.1,test_flat,trajectory_coordinate_box,0.8,3.0,0.0,0.7488692985818322,0.0,,0.0,0.0,0,13045
17,0.1,test_sharp,trajectory_coordinate_box,0.3,0.5,0.0,0.5160704036732351,0.0,,0.0,0.0,0,20908
17,0.1,test_sharp,trajectory_coordinate_box,0.3,1.0,0.0,0.7304381098144251,0.0,,0.0,0.0,0,20908
17,0.1,test_sharp,trajectory_coordinate_box,0.3,2.0,0.0,0.7304381098144251,0.0,,0.0,0.0,0,20908
17,0.1,test_sharp,trajectory_coordinate_box,0.3,3.0,0.0,0.7304381098144251,0.0,,0.0,0.0,0,20908
17,0.1,test_sharp,trajectory_coordinate_box,0.5,0.5,0.0,0.5237229768509661,0.0,,0.0,0.0,0,20908
17,0.1,test_sharp,trajectory_coordinate_box,0.5,1.0,0.0,0.746030227664052,0.0,,0.0,0.0,0,20908
17,0.1,test_sharp,trajectory_coordinate_box,0.5,2.0,0.0,0.746030227664052,0.0,,0.0,0.0,0,20908
17,0.1,test_sharp,trajectory_coordinate_box,0.5,3.0,0.0,0.746030227664052,0.0,,0.0,0.0,0,20908
17,0.1,test_sharp,trajectory_coordinate_box,0.8,0.5,0.0,0.5440501243543141,0.0,,0.0,0.0,0,20908
17,0.1,test_sharp,trajectory_coordinate_box,0.8,1.0,0.0,0.7801320068873159,0.0,,0.0,0.0,0,20908
17,0.1,test_sharp,trajectory_coordinate_box,0.8,2.0,0.0,0.7801798354696767,0.0,,0.0,0.0,0,20908
17,0.1,test_sharp,trajectory_coordinate_box,0.8,3.0,0.0,0.7801798354696767,0.0,,0.0,0.0,0,20908
17,0.1,test_id,trajectory_constraint,0.3,0.5,0.0,0.5585915805842497,0.0,,0.0,0.0,0,9003
17,0.1,test_id,trajectory_constraint,0.3,1.0,0.0,0.7534155281572809,0.0,,0.0,0.0,0,9003
17,0.1,test_id,trajectory_constraint,0.3,2.0,0.0,0.7534155281572809,0.0,,0.0,0.0,0,9003
17,0.1,test_id,trajectory_constraint,0.3,3.0,0.0,0.7534155281572809,0.0,,0.0,0.0,0,9003
17,0.1,test_id,trajectory_constraint,0.5,0.5,0.0,0.5653670998556037,0.0,,0.0,0.0,0,9003
17,0.1,test_id,trajectory_constraint,0.5,1.0,0.0,0.7679662334777296,0.0,,0.0,0.0,0,9003
17,0.1,test_id,trajectory_constraint,0.5,2.0,0.01299566811062979,0.7679662334777296,0.0,0.0,0.01299566811062979,0.0,117,9003
17,0.1,test_id,trajectory_constraint,0.5,3.0,0.01299566811062979,0.7679662334777296,0.0,0.0,0.01299566811062979,0.0,117,9003
17,0.1,test_id,trajectory_constraint,0.8,0.5,0.0,0.5828057314228591,0.0,,0.0,0.0,0,9003
17,0.1,test_id,trajectory_constraint,0.8,1.0,0.10807508608241698,0.801732755748084,0.0,0.0,0.10807508608241698,0.0,973,9003
17,0.1,test_id,trajectory_constraint,0.8,2.0,0.1846051316227924,0.8021770520937466,0.00011107408641563923,0.0006016847172081829,0.18449405753637677,0.008620689655172414,1662,9003
17,0.1,test_id,trajectory_constraint,0.8,3.0,0.1846051316227924,0.8021770520937466,0.00011107408641563923,0.0006016847172081829,0.18449405753637677,0.008620689655172414,1662,9003
17,0.1,test_batch6,trajectory_constraint,0.3,0.5,0.0,0.5665258711721225,0.0,,0.0,0.0,0,11364
17,0.1,test_batch6,trajectory_constraint,0.3,1.0,0.0,0.744368180218233,0.0,,0.0,0.0,0,11364
17,0.1,test_batch6,trajectory_constraint,0.3,2.0,0.0,0.744368180218233,0.0,,0.0,0.0,0,11364
17,0.1,test_batch6,trajectory_constraint,0.3,3.0,0.0,0.744368180218233,0.0,,0.0,0.0,0,11364
17,0.1,test_batch6,trajectory_constraint,0.5,0.5,0.0,0.5732136571629708,0.0,,0.0,0.0,0,11364
17,0.1,test_batch6,trajectory_constraint,0.5,1.0,0.0,0.7580077437521999,0.0,,0.0,0.0,0,11364
17,0.1,test_batch6,trajectory_constraint,0.5,2.0,0.012319605772615276,0.7580077437521999,0.0,0.0,0.012319605772615276,0.0,140,11364
17,0.1,test_batch6,trajectory_constraint,0.5,3.0,0.012319605772615276,0.7580077437521999,0.0,0.0,0.012319605772615276,0.0,140,11364
17,0.1,test_batch6,trajectory_constraint,0.8,0.5,0.0,0.5875571981696586,0.0,,0.0,0.0,0,11364
17,0.1,test_batch6,trajectory_constraint,0.8,1.0,0.1255719816965857,0.7864308342133052,8.799718409010911e-05,0.000700770847932726,0.1254839845124956,0.006535947712418301,1427,11364
17,0.1,test_batch6,trajectory_constraint,0.8,2.0,0.19438577965505105,0.7864308342133052,0.00035198873636043646,0.0018107741059302852,0.1940337909186906,0.026143790849673203,2209,11364
17,0.1,test_batch6,trajectory_constraint,0.8,3.0,0.19438577965505105,0.7864308342133052,0.00035198873636043646,0.0018107741059302852,0.1940337909186906,0.026143790849673203,2209,11364
17,0.1,test_flat,trajectory_constraint,0.3,0.5,0.0,0.33001149865848983,0.0,,0.0,0.0,0,13045
17,0.1,test_flat,trajectory_constraint,0.3,1.0,0.0,0.5921809122269068,0.0,,0.0,0.0,0,13045
17,0.1,test_flat,trajectory_constraint,0.3,2.0,0.0,0.5921809122269068,0.0,,0.0,0.0,0,13045
17,0.1,test_flat,trajectory_constraint,0.3,3.0,0.0,0.5921809122269068,0.0,,0.0,0.0,0,13045
17,0.1,test_flat,trajectory_constraint,0.5,0.5,0.0,0.34495975469528556,0.0,,0.0,0.0,0,13045
17,0.1,test_flat,trajectory_constraint,0.5,1.0,0.0,0.6211575316213108,0.0,,0.0,0.0,0,13045
17,0.1,test_flat,trajectory_constraint,0.5,2.0,0.00022997316979685704,0.6211575316213108,0.00022997316979685704,1.0,0.0,0.003355704697986577,3,13045
17,0.1,test_flat,trajectory_constraint,0.5,3.0,0.00022997316979685704,0.6211575316213108,0.00022997316979685704,1.0,0.0,0.003355704697986577,3,13045
17,0.1,test_flat,trajectory_constraint,0.8,0.5,0.0,0.40505940973553084,0.0,,0.0,0.0,0,13045
17,0.1,test_flat,trajectory_constraint,0.8,1.0,0.0029129934840935222,0.7471828286699885,0.0,0.0,0.0029129934840935222,0.0,38,13045
17,0.1,test_flat,trajectory_constraint,0.8,2.0,0.010655423533921042,0.7488692985818322,0.0014564967420467611,0.1366906474820144,0.009198926791874281,0.020134228187919462,139,13045
17,0.1,test_flat,trajectory_constraint,0.8,3.0,0.010655423533921042,0.7488692985818322,0.0014564967420467611,0.1366906474820144,0.009198926791874281,0.020134228187919462,139,13045
17,0.1,test_sharp,trajectory_constraint,0.3,0.5,0.0,0.5160704036732351,0.0,,0.0,0.0,0,20908
17,0.1,test_sharp,trajectory_constraint,0.3,1.0,0.0,0.7304381098144251,0.0,,0.0,0.0,0,20908
17,0.1,test_sharp,trajectory_constraint,0.3,2.0,0.0,0.7304381098144251,0.0,,0.0,0.0,0,20908
17,0.1,test_sharp,trajectory_constraint,0.3,3.0,0.0,0.7304381098144251,0.0,,0.0,0.0,0,20908
17,0.1,test_sharp,trajectory_constraint,0.5,0.5,0.0,0.5237229768509661,0.0,,0.0,0.0,0,20908
17,0.1,test_sharp,trajectory_constraint,0.5,1.0,0.0,0.746030227664052,0.0,,0.0,0.0,0,20908
17,0.1,test_sharp,trajectory_constraint,0.5,2.0,0.00028697149416491294,0.746030227664052,9.565716472163765e-05,0.3333333333333333,0.0001913143294432753,0.006578947368421052,6,20908
17,0.1,test_sharp,trajectory_constraint,0.5,3.0,0.00028697149416491294,0.746030227664052,9.565716472163765e-05,0.3333333333333333,0.0001913143294432753,0.006578947368421052,6,20908
17,0.1,test_sharp,trajectory_constraint,0.8,0.5,0.0,0.5440501243543141,0.0,,0.0,0.0,0,20908
17,0.1,test_sharp,trajectory_constraint,0.8,1.0,0.018987947197245073,0.7801320068873159,0.0004782858236081883,0.02518891687657431,0.018509661373636885,0.01644736842105263,397,20908
17,0.1,test_sharp,trajectory_constraint,0.8,2.0,0.0414195523244691,0.7801798354696767,0.003061029271092405,0.07390300230946882,0.0383585230533767,0.0625,866,20908
17,0.1,test_sharp,trajectory_constraint,0.8,3.0,0.0414195523244691,0.7801798354696767,0.003061029271092405,0.07390300230946882,0.0383585230533767,0.0625,866,20908
17,0.05,test_id,point,0.3,0.5,0.5222703543263356,0.5585915805842497,0.02999000333222259,0.057422373458102936,0.49228035099411305,0.5086206896551724,4702,9003
17,0.05,test_id,point,0.3,1.0,0.696767744085305,0.7534155281572809,0.024991669443518827,0.035868005738880916,0.6717760746417861,0.5,6273,9003
17,0.05,test_id,point,0.3,2.0,0.696767744085305,0.7534155281572809,0.024991669443518827,0.035868005738880916,0.6717760746417861,0.5,6273,9003
17,0.05,test_id,point,0.3,3.0,0.696767744085305,0.7534155281572809,0.024991669443518827,0.035868005738880916,0.6717760746417861,0.5,6273,9003
17,0.05,test_id,point,0.5,0.5,0.5913584360768632,0.5653670998556037,0.04887259802288126,0.08264462809917356,0.542485838053982,0.5775862068965517,5324,9003
17,0.05,test_id,point,0.5,1.0,0.7957347550816395,0.7679662334777296,0.04909474619571254,0.061697375767727526,0.746640008885927,0.603448275862069,7164,9003
17,0.05,test_id,point,0.5,2.0,0.7958458291680551,0.7679662334777296,0.04920582028212818,0.06182833217027216,0.746640008885927,0.6120689655172413,7165,9003
17,0.05,test_id,point,0.5,3.0,0.7958458291680551,0.7679662334777296,0.04920582028212818,0.06182833217027216,0.746640008885927,0.6120689655172413,7165,9003
17,0.05,test_id,point,0.8,0.5,0.6366766633344441,0.5828057314228591,0.07386426746640008,0.11601535240753663,0.562812395868044,0.6982758620689655,5732,9003
17,0.05,test_id,point,0.8,1.0,0.9041430634233033,0.801732755748084,0.10840830834166389,0.1199017199017199,0.7957347550816395,0.8620689655172413,8140,9003
17,0.05,test_id,point,0.8,2.0,0.9060313228923692,0.8021770520937466,0.1098522714650672,0.12124555596420253,0.796179051427302,0.8620689655172413,8157,9003
17,0.05,test_id,point,0.8,3.0,0.9060313228923692,0.8021770520937466,0.1098522714650672,0.12124555596420253,0.796179051427302,0.8620689655172413,8157,9003
17,0.05,test_batch6,point,0.3,0.5,0.5528863076381556,0.5665258711721225,0.036342837029215064,0.0657329301289193,0.5165434706089406,0.477124183006536,6283,11364
17,0.05,test_batch6,point,0.3,1.0,0.7310806054206266,0.744368180218233,0.032382963745160157,0.04429465575349061,0.6986976416754663,0.4444444444444444,8308,11364
17,0.05,test_batch6,point,0.3,2.0,0.7310806054206266,0.744368180218233,0.032382963745160157,0.04429465575349061,0.6986976416754663,0.4444444444444444,8308,11364
17,0.05,test_batch6,point,0.3,3.0,0.7310806054206266,0.744368180218233,0.032382963745160157,0.04429465575349061,0.6986976416754663,0.4444444444444444,8308,11364
17,0.05,test_batch6,point,0.5,0.5,0.6101724744808166,0.5732136571629708,0.05957409362900387,0.09763484280357658,0.5505983808518128,0.5555555555555556,6934,11364
17,0.05,test_batch6,point,0.5,1.0,0.8028863076381556,0.7580077437521999,0.06027807110172474,0.07507672073651907,0.7426082365364308,0.5947712418300654,9124,11364
17,0.05,test_batch6,point,0.5,2.0,0.8030623020063358,0.7580077437521999,0.06045406546990496,0.07527942143326759,0.7426082365364308,0.5947712418300654,9126,11364
17,0.05,test_batch6,point,0.5,3.0,0.8030623020063358,0.7580077437521999,0.06045406546990496,0.07527942143326759,0.7426082365364308,0.5947712418300654,9126,11364
17,0.05,test_batch6,point,0.8,0.5,0.6651707145371348,0.5875571981696586,0.0966209081309398,0.14525730916787935,0.568549806406195,0.6928104575163399,7559,11364
17,0.05,test_batch6,point,0.8,1.0,0.9083949313621964,0.7864308342133052,0.1275079197465681,0.14036617262423715,0.7808870116156283,0.8954248366013072,10323,11364
17,0.05,test_batch6,point,0.8,2.0,0.9093629003871876,0.7864308342133052,0.1284758887715593,0.14128120766402166,0.7808870116156283,0.8954248366013072,10334,11364
17,0.05,test_batch6,point,0.8,3.0,0.9093629003871876,0.7864308342133052,0.1284758887715593,0.14128120766402166,0.7808870116156283,0.8954248366013072,10334,11364
17,0.05,test_flat,point,0.3,0.5,0.0,0.33001149865848983,0.0,,0.0,0.0,0,13045
17,0.05,test_flat,point,0.3,1.0,0.007129168263702568,0.5921809122269068,0.007129168263702568,1.0,0.0,0.0436241610738255,93,13045
17,0.05,test_flat,point,0.3,2.0,0.007129168263702568,0.5921809122269068,0.007129168263702568,1.0,0.0,0.0436241610738255,93,13045
17,0.05,test_flat,point,0.3,3.0,0.007129168263702568,0.5921809122269068,0.007129168263702568,1.0,0.0,0.0436241610738255,93,13045
17,0.05,test_flat,point,0.5,0.5,0.0,0.34495975469528556,0.0,,0.0,0.0,0,13045
17,0.05,test_flat,point,0.5,1.0,0.028516673054810274,0.6211575316213108,0.018397853583748562,0.6451612903225806,0.01011881947106171,0.09395973154362416,372,13045
17,0.05,test_flat,point,0.5,2.0,0.02866998850134151,0.6211575316213108,0.018551169030279802,0.6470588235294118,0.01011881947106171,0.09395973154362416,374,13045
17,0.05,test_flat,point,0.5,3.0,0.02866998850134151,0.6211575316213108,0.018551169030279802,0.6470588235294118,0.01011881947106171,0.09395973154362416,374,13045
17,0.05,test_flat,point,0.8,0.5,0.0,0.40505940973553084,0.0,,0.0,0.0,0,13045
17,0.05,test_flat,point,0.8,1.0,0.13169796857033347,0.7471828286699885,0.019624377155998466,0.1490104772991851,0.112073591414335,0.13087248322147652,1718,13045
17,0.05,test_flat,point,0.8,2.0,0.13200459946339593,0.7488692985818322,0.018857799923342276,0.14285714285714285,0.11314679954005366,0.13087248322147652,1722,13045
17,0.05,test_flat,point,0.8,3.0,0.13200459946339593,0.7488692985818322,0.018857799923342276,0.14285714285714285,0.11314679954005366,0.13087248322147652,1722,13045
17,0.05,test_sharp,point,0.3,0.5,0.15697340730820739,0.5160704036732351,0.025683948727759708,0.1636197440585009,0.1312894585804477,0.3059210526315789,3282,20908
17,0.05,test_sharp,point,0.3,1.0,0.19576238760283146,0.7304381098144251,0.018987947197245073,0.09699486928903005,0.17677444040558637,0.2565789473684211,4093,20908
17,0.05,test_sharp,point,0.3,2.0,0.19576238760283146,0.7304381098144251,0.018987947197245073,0.09699486928903005,0.17677444040558637,0.2565789473684211,4093,20908
17,0.05,test_sharp,point,0.3,3.0,0.19576238760283146,0.7304381098144251,0.018987947197245073,0.09699486928903005,0.17677444040558637,0.2565789473684211,4093,20908
17,0.05,test_sharp,point,0.5,0.5,0.2576047445953702,0.5237229768509661,0.05017218289649895,0.194764203490531,0.20743256169887125,0.39144736842105265,5386,20908
17,0.05,test_sharp,point,0.5,1.0,0.3502487086282763,0.746030227664052,0.03596709393533576,0.10269015430834358,0.3142816146929405,0.33223684210526316,7323,20908
17,0.05,test_sharp,point,0.5,2.0,0.3502487086282763,0.746030227664052,0.03596709393533576,0.10269015430834358,0.3142816146929405,0.33223684210526316,7323,20908
17,0.05,test_sharp,point,0.5,3.0,0.3502487086282763,0.746030227664052,0.03596709393533576,0.10269015430834358,0.3142816146929405,0.33223684210526316,7323,20908
17,0.05,test_sharp,point,0.8,0.5,0.3369045341496078,0.5440501243543141,0.0714080734647025,0.2119534355479841,0.2654964606849053,0.45394736842105265,7044,20908
17,0.05,test_sharp,point,0.8,1.0,0.5717907021235891,0.7801320068873159,0.0828391046489382,0.1448766206608114,0.48895159747465083,0.5953947368421053,11955,20908
17,0.05,test_sharp,point,0.8,2.0,0.5722689879471973,0.7801798354696767,0.0833173904725464,0.14559130798161304,0.48895159747465083,0.5953947368421053,11965,20908
17,0.05,test_sharp,point,0.8,3.0,0.5722689879471973,0.7801798354696767,0.0833173904725464,0.14559130798161304,0.48895159747465083,0.5953947368421053,11965,20908
17,0.05,test_id,frame_constraint,0.3,0.5,0.0,0.5585915805842497,0.0,,0.0,0.0,0,9003
17,0.05,test_id,frame_constraint,0.3,1.0,0.014883927579695658,0.7534155281572809,0.0,0.0,0.014883927579695658,0.0,134,9003
17,0.05,test_id,frame_constraint,0.3,2.0,0.02177052093746529,0.7534155281572809,0.0,0.0,0.02177052093746529,0.0,196,9003
17,0.05,test_id,frame_constraint,0.3,3.0,0.02177052093746529,0.7534155281572809,0.0,0.0,0.02177052093746529,0.0,196,9003
17,0.05,test_id,frame_constraint,0.5,0.5,0.0,0.5653670998556037,0.0,,0.0,0.0,0,9003
17,0.05,test_id,frame_constraint,0.5,1.0,0.1987115405975786,0.7679662334777296,0.0003332222592469177,0.0016769144773616546,0.19837831833833167,0.02586206896551724,1789,9003
17,0.05,test_id,frame_constraint,0.5,2.0,0.21826057980673108,0.7679662334777296,0.0004442963456625569,0.002035623409669211,0.21781628346106854,0.034482758620689655,1965,9003
17,0.05,test_id,frame_constraint,0.5,3.0,0.21826057980673108,0.7679662334777296,0.0004442963456625569,0.002035623409669211,0.21781628346106854,0.034482758620689655,1965,9003
17,0.05,test_id,frame_constraint,0.8,0.5,0.11796067977340886,0.5828057314228591,0.0016661112962345886,0.014124293785310734,0.11629456847717427,0.034482758620689655,1062,9003
17,0.05,test_id,frame_constraint,0.8,1.0,0.47728534932800176,0.801732755748084,0.009552371431744974,0.020013963230160577,0.4677329778962568,0.1896551724137931,4297,9003
17,0.05,test_id,frame_constraint,0.8,2.0,0.5049427968454959,0.8021770520937466,0.011329556814395202,0.02243730752309723,0.49361324003110074,0.2413793103448276,4546,9003
17,0.05,test_id,frame_constraint,0.8,3.0,0.5049427968454959,0.8021770520937466,0.011329556814395202,0.02243730752309723,0.49361324003110074,0.2413793103448276,4546,9003
17,0.05,test_batch6,frame_constraint,0.3,0.5,0.0,0.5665258711721225,0.0,,0.0,0.0,0,11364
17,0.05,test_batch6,frame_constraint,0.3,1.0,0.022615276311158044,0.744368180218233,0.0,0.0,0.022615276311158044,0.0,257,11364
17,0.05,test_batch6,frame_constraint,0.3,2.0,0.026751143963393172,0.744368180218233,0.0,0.0,0.026751143963393172,0.0,304,11364
17,0.05,test_batch6,frame_constraint,0.3,3.0,0.026751143963393172,0.744368180218233,0.0,0.0,0.026751143963393172,0.0,304,11364
17,0.05,test_batch6,frame_constraint,0.5,0.5,0.0,0.5732136571629708,0.0,,0.0,0.0,0,11364
17,0.05,test_batch6,frame_constraint,0.5,1.0,0.2335445265751496,0.7580077437521999,0.00017599436818021823,0.0007535795026375283,0.23336853220696938,0.013071895424836602,2654,11364
17,0.05,test_batch6,frame_constraint,0.5,2.0,0.24199225624780007,0.7580077437521999,0.00017599436818021823,0.0007272727272727272,0.24181626187961985,0.013071895424836602,2750,11364
17,0.05,test_batch6,frame_constraint,0.5,3.0,0.24199225624780007,0.7580077437521999,0.00017599436818021823,0.0007272727272727272,0.24181626187961985,0.013071895424836602,2750,11364
17,0.05,test_batch6,frame_constraint,0.8,0.5,0.13278775079197466,0.5875571981696586,0.0011439633931714186,0.008614976805831677,0.13164378739880322,0.0392156862745098,1509,11364
17,0.05,test_batch6,frame_constraint,0.8,1.0,0.4922562478000704,0.7864308342133052,0.010471664906722985,0.021272792277440115,0.4817845828933474,0.2222222222222222,5594,11364
17,0.05,test_batch6,frame_constraint,0.8,2.0,0.504047870468145,0.7864308342133052,0.01196761703625484,0.023743016759776536,0.49208025343189016,0.22875816993464052,5728,11364
17,0.05,test_batch6,frame_constraint,0.8,3.0,0.504047870468145,0.7864308342133052,0.01196761703625484,0.023743016759776536,0.49208025343189016,0.22875816993464052,5728,11364
17,0.05,test_flat,frame_constraint,0.3,0.5,0.0,0.33001149865848983,0.0,,0.0,0.0,0,13045
17,0.05,test_flat,frame_constraint,0.3,1.0,0.00015331544653123802,0.5921809122269068,0.00015331544653123802,1.0,0.0,0.006711409395973154,2,13045
17,0.05,test_flat,frame_constraint,0.3,2.0,0.00030663089306247603,0.5921809122269068,0.00030663089306247603,1.0,0.0,0.006711409395973154,4,13045
17,0.05,test_flat,frame_constraint,0.3,3.0,0.00030663089306247603,0.5921809122269068,0.00030663089306247603,1.0,0.0,0.006711409395973154,4,13045
17,0.05,test_flat,frame_constraint,0.5,0.5,0.0,0.34495975469528556,0.0,,0.0,0.0,0,13045
17,0.05,test_flat,frame_constraint,0.5,1.0,0.004522805672671521,0.6211575316213108,0.0038328861632809506,0.847457627118644,0.0006899195093905711,0.03691275167785235,59,13045
17,0.05,test_flat,frame_constraint,0.5,2.0,0.0055193560751245685,0.6211575316213108,0.004829436565733997,0.875,0.0006899195093905711,0.040268456375838924,72,13045
17,0.05,test_flat,frame_constraint,0.5,3.0,0.0055193560751245685,0.6211575316213108,0.004829436565733997,0.875,0.0006899195093905711,0.040268456375838924,72,13045
17,0.05,test_flat,frame_constraint,0.8,0.5,0.0,0.40505940973553084,0.0,,0.0,0.0,0,13045
17,0.05,test_flat,frame_constraint,0.8,1.0,0.032042928325028745,0.7471828286699885,0.0022997316979685703,0.07177033492822966,0.029743196627060178,0.016778523489932886,418,13045
17,0.05,test_flat,frame_constraint,0.8,2.0,0.03947872748179379,0.7488692985818322,0.00544269835185895,0.1378640776699029,0.03403602912993484,0.030201342281879196,515,13045
17,0.05,test_flat,frame_constraint,0.8,3.0,0.03947872748179379,0.7488692985818322,0.00544269835185895,0.1378640776699029,0.03403602912993484,0.030201342281879196,515,13045
17,0.05,test_sharp,frame_constraint,0.3,0.5,0.0,0.5160704036732351,0.0,,0.0,0.0,0,20908
17,0.05,test_sharp,frame_constraint,0.3,1.0,0.0006217715706906447,0.7304381098144251,4.7828582360818826e-05,0.07692307692307693,0.0005739429883298259,0.003289473684210526,13,20908
17,0.05,test_sharp,frame_constraint,0.3,2.0,0.0006696001530514636,0.7304381098144251,9.565716472163765e-05,0.14285714285714285,0.0005739429883298259,0.006578947368421052,14,20908
17,0.05,test_sharp,frame_constraint,0.3,3.0,0.0006696001530514636,0.7304381098144251,9.565716472163765e-05,0.14285714285714285,0.0005739429883298259,0.006578947368421052,14,20908
17,0.05,test_sharp,frame_constraint,0.5,0.5,0.0,0.5237229768509661,0.0,,0.0,0.0,0,20908
17,0.05,test_sharp,frame_constraint,0.5,1.0,0.03649320834130476,0.746030227664052,0.0011478859766596518,0.03145478374836173,0.03534532236464511,0.03289473684210526,763,20908
17,0.05,test_sharp,frame_constraint,0.5,2.0,0.03711497991199541,0.746030227664052,0.0017218289649894778,0.04639175257731959,0.03539315094700593,0.04276315789473684,776,20908
17,0.05,test_sharp,frame_constraint,0.5,3.0,0.03711497991199541,0.746030227664052,0.0017218289649894778,0.04639175257731959,0.03539315094700593,0.04276315789473684,776,20908
17,0.05,test_sharp,frame_constraint,0.8,0.5,0.028410177922326384,0.5440501243543141,0.0009565716472163765,0.03367003367003367,0.027453606275110006,0.029605263157894735,594,20908
17,0.05,test_sharp,frame_constraint,0.8,1.0,0.1771092404821121,0.7801320068873159,0.010235316625215228,0.05779098028625439,0.1668739238568969,0.1611842105263158,3703,20908
17,0.05,test_sharp,frame_constraint,0.8,2.0,0.20872393342261336,0.7801798354696767,0.01917926152668835,0.09188817598533455,0.189544671895925,0.2236842105263158,4364,20908
17,0.05,test_sharp,frame_constraint,0.8,3.0,0.20872393342261336,0.7801798354696767,0.01917926152668835,0.09188817598533455,0.189544671895925,0.2236842105263158,4364,20908
17,0.05,test_id,trajectory_coordinate_box,0.3,0.5,0.0,0.5585915805842497,0.0,,0.0,0.0,0,9003
17,0.05,test_id,trajectory_coordinate_box,0.3,1.0,0.0,0.7534155281572809,0.0,,0.0,0.0,0,9003
17,0.05,test_id,trajectory_coordinate_box,0.3,2.0,0.0,0.7534155281572809,0.0,,0.0,0.0,0,9003
17,0.05,test_id,trajectory_coordinate_box,0.3,3.0,0.0,0.7534155281572809,0.0,,0.0,0.0,0,9003
17,0.05,test_id,trajectory_coordinate_box,0.5,0.5,0.0,0.5653670998556037,0.0,,0.0,0.0,0,9003
17,0.05,test_id,trajectory_coordinate_box,0.5,1.0,0.0,0.7679662334777296,0.0,,0.0,0.0,0,9003
17,0.05,test_id,trajectory_coordinate_box,0.5,2.0,0.0,0.7679662334777296,0.0,,0.0,0.0,0,9003
17,0.05,test_id,trajectory_coordinate_box,0.5,3.0,0.0,0.7679662334777296,0.0,,0.0,0.0,0,9003
17,0.05,test_id,trajectory_coordinate_box,0.8,0.5,0.0,0.5828057314228591,0.0,,0.0,0.0,0,9003
17,0.05,test_id,trajectory_coordinate_box,0.8,1.0,0.0,0.801732755748084,0.0,,0.0,0.0,0,9003
17,0.05,test_id,trajectory_coordinate_box,0.8,2.0,0.0,0.8021770520937466,0.0,,0.0,0.0,0,9003
17,0.05,test_id,trajectory_coordinate_box,0.8,3.0,0.0,0.8021770520937466,0.0,,0.0,0.0,0,9003
17,0.05,test_batch6,trajectory_coordinate_box,0.3,0.5,0.0,0.5665258711721225,0.0,,0.0,0.0,0,11364
17,0.05,test_batch6,trajectory_coordinate_box,0.3,1.0,0.0,0.744368180218233,0.0,,0.0,0.0,0,11364
17,0.05,test_batch6,trajectory_coordinate_box,0.3,2.0,0.0,0.744368180218233,0.0,,0.0,0.0,0,11364
17,0.05,test_batch6,trajectory_coordinate_box,0.3,3.0,0.0,0.744368180218233,0.0,,0.0,0.0,0,11364
17,0.05,test_batch6,trajectory_coordinate_box,0.5,0.5,0.0,0.5732136571629708,0.0,,0.0,0.0,0,11364
17,0.05,test_batch6,trajectory_coordinate_box,0.5,1.0,0.0,0.7580077437521999,0.0,,0.0,0.0,0,11364
17,0.05,test_batch6,trajectory_coordinate_box,0.5,2.0,0.0,0.7580077437521999,0.0,,0.0,0.0,0,11364
17,0.05,test_batch6,trajectory_coordinate_box,0.5,3.0,0.0,0.7580077437521999,0.0,,0.0,0.0,0,11364
17,0.05,test_batch6,trajectory_coordinate_box,0.8,0.5,0.0,0.5875571981696586,0.0,,0.0,0.0,0,11364
17,0.05,test_batch6,trajectory_coordinate_box,0.8,1.0,0.0,0.7864308342133052,0.0,,0.0,0.0,0,11364
17,0.05,test_batch6,trajectory_coordinate_box,0.8,2.0,0.0,0.7864308342133052,0.0,,0.0,0.0,0,11364
17,0.05,test_batch6,trajectory_coordinate_box,0.8,3.0,0.0,0.7864308342133052,0.0,,0.0,0.0,0,11364
17,0.05,test_flat,trajectory_coordinate_box,0.3,0.5,0.0,0.33001149865848983,0.0,,0.0,0.0,0,13045
17,0.05,test_flat,trajectory_coordinate_box,0.3,1.0,0.0,0.5921809122269068,0.0,,0.0,0.0,0,13045
17,0.05,test_flat,trajectory_coordinate_box,0.3,2.0,0.0,0.5921809122269068,0.0,,0.0,0.0,0,13045
17,0.05,test_flat,trajectory_coordinate_box,0.3,3.0,0.0,0.5921809122269068,0.0,,0.0,0.0,0,13045
17,0.05,test_flat,trajectory_coordinate_box,0.5,0.5,0.0,0.34495975469528556,0.0,,0.0,0.0,0,13045
17,0.05,test_flat,trajectory_coordinate_box,0.5,1.0,0.0,0.6211575316213108,0.0,,0.0,0.0,0,13045
17,0.05,test_flat,trajectory_coordinate_box,0.5,2.0,0.0,0.6211575316213108,0.0,,0.0,0.0,0,13045
17,0.05,test_flat,trajectory_coordinate_box,0.5,3.0,0.0,0.6211575316213108,0.0,,0.0,0.0,0,13045
17,0.05,test_flat,trajectory_coordinate_box,0.8,0.5,0.0,0.40505940973553084,0.0,,0.0,0.0,0,13045
17,0.05,test_flat,trajectory_coordinate_box,0.8,1.0,0.0,0.7471828286699885,0.0,,0.0,0.0,0,13045
17,0.05,test_flat,trajectory_coordinate_box,0.8,2.0,0.0,0.7488692985818322,0.0,,0.0,0.0,0,13045
17,0.05,test_flat,trajectory_coordinate_box,0.8,3.0,0.0,0.7488692985818322,0.0,,0.0,0.0,0,13045
17,0.05,test_sharp,trajectory_coordinate_box,0.3,0.5,0.0,0.5160704036732351,0.0,,0.0,0.0,0,20908
17,0.05,test_sharp,trajectory_coordinate_box,0.3,1.0,0.0,0.7304381098144251,0.0,,0.0,0.0,0,20908
17,0.05,test_sharp,trajectory_coordinate_box,0.3,2.0,0.0,0.7304381098144251,0.0,,0.0,0.0,0,20908
17,0.05,test_sharp,trajectory_coordinate_box,0.3,3.0,0.0,0.7304381098144251,0.0,,0.0,0.0,0,20908
17,0.05,test_sharp,trajectory_coordinate_box,0.5,0.5,0.0,0.5237229768509661,0.0,,0.0,0.0,0,20908
17,0.05,test_sharp,trajectory_coordinate_box,0.5,1.0,0.0,0.746030227664052,0.0,,0.0,0.0,0,20908
17,0.05,test_sharp,trajectory_coordinate_box,0.5,2.0,0.0,0.746030227664052,0.0,,0.0,0.0,0,20908
17,0.05,test_sharp,trajectory_coordinate_box,0.5,3.0,0.0,0.746030227664052,0.0,,0.0,0.0,0,20908
17,0.05,test_sharp,trajectory_coordinate_box,0.8,0.5,0.0,0.5440501243543141,0.0,,0.0,0.0,0,20908
17,0.05,test_sharp,trajectory_coordinate_box,0.8,1.0,0.0,0.7801320068873159,0.0,,0.0,0.0,0,20908
17,0.05,test_sharp,trajectory_coordinate_box,0.8,2.0,0.0,0.7801798354696767,0.0,,0.0,0.0,0,20908
17,0.05,test_sharp,trajectory_coordinate_box,0.8,3.0,0.0,0.7801798354696767,0.0,,0.0,0.0,0,20908
17,0.05,test_id,trajectory_constraint,0.3,0.5,0.0,0.5585915805842497,0.0,,0.0,0.0,0,9003
17,0.05,test_id,trajectory_constraint,0.3,1.0,0.0,0.7534155281572809,0.0,,0.0,0.0,0,9003
17,0.05,test_id,trajectory_constraint,0.3,2.0,0.0,0.7534155281572809,0.0,,0.0,0.0,0,9003
17,0.05,test_id,trajectory_constraint,0.3,3.0,0.0,0.7534155281572809,0.0,,0.0,0.0,0,9003
17,0.05,test_id,trajectory_constraint,0.5,0.5,0.0,0.5653670998556037,0.0,,0.0,0.0,0,9003
17,0.05,test_id,trajectory_constraint,0.5,1.0,0.0,0.7679662334777296,0.0,,0.0,0.0,0,9003
17,0.05,test_id,trajectory_constraint,0.5,2.0,0.0003332222592469177,0.7679662334777296,0.0,0.0,0.0003332222592469177,0.0,3,9003
17,0.05,test_id,trajectory_constraint,0.5,3.0,0.0003332222592469177,0.7679662334777296,0.0,0.0,0.0003332222592469177,0.0,3,9003
17,0.05,test_id,trajectory_constraint,0.8,0.5,0.0,0.5828057314228591,0.0,,0.0,0.0,0,9003
17,0.05,test_id,trajectory_constraint,0.8,1.0,0.005664778407197601,0.801732755748084,0.0,0.0,0.005664778407197601,0.0,51,9003
17,0.05,test_id,trajectory_constraint,0.8,2.0,0.1041874930578696,0.8021770520937466,0.0,0.0,0.1041874930578696,0.0,938,9003
17,0.05,test_id,trajectory_constraint,0.8,3.0,0.1041874930578696,0.8021770520937466,0.0,0.0,0.1041874930578696,0.0,938,9003
17,0.05,test_batch6,trajectory_constraint,0.3,0.5,0.0,0.5665258711721225,0.0,,0.0,0.0,0,11364
17,0.05,test_batch6,trajectory_constraint,0.3,1.0,0.0,0.744368180218233,0.0,,0.0,0.0,0,11364
17,0.05,test_batch6,trajectory_constraint,0.3,2.0,0.0,0.744368180218233,0.0,,0.0,0.0,0,11364
17,0.05,test_batch6,trajectory_constraint,0.3,3.0,0.0,0.744368180218233,0.0,,0.0,0.0,0,11364
17,0.05,test_batch6,trajectory_constraint,0.5,0.5,0.0,0.5732136571629708,0.0,,0.0,0.0,0,11364
17,0.05,test_batch6,trajectory_constraint,0.5,1.0,0.0,0.7580077437521999,0.0,,0.0,0.0,0,11364
17,0.05,test_batch6,trajectory_constraint,0.5,2.0,8.799718409010911e-05,0.7580077437521999,0.0,0.0,8.799718409010911e-05,0.0,1,11364
17,0.05,test_batch6,trajectory_constraint,0.5,3.0,8.799718409010911e-05,0.7580077437521999,0.0,0.0,8.799718409010911e-05,0.0,1,11364
17,0.05,test_batch6,trajectory_constraint,0.8,0.5,0.0,0.5875571981696586,0.0,,0.0,0.0,0,11364
17,0.05,test_batch6,trajectory_constraint,0.8,1.0,0.013903555086237241,0.7864308342133052,0.0,0.0,0.013903555086237241,0.0,158,11364
17,0.05,test_batch6,trajectory_constraint,0.8,2.0,0.10735656458993312,0.7864308342133052,0.0,0.0,0.10735656458993312,0.0,1220,11364
17,0.05,test_batch6,trajectory_constraint,0.8,3.0,0.10735656458993312,0.7864308342133052,0.0,0.0,0.10735656458993312,0.0,1220,11364
17,0.05,test_flat,trajectory_constraint,0.3,0.5,0.0,0.33001149865848983,0.0,,0.0,0.0,0,13045
17,0.05,test_flat,trajectory_constraint,0.3,1.0,0.0,0.5921809122269068,0.0,,0.0,0.0,0,13045
17,0.05,test_flat,trajectory_constraint,0.3,2.0,0.0,0.5921809122269068,0.0,,0.0,0.0,0,13045
17,0.05,test_flat,trajectory_constraint,0.3,3.0,0.0,0.5921809122269068,0.0,,0.0,0.0,0,13045
17,0.05,test_flat,trajectory_constraint,0.5,0.5,0.0,0.34495975469528556,0.0,,0.0,0.0,0,13045
17,0.05,test_flat,trajectory_constraint,0.5,1.0,0.0,0.6211575316213108,0.0,,0.0,0.0,0,13045
17,0.05,test_flat,trajectory_constraint,0.5,2.0,0.0,0.6211575316213108,0.0,,0.0,0.0,0,13045
17,0.05,test_flat,trajectory_constraint,0.5,3.0,0.0,0.6211575316213108,0.0,,0.0,0.0,0,13045
17,0.05,test_flat,trajectory_constraint,0.8,0.5,0.0,0.40505940973553084,0.0,,0.0,0.0,0,13045
17,0.05,test_flat,trajectory_constraint,0.8,1.0,0.0,0.7471828286699885,0.0,,0.0,0.0,0,13045
17,0.05,test_flat,trajectory_constraint,0.8,2.0,0.0033729398236872366,0.7488692985818322,0.0,0.0,0.0033729398236872366,0.0,44,13045
17,0.05,test_flat,trajectory_constraint,0.8,3.0,0.0033729398236872366,0.7488692985818322,0.0,0.0,0.0033729398236872366,0.0,44,13045
17,0.05,test_sharp,trajectory_constraint,0.3,0.5,0.0,0.5160704036732351,0.0,,0.0,0.0,0,20908
17,0.05,test_sharp,trajectory_constraint,0.3,1.0,0.0,0.7304381098144251,0.0,,0.0,0.0,0,20908
17,0.05,test_sharp,trajectory_constraint,0.3,2.0,0.0,0.7304381098144251,0.0,,0.0,0.0,0,20908
17,0.05,test_sharp,trajectory_constraint,0.3,3.0,0.0,0.7304381098144251,0.0,,0.0,0.0,0,20908
17,0.05,test_sharp,trajectory_constraint,0.5,0.5,0.0,0.5237229768509661,0.0,,0.0,0.0,0,20908
17,0.05,test_sharp,trajectory_constraint,0.5,1.0,0.0,0.746030227664052,0.0,,0.0,0.0,0,20908
17,0.05,test_sharp,trajectory_constraint,0.5,2.0,0.0,0.746030227664052,0.0,,0.0,0.0,0,20908
17,0.05,test_sharp,trajectory_constraint,0.5,3.0,0.0,0.746030227664052,0.0,,0.0,0.0,0,20908
17,0.05,test_sharp,trajectory_constraint,0.8,0.5,0.0,0.5440501243543141,0.0,,0.0,0.0,0,20908
17,0.05,test_sharp,trajectory_constraint,0.8,1.0,0.000526114405969007,0.7801320068873159,0.0,0.0,0.000526114405969007,0.0,11,20908
17,0.05,test_sharp,trajectory_constraint,0.8,2.0,0.01506600344365793,0.7801798354696767,0.0009565716472163765,0.06349206349206349,0.014109431796441554,0.02631578947368421,315,20908
17,0.05,test_sharp,trajectory_constraint,0.8,3.0,0.01506600344365793,0.7801798354696767,0.0009565716472163765,0.06349206349206349,0.014109431796441554,0.02631578947368421,315,20908
29,0.2,test_id,point,0.3,0.5,0.5206042430301011,0.5585915805842497,0.02710207708541597,0.05205888628120333,0.4935021659446851,0.5,4687,9003
29,0.2,test_id,point,0.3,1.0,0.6978784849494613,0.7534155281572809,0.02310340997445296,0.03310520452013369,0.6747750749750083,0.49137931034482757,6283,9003
29,0.2,test_id,point,0.3,2.0,0.6978784849494613,0.7534155281572809,0.02310340997445296,0.03310520452013369,0.6747750749750083,0.49137931034482757,6283,9003
29,0.2,test_id,point,0.3,3.0,0.6978784849494613,0.7534155281572809,0.02310340997445296,0.03310520452013369,0.6747750749750083,0.49137931034482757,6283,9003
29,0.2,test_id,point,0.5,0.5,0.5898033988670444,0.5653670998556037,0.04465178273908697,0.07570621468926554,0.5451516161279574,0.5689655172413793,5310,9003
29,0.2,test_id,point,0.5,1.0,0.8016216816616684,0.7679662334777296,0.041541708319449075,0.05182208673964251,0.7600799733422192,0.5948275862068966,7217,9003
29,0.2,test_id,point,0.5,2.0,0.8016216816616684,0.7679662334777296,0.041541708319449075,0.05182208673964251,0.7600799733422192,0.5948275862068966,7217,9003
29,0.2,test_id,point,0.5,3.0,0.8016216816616684,0.7679662334777296,0.041541708319449075,0.05182208673964251,0.7600799733422192,0.5948275862068966,7217,9003
29,0.2,test_id,point,0.8,0.5,0.6331222925691437,0.5828057314228591,0.07097634121959347,0.11210526315789474,0.5621459513495501,0.6637931034482759,5700,9003
29,0.2,test_id,point,0.8,1.0,0.8915916916583361,0.801732755748084,0.09619015883594358,0.1078858851376604,0.7954015328223926,0.7931034482758621,8027,9003
29,0.2,test_id,point,0.8,2.0,0.8929245806953238,0.8021770520937466,0.09718982561368433,0.1088443836298047,0.7957347550816395,0.8017241379310345,8039,9003
29,0.2,test_id,point,0.8,3.0,0.8929245806953238,0.8021770520937466,0.09718982561368433,0.1088443836298047,0.7957347550816395,0.8017241379310345,8039,9003
29,0.2,test_batch6,point,0.3,0.5,0.5608940513903555,0.5665258711721225,0.029391059486096445,0.05240037652965171,0.5315029919042591,0.48366013071895425,6374,11364
29,0.2,test_batch6,point,0.3,1.0,0.7420802534318902,0.744368180218233,0.02595916930658219,0.034981619826870626,0.716121084125308,0.49673202614379086,8433,11364
29,0.2,test_batch6,point,0.3,2.0,0.7420802534318902,0.744368180218233,0.02595916930658219,0.034981619826870626,0.716121084125308,0.49673202614379086,8433,11364
29,0.2,test_batch6,point,0.3,3.0,0.7420802534318902,0.744368180218233,0.02595916930658219,0.034981619826870626,0.716121084125308,0.49673202614379086,8433,11364
29,0.2,test_batch6,point,0.5,0.5,0.6063005983808518,0.5732136571629708,0.05051038366772263,0.08330914368650218,0.5557902147131292,0.5490196078431373,6890,11364
29,0.2,test_batch6,point,0.5,1.0,0.79839845124956,0.7580077437521999,0.04980640619500176,0.062382894301774496,0.7485920450545582,0.5947712418300654,9073,11364
29,0.2,test_batch6,point,0.5,2.0,0.79839845124956,0.7580077437521999,0.04980640619500176,0.062382894301774496,0.7485920450545582,0.5947712418300654,9073,11364
29,0.2,test_batch6,point,0.5,3.0,0.79839845124956,0.7580077437521999,0.04980640619500176,0.062382894301774496,0.7485920450545582,0.5947712418300654,9073,11364
29,0.2,test_batch6,point,0.8,0.5,0.6543470608940514,0.5875571981696586,0.08465329109468497,0.12937062937062938,0.5696937697993664,0.6666666666666666,7436,11364
29,0.2,test_batch6,point,0.8,1.0,0.8853396691305878,0.7864308342133052,0.10542062653995073,0.11907365073054368,0.779919042590637,0.8627450980392157,10061,11364
29,0.2,test_batch6,point,0.8,2.0,0.8856916578669483,0.7864308342133052,0.10577261527631115,0.11942374565325385,0.779919042590637,0.8627450980392157,10065,11364
29,0.2,test_batch6,point,0.8,3.0,0.8856916578669483,0.7864308342133052,0.10577261527631115,0.11942374565325385,0.779919042590637,0.8627450980392157,10065,11364
29,0.2,test_flat,point,0.3,0.5,0.0,0.33001149865848983,0.0,,0.0,0.0,0,13045
29,0.2,test_flat,point,0.3,1.0,0.006515906477577616,0.5921809122269068,0.006515906477577616,1.0,0.0,0.040268456375838924,85,13045
29,0.2,test_flat,point,0.3,2.0,0.006515906477577616,0.5921809122269068,0.006515906477577616,1.0,0.0,0.040268456375838924,85,13045
29,0.2,test_flat,point,0.3,3.0,0.006515906477577616,0.5921809122269068,0.006515906477577616,1.0,0.0,0.040268456375838924,85,13045
29,0.2,test_flat,point,0.5,0.5,7.665772326561901e-05,0.34495975469528556,7.665772326561901e-05,1.0,0.0,0.003355704697986577,1,13045
29,0.2,test_flat,point,0.5,1.0,0.02253737064009199,0.6211575316213108,0.01939440398620161,0.8605442176870748,0.0031429666538903794,0.10067114093959731,294,13045
29,0.2,test_flat,point,0.5,2.0,0.02253737064009199,0.6211575316213108,0.01939440398620161,0.8605442176870748,0.0031429666538903794,0.10067114093959731,294,13045
29,0.2,test_flat,point,0.5,3.0,0.02253737064009199,0.6211575316213108,0.01939440398620161,0.8605442176870748,0.0031429666538903794,0.10067114093959731,294,13045
29,0.2,test_flat,point,0.8,0.5,0.0003832886163280951,0.40505940973553084,0.00015331544653123802,0.4,0.00022997316979685704,0.003355704697986577,5,13045
29,0.2,test_flat,point,0.8,1.0,0.11268685320045994,0.7471828286699885,0.021924108853967037,0.1945578231292517,0.09076274434649291,0.12416107382550336,1470,13045
29,0.2,test_flat,point,0.8,2.0,0.11376006132617861,0.7488692985818322,0.022230739747029514,0.1954177897574124,0.0915293215791491,0.12416107382550336,1484,13045
29,0.2,test_flat,point,0.8,3.0,0.11376006132617861,0.7488692985818322,0.022230739747029514,0.1954177897574124,0.0915293215791491,0.12416107382550336,1484,13045
29,0.2,test_sharp,point,0.3,0.5,0.18122249856514253,0.5160704036732351,0.02687966328678018,0.148324096067564,0.15434283527836234,0.33223684210526316,3789,20908
29,0.2,test_sharp,point,0.3,1.0,0.216998278171035,0.7304381098144251,0.019227090109049168,0.08860480493718316,0.19777118806198585,0.2598684210526316,4537,20908
29,0.2,test_sharp,point,0.3,2.0,0.216998278171035,0.7304381098144251,0.019227090109049168,0.08860480493718316,0.19777118806198585,0.2598684210526316,4537,20908
29,0.2,test_sharp,point,0.3,3.0,0.216998278171035,0.7304381098144251,0.019227090109049168,0.08860480493718316,0.19777118806198585,0.2598684210526316,4537,20908
29,0.2,test_sharp,point,0.5,0.5,0.2636789745551942,0.5237229768509661,0.048689496843313564,0.18465445311082895,0.21498947771188062,0.3980263157894737,5513,20908
29,0.2,test_sharp,point,0.5,1.0,0.3340826477903195,0.746030227664052,0.034006122058542185,0.10178954903364353,0.3000765257317773,0.34539473684210525,6985,20908
29,0.2,test_sharp,point,0.5,2.0,0.33413047637268034,0.746030227664052,0.034006122058542185,0.10177497852848555,0.30012435431413814,0.34539473684210525,6986,20908
29,0.2,test_sharp,point,0.5,3.0,0.33413047637268034,0.746030227664052,0.034006122058542185,0.10177497852848555,0.30012435431413814,0.34539473684210525,6986,20908
29,0.2,test_sharp,point,0.8,0.5,0.3238473311651043,0.5440501243543141,0.06456858618710541,0.1993797075764289,0.25927874497799885,0.4309210526315789,6771,20908
29,0.2,test_sharp,point,0.8,1.0,0.4793380524201263,0.7801320068873159,0.06509470059307441,0.13580123727798843,0.41424335182705185,0.506578947368421,10022,20908
29,0.2,test_sharp,point,0.8,2.0,0.48077290989095084,0.7801798354696767,0.06523818634015688,0.13569438917628332,0.41553472355079396,0.506578947368421,10052,20908
29,0.2,test_sharp,point,0.8,3.0,0.48077290989095084,0.7801798354696767,0.06523818634015688,0.13569438917628332,0.41553472355079396,0.506578947368421,10052,20908
29,0.2,test_id,frame_constraint,0.3,0.5,0.2083749861157392,0.5585915805842497,0.00144396312340331,0.006929637526652452,0.2069310229923359,0.07758620689655173,1876,9003
29,0.2,test_id,frame_constraint,0.3,1.0,0.40308785960235477,0.7534155281572809,0.0036654448517160947,0.009093414163681455,0.39942241475063867,0.20689655172413793,3629,9003
29,0.2,test_id,frame_constraint,0.3,2.0,0.40308785960235477,0.7534155281572809,0.0036654448517160947,0.009093414163681455,0.39942241475063867,0.20689655172413793,3629,9003
29,0.2,test_id,frame_constraint,0.3,3.0,0.40308785960235477,0.7534155281572809,0.0036654448517160947,0.009093414163681455,0.39942241475063867,0.20689655172413793,3629,9003
29,0.2,test_id,frame_constraint,0.5,0.5,0.4419637898478285,0.5653670998556037,0.010663112295901367,0.02412666499120382,0.43130067755192714,0.19827586206896552,3979,9003
29,0.2,test_id,frame_constraint,0.5,1.0,0.6959902254803955,0.7679662334777296,0.012551371764967232,0.01803383338653048,0.6834388537154282,0.3275862068965517,6266,9003
29,0.2,test_id,frame_constraint,0.5,2.0,0.6963234477396424,0.7679662334777296,0.012551371764967232,0.018025203381719573,0.6837720759746752,0.3275862068965517,6269,9003
29,0.2,test_id,frame_constraint,0.5,3.0,0.6963234477396424,0.7679662334777296,0.012551371764967232,0.018025203381719573,0.6837720759746752,0.3275862068965517,6269,9003
29,0.2,test_id,frame_constraint,0.8,0.5,0.5500388759302455,0.5828057314228591,0.03809841164056425,0.06926494345718902,0.5119404642896812,0.43103448275862066,4952,9003
29,0.2,test_id,frame_constraint,0.8,1.0,0.8450516494501833,0.801732755748084,0.0614239697878485,0.07268664563617246,0.7836276796623348,0.7155172413793104,7608,9003
29,0.2,test_id,frame_constraint,0.8,2.0,0.8462734644007553,0.8021770520937466,0.06175719204709541,0.07297545609660061,0.7845162723536598,0.7155172413793104,7619,9003
29,0.2,test_id,frame_constraint,0.8,3.0,0.8462734644007553,0.8021770520937466,0.06175719204709541,0.07297545609660061,0.7845162723536598,0.7155172413793104,7619,9003
29,0.2,test_batch6,frame_constraint,0.3,0.5,0.264519535374868,0.5665258711721225,0.003871876099964801,0.014637391882900865,0.2606476592749032,0.10457516339869281,3006,11364
29,0.2,test_batch6,frame_constraint,0.3,1.0,0.4681450193593805,0.744368180218233,0.003783878915874692,0.008082706766917294,0.4643611404435058,0.1568627450980392,5320,11364
29,0.2,test_batch6,frame_constraint,0.3,2.0,0.4681450193593805,0.744368180218233,0.003783878915874692,0.008082706766917294,0.4643611404435058,0.1568627450980392,5320,11364
29,0.2,test_batch6,frame_constraint,0.3,3.0,0.4681450193593805,0.744368180218233,0.003783878915874692,0.008082706766917294,0.4643611404435058,0.1568627450980392,5320,11364
29,0.2,test_batch6,frame_constraint,0.5,0.5,0.5057198169658571,0.5732136571629708,0.01891939457937346,0.03741082303810684,0.48680042238648363,0.3333333333333333,5747,11364
29,0.2,test_batch6,frame_constraint,0.5,1.0,0.73389651531151,0.7580077437521999,0.01979936642027455,0.02697841726618705,0.7140971488912354,0.3790849673202614,8340,11364
29,0.2,test_batch6,frame_constraint,0.5,2.0,0.73389651531151,0.7580077437521999,0.01979936642027455,0.02697841726618705,0.7140971488912354,0.3790849673202614,8340,11364
29,0.2,test_batch6,frame_constraint,0.5,3.0,0.73389651531151,0.7580077437521999,0.01979936642027455,0.02697841726618705,0.7140971488912354,0.3790849673202614,8340,11364
29,0.2,test_batch6,frame_constraint,0.8,0.5,0.5807814149947201,0.5875571981696586,0.054030271031326994,0.09303030303030303,0.5267511439633932,0.5294117647058824,6600,11364
29,0.2,test_batch6,frame_constraint,0.8,1.0,0.8428370292150651,0.7864308342133052,0.07101372756071805,0.08425558571726874,0.7718233016543471,0.7516339869281046,9578,11364
29,0.2,test_batch6,frame_constraint,0.8,2.0,0.8434530095036958,0.7864308342133052,0.07162970784934881,0.08492436098069901,0.7718233016543471,0.7516339869281046,9585,11364
29,0.2,test_batch6,frame_constraint,0.8,3.0,0.8434530095036958,0.7864308342133052,0.07162970784934881,0.08492436098069901,0.7718233016543471,0.7516339869281046,9585,11364
29,0.2,test_flat,frame_constraint,0.3,0.5,0.0,0.33001149865848983,0.0,,0.0,0.0,0,13045
29,0.2,test_flat,frame_constraint,0.3,1.0,0.0023763894212341895,0.5921809122269068,0.0023763894212341895,1.0,0.0,0.030201342281879196,31,13045
29,0.2,test_flat,frame_constraint,0.3,2.0,0.0023763894212341895,0.5921809122269068,0.0023763894212341895,1.0,0.0,0.030201342281879196,31,13045
29,0.2,test_flat,frame_constraint,0.3,3.0,0.0023763894212341895,0.5921809122269068,0.0023763894212341895,1.0,0.0,0.030201342281879196,31,13045
29,0.2,test_flat,frame_constraint,0.5,0.5,0.0,0.34495975469528556,0.0,,0.0,0.0,0,13045
29,0.2,test_flat,frame_constraint,0.5,1.0,0.016941356841701803,0.6211575316213108,0.014948256036795707,0.8823529411764706,0.0019931008049060943,0.0738255033557047,221,13045
29,0.2,test_flat,frame_constraint,0.5,2.0,0.01709467228823304,0.6211575316213108,0.015101571483326946,0.8834080717488789,0.0019931008049060943,0.0738255033557047,223,13045
29,0.2,test_flat,frame_constraint,0.5,3.0,0.01709467228823304,0.6211575316213108,0.015101571483326946,0.8834080717488789,0.0019931008049060943,0.0738255033557047,223,13045
29,0.2,test_flat,frame_constraint,0.8,0.5,0.0,0.40505940973553084,0.0,,0.0,0.0,0,13045
29,0.2,test_flat,frame_constraint,0.8,1.0,0.07849750862399386,0.7471828286699885,0.013875047911077042,0.1767578125,0.06462246071291683,0.08053691275167785,1024,13045
29,0.2,test_flat,frame_constraint,0.8,2.0,0.0798006899195094,0.7488692985818322,0.014488309697201994,0.18155619596541786,0.0653123802223074,0.08053691275167785,1041,13045
29,0.2,test_flat,frame_constraint,0.8,3.0,0.0798006899195094,0.7488692985818322,0.014488309697201994,0.18155619596541786,0.0653123802223074,0.08053691275167785,1041,13045
29,0.2,test_sharp,frame_constraint,0.3,0.5,0.045771953319303615,0.5160704036732351,0.003491486512339774,0.07628004179728318,0.04228046680696384,0.09210526315789473,957,20908
29,0.2,test_sharp,frame_constraint,0.3,1.0,0.07322555959441363,0.7304381098144251,0.003587143677061412,0.04898758981058132,0.0696384159173522,0.09210526315789473,1531,20908
29,0.2,test_sharp,frame_constraint,0.3,2.0,0.07322555959441363,0.7304381098144251,0.003587143677061412,0.04898758981058132,0.0696384159173522,0.09210526315789473,1531,20908
29,0.2,test_sharp,frame_constraint,0.3,3.0,0.07322555959441363,0.7304381098144251,0.003587143677061412,0.04898758981058132,0.0696384159173522,0.09210526315789473,1531,20908
29,0.2,test_sharp,frame_constraint,0.5,0.5,0.16826095274536063,0.5237229768509661,0.020088004591543907,0.11938601478112564,0.1481729481538167,0.2631578947368421,3518,20908
29,0.2,test_sharp,frame_constraint,0.5,1.0,0.2380906829921561,0.746030227664052,0.01788788980294624,0.07513057452792286,0.22020279318920988,0.2236842105263158,4978,20908
29,0.2,test_sharp,frame_constraint,0.5,2.0,0.23813851157451693,0.746030227664052,0.01788788980294624,0.07511548503715605,0.2202506217715707,0.2236842105263158,4979,20908
29,0.2,test_sharp,frame_constraint,0.5,3.0,0.23813851157451693,0.746030227664052,0.01788788980294624,0.07511548503715605,0.2202506217715707,0.2236842105263158,4979,20908
29,0.2,test_sharp,frame_constraint,0.8,0.5,0.2673139468146164,0.5440501243543141,0.03788023722976851,0.14170692431561996,0.2294337095848479,0.3651315789473684,5589,20908
29,0.2,test_sharp,frame_constraint,0.8,1.0,0.4169695810216185,0.7801320068873159,0.04998086856705567,0.11986694195916495,0.3669887124545628,0.41776315789473684,8718,20908
29,0.2,test_sharp,frame_constraint,0.8,2.0,0.41926535297493783,0.7801798354696767,0.05002869714941649,0.11932466347250742,0.36923665582552134,0.41776315789473684,8766,20908
29,0.2,test_sharp,frame_constraint,0.8,3.0,0.41926535297493783,0.7801798354696767,0.05002869714941649,0.11932466347250742,0.36923665582552134,0.41776315789473684,8766,20908
29,0.2,test_id,trajectory_coordinate_box,0.3,0.5,0.0,0.5585915805842497,0.0,,0.0,0.0,0,9003
29,0.2,test_id,trajectory_coordinate_box,0.3,1.0,0.0,0.7534155281572809,0.0,,0.0,0.0,0,9003
29,0.2,test_id,trajectory_coordinate_box,0.3,2.0,0.0,0.7534155281572809,0.0,,0.0,0.0,0,9003
29,0.2,test_id,trajectory_coordinate_box,0.3,3.0,0.0,0.7534155281572809,0.0,,0.0,0.0,0,9003
29,0.2,test_id,trajectory_coordinate_box,0.5,0.5,0.0,0.5653670998556037,0.0,,0.0,0.0,0,9003
29,0.2,test_id,trajectory_coordinate_box,0.5,1.0,0.0,0.7679662334777296,0.0,,0.0,0.0,0,9003
29,0.2,test_id,trajectory_coordinate_box,0.5,2.0,0.0,0.7679662334777296,0.0,,0.0,0.0,0,9003
29,0.2,test_id,trajectory_coordinate_box,0.5,3.0,0.0,0.7679662334777296,0.0,,0.0,0.0,0,9003
29,0.2,test_id,trajectory_coordinate_box,0.8,0.5,0.0,0.5828057314228591,0.0,,0.0,0.0,0,9003
29,0.2,test_id,trajectory_coordinate_box,0.8,1.0,0.0,0.801732755748084,0.0,,0.0,0.0,0,9003
29,0.2,test_id,trajectory_coordinate_box,0.8,2.0,0.006997667444185272,0.8021770520937466,0.0,0.0,0.006997667444185272,0.0,63,9003
29,0.2,test_id,trajectory_coordinate_box,0.8,3.0,0.006997667444185272,0.8021770520937466,0.0,0.0,0.006997667444185272,0.0,63,9003
29,0.2,test_batch6,trajectory_coordinate_box,0.3,0.5,0.0,0.5665258711721225,0.0,,0.0,0.0,0,11364
29,0.2,test_batch6,trajectory_coordinate_box,0.3,1.0,0.0,0.744368180218233,0.0,,0.0,0.0,0,11364
29,0.2,test_batch6,trajectory_coordinate_box,0.3,2.0,0.0,0.744368180218233,0.0,,0.0,0.0,0,11364
29,0.2,test_batch6,trajectory_coordinate_box,0.3,3.0,0.0,0.744368180218233,0.0,,0.0,0.0,0,11364
29,0.2,test_batch6,trajectory_coordinate_box,0.5,0.5,0.0,0.5732136571629708,0.0,,0.0,0.0,0,11364
29,0.2,test_batch6,trajectory_coordinate_box,0.5,1.0,0.0,0.7580077437521999,0.0,,0.0,0.0,0,11364
29,0.2,test_batch6,trajectory_coordinate_box,0.5,2.0,0.0,0.7580077437521999,0.0,,0.0,0.0,0,11364
29,0.2,test_batch6,trajectory_coordinate_box,0.5,3.0,0.0,0.7580077437521999,0.0,,0.0,0.0,0,11364
29,0.2,test_batch6,trajectory_coordinate_box,0.8,0.5,0.0,0.5875571981696586,0.0,,0.0,0.0,0,11364
29,0.2,test_batch6,trajectory_coordinate_box,0.8,1.0,0.0,0.7864308342133052,0.0,,0.0,0.0,0,11364
29,0.2,test_batch6,trajectory_coordinate_box,0.8,2.0,0.003871876099964801,0.7864308342133052,0.0,0.0,0.003871876099964801,0.0,44,11364
29,0.2,test_batch6,trajectory_coordinate_box,0.8,3.0,0.003871876099964801,0.7864308342133052,0.0,0.0,0.003871876099964801,0.0,44,11364
29,0.2,test_flat,trajectory_coordinate_box,0.3,0.5,0.0,0.33001149865848983,0.0,,0.0,0.0,0,13045
29,0.2,test_flat,trajectory_coordinate_box,0.3,1.0,0.0,0.5921809122269068,0.0,,0.0,0.0,0,13045
29,0.2,test_flat,trajectory_coordinate_box,0.3,2.0,0.0,0.5921809122269068,0.0,,0.0,0.0,0,13045
29,0.2,test_flat,trajectory_coordinate_box,0.3,3.0,0.0,0.5921809122269068,0.0,,0.0,0.0,0,13045
29,0.2,test_flat,trajectory_coordinate_box,0.5,0.5,0.0,0.34495975469528556,0.0,,0.0,0.0,0,13045
29,0.2,test_flat,trajectory_coordinate_box,0.5,1.0,0.0,0.6211575316213108,0.0,,0.0,0.0,0,13045
29,0.2,test_flat,trajectory_coordinate_box,0.5,2.0,0.0,0.6211575316213108,0.0,,0.0,0.0,0,13045
29,0.2,test_flat,trajectory_coordinate_box,0.5,3.0,0.0,0.6211575316213108,0.0,,0.0,0.0,0,13045
29,0.2,test_flat,trajectory_coordinate_box,0.8,0.5,0.0,0.40505940973553084,0.0,,0.0,0.0,0,13045
29,0.2,test_flat,trajectory_coordinate_box,0.8,1.0,0.0,0.7471828286699885,0.0,,0.0,0.0,0,13045
29,0.2,test_flat,trajectory_coordinate_box,0.8,2.0,7.665772326561901e-05,0.7488692985818322,0.0,0.0,7.665772326561901e-05,0.0,1,13045
29,0.2,test_flat,trajectory_coordinate_box,0.8,3.0,7.665772326561901e-05,0.7488692985818322,0.0,0.0,7.665772326561901e-05,0.0,1,13045
29,0.2,test_sharp,trajectory_coordinate_box,0.3,0.5,0.0,0.5160704036732351,0.0,,0.0,0.0,0,20908
29,0.2,test_sharp,trajectory_coordinate_box,0.3,1.0,0.0,0.7304381098144251,0.0,,0.0,0.0,0,20908
29,0.2,test_sharp,trajectory_coordinate_box,0.3,2.0,0.0,0.7304381098144251,0.0,,0.0,0.0,0,20908
29,0.2,test_sharp,trajectory_coordinate_box,0.3,3.0,0.0,0.7304381098144251,0.0,,0.0,0.0,0,20908
29,0.2,test_sharp,trajectory_coordinate_box,0.5,0.5,0.0,0.5237229768509661,0.0,,0.0,0.0,0,20908
29,0.2,test_sharp,trajectory_coordinate_box,0.5,1.0,0.0,0.746030227664052,0.0,,0.0,0.0,0,20908
29,0.2,test_sharp,trajectory_coordinate_box,0.5,2.0,0.0,0.746030227664052,0.0,,0.0,0.0,0,20908
29,0.2,test_sharp,trajectory_coordinate_box,0.5,3.0,0.0,0.746030227664052,0.0,,0.0,0.0,0,20908
29,0.2,test_sharp,trajectory_coordinate_box,0.8,0.5,0.0,0.5440501243543141,0.0,,0.0,0.0,0,20908
29,0.2,test_sharp,trajectory_coordinate_box,0.8,1.0,0.0,0.7801320068873159,0.0,,0.0,0.0,0,20908
29,0.2,test_sharp,trajectory_coordinate_box,0.8,2.0,0.00014348574708245647,0.7801798354696767,4.7828582360818826e-05,0.3333333333333333,9.565716472163765e-05,0.003289473684210526,3,20908
29,0.2,test_sharp,trajectory_coordinate_box,0.8,3.0,0.00014348574708245647,0.7801798354696767,4.7828582360818826e-05,0.3333333333333333,9.565716472163765e-05,0.003289473684210526,3,20908
29,0.2,test_id,trajectory_constraint,0.3,0.5,0.0,0.5585915805842497,0.0,,0.0,0.0,0,9003
29,0.2,test_id,trajectory_constraint,0.3,1.0,0.0,0.7534155281572809,0.0,,0.0,0.0,0,9003
29,0.2,test_id,trajectory_constraint,0.3,2.0,0.0006664445184938354,0.7534155281572809,0.0,0.0,0.0006664445184938354,0.0,6,9003
29,0.2,test_id,trajectory_constraint,0.3,3.0,0.0006664445184938354,0.7534155281572809,0.0,0.0,0.0006664445184938354,0.0,6,9003
29,0.2,test_id,trajectory_constraint,0.5,0.5,0.0,0.5653670998556037,0.0,,0.0,0.0,0,9003
29,0.2,test_id,trajectory_constraint,0.5,1.0,0.06408974786182384,0.7679662334777296,0.0,0.0,0.06408974786182384,0.0,577,9003
29,0.2,test_id,trajectory_constraint,0.5,2.0,0.0923025658113962,0.7679662334777296,0.00011107408641563923,0.0012033694344163659,0.09219149172498056,0.008620689655172414,831,9003
29,0.2,test_id,trajectory_constraint,0.5,3.0,0.0923025658113962,0.7679662334777296,0.00011107408641563923,0.0012033694344163659,0.09219149172498056,0.008620689655172414,831,9003
29,0.2,test_id,trajectory_constraint,0.8,0.5,0.0,0.5828057314228591,0.0,,0.0,0.0,0,9003
29,0.2,test_id,trajectory_constraint,0.8,1.0,0.28268354992780187,0.801732755748084,0.0015550372098189493,0.00550098231827112,0.2811285127179829,0.05172413793103448,2545,9003
29,0.2,test_id,trajectory_constraint,0.8,2.0,0.337443074530712,0.8021770520937466,0.0021104076418971456,0.006254114549045424,0.33533266688881486,0.06896551724137931,3038,9003
29,0.2,test_id,trajectory_constraint,0.8,3.0,0.337443074530712,0.8021770520937466,0.0021104076418971456,0.006254114549045424,0.33533266688881486,0.06896551724137931,3038,9003
29,0.2,test_batch6,trajectory_constraint,0.3,0.5,0.0,0.5665258711721225,0.0,,0.0,0.0,0,11364
29,0.2,test_batch6,trajectory_constraint,0.3,1.0,0.0,0.744368180218233,0.0,,0.0,0.0,0,11364
29,0.2,test_batch6,trajectory_constraint,0.3,2.0,8.799718409010911e-05,0.744368180218233,0.0,0.0,8.799718409010911e-05,0.0,1,11364
29,0.2,test_batch6,trajectory_constraint,0.3,3.0,8.799718409010911e-05,0.744368180218233,0.0,0.0,8.799718409010911e-05,0.0,1,11364
29,0.2,test_batch6,trajectory_constraint,0.5,0.5,0.0,0.5732136571629708,0.0,,0.0,0.0,0,11364
29,0.2,test_batch6,trajectory_constraint,0.5,1.0,0.06828581485392468,0.7580077437521999,0.0,0.0,0.06828581485392468,0.0,776,11364
29,0.2,test_batch6,trajectory_constraint,0.5,2.0,0.09829285462865188,0.7580077437521999,0.00026399155227032733,0.0026857654431512983,0.09802886307638156,0.013071895424836602,1117,11364
29,0.2,test_batch6,trajectory_constraint,0.5,3.0,0.09829285462865188,0.7580077437521999,0.00026399155227032733,0.0026857654431512983,0.09802886307638156,0.013071895424836602,1117,11364
29,0.2,test_batch6,trajectory_constraint,0.8,0.5,0.0,0.5875571981696586,0.0,,0.0,0.0,0,11364
29,0.2,test_batch6,trajectory_constraint,0.8,1.0,0.299190425906371,0.7864308342133052,0.0009679690249912002,0.003235294117647059,0.29822245688137977,0.05228758169934641,3400,11364
29,0.2,test_batch6,trajectory_constraint,0.8,2.0,0.3350932770151355,0.7864308342133052,0.001495952129531855,0.004464285714285714,0.3335973248856037,0.06535947712418301,3808,11364
29,0.2,test_batch6,trajectory_constraint,0.8,3.0,0.3350932770151355,0.7864308342133052,0.001495952129531855,0.004464285714285714,0.3335973248856037,0.06535947712418301,3808,11364
29,0.2,test_flat,trajectory_constraint,0.3,0.5,0.0,0.33001149865848983,0.0,,0.0,0.0,0,13045
29,0.2,test_flat,trajectory_constraint,0.3,1.0,0.0,0.5921809122269068,0.0,,0.0,0.0,0,13045
29,0.2,test_flat,trajectory_constraint,0.3,2.0,0.0,0.5921809122269068,0.0,,0.0,0.0,0,13045
29,0.2,test_flat,trajectory_constraint,0.3,3.0,0.0,0.5921809122269068,0.0,,0.0,0.0,0,13045
29,0.2,test_flat,trajectory_constraint,0.5,0.5,0.0,0.34495975469528556,0.0,,0.0,0.0,0,13045
29,0.2,test_flat,trajectory_constraint,0.5,1.0,7.665772326561901e-05,0.6211575316213108,7.665772326561901e-05,1.0,0.0,0.003355704697986577,1,13045
29,0.2,test_flat,trajectory_constraint,0.5,2.0,0.0012265235722499041,0.6211575316213108,0.0011498658489842851,0.9375,7.665772326561901e-05,0.02348993288590604,16,13045
29,0.2,test_flat,trajectory_constraint,0.5,3.0,0.0012265235722499041,0.6211575316213108,0.0011498658489842851,0.9375,7.665772326561901e-05,0.02348993288590604,16,13045
29,0.2,test_flat,trajectory_constraint,0.8,0.5,0.0,0.40505940973553084,0.0,,0.0,0.0,0,13045
29,0.2,test_flat,trajectory_constraint,0.8,1.0,0.0058259869681870444,0.7471828286699885,0.0006132617861249521,0.10526315789473684,0.0052127251820620925,0.013422818791946308,76,13045
29,0.2,test_flat,trajectory_constraint,0.8,2.0,0.019854350325795325,0.7488692985818322,0.0032196243771559986,0.16216216216216217,0.016634725948639326,0.03355704697986577,259,13045
29,0.2,test_flat,trajectory_constraint,0.8,3.0,0.019854350325795325,0.7488692985818322,0.0032196243771559986,0.16216216216216217,0.016634725948639326,0.03355704697986577,259,13045
29,0.2,test_sharp,trajectory_constraint,0.3,0.5,0.0,0.5160704036732351,0.0,,0.0,0.0,0,20908
29,0.2,test_sharp,trajectory_constraint,0.3,1.0,0.0,0.7304381098144251,0.0,,0.0,0.0,0,20908
29,0.2,test_sharp,trajectory_constraint,0.3,2.0,0.0,0.7304381098144251,0.0,,0.0,0.0,0,20908
29,0.2,test_sharp,trajectory_constraint,0.3,3.0,0.0,0.7304381098144251,0.0,,0.0,0.0,0,20908
29,0.2,test_sharp,trajectory_constraint,0.5,0.5,0.0,0.5237229768509661,0.0,,0.0,0.0,0,20908
29,0.2,test_sharp,trajectory_constraint,0.5,1.0,0.003778458006504687,0.746030227664052,0.0003826286588865506,0.10126582278481013,0.0033958293476181365,0.009868421052631578,79,20908
29,0.2,test_sharp,trajectory_constraint,0.5,2.0,0.005500286971494165,0.746030227664052,0.0006696001530514636,0.12173913043478261,0.0048306868184427015,0.01644736842105263,115,20908
29,0.2,test_sharp,trajectory_constraint,0.5,3.0,0.005500286971494165,0.746030227664052,0.0006696001530514636,0.12173913043478261,0.0048306868184427015,0.01644736842105263,115,20908
29,0.2,test_sharp,trajectory_constraint,0.8,0.5,0.0,0.5440501243543141,0.0,,0.0,0.0,0,20908
29,0.2,test_sharp,trajectory_constraint,0.8,1.0,0.06576430074612588,0.7801320068873159,0.0025827434474842165,0.03927272727272727,0.06318155729864167,0.05921052631578947,1375,20908
29,0.2,test_sharp,trajectory_constraint,0.8,2.0,0.07762578917160895,0.7801798354696767,0.004926343983164339,0.06346272335181762,0.07269944518844461,0.08552631578947369,1623,20908
29,0.2,test_sharp,trajectory_constraint,0.8,3.0,0.07762578917160895,0.7801798354696767,0.004926343983164339,0.06346272335181762,0.07269944518844461,0.08552631578947369,1623,20908
29,0.1,test_id,point,0.3,0.5,0.5206042430301011,0.5585915805842497,0.02710207708541597,0.05205888628120333,0.4935021659446851,0.5,4687,9003
29,0.1,test_id,point,0.3,1.0,0.6978784849494613,0.7534155281572809,0.02310340997445296,0.03310520452013369,0.6747750749750083,0.49137931034482757,6283,9003
29,0.1,test_id,point,0.3,2.0,0.6978784849494613,0.7534155281572809,0.02310340997445296,0.03310520452013369,0.6747750749750083,0.49137931034482757,6283,9003
29,0.1,test_id,point,0.3,3.0,0.6978784849494613,0.7534155281572809,0.02310340997445296,0.03310520452013369,0.6747750749750083,0.49137931034482757,6283,9003
29,0.1,test_id,point,0.5,0.5,0.5898033988670444,0.5653670998556037,0.04465178273908697,0.07570621468926554,0.5451516161279574,0.5689655172413793,5310,9003
29,0.1,test_id,point,0.5,1.0,0.8016216816616684,0.7679662334777296,0.041541708319449075,0.05182208673964251,0.7600799733422192,0.5948275862068966,7217,9003
29,0.1,test_id,point,0.5,2.0,0.8016216816616684,0.7679662334777296,0.041541708319449075,0.05182208673964251,0.7600799733422192,0.5948275862068966,7217,9003
29,0.1,test_id,point,0.5,3.0,0.8016216816616684,0.7679662334777296,0.041541708319449075,0.05182208673964251,0.7600799733422192,0.5948275862068966,7217,9003
29,0.1,test_id,point,0.8,0.5,0.6331222925691437,0.5828057314228591,0.07097634121959347,0.11210526315789474,0.5621459513495501,0.6637931034482759,5700,9003
29,0.1,test_id,point,0.8,1.0,0.8915916916583361,0.801732755748084,0.09619015883594358,0.1078858851376604,0.7954015328223926,0.7931034482758621,8027,9003
29,0.1,test_id,point,0.8,2.0,0.8929245806953238,0.8021770520937466,0.09718982561368433,0.1088443836298047,0.7957347550816395,0.8017241379310345,8039,9003
29,0.1,test_id,point,0.8,3.0,0.8929245806953238,0.8021770520937466,0.09718982561368433,0.1088443836298047,0.7957347550816395,0.8017241379310345,8039,9003
29,0.1,test_batch6,point,0.3,0.5,0.5608940513903555,0.5665258711721225,0.029391059486096445,0.05240037652965171,0.5315029919042591,0.48366013071895425,6374,11364
29,0.1,test_batch6,point,0.3,1.0,0.7420802534318902,0.744368180218233,0.02595916930658219,0.034981619826870626,0.716121084125308,0.49673202614379086,8433,11364
29,0.1,test_batch6,point,0.3,2.0,0.7420802534318902,0.744368180218233,0.02595916930658219,0.034981619826870626,0.716121084125308,0.49673202614379086,8433,11364
29,0.1,test_batch6,point,0.3,3.0,0.7420802534318902,0.744368180218233,0.02595916930658219,0.034981619826870626,0.716121084125308,0.49673202614379086,8433,11364
29,0.1,test_batch6,point,0.5,0.5,0.6063005983808518,0.5732136571629708,0.05051038366772263,0.08330914368650218,0.5557902147131292,0.5490196078431373,6890,11364
29,0.1,test_batch6,point,0.5,1.0,0.79839845124956,0.7580077437521999,0.04980640619500176,0.062382894301774496,0.7485920450545582,0.5947712418300654,9073,11364
29,0.1,test_batch6,point,0.5,2.0,0.79839845124956,0.7580077437521999,0.04980640619500176,0.062382894301774496,0.7485920450545582,0.5947712418300654,9073,11364
29,0.1,test_batch6,point,0.5,3.0,0.79839845124956,0.7580077437521999,0.04980640619500176,0.062382894301774496,0.7485920450545582,0.5947712418300654,9073,11364
29,0.1,test_batch6,point,0.8,0.5,0.6543470608940514,0.5875571981696586,0.08465329109468497,0.12937062937062938,0.5696937697993664,0.6666666666666666,7436,11364
29,0.1,test_batch6,point,0.8,1.0,0.8853396691305878,0.7864308342133052,0.10542062653995073,0.11907365073054368,0.779919042590637,0.8627450980392157,10061,11364
29,0.1,test_batch6,point,0.8,2.0,0.8856916578669483,0.7864308342133052,0.10577261527631115,0.11942374565325385,0.779919042590637,0.8627450980392157,10065,11364
29,0.1,test_batch6,point,0.8,3.0,0.8856916578669483,0.7864308342133052,0.10577261527631115,0.11942374565325385,0.779919042590637,0.8627450980392157,10065,11364
29,0.1,test_flat,point,0.3,0.5,0.0,0.33001149865848983,0.0,,0.0,0.0,0,13045
29,0.1,test_flat,point,0.3,1.0,0.006515906477577616,0.5921809122269068,0.006515906477577616,1.0,0.0,0.040268456375838924,85,13045
29,0.1,test_flat,point,0.3,2.0,0.006515906477577616,0.5921809122269068,0.006515906477577616,1.0,0.0,0.040268456375838924,85,13045
29,0.1,test_flat,point,0.3,3.0,0.006515906477577616,0.5921809122269068,0.006515906477577616,1.0,0.0,0.040268456375838924,85,13045
29,0.1,test_flat,point,0.5,0.5,7.665772326561901e-05,0.34495975469528556,7.665772326561901e-05,1.0,0.0,0.003355704697986577,1,13045
29,0.1,test_flat,point,0.5,1.0,0.02253737064009199,0.6211575316213108,0.01939440398620161,0.8605442176870748,0.0031429666538903794,0.10067114093959731,294,13045
29,0.1,test_flat,point,0.5,2.0,0.02253737064009199,0.6211575316213108,0.01939440398620161,0.8605442176870748,0.0031429666538903794,0.10067114093959731,294,13045
29,0.1,test_flat,point,0.5,3.0,0.02253737064009199,0.6211575316213108,0.01939440398620161,0.8605442176870748,0.0031429666538903794,0.10067114093959731,294,13045
29,0.1,test_flat,point,0.8,0.5,0.0003832886163280951,0.40505940973553084,0.00015331544653123802,0.4,0.00022997316979685704,0.003355704697986577,5,13045
29,0.1,test_flat,point,0.8,1.0,0.11268685320045994,0.7471828286699885,0.021924108853967037,0.1945578231292517,0.09076274434649291,0.12416107382550336,1470,13045
29,0.1,test_flat,point,0.8,2.0,0.11376006132617861,0.7488692985818322,0.022230739747029514,0.1954177897574124,0.0915293215791491,0.12416107382550336,1484,13045
29,0.1,test_flat,point,0.8,3.0,0.11376006132617861,0.7488692985818322,0.022230739747029514,0.1954177897574124,0.0915293215791491,0.12416107382550336,1484,13045
29,0.1,test_sharp,point,0.3,0.5,0.18122249856514253,0.5160704036732351,0.02687966328678018,0.148324096067564,0.15434283527836234,0.33223684210526316,3789,20908
29,0.1,test_sharp,point,0.3,1.0,0.216998278171035,0.7304381098144251,0.019227090109049168,0.08860480493718316,0.19777118806198585,0.2598684210526316,4537,20908
29,0.1,test_sharp,point,0.3,2.0,0.216998278171035,0.7304381098144251,0.019227090109049168,0.08860480493718316,0.19777118806198585,0.2598684210526316,4537,20908
29,0.1,test_sharp,point,0.3,3.0,0.216998278171035,0.7304381098144251,0.019227090109049168,0.08860480493718316,0.19777118806198585,0.2598684210526316,4537,20908
29,0.1,test_sharp,point,0.5,0.5,0.2636789745551942,0.5237229768509661,0.048689496843313564,0.18465445311082895,0.21498947771188062,0.3980263157894737,5513,20908
29,0.1,test_sharp,point,0.5,1.0,0.3340826477903195,0.746030227664052,0.034006122058542185,0.10178954903364353,0.3000765257317773,0.34539473684210525,6985,20908
29,0.1,test_sharp,point,0.5,2.0,0.33413047637268034,0.746030227664052,0.034006122058542185,0.10177497852848555,0.30012435431413814,0.34539473684210525,6986,20908
29,0.1,test_sharp,point,0.5,3.0,0.33413047637268034,0.746030227664052,0.034006122058542185,0.10177497852848555,0.30012435431413814,0.34539473684210525,6986,20908
29,0.1,test_sharp,point,0.8,0.5,0.3238473311651043,0.5440501243543141,0.06456858618710541,0.1993797075764289,0.25927874497799885,0.4309210526315789,6771,20908
29,0.1,test_sharp,point,0.8,1.0,0.4793380524201263,0.7801320068873159,0.06509470059307441,0.13580123727798843,0.41424335182705185,0.506578947368421,10022,20908
29,0.1,test_sharp,point,0.8,2.0,0.48077290989095084,0.7801798354696767,0.06523818634015688,0.13569438917628332,0.41553472355079396,0.506578947368421,10052,20908
29,0.1,test_sharp,point,0.8,3.0,0.48077290989095084,0.7801798354696767,0.06523818634015688,0.13569438917628332,0.41553472355079396,0.506578947368421,10052,20908
29,0.1,test_id,frame_constraint,0.3,0.5,0.00288792624680662,0.5585915805842497,0.0,0.0,0.00288792624680662,0.0,26,9003
29,0.1,test_id,frame_constraint,0.3,1.0,0.14983894257469732,0.7534155281572809,0.0011107408641563923,0.007412898443291327,0.14872820171054094,0.08620689655172414,1349,9003
29,0.1,test_id,frame_constraint,0.3,2.0,0.151171831611685,0.7534155281572809,0.0012218149505720316,0.008082292432035268,0.14995001666111296,0.08620689655172414,1361,9003
29,0.1,test_id,frame_constraint,0.3,3.0,0.151171831611685,0.7534155281572809,0.0012218149505720316,0.008082292432035268,0.14995001666111296,0.08620689655172414,1361,9003
29,0.1,test_id,frame_constraint,0.5,0.5,0.1475063867599689,0.5653670998556037,0.0004442963456625569,0.0030120481927710845,0.14706209041430635,0.02586206896551724,1328,9003
29,0.1,test_id,frame_constraint,0.5,1.0,0.42641341774963903,0.7679662334777296,0.0027768521603909807,0.006512112529304506,0.423636565589248,0.08620689655172414,3839,9003
29,0.1,test_id,frame_constraint,0.5,2.0,0.4329667888481617,0.7679662334777296,0.0027768521603909807,0.006413545407901488,0.4301899366877707,0.08620689655172414,3898,9003
29,0.1,test_id,frame_constraint,0.5,3.0,0.4329667888481617,0.7679662334777296,0.0027768521603909807,0.006413545407901488,0.4301899366877707,0.08620689655172414,3898,9003
29,0.1,test_id,frame_constraint,0.8,0.5,0.37609685660335446,0.5828057314228591,0.008997000999666778,0.023922031896042528,0.3670998556036877,0.19827586206896552,3386,9003
29,0.1,test_id,frame_constraint,0.8,1.0,0.705653670998556,0.801732755748084,0.023547706320115516,0.03337006138832048,0.6821059646784405,0.4051724137931034,6353,9003
29,0.1,test_id,frame_constraint,0.8,2.0,0.7160946351216261,0.8021770520937466,0.02454737309785627,0.03427950984954242,0.6915472620237698,0.43103448275862066,6447,9003
29,0.1,test_id,frame_constraint,0.8,3.0,0.7160946351216261,0.8021770520937466,0.02454737309785627,0.03427950984954242,0.6915472620237698,0.43103448275862066,6447,9003
29,0.1,test_batch6,frame_constraint,0.3,0.5,0.004487856388595565,0.5665258711721225,8.799718409010911e-05,0.0196078431372549,0.004399859204505456,0.006535947712418301,51,11364
29,0.1,test_batch6,frame_constraint,0.3,1.0,0.1748504047870468,0.744368180218233,0.0004399859204505456,0.0025163563160543532,0.17441041886659628,0.026143790849673203,1987,11364
29,0.1,test_batch6,frame_constraint,0.3,2.0,0.17502639915522702,0.744368180218233,0.0004399859204505456,0.002513826043237808,0.1745864132347765,0.026143790849673203,1989,11364
29,0.1,test_batch6,frame_constraint,0.3,3.0,0.17502639915522702,0.744368180218233,0.0004399859204505456,0.002513826043237808,0.1745864132347765,0.026143790849673203,1989,11364
29,0.1,test_batch6,frame_constraint,0.5,0.5,0.17872228088701161,0.5732136571629708,0.0019359380499824005,0.010832102412604629,0.1767863428370292,0.0457516339869281,2031,11364
29,0.1,test_batch6,frame_constraint,0.5,1.0,0.455649419218585,0.7580077437521999,0.0025519183386131642,0.005600617999227501,0.45309750087997186,0.08496732026143791,5178,11364
29,0.1,test_batch6,frame_constraint,0.5,2.0,0.45608940513903556,0.7580077437521999,0.0028159098908834917,0.006174030484275516,0.4532734952481521,0.08496732026143791,5183,11364
29,0.1,test_batch6,frame_constraint,0.5,3.0,0.45608940513903556,0.7580077437521999,0.0028159098908834917,0.006174030484275516,0.4532734952481521,0.08496732026143791,5183,11364
29,0.1,test_batch6,frame_constraint,0.8,0.5,0.4381379795846533,0.5875571981696586,0.015575501583949313,0.03554930708977706,0.42256247800070396,0.2679738562091503,4979,11364
29,0.1,test_batch6,frame_constraint,0.8,1.0,0.7462161210841253,0.7864308342133052,0.026751143963393172,0.035849056603773584,0.7194649771207321,0.47058823529411764,8480,11364
29,0.1,test_batch6,frame_constraint,0.8,2.0,0.747624076029567,0.7864308342133052,0.02771911298838437,0.037076271186440676,0.7199049630411827,0.48366013071895425,8496,11364
29,0.1,test_batch6,frame_constraint,0.8,3.0,0.747624076029567,0.7864308342133052,0.02771911298838437,0.037076271186440676,0.7199049630411827,0.48366013071895425,8496,11364
29,0.1,test_flat,frame_constraint,0.3,0.5,0.0,0.33001149865848983,0.0,,0.0,0.0,0,13045
29,0.1,test_flat,frame_constraint,0.3,1.0,0.0008432349559218092,0.5921809122269068,0.0008432349559218092,1.0,0.0,0.013422818791946308,11,13045
29,0.1,test_flat,frame_constraint,0.3,2.0,0.0008432349559218092,0.5921809122269068,0.0008432349559218092,1.0,0.0,0.013422818791946308,11,13045
29,0.1,test_flat,frame_constraint,0.3,3.0,0.0008432349559218092,0.5921809122269068,0.0008432349559218092,1.0,0.0,0.013422818791946308,11,13045
29,0.1,test_flat,frame_constraint,0.5,0.5,0.0,0.34495975469528556,0.0,,0.0,0.0,0,13045
29,0.1,test_flat,frame_constraint,0.5,1.0,0.010655423533921042,0.6211575316213108,0.009888846301264853,0.9280575539568345,0.0007665772326561902,0.06375838926174497,139,13045
29,0.1,test_flat,frame_constraint,0.5,2.0,0.011422000766577232,0.6211575316213108,0.010655423533921042,0.9328859060402684,0.0007665772326561902,0.06375838926174497,149,13045
29,0.1,test_flat,frame_constraint,0.5,3.0,0.011422000766577232,0.6211575316213108,0.010655423533921042,0.9328859060402684,0.0007665772326561902,0.06375838926174497,149,13045
29,0.1,test_flat,frame_constraint,0.8,0.5,0.0,0.40505940973553084,0.0,,0.0,0.0,0,13045
29,0.1,test_flat,frame_constraint,0.8,1.0,0.05304714449980836,0.7471828286699885,0.008202376389421234,0.1546242774566474,0.04484476811038712,0.06040268456375839,692,13045
29,0.1,test_flat,frame_constraint,0.8,2.0,0.0560367957071675,0.7488692985818322,0.01011881947106171,0.18057455540355677,0.04591797623610579,0.06040268456375839,731,13045
29,0.1,test_flat,frame_constraint,0.8,3.0,0.0560367957071675,0.7488692985818322,0.01011881947106171,0.18057455540355677,0.04591797623610579,0.06040268456375839,731,13045
29,0.1,test_sharp,frame_constraint,0.3,0.5,4.7828582360818826e-05,0.5160704036732351,0.0,0.0,4.7828582360818826e-05,0.0,1,20908
29,0.1,test_sharp,frame_constraint,0.3,1.0,0.010761431031184236,0.7304381098144251,0.0007652573177731012,0.07111111111111111,0.009996173713411135,0.023026315789473683,225,20908
29,0.1,test_sharp,frame_constraint,0.3,2.0,0.010904916778266693,0.7304381098144251,0.0009087430648555577,0.08333333333333333,0.009996173713411135,0.02631578947368421,228,20908
29,0.1,test_sharp,frame_constraint,0.3,3.0,0.010904916778266693,0.7304381098144251,0.0009087430648555577,0.08333333333333333,0.009996173713411135,0.02631578947368421,228,20908
29,0.1,test_sharp,frame_constraint,0.5,0.5,0.03314520757604745,0.5237229768509661,0.0015783432179070213,0.047619047619047616,0.03156686435814043,0.04276315789473684,693,20908
29,0.1,test_sharp,frame_constraint,0.5,1.0,0.0922135067916587,0.746030227664052,0.004208915247752056,0.04564315352697095,0.08800459154390664,0.09868421052631579,1928,20908
29,0.1,test_sharp,frame_constraint,0.5,2.0,0.09245264970346279,0.746030227664052,0.0043045724124736945,0.04655975168132437,0.0881480772909891,0.09868421052631579,1933,20908
29,0.1,test_sharp,frame_constraint,0.5,3.0,0.09245264970346279,0.746030227664052,0.0043045724124736945,0.04655975168132437,0.0881480772909891,0.09868421052631579,1933,20908
29,0.1,test_sharp,frame_constraint,0.8,0.5,0.16548689496843313,0.5440501243543141,0.013296345896307633,0.08034682080924856,0.1521905490721255,0.18421052631578946,3460,20908
29,0.1,test_sharp,frame_constraint,0.8,1.0,0.313612014539889,0.7801320068873159,0.02888846374593457,0.0921152966295562,0.28472355079395445,0.33223684210526316,6557,20908
29,0.1,test_sharp,frame_constraint,0.8,2.0,0.31743830112875454,0.7801798354696767,0.029175435240099485,0.09190899502787404,0.2882628658886551,0.33223684210526316,6637,20908
29,0.1,test_sharp,frame_constraint,0.8,3.0,0.31743830112875454,0.7801798354696767,0.029175435240099485,0.09190899502787404,0.2882628658886551,0.33223684210526316,6637,20908
29,0.1,test_id,trajectory_coordinate_box,0.3,0.5,0.0,0.5585915805842497,0.0,,0.0,0.0,0,9003
29,0.1,test_id,trajectory_coordinate_box,0.3,1.0,0.0,0.7534155281572809,0.0,,0.0,0.0,0,9003
29,0.1,test_id,trajectory_coordinate_box,0.3,2.0,0.0,0.7534155281572809,0.0,,0.0,0.0,0,9003
29,0.1,test_id,trajectory_coordinate_box,0.3,3.0,0.0,0.7534155281572809,0.0,,0.0,0.0,0,9003
29,0.1,test_id,trajectory_coordinate_box,0.5,0.5,0.0,0.5653670998556037,0.0,,0.0,0.0,0,9003
29,0.1,test_id,trajectory_coordinate_box,0.5,1.0,0.0,0.7679662334777296,0.0,,0.0,0.0,0,9003
29,0.1,test_id,trajectory_coordinate_box,0.5,2.0,0.0,0.7679662334777296,0.0,,0.0,0.0,0,9003
29,0.1,test_id,trajectory_coordinate_box,0.5,3.0,0.0,0.7679662334777296,0.0,,0.0,0.0,0,9003
29,0.1,test_id,trajectory_coordinate_box,0.8,0.5,0.0,0.5828057314228591,0.0,,0.0,0.0,0,9003
29,0.1,test_id,trajectory_coordinate_box,0.8,1.0,0.0,0.801732755748084,0.0,,0.0,0.0,0,9003
29,0.1,test_id,trajectory_coordinate_box,0.8,2.0,0.0,0.8021770520937466,0.0,,0.0,0.0,0,9003
29,0.1,test_id,trajectory_coordinate_box,0.8,3.0,0.0,0.8021770520937466,0.0,,0.0,0.0,0,9003
29,0.1,test_batch6,trajectory_coordinate_box,0.3,0.5,0.0,0.5665258711721225,0.0,,0.0,0.0,0,11364
29,0.1,test_batch6,trajectory_coordinate_box,0.3,1.0,0.0,0.744368180218233,0.0,,0.0,0.0,0,11364
29,0.1,test_batch6,trajectory_coordinate_box,0.3,2.0,0.0,0.744368180218233,0.0,,0.0,0.0,0,11364
29,0.1,test_batch6,trajectory_coordinate_box,0.3,3.0,0.0,0.744368180218233,0.0,,0.0,0.0,0,11364
29,0.1,test_batch6,trajectory_coordinate_box,0.5,0.5,0.0,0.5732136571629708,0.0,,0.0,0.0,0,11364
29,0.1,test_batch6,trajectory_coordinate_box,0.5,1.0,0.0,0.7580077437521999,0.0,,0.0,0.0,0,11364
29,0.1,test_batch6,trajectory_coordinate_box,0.5,2.0,0.0,0.7580077437521999,0.0,,0.0,0.0,0,11364
29,0.1,test_batch6,trajectory_coordinate_box,0.5,3.0,0.0,0.7580077437521999,0.0,,0.0,0.0,0,11364
29,0.1,test_batch6,trajectory_coordinate_box,0.8,0.5,0.0,0.5875571981696586,0.0,,0.0,0.0,0,11364
29,0.1,test_batch6,trajectory_coordinate_box,0.8,1.0,0.0,0.7864308342133052,0.0,,0.0,0.0,0,11364
29,0.1,test_batch6,trajectory_coordinate_box,0.8,2.0,0.0,0.7864308342133052,0.0,,0.0,0.0,0,11364
29,0.1,test_batch6,trajectory_coordinate_box,0.8,3.0,0.0,0.7864308342133052,0.0,,0.0,0.0,0,11364
29,0.1,test_flat,trajectory_coordinate_box,0.3,0.5,0.0,0.33001149865848983,0.0,,0.0,0.0,0,13045
29,0.1,test_flat,trajectory_coordinate_box,0.3,1.0,0.0,0.5921809122269068,0.0,,0.0,0.0,0,13045
29,0.1,test_flat,trajectory_coordinate_box,0.3,2.0,0.0,0.5921809122269068,0.0,,0.0,0.0,0,13045
29,0.1,test_flat,trajectory_coordinate_box,0.3,3.0,0.0,0.5921809122269068,0.0,,0.0,0.0,0,13045
29,0.1,test_flat,trajectory_coordinate_box,0.5,0.5,0.0,0.34495975469528556,0.0,,0.0,0.0,0,13045
29,0.1,test_flat,trajectory_coordinate_box,0.5,1.0,0.0,0.6211575316213108,0.0,,0.0,0.0,0,13045
29,0.1,test_flat,trajectory_coordinate_box,0.5,2.0,0.0,0.6211575316213108,0.0,,0.0,0.0,0,13045
29,0.1,test_flat,trajectory_coordinate_box,0.5,3.0,0.0,0.6211575316213108,0.0,,0.0,0.0,0,13045
29,0.1,test_flat,trajectory_coordinate_box,0.8,0.5,0.0,0.40505940973553084,0.0,,0.0,0.0,0,13045
29,0.1,test_flat,trajectory_coordinate_box,0.8,1.0,0.0,0.7471828286699885,0.0,,0.0,0.0,0,13045
29,0.1,test_flat,trajectory_coordinate_box,0.8,2.0,0.0,0.7488692985818322,0.0,,0.0,0.0,0,13045
29,0.1,test_flat,trajectory_coordinate_box,0.8,3.0,0.0,0.7488692985818322,0.0,,0.0,0.0,0,13045
29,0.1,test_sharp,trajectory_coordinate_box,0.3,0.5,0.0,0.5160704036732351,0.0,,0.0,0.0,0,20908
29,0.1,test_sharp,trajectory_coordinate_box,0.3,1.0,0.0,0.7304381098144251,0.0,,0.0,0.0,0,20908
29,0.1,test_sharp,trajectory_coordinate_box,0.3,2.0,0.0,0.7304381098144251,0.0,,0.0,0.0,0,20908
29,0.1,test_sharp,trajectory_coordinate_box,0.3,3.0,0.0,0.7304381098144251,0.0,,0.0,0.0,0,20908
29,0.1,test_sharp,trajectory_coordinate_box,0.5,0.5,0.0,0.5237229768509661,0.0,,0.0,0.0,0,20908
29,0.1,test_sharp,trajectory_coordinate_box,0.5,1.0,0.0,0.746030227664052,0.0,,0.0,0.0,0,20908
29,0.1,test_sharp,trajectory_coordinate_box,0.5,2.0,0.0,0.746030227664052,0.0,,0.0,0.0,0,20908
29,0.1,test_sharp,trajectory_coordinate_box,0.5,3.0,0.0,0.746030227664052,0.0,,0.0,0.0,0,20908
29,0.1,test_sharp,trajectory_coordinate_box,0.8,0.5,0.0,0.5440501243543141,0.0,,0.0,0.0,0,20908
29,0.1,test_sharp,trajectory_coordinate_box,0.8,1.0,0.0,0.7801320068873159,0.0,,0.0,0.0,0,20908
29,0.1,test_sharp,trajectory_coordinate_box,0.8,2.0,0.0,0.7801798354696767,0.0,,0.0,0.0,0,20908
29,0.1,test_sharp,trajectory_coordinate_box,0.8,3.0,0.0,0.7801798354696767,0.0,,0.0,0.0,0,20908
29,0.1,test_id,trajectory_constraint,0.3,0.5,0.0,0.5585915805842497,0.0,,0.0,0.0,0,9003
29,0.1,test_id,trajectory_constraint,0.3,1.0,0.0,0.7534155281572809,0.0,,0.0,0.0,0,9003
29,0.1,test_id,trajectory_constraint,0.3,2.0,0.0,0.7534155281572809,0.0,,0.0,0.0,0,9003
29,0.1,test_id,trajectory_constraint,0.3,3.0,0.0,0.7534155281572809,0.0,,0.0,0.0,0,9003
29,0.1,test_id,trajectory_constraint,0.5,0.5,0.0,0.5653670998556037,0.0,,0.0,0.0,0,9003
29,0.1,test_id,trajectory_constraint,0.5,1.0,0.0,0.7679662334777296,0.0,,0.0,0.0,0,9003
29,0.1,test_id,trajectory_constraint,0.5,2.0,0.019771187381983784,0.7679662334777296,0.0,0.0,0.019771187381983784,0.0,178,9003
29,0.1,test_id,trajectory_constraint,0.5,3.0,0.019771187381983784,0.7679662334777296,0.0,0.0,0.019771187381983784,0.0,178,9003
29,0.1,test_id,trajectory_constraint,0.8,0.5,0.0,0.5828057314228591,0.0,,0.0,0.0,0,9003
29,0.1,test_id,trajectory_constraint,0.8,1.0,0.12906808841497278,0.801732755748084,0.00011107408641563923,0.0008605851979345956,0.12895701432855713,0.008620689655172414,1162,9003
29,0.1,test_id,trajectory_constraint,0.8,2.0,0.21304009774519606,0.8021770520937466,0.00011107408641563923,0.0005213764337851929,0.21292902365878041,0.008620689655172414,1918,9003
29,0.1,test_id,trajectory_constraint,0.8,3.0,0.21304009774519606,0.8021770520937466,0.00011107408641563923,0.0005213764337851929,0.21292902365878041,0.008620689655172414,1918,9003
29,0.1,test_batch6,trajectory_constraint,0.3,0.5,0.0,0.5665258711721225,0.0,,0.0,0.0,0,11364
29,0.1,test_batch6,trajectory_constraint,0.3,1.0,0.0,0.744368180218233,0.0,,0.0,0.0,0,11364
29,0.1,test_batch6,trajectory_constraint,0.3,2.0,0.0,0.744368180218233,0.0,,0.0,0.0,0,11364
29,0.1,test_batch6,trajectory_constraint,0.3,3.0,0.0,0.744368180218233,0.0,,0.0,0.0,0,11364
29,0.1,test_batch6,trajectory_constraint,0.5,0.5,0.0,0.5732136571629708,0.0,,0.0,0.0,0,11364
29,0.1,test_batch6,trajectory_constraint,0.5,1.0,0.0,0.7580077437521999,0.0,,0.0,0.0,0,11364
29,0.1,test_batch6,trajectory_constraint,0.5,2.0,0.018215417106652587,0.7580077437521999,0.0,0.0,0.018215417106652587,0.0,207,11364
29,0.1,test_batch6,trajectory_constraint,0.5,3.0,0.018215417106652587,0.7580077437521999,0.0,0.0,0.018215417106652587,0.0,207,11364
29,0.1,test_batch6,trajectory_constraint,0.8,0.5,0.0,0.5875571981696586,0.0,,0.0,0.0,0,11364
29,0.1,test_batch6,trajectory_constraint,0.8,1.0,0.14141147483280536,0.7864308342133052,0.0,0.0,0.14141147483280536,0.0,1607,11364
29,0.1,test_batch6,trajectory_constraint,0.8,2.0,0.20793734600492783,0.7864308342133052,0.0005279831045406547,0.0025391451544646637,0.2074093629003872,0.013071895424836602,2363,11364
29,0.1,test_batch6,trajectory_constraint,0.8,3.0,0.20793734600492783,0.7864308342133052,0.0005279831045406547,0.0025391451544646637,0.2074093629003872,0.013071895424836602,2363,11364
29,0.1,test_flat,trajectory_constraint,0.3,0.5,0.0,0.33001149865848983,0.0,,0.0,0.0,0,13045
29,0.1,test_flat,trajectory_constraint,0.3,1.0,0.0,0.5921809122269068,0.0,,0.0,0.0,0,13045
29,0.1,test_flat,trajectory_constraint,0.3,2.0,0.0,0.5921809122269068,0.0,,0.0,0.0,0,13045
29,0.1,test_flat,trajectory_constraint,0.3,3.0,0.0,0.5921809122269068,0.0,,0.0,0.0,0,13045
29,0.1,test_flat,trajectory_constraint,0.5,0.5,0.0,0.34495975469528556,0.0,,0.0,0.0,0,13045
29,0.1,test_flat,trajectory_constraint,0.5,1.0,0.0,0.6211575316213108,0.0,,0.0,0.0,0,13045
29,0.1,test_flat,trajectory_constraint,0.5,2.0,7.665772326561901e-05,0.6211575316213108,7.665772326561901e-05,1.0,0.0,0.003355704697986577,1,13045
29,0.1,test_flat,trajectory_constraint,0.5,3.0,7.665772326561901e-05,0.6211575316213108,7.665772326561901e-05,1.0,0.0,0.003355704697986577,1,13045
29,0.1,test_flat,trajectory_constraint,0.8,0.5,0.0,0.40505940973553084,0.0,,0.0,0.0,0,13045
29,0.1,test_flat,trajectory_constraint,0.8,1.0,0.0006132617861249521,0.7471828286699885,0.00015331544653123802,0.25,0.0004599463395937141,0.003355704697986577,8,13045
29,0.1,test_flat,trajectory_constraint,0.8,2.0,0.012111920275967804,0.7488692985818322,0.0012265235722499041,0.10126582278481013,0.0108853967037179,0.016778523489932886,158,13045
29,0.1,test_flat,trajectory_constraint,0.8,3.0,0.012111920275967804,0.7488692985818322,0.0012265235722499041,0.10126582278481013,0.0108853967037179,0.016778523489932886,158,13045
29,0.1,test_sharp,trajectory_constraint,0.3,0.5,0.0,0.5160704036732351,0.0,,0.0,0.0,0,20908
29,0.1,test_sharp,trajectory_constraint,0.3,1.0,0.0,0.7304381098144251,0.0,,0.0,0.0,0,20908
29,0.1,test_sharp,trajectory_constraint,0.3,2.0,0.0,0.7304381098144251,0.0,,0.0,0.0,0,20908
29,0.1,test_sharp,trajectory_constraint,0.3,3.0,0.0,0.7304381098144251,0.0,,0.0,0.0,0,20908
29,0.1,test_sharp,trajectory_constraint,0.5,0.5,0.0,0.5237229768509661,0.0,,0.0,0.0,0,20908
29,0.1,test_sharp,trajectory_constraint,0.5,1.0,0.0,0.746030227664052,0.0,,0.0,0.0,0,20908
29,0.1,test_sharp,trajectory_constraint,0.5,2.0,0.00028697149416491294,0.746030227664052,9.565716472163765e-05,0.3333333333333333,0.0001913143294432753,0.003289473684210526,6,20908
29,0.1,test_sharp,trajectory_constraint,0.5,3.0,0.00028697149416491294,0.746030227664052,9.565716472163765e-05,0.3333333333333333,0.0001913143294432753,0.003289473684210526,6,20908
29,0.1,test_sharp,trajectory_constraint,0.8,0.5,0.0,0.5440501243543141,0.0,,0.0,0.0,0,20908
29,0.1,test_sharp,trajectory_constraint,0.8,1.0,0.020231490338626364,0.7801320068873159,0.00023914291180409414,0.01182033096926714,0.01999234742682227,0.006578947368421052,423,20908
29,0.1,test_sharp,trajectory_constraint,0.8,2.0,0.03391046489382055,0.7801798354696767,0.0018653147120719343,0.05500705218617771,0.03204515018174861,0.03289473684210526,709,20908
29,0.1,test_sharp,trajectory_constraint,0.8,3.0,0.03391046489382055,0.7801798354696767,0.0018653147120719343,0.05500705218617771,0.03204515018174861,0.03289473684210526,709,20908
29,0.05,test_id,point,0.3,0.5,0.5206042430301011,0.5585915805842497,0.02710207708541597,0.05205888628120333,0.4935021659446851,0.5,4687,9003
29,0.05,test_id,point,0.3,1.0,0.6978784849494613,0.7534155281572809,0.02310340997445296,0.03310520452013369,0.6747750749750083,0.49137931034482757,6283,9003
29,0.05,test_id,point,0.3,2.0,0.6978784849494613,0.7534155281572809,0.02310340997445296,0.03310520452013369,0.6747750749750083,0.49137931034482757,6283,9003
29,0.05,test_id,point,0.3,3.0,0.6978784849494613,0.7534155281572809,0.02310340997445296,0.03310520452013369,0.6747750749750083,0.49137931034482757,6283,9003
29,0.05,test_id,point,0.5,0.5,0.5898033988670444,0.5653670998556037,0.04465178273908697,0.07570621468926554,0.5451516161279574,0.5689655172413793,5310,9003
29,0.05,test_id,point,0.5,1.0,0.8016216816616684,0.7679662334777296,0.041541708319449075,0.05182208673964251,0.7600799733422192,0.5948275862068966,7217,9003
29,0.05,test_id,point,0.5,2.0,0.8016216816616684,0.7679662334777296,0.041541708319449075,0.05182208673964251,0.7600799733422192,0.5948275862068966,7217,9003
29,0.05,test_id,point,0.5,3.0,0.8016216816616684,0.7679662334777296,0.041541708319449075,0.05182208673964251,0.7600799733422192,0.5948275862068966,7217,9003
29,0.05,test_id,point,0.8,0.5,0.6331222925691437,0.5828057314228591,0.07097634121959347,0.11210526315789474,0.5621459513495501,0.6637931034482759,5700,9003
29,0.05,test_id,point,0.8,1.0,0.8915916916583361,0.801732755748084,0.09619015883594358,0.1078858851376604,0.7954015328223926,0.7931034482758621,8027,9003
29,0.05,test_id,point,0.8,2.0,0.8929245806953238,0.8021770520937466,0.09718982561368433,0.1088443836298047,0.7957347550816395,0.8017241379310345,8039,9003
29,0.05,test_id,point,0.8,3.0,0.8929245806953238,0.8021770520937466,0.09718982561368433,0.1088443836298047,0.7957347550816395,0.8017241379310345,8039,9003
29,0.05,test_batch6,point,0.3,0.5,0.5608940513903555,0.5665258711721225,0.029391059486096445,0.05240037652965171,0.5315029919042591,0.48366013071895425,6374,11364
29,0.05,test_batch6,point,0.3,1.0,0.7420802534318902,0.744368180218233,0.02595916930658219,0.034981619826870626,0.716121084125308,0.49673202614379086,8433,11364
29,0.05,test_batch6,point,0.3,2.0,0.7420802534318902,0.744368180218233,0.02595916930658219,0.034981619826870626,0.716121084125308,0.49673202614379086,8433,11364
29,0.05,test_batch6,point,0.3,3.0,0.7420802534318902,0.744368180218233,0.02595916930658219,0.034981619826870626,0.716121084125308,0.49673202614379086,8433,11364
29,0.05,test_batch6,point,0.5,0.5,0.6063005983808518,0.5732136571629708,0.05051038366772263,0.08330914368650218,0.5557902147131292,0.5490196078431373,6890,11364
29,0.05,test_batch6,point,0.5,1.0,0.79839845124956,0.7580077437521999,0.04980640619500176,0.062382894301774496,0.7485920450545582,0.5947712418300654,9073,11364
29,0.05,test_batch6,point,0.5,2.0,0.79839845124956,0.7580077437521999,0.04980640619500176,0.062382894301774496,0.7485920450545582,0.5947712418300654,9073,11364
29,0.05,test_batch6,point,0.5,3.0,0.79839845124956,0.7580077437521999,0.04980640619500176,0.062382894301774496,0.7485920450545582,0.5947712418300654,9073,11364
29,0.05,test_batch6,point,0.8,0.5,0.6543470608940514,0.5875571981696586,0.08465329109468497,0.12937062937062938,0.5696937697993664,0.6666666666666666,7436,11364
29,0.05,test_batch6,point,0.8,1.0,0.8853396691305878,0.7864308342133052,0.10542062653995073,0.11907365073054368,0.779919042590637,0.8627450980392157,10061,11364
29,0.05,test_batch6,point,0.8,2.0,0.8856916578669483,0.7864308342133052,0.10577261527631115,0.11942374565325385,0.779919042590637,0.8627450980392157,10065,11364
29,0.05,test_batch6,point,0.8,3.0,0.8856916578669483,0.7864308342133052,0.10577261527631115,0.11942374565325385,0.779919042590637,0.8627450980392157,10065,11364
29,0.05,test_flat,point,0.3,0.5,0.0,0.33001149865848983,0.0,,0.0,0.0,0,13045
29,0.05,test_flat,point,0.3,1.0,0.006515906477577616,0.5921809122269068,0.006515906477577616,1.0,0.0,0.040268456375838924,85,13045
29,0.05,test_flat,point,0.3,2.0,0.006515906477577616,0.5921809122269068,0.006515906477577616,1.0,0.0,0.040268456375838924,85,13045
29,0.05,test_flat,point,0.3,3.0,0.006515906477577616,0.5921809122269068,0.006515906477577616,1.0,0.0,0.040268456375838924,85,13045
29,0.05,test_flat,point,0.5,0.5,7.665772326561901e-05,0.34495975469528556,7.665772326561901e-05,1.0,0.0,0.003355704697986577,1,13045
29,0.05,test_flat,point,0.5,1.0,0.02253737064009199,0.6211575316213108,0.01939440398620161,0.8605442176870748,0.0031429666538903794,0.10067114093959731,294,13045
29,0.05,test_flat,point,0.5,2.0,0.02253737064009199,0.6211575316213108,0.01939440398620161,0.8605442176870748,0.0031429666538903794,0.10067114093959731,294,13045
29,0.05,test_flat,point,0.5,3.0,0.02253737064009199,0.6211575316213108,0.01939440398620161,0.8605442176870748,0.0031429666538903794,0.10067114093959731,294,13045
29,0.05,test_flat,point,0.8,0.5,0.0003832886163280951,0.40505940973553084,0.00015331544653123802,0.4,0.00022997316979685704,0.003355704697986577,5,13045
29,0.05,test_flat,point,0.8,1.0,0.11268685320045994,0.7471828286699885,0.021924108853967037,0.1945578231292517,0.09076274434649291,0.12416107382550336,1470,13045
29,0.05,test_flat,point,0.8,2.0,0.11376006132617861,0.7488692985818322,0.022230739747029514,0.1954177897574124,0.0915293215791491,0.12416107382550336,1484,13045
29,0.05,test_flat,point,0.8,3.0,0.11376006132617861,0.7488692985818322,0.022230739747029514,0.1954177897574124,0.0915293215791491,0.12416107382550336,1484,13045
29,0.05,test_sharp,point,0.3,0.5,0.18122249856514253,0.5160704036732351,0.02687966328678018,0.148324096067564,0.15434283527836234,0.33223684210526316,3789,20908
29,0.05,test_sharp,point,0.3,1.0,0.216998278171035,0.7304381098144251,0.019227090109049168,0.08860480493718316,0.19777118806198585,0.2598684210526316,4537,20908
29,0.05,test_sharp,point,0.3,2.0,0.216998278171035,0.7304381098144251,0.019227090109049168,0.08860480493718316,0.19777118806198585,0.2598684210526316,4537,20908
29,0.05,test_sharp,point,0.3,3.0,0.216998278171035,0.7304381098144251,0.019227090109049168,0.08860480493718316,0.19777118806198585,0.2598684210526316,4537,20908
29,0.05,test_sharp,point,0.5,0.5,0.2636789745551942,0.5237229768509661,0.048689496843313564,0.18465445311082895,0.21498947771188062,0.3980263157894737,5513,20908
29,0.05,test_sharp,point,0.5,1.0,0.3340826477903195,0.746030227664052,0.034006122058542185,0.10178954903364353,0.3000765257317773,0.34539473684210525,6985,20908
29,0.05,test_sharp,point,0.5,2.0,0.33413047637268034,0.746030227664052,0.034006122058542185,0.10177497852848555,0.30012435431413814,0.34539473684210525,6986,20908
29,0.05,test_sharp,point,0.5,3.0,0.33413047637268034,0.746030227664052,0.034006122058542185,0.10177497852848555,0.30012435431413814,0.34539473684210525,6986,20908
29,0.05,test_sharp,point,0.8,0.5,0.3238473311651043,0.5440501243543141,0.06456858618710541,0.1993797075764289,0.25927874497799885,0.4309210526315789,6771,20908
29,0.05,test_sharp,point,0.8,1.0,0.4793380524201263,0.7801320068873159,0.06509470059307441,0.13580123727798843,0.41424335182705185,0.506578947368421,10022,20908
29,0.05,test_sharp,point,0.8,2.0,0.48077290989095084,0.7801798354696767,0.06523818634015688,0.13569438917628332,0.41553472355079396,0.506578947368421,10052,20908
29,0.05,test_sharp,point,0.8,3.0,0.48077290989095084,0.7801798354696767,0.06523818634015688,0.13569438917628332,0.41553472355079396,0.506578947368421,10052,20908
29,0.05,test_id,frame_constraint,0.3,0.5,0.0,0.5585915805842497,0.0,,0.0,0.0,0,9003
29,0.05,test_id,frame_constraint,0.3,1.0,0.048539375763634346,0.7534155281572809,0.00022214817283127845,0.004576659038901602,0.048317227590803064,0.017241379310344827,437,9003
29,0.05,test_id,frame_constraint,0.3,2.0,0.053759857825169385,0.7534155281572809,0.0003332222592469177,0.006198347107438017,0.05342663556592247,0.017241379310344827,484,9003
29,0.05,test_id,frame_constraint,0.3,3.0,0.053759857825169385,0.7534155281572809,0.0003332222592469177,0.006198347107438017,0.05342663556592247,0.017241379310344827,484,9003
29,0.05,test_id,frame_constraint,0.5,0.5,0.011773853160057758,0.5653670998556037,0.0,0.0,0.011773853160057758,0.0,106,9003
29,0.05,test_id,frame_constraint,0.5,1.0,0.2689103632122626,0.7679662334777296,0.000999666777740753,0.0037174721189591076,0.2679106964345218,0.034482758620689655,2421,9003
29,0.05,test_id,frame_constraint,0.5,2.0,0.28235032766855495,0.7679662334777296,0.000999666777740753,0.0035405192761605035,0.2813506608908142,0.034482758620689655,2542,9003
29,0.05,test_id,frame_constraint,0.5,3.0,0.28235032766855495,0.7679662334777296,0.000999666777740753,0.0035405192761605035,0.2813506608908142,0.034482758620689655,2542,9003
29,0.05,test_id,frame_constraint,0.8,0.5,0.19182494723980895,0.5828057314228591,0.0022214817283127846,0.011580775911986103,0.18960346551149618,0.05172413793103448,1727,9003
29,0.05,test_id,frame_constraint,0.8,1.0,0.5497056536709986,0.801732755748084,0.008330556481172943,0.015154576682158012,0.5413750971898256,0.16379310344827586,4949,9003
29,0.05,test_id,frame_constraint,0.8,2.0,0.5704765078307231,0.8021770520937466,0.008885926913251138,0.01557632398753894,0.5615905809174719,0.1810344827586207,5136,9003
29,0.05,test_id,frame_constraint,0.8,3.0,0.5704765078307231,0.8021770520937466,0.008885926913251138,0.01557632398753894,0.5615905809174719,0.1810344827586207,5136,9003
29,0.05,test_batch6,frame_constraint,0.3,0.5,0.0,0.5665258711721225,0.0,,0.0,0.0,0,11364
29,0.05,test_batch6,frame_constraint,0.3,1.0,0.05895811334037311,0.744368180218233,0.0,0.0,0.05895811334037311,0.0,670,11364
29,0.05,test_batch6,frame_constraint,0.3,2.0,0.0617740232312566,0.744368180218233,0.0,0.0,0.0617740232312566,0.0,702,11364
29,0.05,test_batch6,frame_constraint,0.3,3.0,0.0617740232312566,0.744368180218233,0.0,0.0,0.0617740232312566,0.0,702,11364
29,0.05,test_batch6,frame_constraint,0.5,0.5,0.01883139739528335,0.5732136571629708,0.0,0.0,0.01883139739528335,0.0,214,11364
29,0.05,test_batch6,frame_constraint,0.5,1.0,0.3013903555086237,0.7580077437521999,0.0005279831045406547,0.0017518248175182481,0.3008623724040831,0.026143790849673203,3425,11364
29,0.05,test_batch6,frame_constraint,0.5,2.0,0.308078141499472,0.7580077437521999,0.0007919746568109821,0.002570694087403599,0.307286166842661,0.032679738562091505,3501,11364
29,0.05,test_batch6,frame_constraint,0.5,3.0,0.308078141499472,0.7580077437521999,0.0007919746568109821,0.002570694087403599,0.307286166842661,0.032679738562091505,3501,11364
29,0.05,test_batch6,frame_constraint,0.8,0.5,0.22808870116156282,0.5875571981696586,0.004311862020415347,0.01890432098765432,0.2237768391411475,0.08496732026143791,2592,11364
29,0.05,test_batch6,frame_constraint,0.8,1.0,0.5718936994016192,0.7864308342133052,0.011615628299894404,0.020310817048776734,0.5602780711017248,0.24836601307189543,6499,11364
29,0.05,test_batch6,frame_constraint,0.8,2.0,0.5802534318901795,0.7864308342133052,0.012759591693065822,0.021989687594783137,0.5674938401971137,0.2679738562091503,6594,11364
29,0.05,test_batch6,frame_constraint,0.8,3.0,0.5802534318901795,0.7864308342133052,0.012759591693065822,0.021989687594783137,0.5674938401971137,0.2679738562091503,6594,11364
29,0.05,test_flat,frame_constraint,0.3,0.5,0.0,0.33001149865848983,0.0,,0.0,0.0,0,13045
29,0.05,test_flat,frame_constraint,0.3,1.0,0.00030663089306247603,0.5921809122269068,0.00030663089306247603,1.0,0.0,0.006711409395973154,4,13045
29,0.05,test_flat,frame_constraint,0.3,2.0,0.00030663089306247603,0.5921809122269068,0.00030663089306247603,1.0,0.0,0.006711409395973154,4,13045
29,0.05,test_flat,frame_constraint,0.3,3.0,0.00030663089306247603,0.5921809122269068,0.00030663089306247603,1.0,0.0,0.006711409395973154,4,13045
29,0.05,test_flat,frame_constraint,0.5,0.5,0.0,0.34495975469528556,0.0,,0.0,0.0,0,13045
29,0.05,test_flat,frame_constraint,0.5,1.0,0.00544269835185895,0.6211575316213108,0.004982752012265236,0.9154929577464789,0.0004599463395937141,0.03355704697986577,71,13045
29,0.05,test_flat,frame_constraint,0.5,2.0,0.006899195093905711,0.6211575316213108,0.006439248754311997,0.9333333333333333,0.0004599463395937141,0.03691275167785235,90,13045
29,0.05,test_flat,frame_constraint,0.5,3.0,0.006899195093905711,0.6211575316213108,0.006439248754311997,0.9333333333333333,0.0004599463395937141,0.03691275167785235,90,13045
29,0.05,test_flat,frame_constraint,0.8,0.5,0.0,0.40505940973553084,0.0,,0.0,0.0,0,13045
29,0.05,test_flat,frame_constraint,0.8,1.0,0.033882713683403606,0.7471828286699885,0.0049060942889996165,0.14479638009049775,0.028976619394403987,0.0436241610738255,442,13045
29,0.05,test_flat,frame_constraint,0.8,2.0,0.040858566500574935,0.7488692985818322,0.008202376389421234,0.20075046904315197,0.0326561901111537,0.050335570469798654,533,13045
29,0.05,test_flat,frame_constraint,0.8,3.0,0.040858566500574935,0.7488692985818322,0.008202376389421234,0.20075046904315197,0.0326561901111537,0.050335570469798654,533,13045
29,0.05,test_sharp,frame_constraint,0.3,0.5,0.0,0.5160704036732351,0.0,,0.0,0.0,0,20908
29,0.05,test_sharp,frame_constraint,0.3,1.0,0.0012913717237421083,0.7304381098144251,0.00014348574708245647,0.1111111111111111,0.0011478859766596518,0.006578947368421052,27,20908
29,0.05,test_sharp,frame_constraint,0.3,2.0,0.0014348574708245648,0.7304381098144251,0.00028697149416491294,0.2,0.0011478859766596518,0.009868421052631578,30,20908
29,0.05,test_sharp,frame_constraint,0.3,3.0,0.0014348574708245648,0.7304381098144251,0.00028697149416491294,0.2,0.0011478859766596518,0.009868421052631578,30,20908
29,0.05,test_sharp,frame_constraint,0.5,0.5,0.0017696575473502966,0.5237229768509661,4.7828582360818826e-05,0.02702702702702703,0.0017218289649894778,0.003289473684210526,37,20908
29,0.05,test_sharp,frame_constraint,0.5,1.0,0.04309355270709776,0.746030227664052,0.0017218289649894778,0.03995560488346282,0.041371723742108284,0.03618421052631579,901,20908
29,0.05,test_sharp,frame_constraint,0.5,2.0,0.0437153242777884,0.746030227664052,0.0020566290415152096,0.047045951859956234,0.0416586952362732,0.039473684210526314,914,20908
29,0.05,test_sharp,frame_constraint,0.5,3.0,0.0437153242777884,0.746030227664052,0.0020566290415152096,0.047045951859956234,0.0416586952362732,0.039473684210526314,914,20908
29,0.05,test_sharp,frame_constraint,0.8,0.5,0.06571647216376507,0.5440501243543141,0.0024392577004017603,0.03711790393013101,0.0632772144633633,0.046052631578947366,1374,20908
29,0.05,test_sharp,frame_constraint,0.8,1.0,0.20829347618136598,0.7801320068873159,0.014300746125884828,0.06865671641791045,0.19399273005548115,0.19736842105263158,4355,20908
29,0.05,test_sharp,frame_constraint,0.8,2.0,0.21221541993495313,0.7801798354696767,0.015400803520183661,0.07257155735857561,0.19681461641476947,0.19736842105263158,4437,20908
29,0.05,test_sharp,frame_constraint,0.8,3.0,0.21221541993495313,0.7801798354696767,0.015400803520183661,0.07257155735857561,0.19681461641476947,0.19736842105263158,4437,20908
29,0.05,test_id,trajectory_coordinate_box,0.3,0.5,0.0,0.5585915805842497,0.0,,0.0,0.0,0,9003
29,0.05,test_id,trajectory_coordinate_box,0.3,1.0,0.0,0.7534155281572809,0.0,,0.0,0.0,0,9003
29,0.05,test_id,trajectory_coordinate_box,0.3,2.0,0.0,0.7534155281572809,0.0,,0.0,0.0,0,9003
29,0.05,test_id,trajectory_coordinate_box,0.3,3.0,0.0,0.7534155281572809,0.0,,0.0,0.0,0,9003
29,0.05,test_id,trajectory_coordinate_box,0.5,0.5,0.0,0.5653670998556037,0.0,,0.0,0.0,0,9003
29,0.05,test_id,trajectory_coordinate_box,0.5,1.0,0.0,0.7679662334777296,0.0,,0.0,0.0,0,9003
29,0.05,test_id,trajectory_coordinate_box,0.5,2.0,0.0,0.7679662334777296,0.0,,0.0,0.0,0,9003
29,0.05,test_id,trajectory_coordinate_box,0.5,3.0,0.0,0.7679662334777296,0.0,,0.0,0.0,0,9003
29,0.05,test_id,trajectory_coordinate_box,0.8,0.5,0.0,0.5828057314228591,0.0,,0.0,0.0,0,9003
29,0.05,test_id,trajectory_coordinate_box,0.8,1.0,0.0,0.801732755748084,0.0,,0.0,0.0,0,9003
29,0.05,test_id,trajectory_coordinate_box,0.8,2.0,0.0,0.8021770520937466,0.0,,0.0,0.0,0,9003
29,0.05,test_id,trajectory_coordinate_box,0.8,3.0,0.0,0.8021770520937466,0.0,,0.0,0.0,0,9003
29,0.05,test_batch6,trajectory_coordinate_box,0.3,0.5,0.0,0.5665258711721225,0.0,,0.0,0.0,0,11364
29,0.05,test_batch6,trajectory_coordinate_box,0.3,1.0,0.0,0.744368180218233,0.0,,0.0,0.0,0,11364
29,0.05,test_batch6,trajectory_coordinate_box,0.3,2.0,0.0,0.744368180218233,0.0,,0.0,0.0,0,11364
29,0.05,test_batch6,trajectory_coordinate_box,0.3,3.0,0.0,0.744368180218233,0.0,,0.0,0.0,0,11364
29,0.05,test_batch6,trajectory_coordinate_box,0.5,0.5,0.0,0.5732136571629708,0.0,,0.0,0.0,0,11364
29,0.05,test_batch6,trajectory_coordinate_box,0.5,1.0,0.0,0.7580077437521999,0.0,,0.0,0.0,0,11364
29,0.05,test_batch6,trajectory_coordinate_box,0.5,2.0,0.0,0.7580077437521999,0.0,,0.0,0.0,0,11364
29,0.05,test_batch6,trajectory_coordinate_box,0.5,3.0,0.0,0.7580077437521999,0.0,,0.0,0.0,0,11364
29,0.05,test_batch6,trajectory_coordinate_box,0.8,0.5,0.0,0.5875571981696586,0.0,,0.0,0.0,0,11364
29,0.05,test_batch6,trajectory_coordinate_box,0.8,1.0,0.0,0.7864308342133052,0.0,,0.0,0.0,0,11364
29,0.05,test_batch6,trajectory_coordinate_box,0.8,2.0,0.0,0.7864308342133052,0.0,,0.0,0.0,0,11364
29,0.05,test_batch6,trajectory_coordinate_box,0.8,3.0,0.0,0.7864308342133052,0.0,,0.0,0.0,0,11364
29,0.05,test_flat,trajectory_coordinate_box,0.3,0.5,0.0,0.33001149865848983,0.0,,0.0,0.0,0,13045
29,0.05,test_flat,trajectory_coordinate_box,0.3,1.0,0.0,0.5921809122269068,0.0,,0.0,0.0,0,13045
29,0.05,test_flat,trajectory_coordinate_box,0.3,2.0,0.0,0.5921809122269068,0.0,,0.0,0.0,0,13045
29,0.05,test_flat,trajectory_coordinate_box,0.3,3.0,0.0,0.5921809122269068,0.0,,0.0,0.0,0,13045
29,0.05,test_flat,trajectory_coordinate_box,0.5,0.5,0.0,0.34495975469528556,0.0,,0.0,0.0,0,13045
29,0.05,test_flat,trajectory_coordinate_box,0.5,1.0,0.0,0.6211575316213108,0.0,,0.0,0.0,0,13045
29,0.05,test_flat,trajectory_coordinate_box,0.5,2.0,0.0,0.6211575316213108,0.0,,0.0,0.0,0,13045
29,0.05,test_flat,trajectory_coordinate_box,0.5,3.0,0.0,0.6211575316213108,0.0,,0.0,0.0,0,13045
29,0.05,test_flat,trajectory_coordinate_box,0.8,0.5,0.0,0.40505940973553084,0.0,,0.0,0.0,0,13045
29,0.05,test_flat,trajectory_coordinate_box,0.8,1.0,0.0,0.7471828286699885,0.0,,0.0,0.0,0,13045
29,0.05,test_flat,trajectory_coordinate_box,0.8,2.0,0.0,0.7488692985818322,0.0,,0.0,0.0,0,13045
29,0.05,test_flat,trajectory_coordinate_box,0.8,3.0,0.0,0.7488692985818322,0.0,,0.0,0.0,0,13045
29,0.05,test_sharp,trajectory_coordinate_box,0.3,0.5,0.0,0.5160704036732351,0.0,,0.0,0.0,0,20908
29,0.05,test_sharp,trajectory_coordinate_box,0.3,1.0,0.0,0.7304381098144251,0.0,,0.0,0.0,0,20908
29,0.05,test_sharp,trajectory_coordinate_box,0.3,2.0,0.0,0.7304381098144251,0.0,,0.0,0.0,0,20908
29,0.05,test_sharp,trajectory_coordinate_box,0.3,3.0,0.0,0.7304381098144251,0.0,,0.0,0.0,0,20908
29,0.05,test_sharp,trajectory_coordinate_box,0.5,0.5,0.0,0.5237229768509661,0.0,,0.0,0.0,0,20908
29,0.05,test_sharp,trajectory_coordinate_box,0.5,1.0,0.0,0.746030227664052,0.0,,0.0,0.0,0,20908
29,0.05,test_sharp,trajectory_coordinate_box,0.5,2.0,0.0,0.746030227664052,0.0,,0.0,0.0,0,20908
29,0.05,test_sharp,trajectory_coordinate_box,0.5,3.0,0.0,0.746030227664052,0.0,,0.0,0.0,0,20908
29,0.05,test_sharp,trajectory_coordinate_box,0.8,0.5,0.0,0.5440501243543141,0.0,,0.0,0.0,0,20908
29,0.05,test_sharp,trajectory_coordinate_box,0.8,1.0,0.0,0.7801320068873159,0.0,,0.0,0.0,0,20908
29,0.05,test_sharp,trajectory_coordinate_box,0.8,2.0,0.0,0.7801798354696767,0.0,,0.0,0.0,0,20908
29,0.05,test_sharp,trajectory_coordinate_box,0.8,3.0,0.0,0.7801798354696767,0.0,,0.0,0.0,0,20908
29,0.05,test_id,trajectory_constraint,0.3,0.5,0.0,0.5585915805842497,0.0,,0.0,0.0,0,9003
29,0.05,test_id,trajectory_constraint,0.3,1.0,0.0,0.7534155281572809,0.0,,0.0,0.0,0,9003
29,0.05,test_id,trajectory_constraint,0.3,2.0,0.0,0.7534155281572809,0.0,,0.0,0.0,0,9003
29,0.05,test_id,trajectory_constraint,0.3,3.0,0.0,0.7534155281572809,0.0,,0.0,0.0,0,9003
29,0.05,test_id,trajectory_constraint,0.5,0.5,0.0,0.5653670998556037,0.0,,0.0,0.0,0,9003
29,0.05,test_id,trajectory_constraint,0.5,1.0,0.0,0.7679662334777296,0.0,,0.0,0.0,0,9003
29,0.05,test_id,trajectory_constraint,0.5,2.0,0.009996667777407531,0.7679662334777296,0.0,0.0,0.009996667777407531,0.0,90,9003
29,0.05,test_id,trajectory_constraint,0.5,3.0,0.009996667777407531,0.7679662334777296,0.0,0.0,0.009996667777407531,0.0,90,9003
29,0.05,test_id,trajectory_constraint,0.8,0.5,0.0,0.5828057314228591,0.0,,0.0,0.0,0,9003
29,0.05,test_id,trajectory_constraint,0.8,1.0,0.08075086082416973,0.801732755748084,0.0,0.0,0.08075086082416973,0.0,727,9003
29,0.05,test_id,trajectory_constraint,0.8,2.0,0.16983227812951238,0.8021770520937466,0.0,0.0,0.16983227812951238,0.0,1529,9003
29,0.05,test_id,trajectory_constraint,0.8,3.0,0.16983227812951238,0.8021770520937466,0.0,0.0,0.16983227812951238,0.0,1529,9003
29,0.05,test_batch6,trajectory_constraint,0.3,0.5,0.0,0.5665258711721225,0.0,,0.0,0.0,0,11364
29,0.05,test_batch6,trajectory_constraint,0.3,1.0,0.0,0.744368180218233,0.0,,0.0,0.0,0,11364
29,0.05,test_batch6,trajectory_constraint,0.3,2.0,0.0,0.744368180218233,0.0,,0.0,0.0,0,11364
29,0.05,test_batch6,trajectory_constraint,0.3,3.0,0.0,0.744368180218233,0.0,,0.0,0.0,0,11364
29,0.05,test_batch6,trajectory_constraint,0.5,0.5,0.0,0.5732136571629708,0.0,,0.0,0.0,0,11364
29,0.05,test_batch6,trajectory_constraint,0.5,1.0,0.0,0.7580077437521999,0.0,,0.0,0.0,0,11364
29,0.05,test_batch6,trajectory_constraint,0.5,2.0,0.0065117916226680745,0.7580077437521999,0.0,0.0,0.0065117916226680745,0.0,74,11364
29,0.05,test_batch6,trajectory_constraint,0.5,3.0,0.0065117916226680745,0.7580077437521999,0.0,0.0,0.0065117916226680745,0.0,74,11364
29,0.05,test_batch6,trajectory_constraint,0.8,0.5,0.0,0.5875571981696586,0.0,,0.0,0.0,0,11364
29,0.05,test_batch6,trajectory_constraint,0.8,1.0,0.09283702921506512,0.7864308342133052,0.0,0.0,0.09283702921506512,0.0,1055,11364
29,0.05,test_batch6,trajectory_constraint,0.8,2.0,0.17291446673706443,0.7864308342133052,0.0004399859204505456,0.002544529262086514,0.17247448081661387,0.006535947712418301,1965,11364
29,0.05,test_batch6,trajectory_constraint,0.8,3.0,0.17291446673706443,0.7864308342133052,0.0004399859204505456,0.002544529262086514,0.17247448081661387,0.006535947712418301,1965,11364
29,0.05,test_flat,trajectory_constraint,0.3,0.5,0.0,0.33001149865848983,0.0,,0.0,0.0,0,13045
29,0.05,test_flat,trajectory_constraint,0.3,1.0,0.0,0.5921809122269068,0.0,,0.0,0.0,0,13045
29,0.05,test_flat,trajectory_constraint,0.3,2.0,0.0,0.5921809122269068,0.0,,0.0,0.0,0,13045
29,0.05,test_flat,trajectory_constraint,0.3,3.0,0.0,0.5921809122269068,0.0,,0.0,0.0,0,13045
29,0.05,test_flat,trajectory_constraint,0.5,0.5,0.0,0.34495975469528556,0.0,,0.0,0.0,0,13045
29,0.05,test_flat,trajectory_constraint,0.5,1.0,0.0,0.6211575316213108,0.0,,0.0,0.0,0,13045
29,0.05,test_flat,trajectory_constraint,0.5,2.0,7.665772326561901e-05,0.6211575316213108,7.665772326561901e-05,1.0,0.0,0.003355704697986577,1,13045
29,0.05,test_flat,trajectory_constraint,0.5,3.0,7.665772326561901e-05,0.6211575316213108,7.665772326561901e-05,1.0,0.0,0.003355704697986577,1,13045
29,0.05,test_flat,trajectory_constraint,0.8,0.5,0.0,0.40505940973553084,0.0,,0.0,0.0,0,13045
29,0.05,test_flat,trajectory_constraint,0.8,1.0,0.00022997316979685704,0.7471828286699885,0.0,0.0,0.00022997316979685704,0.0,3,13045
29,0.05,test_flat,trajectory_constraint,0.8,2.0,0.008355691835952472,0.7488692985818322,0.0008432349559218092,0.10091743119266056,0.007512456880030663,0.010067114093959731,109,13045
29,0.05,test_flat,trajectory_constraint,0.8,3.0,0.008355691835952472,0.7488692985818322,0.0008432349559218092,0.10091743119266056,0.007512456880030663,0.010067114093959731,109,13045
29,0.05,test_sharp,trajectory_constraint,0.3,0.5,0.0,0.5160704036732351,0.0,,0.0,0.0,0,20908
29,0.05,test_sharp,trajectory_constraint,0.3,1.0,0.0,0.7304381098144251,0.0,,0.0,0.0,0,20908
29,0.05,test_sharp,trajectory_constraint,0.3,2.0,0.0,0.7304381098144251,0.0,,0.0,0.0,0,20908
29,0.05,test_sharp,trajectory_constraint,0.3,3.0,0.0,0.7304381098144251,0.0,,0.0,0.0,0,20908
29,0.05,test_sharp,trajectory_constraint,0.5,0.5,0.0,0.5237229768509661,0.0,,0.0,0.0,0,20908
29,0.05,test_sharp,trajectory_constraint,0.5,1.0,0.0,0.746030227664052,0.0,,0.0,0.0,0,20908
29,0.05,test_sharp,trajectory_constraint,0.5,2.0,9.565716472163765e-05,0.746030227664052,4.7828582360818826e-05,0.5,4.7828582360818826e-05,0.003289473684210526,2,20908
29,0.05,test_sharp,trajectory_constraint,0.5,3.0,9.565716472163765e-05,0.746030227664052,4.7828582360818826e-05,0.5,4.7828582360818826e-05,0.003289473684210526,2,20908
29,0.05,test_sharp,trajectory_constraint,0.8,0.5,0.0,0.5440501243543141,0.0,,0.0,0.0,0,20908
29,0.05,test_sharp,trajectory_constraint,0.8,1.0,0.010187488042854409,0.7801320068873159,0.00014348574708245647,0.014084507042253521,0.010044002295771954,0.006578947368421052,213,20908
29,0.05,test_sharp,trajectory_constraint,0.8,2.0,0.024296919839295963,0.7801798354696767,0.0015305146355462024,0.06299212598425197,0.02276640520374976,0.03289473684210526,508,20908
29,0.05,test_sharp,trajectory_constraint,0.8,3.0,0.024296919839295963,0.7801798354696767,0.0015305146355462024,0.06299212598425197,0.02276640520374976,0.03289473684210526,508,20908
43,0.2,test_id,point,0.3,0.5,0.4979451294013107,0.5585915805842497,0.03032322559146951,0.06089672094579523,0.46762190380984114,0.4827586206896552,4483,9003
43,0.2,test_id,point,0.3,1.0,0.6664445184938353,0.7534155281572809,0.02754637343107853,0.04133333333333333,0.6388981450627569,0.5,6000,9003
43,0.2,test_id,point,0.3,2.0,0.6664445184938353,0.7534155281572809,0.02754637343107853,0.04133333333333333,0.6388981450627569,0.5,6000,9003
43,0.2,test_id,point,0.3,3.0,0.6664445184938353,0.7534155281572809,0.02754637343107853,0.04133333333333333,0.6388981450627569,0.5,6000,9003
43,0.2,test_id,point,0.5,0.5,0.5880262134843941,0.5653670998556037,0.052760191047428635,0.08972421609369097,0.5352660224369654,0.5689655172413793,5294,9003
43,0.2,test_id,point,0.5,1.0,0.796179051427302,0.7679662334777296,0.05242696878818172,0.06584821428571429,0.7437520826391203,0.5775862068965517,7168,9003
43,0.2,test_id,point,0.5,2.0,0.7968454959457959,0.7679662334777296,0.05309341330667555,0.06662949540005576,0.7437520826391203,0.5862068965517241,7174,9003
43,0.2,test_id,point,0.5,3.0,0.7968454959457959,0.7679662334777296,0.05309341330667555,0.06662949540005576,0.7437520826391203,0.5862068965517241,7174,9003
43,0.2,test_id,point,0.8,0.5,0.6407864045318227,0.5828057314228591,0.0784183050094413,0.12237822846247183,0.5623680995223814,0.6724137931034483,5769,9003
43,0.2,test_id,point,0.8,1.0,0.9038098411640564,0.801732755748084,0.10796401199600134,0.11945434435295564,0.7958458291680551,0.8448275862068966,8137,9003
43,0.2,test_id,point,0.8,2.0,0.9072531378429413,0.8021770520937466,0.11074086415639231,0.12206170421155729,0.796512273686549,0.8620689655172413,8168,9003
43,0.2,test_id,point,0.8,3.0,0.9072531378429413,0.8021770520937466,0.11074086415639231,0.12206170421155729,0.796512273686549,0.8620689655172413,8168,9003
43,0.2,test_batch6,point,0.3,0.5,0.5320309750087997,0.5665258711721225,0.03106300598380852,0.058385709560039696,0.5009679690249912,0.5163398692810458,6046,11364
43,0.2,test_batch6,point,0.3,1.0,0.714537134811686,0.744368180218233,0.027543118620204154,0.03854679802955665,0.6869940161914819,0.45098039215686275,8120,11364
43,0.2,test_batch6,point,0.3,2.0,0.714537134811686,0.744368180218233,0.027543118620204154,0.03854679802955665,0.6869940161914819,0.45098039215686275,8120,11364
43,0.2,test_batch6,point,0.3,3.0,0.714537134811686,0.744368180218233,0.027543118620204154,0.03854679802955665,0.6869940161914819,0.45098039215686275,8120,11364
43,0.2,test_batch6,point,0.5,0.5,0.6081485392467441,0.5732136571629708,0.05755015839493136,0.09463174649110115,0.5505983808518128,0.5947712418300654,6911,11364
43,0.2,test_batch6,point,0.5,1.0,0.8045582541358677,0.7580077437521999,0.05895811334037311,0.0732801049983594,0.7456001407954945,0.6339869281045751,9143,11364
43,0.2,test_batch6,point,0.5,2.0,0.8049982400563181,0.7580077437521999,0.05939809926082365,0.07378662002623525,0.7456001407954945,0.6339869281045751,9148,11364
43,0.2,test_batch6,point,0.5,3.0,0.8049982400563181,0.7580077437521999,0.05939809926082365,0.07378662002623525,0.7456001407954945,0.6339869281045751,9148,11364
43,0.2,test_batch6,point,0.8,0.5,0.6638507567757832,0.5875571981696586,0.09398099260823653,0.1415694591728526,0.5698697641675466,0.7124183006535948,7544,11364
43,0.2,test_batch6,point,0.8,1.0,0.9043470608940514,0.7864308342133052,0.12337205209433298,0.136421134572346,0.7809750087997184,0.8888888888888888,10277,11364
43,0.2,test_batch6,point,0.8,2.0,0.905667018655403,0.7864308342133052,0.12469200985568461,0.137679751263117,0.7809750087997184,0.8888888888888888,10292,11364
43,0.2,test_batch6,point,0.8,3.0,0.905667018655403,0.7864308342133052,0.12469200985568461,0.137679751263117,0.7809750087997184,0.8888888888888888,10292,11364
43,0.2,test_flat,point,0.3,0.5,0.0,0.33001149865848983,0.0,,0.0,0.0,0,13045
43,0.2,test_flat,point,0.3,1.0,0.16274434649290917,0.5921809122269068,0.057723265619011116,0.3546867640131889,0.10502108087389804,0.3389261744966443,2123,13045
43,0.2,test_flat,point,0.3,2.0,0.16274434649290917,0.5921809122269068,0.057723265619011116,0.3546867640131889,0.10502108087389804,0.3389261744966443,2123,13045
43,0.2,test_flat,point,0.3,3.0,0.16274434649290917,0.5921809122269068,0.057723265619011116,0.3546867640131889,0.10502108087389804,0.3389261744966443,2123,13045
43,0.2,test_flat,point,0.5,0.5,0.00015331544653123802,0.34495975469528556,0.00015331544653123802,1.0,0.0,0.006711409395973154,2,13045
43,0.2,test_flat,point,0.5,1.0,0.36236105787658107,0.6211575316213108,0.14258336527405135,0.3934842394753543,0.21977769260252972,0.5738255033557047,4727,13045
43,0.2,test_flat,point,0.5,2.0,0.36236105787658107,0.6211575316213108,0.14258336527405135,0.3934842394753543,0.21977769260252972,0.5738255033557047,4727,13045
43,0.2,test_flat,point,0.5,3.0,0.36236105787658107,0.6211575316213108,0.14258336527405135,0.3934842394753543,0.21977769260252972,0.5738255033557047,4727,13045
43,0.2,test_flat,point,0.8,0.5,0.00015331544653123802,0.40505940973553084,7.665772326561901e-05,0.5,7.665772326561901e-05,0.003355704697986577,2,13045
43,0.2,test_flat,point,0.8,1.0,0.7138367190494442,0.7471828286699885,0.18635492525871983,0.2610609965635739,0.5274817937907245,0.6610738255033557,9312,13045
43,0.2,test_flat,point,0.8,2.0,0.7138367190494442,0.7488692985818322,0.18597163664239172,0.2605240549828179,0.5278650824070525,0.6577181208053692,9312,13045
43,0.2,test_flat,point,0.8,3.0,0.7138367190494442,0.7488692985818322,0.18597163664239172,0.2605240549828179,0.5278650824070525,0.6577181208053692,9312,13045
43,0.2,test_sharp,point,0.3,0.5,0.15582552133154773,0.5160704036732351,0.031184235699253875,0.20012277470841006,0.12464128563229386,0.29605263157894735,3258,20908
43,0.2,test_sharp,point,0.3,1.0,0.18136598431222498,0.7304381098144251,0.020231490338626364,0.1115506329113924,0.16113449397359864,0.24013157894736842,3792,20908
43,0.2,test_sharp,point,0.3,2.0,0.18136598431222498,0.7304381098144251,0.020231490338626364,0.1115506329113924,0.16113449397359864,0.24013157894736842,3792,20908
43,0.2,test_sharp,point,0.3,3.0,0.18136598431222498,0.7304381098144251,0.020231490338626364,0.1115506329113924,0.16113449397359864,0.24013157894736842,3792,20908
43,0.2,test_sharp,point,0.5,0.5,0.23699062559785727,0.5237229768509661,0.05375932657356036,0.22684157416750758,0.1832312990242969,0.3618421052631579,4955,20908
43,0.2,test_sharp,point,0.5,1.0,0.29175435240099484,0.746030227664052,0.032906064664243354,0.11278688524590164,0.2588482877367515,0.3059210526315789,6100,20908
43,0.2,test_sharp,point,0.5,2.0,0.29175435240099484,0.746030227664052,0.032906064664243354,0.11278688524590164,0.2588482877367515,0.3059210526315789,6100,20908
43,0.2,test_sharp,point,0.5,3.0,0.29175435240099484,0.746030227664052,0.032906064664243354,0.11278688524590164,0.2588482877367515,0.3059210526315789,6100,20908
43,0.2,test_sharp,point,0.8,0.5,0.32533001721828964,0.5440501243543141,0.08020853261909316,0.24654513378418114,0.24512148459919647,0.4407894736842105,6802,20908
43,0.2,test_sharp,point,0.8,1.0,0.4093170078438875,0.7801320068873159,0.05270709776162234,0.12876840383267119,0.35660991008226517,0.39473684210526316,8558,20908
43,0.2,test_sharp,point,0.8,2.0,0.4096039793380524,0.7801798354696767,0.05299406925578726,0.1293787949556282,0.35660991008226517,0.40131578947368424,8564,20908
43,0.2,test_sharp,point,0.8,3.0,0.4109910082265162,0.7801798354696767,0.054381098144251,0.13231700221110207,0.35660991008226517,0.4144736842105263,8593,20908
43,0.2,test_id,frame_constraint,0.3,0.5,0.12162612462512495,0.5585915805842497,0.0007775186049094747,0.006392694063926941,0.12084860602021548,0.05172413793103448,1095,9003
43,0.2,test_id,frame_constraint,0.3,1.0,0.30234366322337,0.7534155281572809,0.003443296678884816,0.011388684790595151,0.29890036654448515,0.1810344827586207,2722,9003
43,0.2,test_id,frame_constraint,0.3,2.0,0.30234366322337,0.7534155281572809,0.003443296678884816,0.011388684790595151,0.29890036654448515,0.1810344827586207,2722,9003
43,0.2,test_id,frame_constraint,0.3,3.0,0.30234366322337,0.7534155281572809,0.003443296678884816,0.011388684790595151,0.29890036654448515,0.1810344827586207,2722,9003
43,0.2,test_id,frame_constraint,0.5,0.5,0.3832055981339553,0.5653670998556037,0.01166277907364212,0.030434782608695653,0.3715428190603132,0.23275862068965517,3450,9003
43,0.2,test_id,frame_constraint,0.5,1.0,0.627790736421193,0.7679662334777296,0.012440297678551595,0.019815994338287332,0.6153504387426414,0.3275862068965517,5652,9003
43,0.2,test_id,frame_constraint,0.5,2.0,0.6293457736310119,0.7679662334777296,0.01321781628346107,0.021002470878926933,0.6161279573475508,0.3448275862068966,5666,9003
43,0.2,test_id,frame_constraint,0.5,3.0,0.6293457736310119,0.7679662334777296,0.01321781628346107,0.021002470878926933,0.6161279573475508,0.3448275862068966,5666,9003
43,0.2,test_id,frame_constraint,0.8,0.5,0.5391536154615129,0.5828057314228591,0.04320781961568366,0.08014009064688916,0.49594579584582915,0.4224137931034483,4854,9003
43,0.2,test_id,frame_constraint,0.8,1.0,0.8359435743641008,0.801732755748084,0.0639786737754082,0.07653467977677385,0.7719649005886926,0.6982758620689655,7526,9003
43,0.2,test_id,frame_constraint,0.8,2.0,0.8421637232033766,0.8021770520937466,0.06719982228146174,0.07979424953838038,0.7749639009219149,0.7241379310344828,7582,9003
43,0.2,test_id,frame_constraint,0.8,3.0,0.8421637232033766,0.8021770520937466,0.06719982228146174,0.07979424953838038,0.7749639009219149,0.7241379310344828,7582,9003
43,0.2,test_batch6,frame_constraint,0.3,0.5,0.1562829989440338,0.5665258711721225,0.0022879267863428372,0.01463963963963964,0.15399507215769095,0.0915032679738562,1776,11364
43,0.2,test_batch6,frame_constraint,0.3,1.0,0.3541886659626892,0.744368180218233,0.00299190425906371,0.0084472049689441,0.35119676170362546,0.1437908496732026,4025,11364
43,0.2,test_batch6,frame_constraint,0.3,2.0,0.3541886659626892,0.744368180218233,0.00299190425906371,0.0084472049689441,0.35119676170362546,0.1437908496732026,4025,11364
43,0.2,test_batch6,frame_constraint,0.3,3.0,0.3541886659626892,0.744368180218233,0.00299190425906371,0.0084472049689441,0.35119676170362546,0.1437908496732026,4025,11364
43,0.2,test_batch6,frame_constraint,0.5,0.5,0.4303942273847237,0.5732136571629708,0.016631467793030624,0.03864240441627479,0.41376275959169306,0.29411764705882354,4891,11364
43,0.2,test_batch6,frame_constraint,0.5,1.0,0.6689545934530094,0.7580077437521999,0.01900739176346357,0.028413575374901343,0.6499472016895459,0.35947712418300654,7602,11364
43,0.2,test_batch6,frame_constraint,0.5,2.0,0.6692185850052799,0.7580077437521999,0.019271383315733897,0.028796844181459565,0.6499472016895459,0.35947712418300654,7605,11364
43,0.2,test_batch6,frame_constraint,0.5,3.0,0.6692185850052799,0.7580077437521999,0.019271383315733897,0.028796844181459565,0.6499472016895459,0.35947712418300654,7605,11364
43,0.2,test_batch6,frame_constraint,0.8,0.5,0.5698697641675466,0.5875571981696586,0.05605420626539951,0.09836318715256331,0.5138155579021472,0.48366013071895425,6476,11364
43,0.2,test_batch6,frame_constraint,0.8,1.0,0.8455649419218585,0.7864308342133052,0.07990144315381907,0.09449474451035487,0.7656634987680394,0.738562091503268,9609,11364
43,0.2,test_batch6,frame_constraint,0.8,2.0,0.8469728968673003,0.7864308342133052,0.08130939809926083,0.096,0.7656634987680394,0.738562091503268,9625,11364
43,0.2,test_batch6,frame_constraint,0.8,3.0,0.8469728968673003,0.7864308342133052,0.08130939809926083,0.096,0.7656634987680394,0.738562091503268,9625,11364
43,0.2,test_flat,frame_constraint,0.3,0.5,0.0,0.33001149865848983,0.0,,0.0,0.0,0,13045
43,0.2,test_flat,frame_constraint,0.3,1.0,0.089536220774243,0.5921809122269068,0.026600229973169798,0.2970890410958904,0.0629359908010732,0.2348993288590604,1168,13045
43,0.2,test_flat,frame_constraint,0.3,2.0,0.089536220774243,0.5921809122269068,0.026600229973169798,0.2970890410958904,0.0629359908010732,0.2348993288590604,1168,13045
43,0.2,test_flat,frame_constraint,0.3,3.0,0.089536220774243,0.5921809122269068,0.026600229973169798,0.2970890410958904,0.0629359908010732,0.2348993288590604,1168,13045
43,0.2,test_flat,frame_constraint,0.5,0.5,0.0,0.34495975469528556,0.0,,0.0,0.0,0,13045
43,0.2,test_flat,frame_constraint,0.5,1.0,0.27727098505174397,0.6211575316213108,0.10187811422000767,0.3674315731269007,0.1753928708317363,0.45302013422818793,3617,13045
43,0.2,test_flat,frame_constraint,0.5,2.0,0.27727098505174397,0.6211575316213108,0.10187811422000767,0.3674315731269007,0.1753928708317363,0.45302013422818793,3617,13045
43,0.2,test_flat,frame_constraint,0.5,3.0,0.27727098505174397,0.6211575316213108,0.10187811422000767,0.3674315731269007,0.1753928708317363,0.45302013422818793,3617,13045
43,0.2,test_flat,frame_constraint,0.8,0.5,0.0,0.40505940973553084,0.0,,0.0,0.0,0,13045
43,0.2,test_flat,frame_constraint,0.8,1.0,0.6099655040245304,0.7471828286699885,0.161364507474128,0.2645469398014327,0.4486009965504025,0.6073825503355704,7957,13045
43,0.2,test_flat,frame_constraint,0.8,2.0,0.6099655040245304,0.7488692985818322,0.16098121885779992,0.26391856227221316,0.44898428516673056,0.6040268456375839,7957,13045
43,0.2,test_flat,frame_constraint,0.8,3.0,0.6099655040245304,0.7488692985818322,0.16098121885779992,0.26391856227221316,0.44898428516673056,0.6040268456375839,7957,13045
43,0.2,test_sharp,frame_constraint,0.3,0.5,0.027788406351635736,0.5160704036732351,0.003921943753587144,0.14113597246127366,0.023866462598048595,0.09210526315789473,581,20908
43,0.2,test_sharp,frame_constraint,0.3,1.0,0.04921561124928257,0.7304381098144251,0.002391429118040941,0.04859086491739553,0.04682418213124163,0.0625,1029,20908
43,0.2,test_sharp,frame_constraint,0.3,2.0,0.04921561124928257,0.7304381098144251,0.002391429118040941,0.04859086491739553,0.04682418213124163,0.0625,1029,20908
43,0.2,test_sharp,frame_constraint,0.3,3.0,0.04921561124928257,0.7304381098144251,0.002391429118040941,0.04859086491739553,0.04682418213124163,0.0625,1029,20908
43,0.2,test_sharp,frame_constraint,0.5,0.5,0.12712837191505644,0.5237229768509661,0.022048976468337478,0.17343867569601204,0.10507939544671896,0.2598684210526316,2658,20908
43,0.2,test_sharp,frame_constraint,0.5,1.0,0.18198775588291563,0.746030227664052,0.015639946431987756,0.0859395532194481,0.16634780945092786,0.2138157894736842,3805,20908
43,0.2,test_sharp,frame_constraint,0.5,2.0,0.18198775588291563,0.746030227664052,0.015639946431987756,0.0859395532194481,0.16634780945092786,0.2138157894736842,3805,20908
43,0.2,test_sharp,frame_constraint,0.5,3.0,0.18198775588291563,0.746030227664052,0.015639946431987756,0.0859395532194481,0.16634780945092786,0.2138157894736842,3805,20908
43,0.2,test_sharp,frame_constraint,0.8,0.5,0.24296919839295963,0.5440501243543141,0.04668069638415917,0.1921259842519685,0.19628850200880046,0.3684210526315789,5080,20908
43,0.2,test_sharp,frame_constraint,0.8,1.0,0.341352592309164,0.7801320068873159,0.039028123206428164,0.11433375367801597,0.3023244691027358,0.33223684210526316,7137,20908
43,0.2,test_sharp,frame_constraint,0.8,2.0,0.3417352209680505,0.7801798354696767,0.03917160895351062,0.11462561231630511,0.3025636120145399,0.33223684210526316,7145,20908
43,0.2,test_sharp,frame_constraint,0.8,3.0,0.3426439640329061,0.7801798354696767,0.040080352018366176,0.11697375767727526,0.3025636120145399,0.34210526315789475,7164,20908
43,0.2,test_id,trajectory_coordinate_box,0.3,0.5,0.0,0.5585915805842497,0.0,,0.0,0.0,0,9003
43,0.2,test_id,trajectory_coordinate_box,0.3,1.0,0.0,0.7534155281572809,0.0,,0.0,0.0,0,9003
43,0.2,test_id,trajectory_coordinate_box,0.3,2.0,0.0,0.7534155281572809,0.0,,0.0,0.0,0,9003
43,0.2,test_id,trajectory_coordinate_box,0.3,3.0,0.0,0.7534155281572809,0.0,,0.0,0.0,0,9003
43,0.2,test_id,trajectory_coordinate_box,0.5,0.5,0.0,0.5653670998556037,0.0,,0.0,0.0,0,9003
43,0.2,test_id,trajectory_coordinate_box,0.5,1.0,0.0,0.7679662334777296,0.0,,0.0,0.0,0,9003
43,0.2,test_id,trajectory_coordinate_box,0.5,2.0,0.0,0.7679662334777296,0.0,,0.0,0.0,0,9003
43,0.2,test_id,trajectory_coordinate_box,0.5,3.0,0.0,0.7679662334777296,0.0,,0.0,0.0,0,9003
43,0.2,test_id,trajectory_coordinate_box,0.8,0.5,0.0,0.5828057314228591,0.0,,0.0,0.0,0,9003
43,0.2,test_id,trajectory_coordinate_box,0.8,1.0,0.0,0.801732755748084,0.0,,0.0,0.0,0,9003
43,0.2,test_id,trajectory_coordinate_box,0.8,2.0,0.0003332222592469177,0.8021770520937466,0.0,0.0,0.0003332222592469177,0.0,3,9003
43,0.2,test_id,trajectory_coordinate_box,0.8,3.0,0.0003332222592469177,0.8021770520937466,0.0,0.0,0.0003332222592469177,0.0,3,9003
43,0.2,test_batch6,trajectory_coordinate_box,0.3,0.5,0.0,0.5665258711721225,0.0,,0.0,0.0,0,11364
43,0.2,test_batch6,trajectory_coordinate_box,0.3,1.0,0.0,0.744368180218233,0.0,,0.0,0.0,0,11364
43,0.2,test_batch6,trajectory_coordinate_box,0.3,2.0,0.0,0.744368180218233,0.0,,0.0,0.0,0,11364
43,0.2,test_batch6,trajectory_coordinate_box,0.3,3.0,0.0,0.744368180218233,0.0,,0.0,0.0,0,11364
43,0.2,test_batch6,trajectory_coordinate_box,0.5,0.5,0.0,0.5732136571629708,0.0,,0.0,0.0,0,11364
43,0.2,test_batch6,trajectory_coordinate_box,0.5,1.0,0.0,0.7580077437521999,0.0,,0.0,0.0,0,11364
43,0.2,test_batch6,trajectory_coordinate_box,0.5,2.0,0.0,0.7580077437521999,0.0,,0.0,0.0,0,11364
43,0.2,test_batch6,trajectory_coordinate_box,0.5,3.0,0.0,0.7580077437521999,0.0,,0.0,0.0,0,11364
43,0.2,test_batch6,trajectory_coordinate_box,0.8,0.5,0.0,0.5875571981696586,0.0,,0.0,0.0,0,11364
43,0.2,test_batch6,trajectory_coordinate_box,0.8,1.0,0.0,0.7864308342133052,0.0,,0.0,0.0,0,11364
43,0.2,test_batch6,trajectory_coordinate_box,0.8,2.0,0.00035198873636043646,0.7864308342133052,0.0,0.0,0.00035198873636043646,0.0,4,11364
43,0.2,test_batch6,trajectory_coordinate_box,0.8,3.0,0.00035198873636043646,0.7864308342133052,0.0,0.0,0.00035198873636043646,0.0,4,11364
43,0.2,test_flat,trajectory_coordinate_box,0.3,0.5,0.0,0.33001149865848983,0.0,,0.0,0.0,0,13045
43,0.2,test_flat,trajectory_coordinate_box,0.3,1.0,0.0,0.5921809122269068,0.0,,0.0,0.0,0,13045
43,0.2,test_flat,trajectory_coordinate_box,0.3,2.0,0.0,0.5921809122269068,0.0,,0.0,0.0,0,13045
43,0.2,test_flat,trajectory_coordinate_box,0.3,3.0,0.0,0.5921809122269068,0.0,,0.0,0.0,0,13045
43,0.2,test_flat,trajectory_coordinate_box,0.5,0.5,0.0,0.34495975469528556,0.0,,0.0,0.0,0,13045
43,0.2,test_flat,trajectory_coordinate_box,0.5,1.0,0.0,0.6211575316213108,0.0,,0.0,0.0,0,13045
43,0.2,test_flat,trajectory_coordinate_box,0.5,2.0,0.0,0.6211575316213108,0.0,,0.0,0.0,0,13045
43,0.2,test_flat,trajectory_coordinate_box,0.5,3.0,0.0,0.6211575316213108,0.0,,0.0,0.0,0,13045
43,0.2,test_flat,trajectory_coordinate_box,0.8,0.5,0.0,0.40505940973553084,0.0,,0.0,0.0,0,13045
43,0.2,test_flat,trajectory_coordinate_box,0.8,1.0,0.0,0.7471828286699885,0.0,,0.0,0.0,0,13045
43,0.2,test_flat,trajectory_coordinate_box,0.8,2.0,0.0,0.7488692985818322,0.0,,0.0,0.0,0,13045
43,0.2,test_flat,trajectory_coordinate_box,0.8,3.0,0.0,0.7488692985818322,0.0,,0.0,0.0,0,13045
43,0.2,test_sharp,trajectory_coordinate_box,0.3,0.5,0.0,0.5160704036732351,0.0,,0.0,0.0,0,20908
43,0.2,test_sharp,trajectory_coordinate_box,0.3,1.0,0.0,0.7304381098144251,0.0,,0.0,0.0,0,20908
43,0.2,test_sharp,trajectory_coordinate_box,0.3,2.0,0.0,0.7304381098144251,0.0,,0.0,0.0,0,20908
43,0.2,test_sharp,trajectory_coordinate_box,0.3,3.0,0.0,0.7304381098144251,0.0,,0.0,0.0,0,20908
43,0.2,test_sharp,trajectory_coordinate_box,0.5,0.5,0.0,0.5237229768509661,0.0,,0.0,0.0,0,20908
43,0.2,test_sharp,trajectory_coordinate_box,0.5,1.0,0.0,0.746030227664052,0.0,,0.0,0.0,0,20908
43,0.2,test_sharp,trajectory_coordinate_box,0.5,2.0,0.0,0.746030227664052,0.0,,0.0,0.0,0,20908
43,0.2,test_sharp,trajectory_coordinate_box,0.5,3.0,0.0,0.746030227664052,0.0,,0.0,0.0,0,20908
43,0.2,test_sharp,trajectory_coordinate_box,0.8,0.5,0.0,0.5440501243543141,0.0,,0.0,0.0,0,20908
43,0.2,test_sharp,trajectory_coordinate_box,0.8,1.0,0.0,0.7801320068873159,0.0,,0.0,0.0,0,20908
43,0.2,test_sharp,trajectory_coordinate_box,0.8,2.0,0.0,0.7801798354696767,0.0,,0.0,0.0,0,20908
43,0.2,test_sharp,trajectory_coordinate_box,0.8,3.0,0.0,0.7801798354696767,0.0,,0.0,0.0,0,20908
43,0.2,test_id,trajectory_constraint,0.3,0.5,0.0,0.5585915805842497,0.0,,0.0,0.0,0,9003
43,0.2,test_id,trajectory_constraint,0.3,1.0,0.0,0.7534155281572809,0.0,,0.0,0.0,0,9003
43,0.2,test_id,trajectory_constraint,0.3,2.0,0.0,0.7534155281572809,0.0,,0.0,0.0,0,9003
43,0.2,test_id,trajectory_constraint,0.3,3.0,0.0,0.7534155281572809,0.0,,0.0,0.0,0,9003
43,0.2,test_id,trajectory_constraint,0.5,0.5,0.0,0.5653670998556037,0.0,,0.0,0.0,0,9003
43,0.2,test_id,trajectory_constraint,0.5,1.0,0.027990669776741087,0.7679662334777296,0.00011107408641563923,0.003968253968253968,0.027879595690325446,0.008620689655172414,252,9003
43,0.2,test_id,trajectory_constraint,0.5,2.0,0.06164611796067977,0.7679662334777296,0.00022214817283127845,0.0036036036036036037,0.0614239697878485,0.017241379310344827,555,9003
43,0.2,test_id,trajectory_constraint,0.5,3.0,0.06164611796067977,0.7679662334777296,0.00022214817283127845,0.0036036036036036037,0.0614239697878485,0.017241379310344827,555,9003
43,0.2,test_id,trajectory_constraint,0.8,0.5,0.0,0.5828057314228591,0.0,,0.0,0.0,0,9003
43,0.2,test_id,trajectory_constraint,0.8,1.0,0.22525824725091637,0.801732755748084,0.0006664445184938354,0.0029585798816568047,0.22459180273242252,0.034482758620689655,2028,9003
43,0.2,test_id,trajectory_constraint,0.8,2.0,0.28434966122403643,0.8021770520937466,0.0017771853826502276,0.00625,0.28257247584138623,0.0603448275862069,2560,9003
43,0.2,test_id,trajectory_constraint,0.8,3.0,0.28434966122403643,0.8021770520937466,0.0017771853826502276,0.00625,0.28257247584138623,0.0603448275862069,2560,9003
43,0.2,test_batch6,trajectory_constraint,0.3,0.5,0.0,0.5665258711721225,0.0,,0.0,0.0,0,11364
43,0.2,test_batch6,trajectory_constraint,0.3,1.0,0.0,0.744368180218233,0.0,,0.0,0.0,0,11364
43,0.2,test_batch6,trajectory_constraint,0.3,2.0,0.0,0.744368180218233,0.0,,0.0,0.0,0,11364
43,0.2,test_batch6,trajectory_constraint,0.3,3.0,0.0,0.744368180218233,0.0,,0.0,0.0,0,11364
43,0.2,test_batch6,trajectory_constraint,0.5,0.5,0.0,0.5732136571629708,0.0,,0.0,0.0,0,11364
43,0.2,test_batch6,trajectory_constraint,0.5,1.0,0.0347588877155931,0.7580077437521999,0.0,0.0,0.0347588877155931,0.0,395,11364
43,0.2,test_batch6,trajectory_constraint,0.5,2.0,0.06265399507215769,0.7580077437521999,8.799718409010911e-05,0.0014044943820224719,0.06256599788806758,0.006535947712418301,712,11364
43,0.2,test_batch6,trajectory_constraint,0.5,3.0,0.06265399507215769,0.7580077437521999,8.799718409010911e-05,0.0014044943820224719,0.06256599788806758,0.006535947712418301,712,11364
43,0.2,test_batch6,trajectory_constraint,0.8,0.5,0.0,0.5875571981696586,0.0,,0.0,0.0,0,11364
43,0.2,test_batch6,trajectory_constraint,0.8,1.0,0.25061598028863075,0.7864308342133052,0.0017599436818021823,0.007022471910112359,0.2488560366068286,0.0457516339869281,2848,11364
43,0.2,test_batch6,trajectory_constraint,0.8,2.0,0.294350580781415,0.7864308342133052,0.0028159098908834917,0.009566517189835576,0.2915346708905315,0.06535947712418301,3345,11364
43,0.2,test_batch6,trajectory_constraint,0.8,3.0,0.294350580781415,0.7864308342133052,0.0028159098908834917,0.009566517189835576,0.2915346708905315,0.06535947712418301,3345,11364
43,0.2,test_flat,trajectory_constraint,0.3,0.5,0.0,0.33001149865848983,0.0,,0.0,0.0,0,13045
43,0.2,test_flat,trajectory_constraint,0.3,1.0,0.0,0.5921809122269068,0.0,,0.0,0.0,0,13045
43,0.2,test_flat,trajectory_constraint,0.3,2.0,0.0,0.5921809122269068,0.0,,0.0,0.0,0,13045
43,0.2,test_flat,trajectory_constraint,0.3,3.0,0.0,0.5921809122269068,0.0,,0.0,0.0,0,13045
43,0.2,test_flat,trajectory_constraint,0.5,0.5,0.0,0.34495975469528556,0.0,,0.0,0.0,0,13045
43,0.2,test_flat,trajectory_constraint,0.5,1.0,0.014105021080873898,0.6211575316213108,0.0029896512073591414,0.21195652173913043,0.011115369873514757,0.06375838926174497,184,13045
43,0.2,test_flat,trajectory_constraint,0.5,2.0,0.01763127635109237,0.6211575316213108,0.004062859333077808,0.23043478260869565,0.013568417018014565,0.0738255033557047,230,13045
43,0.2,test_flat,trajectory_constraint,0.5,3.0,0.01763127635109237,0.6211575316213108,0.004062859333077808,0.23043478260869565,0.013568417018014565,0.0738255033557047,230,13045
43,0.2,test_flat,trajectory_constraint,0.8,0.5,0.0,0.40505940973553084,0.0,,0.0,0.0,0,13045
43,0.2,test_flat,trajectory_constraint,0.8,1.0,0.2371023380605596,0.7471828286699885,0.057723265619011116,0.2434529582929195,0.1793790724415485,0.3053691275167785,3093,13045
43,0.2,test_flat,trajectory_constraint,0.8,2.0,0.25787658106554234,0.7488692985818322,0.0629359908010732,0.24405469678953626,0.19494059026446914,0.3187919463087248,3364,13045
43,0.2,test_flat,trajectory_constraint,0.8,3.0,0.25787658106554234,0.7488692985818322,0.0629359908010732,0.24405469678953626,0.19494059026446914,0.3187919463087248,3364,13045
43,0.2,test_sharp,trajectory_constraint,0.3,0.5,0.0,0.5160704036732351,0.0,,0.0,0.0,0,20908
43,0.2,test_sharp,trajectory_constraint,0.3,1.0,0.0,0.7304381098144251,0.0,,0.0,0.0,0,20908
43,0.2,test_sharp,trajectory_constraint,0.3,2.0,0.0,0.7304381098144251,0.0,,0.0,0.0,0,20908
43,0.2,test_sharp,trajectory_constraint,0.3,3.0,0.0,0.7304381098144251,0.0,,0.0,0.0,0,20908
43,0.2,test_sharp,trajectory_constraint,0.5,0.5,0.0,0.5237229768509661,0.0,,0.0,0.0,0,20908
43,0.2,test_sharp,trajectory_constraint,0.5,1.0,0.0006696001530514636,0.746030227664052,0.0,0.0,0.0006696001530514636,0.0,14,20908
43,0.2,test_sharp,trajectory_constraint,0.5,2.0,0.0012435431413812894,0.746030227664052,0.0,0.0,0.0012435431413812894,0.0,26,20908
43,0.2,test_sharp,trajectory_constraint,0.5,3.0,0.0012435431413812894,0.746030227664052,0.0,0.0,0.0012435431413812894,0.0,26,20908
43,0.2,test_sharp,trajectory_constraint,0.8,0.5,0.0,0.5440501243543141,0.0,,0.0,0.0,0,20908
43,0.2,test_sharp,trajectory_constraint,0.8,1.0,0.04830686818442701,0.7801320068873159,0.002247943370958485,0.046534653465346534,0.04605892481346853,0.05263157894736842,1010,20908
43,0.2,test_sharp,trajectory_constraint,0.8,2.0,0.05390281232064282,0.7801798354696767,0.0026305720298450356,0.048802129547471165,0.05127224029079778,0.06578947368421052,1127,20908
43,0.2,test_sharp,trajectory_constraint,0.8,3.0,0.05390281232064282,0.7801798354696767,0.0026305720298450356,0.048802129547471165,0.05127224029079778,0.06578947368421052,1127,20908
43,0.1,test_id,point,0.3,0.5,0.4979451294013107,0.5585915805842497,0.03032322559146951,0.06089672094579523,0.46762190380984114,0.4827586206896552,4483,9003
43,0.1,test_id,point,0.3,1.0,0.6664445184938353,0.7534155281572809,0.02754637343107853,0.04133333333333333,0.6388981450627569,0.5,6000,9003
43,0.1,test_id,point,0.3,2.0,0.6664445184938353,0.7534155281572809,0.02754637343107853,0.04133333333333333,0.6388981450627569,0.5,6000,9003
43,0.1,test_id,point,0.3,3.0,0.6664445184938353,0.7534155281572809,0.02754637343107853,0.04133333333333333,0.6388981450627569,0.5,6000,9003
43,0.1,test_id,point,0.5,0.5,0.5880262134843941,0.5653670998556037,0.052760191047428635,0.08972421609369097,0.5352660224369654,0.5689655172413793,5294,9003
43,0.1,test_id,point,0.5,1.0,0.796179051427302,0.7679662334777296,0.05242696878818172,0.06584821428571429,0.7437520826391203,0.5775862068965517,7168,9003
43,0.1,test_id,point,0.5,2.0,0.7968454959457959,0.7679662334777296,0.05309341330667555,0.06662949540005576,0.7437520826391203,0.5862068965517241,7174,9003
43,0.1,test_id,point,0.5,3.0,0.7968454959457959,0.7679662334777296,0.05309341330667555,0.06662949540005576,0.7437520826391203,0.5862068965517241,7174,9003
43,0.1,test_id,point,0.8,0.5,0.6407864045318227,0.5828057314228591,0.0784183050094413,0.12237822846247183,0.5623680995223814,0.6724137931034483,5769,9003
43,0.1,test_id,point,0.8,1.0,0.9038098411640564,0.801732755748084,0.10796401199600134,0.11945434435295564,0.7958458291680551,0.8448275862068966,8137,9003
43,0.1,test_id,point,0.8,2.0,0.9072531378429413,0.8021770520937466,0.11074086415639231,0.12206170421155729,0.796512273686549,0.8620689655172413,8168,9003
43,0.1,test_id,point,0.8,3.0,0.9072531378429413,0.8021770520937466,0.11074086415639231,0.12206170421155729,0.796512273686549,0.8620689655172413,8168,9003
43,0.1,test_batch6,point,0.3,0.5,0.5320309750087997,0.5665258711721225,0.03106300598380852,0.058385709560039696,0.5009679690249912,0.5163398692810458,6046,11364
43,0.1,test_batch6,point,0.3,1.0,0.714537134811686,0.744368180218233,0.027543118620204154,0.03854679802955665,0.6869940161914819,0.45098039215686275,8120,11364
43,0.1,test_batch6,point,0.3,2.0,0.714537134811686,0.744368180218233,0.027543118620204154,0.03854679802955665,0.6869940161914819,0.45098039215686275,8120,11364
43,0.1,test_batch6,point,0.3,3.0,0.714537134811686,0.744368180218233,0.027543118620204154,0.03854679802955665,0.6869940161914819,0.45098039215686275,8120,11364
43,0.1,test_batch6,point,0.5,0.5,0.6081485392467441,0.5732136571629708,0.05755015839493136,0.09463174649110115,0.5505983808518128,0.5947712418300654,6911,11364
43,0.1,test_batch6,point,0.5,1.0,0.8045582541358677,0.7580077437521999,0.05895811334037311,0.0732801049983594,0.7456001407954945,0.6339869281045751,9143,11364
43,0.1,test_batch6,point,0.5,2.0,0.8049982400563181,0.7580077437521999,0.05939809926082365,0.07378662002623525,0.7456001407954945,0.6339869281045751,9148,11364
43,0.1,test_batch6,point,0.5,3.0,0.8049982400563181,0.7580077437521999,0.05939809926082365,0.07378662002623525,0.7456001407954945,0.6339869281045751,9148,11364
43,0.1,test_batch6,point,0.8,0.5,0.6638507567757832,0.5875571981696586,0.09398099260823653,0.1415694591728526,0.5698697641675466,0.7124183006535948,7544,11364
43,0.1,test_batch6,point,0.8,1.0,0.9043470608940514,0.7864308342133052,0.12337205209433298,0.136421134572346,0.7809750087997184,0.8888888888888888,10277,11364
43,0.1,test_batch6,point,0.8,2.0,0.905667018655403,0.7864308342133052,0.12469200985568461,0.137679751263117,0.7809750087997184,0.8888888888888888,10292,11364
43,0.1,test_batch6,point,0.8,3.0,0.905667018655403,0.7864308342133052,0.12469200985568461,0.137679751263117,0.7809750087997184,0.8888888888888888,10292,11364
43,0.1,test_flat,point,0.3,0.5,0.0,0.33001149865848983,0.0,,0.0,0.0,0,13045
43,0.1,test_flat,point,0.3,1.0,0.16274434649290917,0.5921809122269068,0.057723265619011116,0.3546867640131889,0.10502108087389804,0.3389261744966443,2123,13045
43,0.1,test_flat,point,0.3,2.0,0.16274434649290917,0.5921809122269068,0.057723265619011116,0.3546867640131889,0.10502108087389804,0.3389261744966443,2123,13045
43,0.1,test_flat,point,0.3,3.0,0.16274434649290917,0.5921809122269068,0.057723265619011116,0.3546867640131889,0.10502108087389804,0.3389261744966443,2123,13045
43,0.1,test_flat,point,0.5,0.5,0.00015331544653123802,0.34495975469528556,0.00015331544653123802,1.0,0.0,0.006711409395973154,2,13045
43,0.1,test_flat,point,0.5,1.0,0.36236105787658107,0.6211575316213108,0.14258336527405135,0.3934842394753543,0.21977769260252972,0.5738255033557047,4727,13045
43,0.1,test_flat,point,0.5,2.0,0.36236105787658107,0.6211575316213108,0.14258336527405135,0.3934842394753543,0.21977769260252972,0.5738255033557047,4727,13045
43,0.1,test_flat,point,0.5,3.0,0.36236105787658107,0.6211575316213108,0.14258336527405135,0.3934842394753543,0.21977769260252972,0.5738255033557047,4727,13045
43,0.1,test_flat,point,0.8,0.5,0.00015331544653123802,0.40505940973553084,7.665772326561901e-05,0.5,7.665772326561901e-05,0.003355704697986577,2,13045
43,0.1,test_flat,point,0.8,1.0,0.7138367190494442,0.7471828286699885,0.18635492525871983,0.2610609965635739,0.5274817937907245,0.6610738255033557,9312,13045
43,0.1,test_flat,point,0.8,2.0,0.7138367190494442,0.7488692985818322,0.18597163664239172,0.2605240549828179,0.5278650824070525,0.6577181208053692,9312,13045
43,0.1,test_flat,point,0.8,3.0,0.7138367190494442,0.7488692985818322,0.18597163664239172,0.2605240549828179,0.5278650824070525,0.6577181208053692,9312,13045
43,0.1,test_sharp,point,0.3,0.5,0.15582552133154773,0.5160704036732351,0.031184235699253875,0.20012277470841006,0.12464128563229386,0.29605263157894735,3258,20908
43,0.1,test_sharp,point,0.3,1.0,0.18136598431222498,0.7304381098144251,0.020231490338626364,0.1115506329113924,0.16113449397359864,0.24013157894736842,3792,20908
43,0.1,test_sharp,point,0.3,2.0,0.18136598431222498,0.7304381098144251,0.020231490338626364,0.1115506329113924,0.16113449397359864,0.24013157894736842,3792,20908
43,0.1,test_sharp,point,0.3,3.0,0.18136598431222498,0.7304381098144251,0.020231490338626364,0.1115506329113924,0.16113449397359864,0.24013157894736842,3792,20908
43,0.1,test_sharp,point,0.5,0.5,0.23699062559785727,0.5237229768509661,0.05375932657356036,0.22684157416750758,0.1832312990242969,0.3618421052631579,4955,20908
43,0.1,test_sharp,point,0.5,1.0,0.29175435240099484,0.746030227664052,0.032906064664243354,0.11278688524590164,0.2588482877367515,0.3059210526315789,6100,20908
43,0.1,test_sharp,point,0.5,2.0,0.29175435240099484,0.746030227664052,0.032906064664243354,0.11278688524590164,0.2588482877367515,0.3059210526315789,6100,20908
43,0.1,test_sharp,point,0.5,3.0,0.29175435240099484,0.746030227664052,0.032906064664243354,0.11278688524590164,0.2588482877367515,0.3059210526315789,6100,20908
43,0.1,test_sharp,point,0.8,0.5,0.32533001721828964,0.5440501243543141,0.08020853261909316,0.24654513378418114,0.24512148459919647,0.4407894736842105,6802,20908
43,0.1,test_sharp,point,0.8,1.0,0.4093170078438875,0.7801320068873159,0.05270709776162234,0.12876840383267119,0.35660991008226517,0.39473684210526316,8558,20908
43,0.1,test_sharp,point,0.8,2.0,0.4096039793380524,0.7801798354696767,0.05299406925578726,0.1293787949556282,0.35660991008226517,0.40131578947368424,8564,20908
43,0.1,test_sharp,point,0.8,3.0,0.4109910082265162,0.7801798354696767,0.054381098144251,0.13231700221110207,0.35660991008226517,0.4144736842105263,8593,20908
43,0.1,test_id,frame_constraint,0.3,0.5,0.00011107408641563923,0.5585915805842497,0.0,0.0,0.00011107408641563923,0.0,1,9003
43,0.1,test_id,frame_constraint,0.3,1.0,0.09696767744085305,0.7534155281572809,0.000999666777740753,0.010309278350515464,0.0959680106631123,0.06896551724137931,873,9003
43,0.1,test_id,frame_constraint,0.3,2.0,0.10241030767521937,0.7534155281572809,0.000999666777740753,0.009761388286334056,0.10141064089747862,0.06896551724137931,922,9003
43,0.1,test_id,frame_constraint,0.3,3.0,0.10241030767521937,0.7534155281572809,0.000999666777740753,0.009761388286334056,0.10141064089747862,0.06896551724137931,922,9003
43,0.1,test_id,frame_constraint,0.5,0.5,0.09419082528046206,0.5653670998556037,0.0006664445184938354,0.007075471698113208,0.09352438076196823,0.034482758620689655,848,9003
43,0.1,test_id,frame_constraint,0.5,1.0,0.35066089081417307,0.7679662334777296,0.002554703987559702,0.007285397529299968,0.3481061868266134,0.07758620689655173,3157,9003
43,0.1,test_id,frame_constraint,0.5,2.0,0.3601021881595024,0.7679662334777296,0.0031100744196378986,0.00863664404688464,0.3569921137398645,0.09482758620689655,3242,9003
43,0.1,test_id,frame_constraint,0.5,3.0,0.3601021881595024,0.7679662334777296,0.0031100744196378986,0.00863664404688464,0.3569921137398645,0.09482758620689655,3242,9003
43,0.1,test_id,frame_constraint,0.8,0.5,0.33810951904920583,0.5828057314228591,0.011329556814395202,0.03350854139290407,0.3267799622348106,0.1896551724137931,3044,9003
43,0.1,test_id,frame_constraint,0.8,1.0,0.6674441852715761,0.801732755748084,0.023658780406531157,0.03544682975536695,0.643785404865045,0.39655172413793105,6009,9003
43,0.1,test_id,frame_constraint,0.8,2.0,0.6835499278018439,0.8021770520937466,0.02643563256692214,0.03867403314917127,0.6571142952349217,0.4482758620689655,6154,9003
43,0.1,test_id,frame_constraint,0.8,3.0,0.6835499278018439,0.8021770520937466,0.02643563256692214,0.03867403314917127,0.6571142952349217,0.4482758620689655,6154,9003
43,0.1,test_batch6,frame_constraint,0.3,0.5,0.00035198873636043646,0.5665258711721225,0.0,0.0,0.00035198873636043646,0.0,4,11364
43,0.1,test_batch6,frame_constraint,0.3,1.0,0.11281239000351989,0.744368180218233,0.00017599436818021823,0.0015600624024961,0.11263639563533967,0.006535947712418301,1282,11364
43,0.1,test_batch6,frame_constraint,0.3,2.0,0.11404435058078141,0.744368180218233,0.00017599436818021823,0.0015432098765432098,0.11386835621260119,0.006535947712418301,1296,11364
43,0.1,test_batch6,frame_constraint,0.3,3.0,0.11404435058078141,0.744368180218233,0.00017599436818021823,0.0015432098765432098,0.11386835621260119,0.006535947712418301,1296,11364
43,0.1,test_batch6,frame_constraint,0.5,0.5,0.1246040126715945,0.5732136571629708,0.0016719464977120733,0.013418079096045197,0.12293206617388243,0.0392156862745098,1416,11364
43,0.1,test_batch6,frame_constraint,0.5,1.0,0.40417106652587115,0.7580077437521999,0.0035198873636043647,0.008708904855214456,0.40065117916226684,0.09803921568627451,4593,11364
43,0.1,test_batch6,frame_constraint,0.5,2.0,0.4055790214713129,0.7580077437521999,0.0035198873636043647,0.008678672163159037,0.40205913410770855,0.09803921568627451,4609,11364
43,0.1,test_batch6,frame_constraint,0.5,3.0,0.4055790214713129,0.7580077437521999,0.0035198873636043647,0.008678672163159037,0.40205913410770855,0.09803921568627451,4609,11364
43,0.1,test_batch6,frame_constraint,0.8,0.5,0.38410770855332627,0.5875571981696586,0.015487504399859204,0.04032073310423826,0.3686202041534671,0.2875816993464052,4365,11364
43,0.1,test_batch6,frame_constraint,0.8,1.0,0.7003695881731784,0.7864308342133052,0.030183034142907426,0.04309586631486367,0.670186554030271,0.49019607843137253,7959,11364
43,0.1,test_batch6,frame_constraint,0.8,2.0,0.7033614924322422,0.7864308342133052,0.031414994720168954,0.04466408107093707,0.6719464977120733,0.49019607843137253,7993,11364
43,0.1,test_batch6,frame_constraint,0.8,3.0,0.7033614924322422,0.7864308342133052,0.031414994720168954,0.04466408107093707,0.6719464977120733,0.49019607843137253,7993,11364
43,0.1,test_flat,frame_constraint,0.3,0.5,0.0,0.33001149865848983,0.0,,0.0,0.0,0,13045
43,0.1,test_flat,frame_constraint,0.3,1.0,0.03326945189727865,0.5921809122269068,0.00935224223840552,0.28110599078341014,0.02391720965887313,0.12080536912751678,434,13045
43,0.1,test_flat,frame_constraint,0.3,2.0,0.03326945189727865,0.5921809122269068,0.00935224223840552,0.28110599078341014,0.02391720965887313,0.12080536912751678,434,13045
43,0.1,test_flat,frame_constraint,0.3,3.0,0.03326945189727865,0.5921809122269068,0.00935224223840552,0.28110599078341014,0.02391720965887313,0.12080536912751678,434,13045
43,0.1,test_flat,frame_constraint,0.5,0.5,0.0,0.34495975469528556,0.0,,0.0,0.0,0,13045
43,0.1,test_flat,frame_constraint,0.5,1.0,0.1931008049060943,0.6211575316213108,0.06745879647374473,0.34934497816593885,0.12564200843234957,0.37919463087248323,2519,13045
43,0.1,test_flat,frame_constraint,0.5,2.0,0.1931008049060943,0.6211575316213108,0.06745879647374473,0.34934497816593885,0.12564200843234957,0.37919463087248323,2519,13045
43,0.1,test_flat,frame_constraint,0.5,3.0,0.1931008049060943,0.6211575316213108,0.06745879647374473,0.34934497816593885,0.12564200843234957,0.37919463087248323,2519,13045
43,0.1,test_flat,frame_constraint,0.8,0.5,0.0,0.40505940973553084,0.0,,0.0,0.0,0,13045
43,0.1,test_flat,frame_constraint,0.8,1.0,0.5067842085090073,0.7471828286699885,0.13867382138750478,0.27363485100589924,0.3681103871215025,0.5167785234899329,6611,13045
43,0.1,test_flat,frame_constraint,0.8,2.0,0.5067842085090073,0.7488692985818322,0.13844384821770794,0.273181061866586,0.36834036029129935,0.5134228187919463,6611,13045
43,0.1,test_flat,frame_constraint,0.8,3.0,0.5067842085090073,0.7488692985818322,0.13844384821770794,0.273181061866586,0.36834036029129935,0.5134228187919463,6611,13045
43,0.1,test_sharp,frame_constraint,0.3,0.5,0.0,0.5160704036732351,0.0,,0.0,0.0,0,20908
43,0.1,test_sharp,frame_constraint,0.3,1.0,0.003969772335947963,0.7304381098144251,9.565716472163765e-05,0.024096385542168676,0.003874115171226325,0.006578947368421052,83,20908
43,0.1,test_sharp,frame_constraint,0.3,2.0,0.003969772335947963,0.7304381098144251,9.565716472163765e-05,0.024096385542168676,0.003874115171226325,0.006578947368421052,83,20908
43,0.1,test_sharp,frame_constraint,0.3,3.0,0.003969772335947963,0.7304381098144251,9.565716472163765e-05,0.024096385542168676,0.003874115171226325,0.006578947368421052,83,20908
43,0.1,test_sharp,frame_constraint,0.5,0.5,0.024201262674574325,0.5237229768509661,0.0020566290415152096,0.08498023715415019,0.022144633633059116,0.0625,506,20908
43,0.1,test_sharp,frame_constraint,0.5,1.0,0.07021235890568203,0.746030227664052,0.0034436579299789555,0.04904632152588556,0.06676870097570307,0.07236842105263158,1468,20908
43,0.1,test_sharp,frame_constraint,0.5,2.0,0.07030801607040367,0.746030227664052,0.0034436579299789555,0.04897959183673469,0.06686435814042471,0.07236842105263158,1470,20908
43,0.1,test_sharp,frame_constraint,0.5,3.0,0.07030801607040367,0.746030227664052,0.0034436579299789555,0.04897959183673469,0.06686435814042471,0.07236842105263158,1470,20908
43,0.1,test_sharp,frame_constraint,0.8,0.5,0.12971111536254065,0.5440501243543141,0.012865888655060264,0.09918879056047197,0.11684522670748039,0.21052631578947367,2712,20908
43,0.1,test_sharp,frame_constraint,0.8,1.0,0.23990816912186722,0.7801320068873159,0.01999234742682227,0.08333333333333333,0.21991582169504495,0.2532894736842105,5016,20908
43,0.1,test_sharp,frame_constraint,0.8,2.0,0.24100822651616607,0.7801798354696767,0.020183661756265545,0.08374677515380036,0.2208245647599005,0.2532894736842105,5039,20908
43,0.1,test_sharp,frame_constraint,0.8,3.0,0.2416299980868567,0.7801798354696767,0.02080543332695619,0.08610451306413301,0.2208245647599005,0.2631578947368421,5052,20908
43,0.1,test_id,trajectory_coordinate_box,0.3,0.5,0.0,0.5585915805842497,0.0,,0.0,0.0,0,9003
43,0.1,test_id,trajectory_coordinate_box,0.3,1.0,0.0,0.7534155281572809,0.0,,0.0,0.0,0,9003
43,0.1,test_id,trajectory_coordinate_box,0.3,2.0,0.0,0.7534155281572809,0.0,,0.0,0.0,0,9003
43,0.1,test_id,trajectory_coordinate_box,0.3,3.0,0.0,0.7534155281572809,0.0,,0.0,0.0,0,9003
43,0.1,test_id,trajectory_coordinate_box,0.5,0.5,0.0,0.5653670998556037,0.0,,0.0,0.0,0,9003
43,0.1,test_id,trajectory_coordinate_box,0.5,1.0,0.0,0.7679662334777296,0.0,,0.0,0.0,0,9003
43,0.1,test_id,trajectory_coordinate_box,0.5,2.0,0.0,0.7679662334777296,0.0,,0.0,0.0,0,9003
43,0.1,test_id,trajectory_coordinate_box,0.5,3.0,0.0,0.7679662334777296,0.0,,0.0,0.0,0,9003
43,0.1,test_id,trajectory_coordinate_box,0.8,0.5,0.0,0.5828057314228591,0.0,,0.0,0.0,0,9003
43,0.1,test_id,trajectory_coordinate_box,0.8,1.0,0.0,0.801732755748084,0.0,,0.0,0.0,0,9003
43,0.1,test_id,trajectory_coordinate_box,0.8,2.0,0.0,0.8021770520937466,0.0,,0.0,0.0,0,9003
43,0.1,test_id,trajectory_coordinate_box,0.8,3.0,0.0,0.8021770520937466,0.0,,0.0,0.0,0,9003
43,0.1,test_batch6,trajectory_coordinate_box,0.3,0.5,0.0,0.5665258711721225,0.0,,0.0,0.0,0,11364
43,0.1,test_batch6,trajectory_coordinate_box,0.3,1.0,0.0,0.744368180218233,0.0,,0.0,0.0,0,11364
43,0.1,test_batch6,trajectory_coordinate_box,0.3,2.0,0.0,0.744368180218233,0.0,,0.0,0.0,0,11364
43,0.1,test_batch6,trajectory_coordinate_box,0.3,3.0,0.0,0.744368180218233,0.0,,0.0,0.0,0,11364
43,0.1,test_batch6,trajectory_coordinate_box,0.5,0.5,0.0,0.5732136571629708,0.0,,0.0,0.0,0,11364
43,0.1,test_batch6,trajectory_coordinate_box,0.5,1.0,0.0,0.7580077437521999,0.0,,0.0,0.0,0,11364
43,0.1,test_batch6,trajectory_coordinate_box,0.5,2.0,0.0,0.7580077437521999,0.0,,0.0,0.0,0,11364
43,0.1,test_batch6,trajectory_coordinate_box,0.5,3.0,0.0,0.7580077437521999,0.0,,0.0,0.0,0,11364
43,0.1,test_batch6,trajectory_coordinate_box,0.8,0.5,0.0,0.5875571981696586,0.0,,0.0,0.0,0,11364
43,0.1,test_batch6,trajectory_coordinate_box,0.8,1.0,0.0,0.7864308342133052,0.0,,0.0,0.0,0,11364
43,0.1,test_batch6,trajectory_coordinate_box,0.8,2.0,0.0,0.7864308342133052,0.0,,0.0,0.0,0,11364
43,0.1,test_batch6,trajectory_coordinate_box,0.8,3.0,0.0,0.7864308342133052,0.0,,0.0,0.0,0,11364
43,0.1,test_flat,trajectory_coordinate_box,0.3,0.5,0.0,0.33001149865848983,0.0,,0.0,0.0,0,13045
43,0.1,test_flat,trajectory_coordinate_box,0.3,1.0,0.0,0.5921809122269068,0.0,,0.0,0.0,0,13045
43,0.1,test_flat,trajectory_coordinate_box,0.3,2.0,0.0,0.5921809122269068,0.0,,0.0,0.0,0,13045
43,0.1,test_flat,trajectory_coordinate_box,0.3,3.0,0.0,0.5921809122269068,0.0,,0.0,0.0,0,13045
43,0.1,test_flat,trajectory_coordinate_box,0.5,0.5,0.0,0.34495975469528556,0.0,,0.0,0.0,0,13045
43,0.1,test_flat,trajectory_coordinate_box,0.5,1.0,0.0,0.6211575316213108,0.0,,0.0,0.0,0,13045
43,0.1,test_flat,trajectory_coordinate_box,0.5,2.0,0.0,0.6211575316213108,0.0,,0.0,0.0,0,13045
43,0.1,test_flat,trajectory_coordinate_box,0.5,3.0,0.0,0.6211575316213108,0.0,,0.0,0.0,0,13045
43,0.1,test_flat,trajectory_coordinate_box,0.8,0.5,0.0,0.40505940973553084,0.0,,0.0,0.0,0,13045
43,0.1,test_flat,trajectory_coordinate_box,0.8,1.0,0.0,0.7471828286699885,0.0,,0.0,0.0,0,13045
43,0.1,test_flat,trajectory_coordinate_box,0.8,2.0,0.0,0.7488692985818322,0.0,,0.0,0.0,0,13045
43,0.1,test_flat,trajectory_coordinate_box,0.8,3.0,0.0,0.7488692985818322,0.0,,0.0,0.0,0,13045
43,0.1,test_sharp,trajectory_coordinate_box,0.3,0.5,0.0,0.5160704036732351,0.0,,0.0,0.0,0,20908
43,0.1,test_sharp,trajectory_coordinate_box,0.3,1.0,0.0,0.7304381098144251,0.0,,0.0,0.0,0,20908
43,0.1,test_sharp,trajectory_coordinate_box,0.3,2.0,0.0,0.7304381098144251,0.0,,0.0,0.0,0,20908
43,0.1,test_sharp,trajectory_coordinate_box,0.3,3.0,0.0,0.7304381098144251,0.0,,0.0,0.0,0,20908
43,0.1,test_sharp,trajectory_coordinate_box,0.5,0.5,0.0,0.5237229768509661,0.0,,0.0,0.0,0,20908
43,0.1,test_sharp,trajectory_coordinate_box,0.5,1.0,0.0,0.746030227664052,0.0,,0.0,0.0,0,20908
43,0.1,test_sharp,trajectory_coordinate_box,0.5,2.0,0.0,0.746030227664052,0.0,,0.0,0.0,0,20908
43,0.1,test_sharp,trajectory_coordinate_box,0.5,3.0,0.0,0.746030227664052,0.0,,0.0,0.0,0,20908
43,0.1,test_sharp,trajectory_coordinate_box,0.8,0.5,0.0,0.5440501243543141,0.0,,0.0,0.0,0,20908
43,0.1,test_sharp,trajectory_coordinate_box,0.8,1.0,0.0,0.7801320068873159,0.0,,0.0,0.0,0,20908
43,0.1,test_sharp,trajectory_coordinate_box,0.8,2.0,0.0,0.7801798354696767,0.0,,0.0,0.0,0,20908
43,0.1,test_sharp,trajectory_coordinate_box,0.8,3.0,0.0,0.7801798354696767,0.0,,0.0,0.0,0,20908
43,0.1,test_id,trajectory_constraint,0.3,0.5,0.0,0.5585915805842497,0.0,,0.0,0.0,0,9003
43,0.1,test_id,trajectory_constraint,0.3,1.0,0.0,0.7534155281572809,0.0,,0.0,0.0,0,9003
43,0.1,test_id,trajectory_constraint,0.3,2.0,0.0,0.7534155281572809,0.0,,0.0,0.0,0,9003
43,0.1,test_id,trajectory_constraint,0.3,3.0,0.0,0.7534155281572809,0.0,,0.0,0.0,0,9003
43,0.1,test_id,trajectory_constraint,0.5,0.5,0.0,0.5653670998556037,0.0,,0.0,0.0,0,9003
43,0.1,test_id,trajectory_constraint,0.5,1.0,0.0,0.7679662334777296,0.0,,0.0,0.0,0,9003
43,0.1,test_id,trajectory_constraint,0.5,2.0,0.013439964456292346,0.7679662334777296,0.0,0.0,0.013439964456292346,0.0,121,9003
43,0.1,test_id,trajectory_constraint,0.5,3.0,0.013439964456292346,0.7679662334777296,0.0,0.0,0.013439964456292346,0.0,121,9003
43,0.1,test_id,trajectory_constraint,0.8,0.5,0.0,0.5828057314228591,0.0,,0.0,0.0,0,9003
43,0.1,test_id,trajectory_constraint,0.8,1.0,0.08397200933022327,0.801732755748084,0.0,0.0,0.08397200933022327,0.0,756,9003
43,0.1,test_id,trajectory_constraint,0.8,2.0,0.1676107964011996,0.8021770520937466,0.0007775186049094747,0.004638833664678595,0.16683327779629012,0.02586206896551724,1509,9003
43,0.1,test_id,trajectory_constraint,0.8,3.0,0.1676107964011996,0.8021770520937466,0.0007775186049094747,0.004638833664678595,0.16683327779629012,0.02586206896551724,1509,9003
43,0.1,test_batch6,trajectory_constraint,0.3,0.5,0.0,0.5665258711721225,0.0,,0.0,0.0,0,11364
43,0.1,test_batch6,trajectory_constraint,0.3,1.0,0.0,0.744368180218233,0.0,,0.0,0.0,0,11364
43,0.1,test_batch6,trajectory_constraint,0.3,2.0,0.0,0.744368180218233,0.0,,0.0,0.0,0,11364
43,0.1,test_batch6,trajectory_constraint,0.3,3.0,0.0,0.744368180218233,0.0,,0.0,0.0,0,11364
43,0.1,test_batch6,trajectory_constraint,0.5,0.5,0.0,0.5732136571629708,0.0,,0.0,0.0,0,11364
43,0.1,test_batch6,trajectory_constraint,0.5,1.0,0.0,0.7580077437521999,0.0,,0.0,0.0,0,11364
43,0.1,test_batch6,trajectory_constraint,0.5,2.0,0.010207673354452657,0.7580077437521999,0.0,0.0,0.010207673354452657,0.0,116,11364
43,0.1,test_batch6,trajectory_constraint,0.5,3.0,0.010207673354452657,0.7580077437521999,0.0,0.0,0.010207673354452657,0.0,116,11364
43,0.1,test_batch6,trajectory_constraint,0.8,0.5,0.0,0.5875571981696586,0.0,,0.0,0.0,0,11364
43,0.1,test_batch6,trajectory_constraint,0.8,1.0,0.10181274199225625,0.7864308342133052,0.00026399155227032733,0.0025929127052722557,0.10154875043998592,0.013071895424836602,1157,11364
43,0.1,test_batch6,trajectory_constraint,0.8,2.0,0.17995424146427313,0.7864308342133052,0.0009679690249912002,0.0053789731051344745,0.17898627243928195,0.0196078431372549,2045,11364
43,0.1,test_batch6,trajectory_constraint,0.8,3.0,0.17995424146427313,0.7864308342133052,0.0009679690249912002,0.0053789731051344745,0.17898627243928195,0.0196078431372549,2045,11364
43,0.1,test_flat,trajectory_constraint,0.3,0.5,0.0,0.33001149865848983,0.0,,0.0,0.0,0,13045
43,0.1,test_flat,trajectory_constraint,0.3,1.0,0.0,0.5921809122269068,0.0,,0.0,0.0,0,13045
43,0.1,test_flat,trajectory_constraint,0.3,2.0,0.0,0.5921809122269068,0.0,,0.0,0.0,0,13045
43,0.1,test_flat,trajectory_constraint,0.3,3.0,0.0,0.5921809122269068,0.0,,0.0,0.0,0,13045
43,0.1,test_flat,trajectory_constraint,0.5,0.5,0.0,0.34495975469528556,0.0,,0.0,0.0,0,13045
43,0.1,test_flat,trajectory_constraint,0.5,1.0,0.0,0.6211575316213108,0.0,,0.0,0.0,0,13045
43,0.1,test_flat,trajectory_constraint,0.5,2.0,0.0003832886163280951,0.6211575316213108,0.00030663089306247603,0.8,7.665772326561901e-05,0.006711409395973154,5,13045
43,0.1,test_flat,trajectory_constraint,0.5,3.0,0.0003832886163280951,0.6211575316213108,0.00030663089306247603,0.8,7.665772326561901e-05,0.006711409395973154,5,13045
43,0.1,test_flat,trajectory_constraint,0.8,0.5,0.0,0.40505940973553084,0.0,,0.0,0.0,0,13045
43,0.1,test_flat,trajectory_constraint,0.8,1.0,0.06285933307780758,0.7471828286699885,0.011115369873514757,0.17682926829268292,0.05174396320429283,0.1040268456375839,820,13045
43,0.1,test_flat,trajectory_constraint,0.8,2.0,0.14212341893445765,0.7488692985818322,0.029896512073591414,0.21035598705501618,0.11222690686086623,0.18791946308724833,1854,13045
43,0.1,test_flat,trajectory_constraint,0.8,3.0,0.14212341893445765,0.7488692985818322,0.029896512073591414,0.21035598705501618,0.11222690686086623,0.18791946308724833,1854,13045
43,0.1,test_sharp,trajectory_constraint,0.3,0.5,0.0,0.5160704036732351,0.0,,0.0,0.0,0,20908
43,0.1,test_sharp,trajectory_constraint,0.3,1.0,0.0,0.7304381098144251,0.0,,0.0,0.0,0,20908
43,0.1,test_sharp,trajectory_constraint,0.3,2.0,0.0,0.7304381098144251,0.0,,0.0,0.0,0,20908
43,0.1,test_sharp,trajectory_constraint,0.3,3.0,0.0,0.7304381098144251,0.0,,0.0,0.0,0,20908
43,0.1,test_sharp,trajectory_constraint,0.5,0.5,0.0,0.5237229768509661,0.0,,0.0,0.0,0,20908
43,0.1,test_sharp,trajectory_constraint,0.5,1.0,0.0,0.746030227664052,0.0,,0.0,0.0,0,20908
43,0.1,test_sharp,trajectory_constraint,0.5,2.0,4.7828582360818826e-05,0.746030227664052,0.0,0.0,4.7828582360818826e-05,0.0,1,20908
43,0.1,test_sharp,trajectory_constraint,0.5,3.0,4.7828582360818826e-05,0.746030227664052,0.0,0.0,4.7828582360818826e-05,0.0,1,20908
43,0.1,test_sharp,trajectory_constraint,0.8,0.5,0.0,0.5440501243543141,0.0,,0.0,0.0,0,20908
43,0.1,test_sharp,trajectory_constraint,0.8,1.0,0.011287545437153242,0.7801320068873159,9.565716472163765e-05,0.00847457627118644,0.011191888272431606,0.006578947368421052,236,20908
43,0.1,test_sharp,trajectory_constraint,0.8,2.0,0.018987947197245073,0.7801798354696767,0.00028697149416491294,0.015113350125944584,0.01870097570308016,0.013157894736842105,397,20908
43,0.1,test_sharp,trajectory_constraint,0.8,3.0,0.018987947197245073,0.7801798354696767,0.00028697149416491294,0.015113350125944584,0.01870097570308016,0.013157894736842105,397,20908
43,0.05,test_id,point,0.3,0.5,0.4979451294013107,0.5585915805842497,0.03032322559146951,0.06089672094579523,0.46762190380984114,0.4827586206896552,4483,9003
43,0.05,test_id,point,0.3,1.0,0.6664445184938353,0.7534155281572809,0.02754637343107853,0.04133333333333333,0.6388981450627569,0.5,6000,9003
43,0.05,test_id,point,0.3,2.0,0.6664445184938353,0.7534155281572809,0.02754637343107853,0.04133333333333333,0.6388981450627569,0.5,6000,9003
43,0.05,test_id,point,0.3,3.0,0.6664445184938353,0.7534155281572809,0.02754637343107853,0.04133333333333333,0.6388981450627569,0.5,6000,9003
43,0.05,test_id,point,0.5,0.5,0.5880262134843941,0.5653670998556037,0.052760191047428635,0.08972421609369097,0.5352660224369654,0.5689655172413793,5294,9003
43,0.05,test_id,point,0.5,1.0,0.796179051427302,0.7679662334777296,0.05242696878818172,0.06584821428571429,0.7437520826391203,0.5775862068965517,7168,9003
43,0.05,test_id,point,0.5,2.0,0.7968454959457959,0.7679662334777296,0.05309341330667555,0.06662949540005576,0.7437520826391203,0.5862068965517241,7174,9003
43,0.05,test_id,point,0.5,3.0,0.7968454959457959,0.7679662334777296,0.05309341330667555,0.06662949540005576,0.7437520826391203,0.5862068965517241,7174,9003
43,0.05,test_id,point,0.8,0.5,0.6407864045318227,0.5828057314228591,0.0784183050094413,0.12237822846247183,0.5623680995223814,0.6724137931034483,5769,9003
43,0.05,test_id,point,0.8,1.0,0.9038098411640564,0.801732755748084,0.10796401199600134,0.11945434435295564,0.7958458291680551,0.8448275862068966,8137,9003
43,0.05,test_id,point,0.8,2.0,0.9072531378429413,0.8021770520937466,0.11074086415639231,0.12206170421155729,0.796512273686549,0.8620689655172413,8168,9003
43,0.05,test_id,point,0.8,3.0,0.9072531378429413,0.8021770520937466,0.11074086415639231,0.12206170421155729,0.796512273686549,0.8620689655172413,8168,9003
43,0.05,test_batch6,point,0.3,0.5,0.5320309750087997,0.5665258711721225,0.03106300598380852,0.058385709560039696,0.5009679690249912,0.5163398692810458,6046,11364
43,0.05,test_batch6,point,0.3,1.0,0.714537134811686,0.744368180218233,0.027543118620204154,0.03854679802955665,0.6869940161914819,0.45098039215686275,8120,11364
43,0.05,test_batch6,point,0.3,2.0,0.714537134811686,0.744368180218233,0.027543118620204154,0.03854679802955665,0.6869940161914819,0.45098039215686275,8120,11364
43,0.05,test_batch6,point,0.3,3.0,0.714537134811686,0.744368180218233,0.027543118620204154,0.03854679802955665,0.6869940161914819,0.45098039215686275,8120,11364
43,0.05,test_batch6,point,0.5,0.5,0.6081485392467441,0.5732136571629708,0.05755015839493136,0.09463174649110115,0.5505983808518128,0.5947712418300654,6911,11364
43,0.05,test_batch6,point,0.5,1.0,0.8045582541358677,0.7580077437521999,0.05895811334037311,0.0732801049983594,0.7456001407954945,0.6339869281045751,9143,11364
43,0.05,test_batch6,point,0.5,2.0,0.8049982400563181,0.7580077437521999,0.05939809926082365,0.07378662002623525,0.7456001407954945,0.6339869281045751,9148,11364
43,0.05,test_batch6,point,0.5,3.0,0.8049982400563181,0.7580077437521999,0.05939809926082365,0.07378662002623525,0.7456001407954945,0.6339869281045751,9148,11364
43,0.05,test_batch6,point,0.8,0.5,0.6638507567757832,0.5875571981696586,0.09398099260823653,0.1415694591728526,0.5698697641675466,0.7124183006535948,7544,11364
43,0.05,test_batch6,point,0.8,1.0,0.9043470608940514,0.7864308342133052,0.12337205209433298,0.136421134572346,0.7809750087997184,0.8888888888888888,10277,11364
43,0.05,test_batch6,point,0.8,2.0,0.905667018655403,0.7864308342133052,0.12469200985568461,0.137679751263117,0.7809750087997184,0.8888888888888888,10292,11364
43,0.05,test_batch6,point,0.8,3.0,0.905667018655403,0.7864308342133052,0.12469200985568461,0.137679751263117,0.7809750087997184,0.8888888888888888,10292,11364
43,0.05,test_flat,point,0.3,0.5,0.0,0.33001149865848983,0.0,,0.0,0.0,0,13045
43,0.05,test_flat,point,0.3,1.0,0.16274434649290917,0.5921809122269068,0.057723265619011116,0.3546867640131889,0.10502108087389804,0.3389261744966443,2123,13045
43,0.05,test_flat,point,0.3,2.0,0.16274434649290917,0.5921809122269068,0.057723265619011116,0.3546867640131889,0.10502108087389804,0.3389261744966443,2123,13045
43,0.05,test_flat,point,0.3,3.0,0.16274434649290917,0.5921809122269068,0.057723265619011116,0.3546867640131889,0.10502108087389804,0.3389261744966443,2123,13045
43,0.05,test_flat,point,0.5,0.5,0.00015331544653123802,0.34495975469528556,0.00015331544653123802,1.0,0.0,0.006711409395973154,2,13045
43,0.05,test_flat,point,0.5,1.0,0.36236105787658107,0.6211575316213108,0.14258336527405135,0.3934842394753543,0.21977769260252972,0.5738255033557047,4727,13045
43,0.05,test_flat,point,0.5,2.0,0.36236105787658107,0.6211575316213108,0.14258336527405135,0.3934842394753543,0.21977769260252972,0.5738255033557047,4727,13045
43,0.05,test_flat,point,0.5,3.0,0.36236105787658107,0.6211575316213108,0.14258336527405135,0.3934842394753543,0.21977769260252972,0.5738255033557047,4727,13045
43,0.05,test_flat,point,0.8,0.5,0.00015331544653123802,0.40505940973553084,7.665772326561901e-05,0.5,7.665772326561901e-05,0.003355704697986577,2,13045
43,0.05,test_flat,point,0.8,1.0,0.7138367190494442,0.7471828286699885,0.18635492525871983,0.2610609965635739,0.5274817937907245,0.6610738255033557,9312,13045
43,0.05,test_flat,point,0.8,2.0,0.7138367190494442,0.7488692985818322,0.18597163664239172,0.2605240549828179,0.5278650824070525,0.6577181208053692,9312,13045
43,0.05,test_flat,point,0.8,3.0,0.7138367190494442,0.7488692985818322,0.18597163664239172,0.2605240549828179,0.5278650824070525,0.6577181208053692,9312,13045
43,0.05,test_sharp,point,0.3,0.5,0.15582552133154773,0.5160704036732351,0.031184235699253875,0.20012277470841006,0.12464128563229386,0.29605263157894735,3258,20908
43,0.05,test_sharp,point,0.3,1.0,0.18136598431222498,0.7304381098144251,0.020231490338626364,0.1115506329113924,0.16113449397359864,0.24013157894736842,3792,20908
43,0.05,test_sharp,point,0.3,2.0,0.18136598431222498,0.7304381098144251,0.020231490338626364,0.1115506329113924,0.16113449397359864,0.24013157894736842,3792,20908
43,0.05,test_sharp,point,0.3,3.0,0.18136598431222498,0.7304381098144251,0.020231490338626364,0.1115506329113924,0.16113449397359864,0.24013157894736842,3792,20908
43,0.05,test_sharp,point,0.5,0.5,0.23699062559785727,0.5237229768509661,0.05375932657356036,0.22684157416750758,0.1832312990242969,0.3618421052631579,4955,20908
43,0.05,test_sharp,point,0.5,1.0,0.29175435240099484,0.746030227664052,0.032906064664243354,0.11278688524590164,0.2588482877367515,0.3059210526315789,6100,20908
43,0.05,test_sharp,point,0.5,2.0,0.29175435240099484,0.746030227664052,0.032906064664243354,0.11278688524590164,0.2588482877367515,0.3059210526315789,6100,20908
43,0.05,test_sharp,point,0.5,3.0,0.29175435240099484,0.746030227664052,0.032906064664243354,0.11278688524590164,0.2588482877367515,0.3059210526315789,6100,20908
43,0.05,test_sharp,point,0.8,0.5,0.32533001721828964,0.5440501243543141,0.08020853261909316,0.24654513378418114,0.24512148459919647,0.4407894736842105,6802,20908
43,0.05,test_sharp,point,0.8,1.0,0.4093170078438875,0.7801320068873159,0.05270709776162234,0.12876840383267119,0.35660991008226517,0.39473684210526316,8558,20908
43,0.05,test_sharp,point,0.8,2.0,0.4096039793380524,0.7801798354696767,0.05299406925578726,0.1293787949556282,0.35660991008226517,0.40131578947368424,8564,20908
43,0.05,test_sharp,point,0.8,3.0,0.4109910082265162,0.7801798354696767,0.054381098144251,0.13231700221110207,0.35660991008226517,0.4144736842105263,8593,20908
43,0.05,test_id,frame_constraint,0.3,0.5,0.0,0.5585915805842497,0.0,,0.0,0.0,0,9003
43,0.05,test_id,frame_constraint,0.3,1.0,0.015328223925358214,0.7534155281572809,0.0003332222592469177,0.021739130434782608,0.014995001666111295,0.017241379310344827,138,9003
43,0.05,test_id,frame_constraint,0.3,2.0,0.022659113628790403,0.7534155281572809,0.0004442963456625569,0.0196078431372549,0.022214817283127845,0.02586206896551724,204,9003
43,0.05,test_id,frame_constraint,0.3,3.0,0.022659113628790403,0.7534155281572809,0.0004442963456625569,0.0196078431372549,0.022214817283127845,0.02586206896551724,204,9003
43,0.05,test_id,frame_constraint,0.5,0.5,0.0005553704320781962,0.5653670998556037,0.0,0.0,0.0005553704320781962,0.0,5,9003
43,0.05,test_id,frame_constraint,0.5,1.0,0.1933799844496279,0.7679662334777296,0.0007775186049094747,0.00402067777139575,0.19260246584471843,0.034482758620689655,1741,9003
43,0.05,test_id,frame_constraint,0.5,2.0,0.21026324558480505,0.7679662334777296,0.000999666777740753,0.004754358161648178,0.2092635788070643,0.05172413793103448,1893,9003
43,0.05,test_id,frame_constraint,0.5,3.0,0.21026324558480505,0.7679662334777296,0.000999666777740753,0.004754358161648178,0.2092635788070643,0.05172413793103448,1893,9003
43,0.05,test_id,frame_constraint,0.8,0.5,0.12307008774852826,0.5828057314228591,0.0007775186049094747,0.00631768953068592,0.12229256914361879,0.034482758620689655,1108,9003
43,0.05,test_id,frame_constraint,0.8,1.0,0.4828390536487837,0.801732755748084,0.009219149172498057,0.019093627789279963,0.47361990447628566,0.20689655172413793,4347,9003
43,0.05,test_id,frame_constraint,0.8,2.0,0.5096079084749527,0.8021770520937466,0.01155170498722648,0.022667829119442023,0.49805620348772633,0.25,4588,9003
43,0.05,test_id,frame_constraint,0.8,3.0,0.5096079084749527,0.8021770520937466,0.01155170498722648,0.022667829119442023,0.49805620348772633,0.25,4588,9003
43,0.05,test_batch6,frame_constraint,0.3,0.5,0.0,0.5665258711721225,0.0,,0.0,0.0,0,11364
43,0.05,test_batch6,frame_constraint,0.3,1.0,0.0250791974656811,0.744368180218233,0.0,0.0,0.0250791974656811,0.0,285,11364
43,0.05,test_batch6,frame_constraint,0.3,2.0,0.02877507919746568,0.744368180218233,0.0,0.0,0.02877507919746568,0.0,327,11364
43,0.05,test_batch6,frame_constraint,0.3,3.0,0.02877507919746568,0.744368180218233,0.0,0.0,0.02877507919746568,0.0,327,11364
43,0.05,test_batch6,frame_constraint,0.5,0.5,0.0,0.5732136571629708,0.0,,0.0,0.0,0,11364
43,0.05,test_batch6,frame_constraint,0.5,1.0,0.23187258007743752,0.7580077437521999,0.0010559662090813093,0.004554079696394687,0.23081661386835622,0.032679738562091505,2635,11364
43,0.05,test_batch6,frame_constraint,0.5,2.0,0.23785638859556493,0.7580077437521999,0.0010559662090813093,0.004439511653718091,0.23680042238648363,0.032679738562091505,2703,11364
43,0.05,test_batch6,frame_constraint,0.5,3.0,0.23785638859556493,0.7580077437521999,0.0010559662090813093,0.004439511653718091,0.23680042238648363,0.032679738562091505,2703,11364
43,0.05,test_batch6,frame_constraint,0.8,0.5,0.1457233368532207,0.5875571981696586,0.001495952129531855,0.010265700483091788,0.14422738472368885,0.0392156862745098,1656,11364
43,0.05,test_batch6,frame_constraint,0.8,1.0,0.5093277015135516,0.7864308342133052,0.010207673354452657,0.020041465100207326,0.4991200281590989,0.19607843137254902,5788,11364
43,0.05,test_batch6,frame_constraint,0.8,2.0,0.5182154171066525,0.7864308342133052,0.011527631115804295,0.022244863304465953,0.5066877859908483,0.20915032679738563,5889,11364
43,0.05,test_batch6,frame_constraint,0.8,3.0,0.5182154171066525,0.7864308342133052,0.011527631115804295,0.022244863304465953,0.5066877859908483,0.20915032679738563,5889,11364
43,0.05,test_flat,frame_constraint,0.3,0.5,0.0,0.33001149865848983,0.0,,0.0,0.0,0,13045
43,0.05,test_flat,frame_constraint,0.3,1.0,0.004522805672671521,0.5921809122269068,0.0007665772326561902,0.1694915254237288,0.0037562284400153314,0.02348993288590604,59,13045
43,0.05,test_flat,frame_constraint,0.3,2.0,0.0045994633959371405,0.5921809122269068,0.0008432349559218092,0.18333333333333332,0.0037562284400153314,0.02348993288590604,60,13045
43,0.05,test_flat,frame_constraint,0.3,3.0,0.0045994633959371405,0.5921809122269068,0.0008432349559218092,0.18333333333333332,0.0037562284400153314,0.02348993288590604,60,13045
43,0.05,test_flat,frame_constraint,0.5,0.5,0.0,0.34495975469528556,0.0,,0.0,0.0,0,13045
43,0.05,test_flat,frame_constraint,0.5,1.0,0.11927941740130318,0.6211575316213108,0.03694902261402836,0.3097686375321337,0.08233039478727482,0.2483221476510067,1556,13045
43,0.05,test_flat,frame_constraint,0.5,2.0,0.11950939057110004,0.6211575316213108,0.03717899578382522,0.3110968569595895,0.08233039478727482,0.2483221476510067,1559,13045
43,0.05,test_flat,frame_constraint,0.5,3.0,0.11950939057110004,0.6211575316213108,0.03717899578382522,0.3110968569595895,0.08233039478727482,0.2483221476510067,1559,13045
43,0.05,test_flat,frame_constraint,0.8,0.5,0.0,0.40505940973553084,0.0,,0.0,0.0,0,13045
43,0.05,test_flat,frame_constraint,0.8,1.0,0.41594480643924875,0.7471828286699885,0.11115369873514756,0.26723184666420935,0.30479110770410117,0.44966442953020136,5426,13045
43,0.05,test_flat,frame_constraint,0.8,2.0,0.41678804139517056,0.7488692985818322,0.11153698735147566,0.26761081478756665,0.3052510540436949,0.4463087248322148,5437,13045
43,0.05,test_flat,frame_constraint,0.8,3.0,0.41678804139517056,0.7488692985818322,0.11153698735147566,0.26761081478756665,0.3052510540436949,0.4463087248322148,5437,13045
43,0.05,test_sharp,frame_constraint,0.3,0.5,0.0,0.5160704036732351,0.0,,0.0,0.0,0,20908
43,0.05,test_sharp,frame_constraint,0.3,1.0,0.00014348574708245647,0.7304381098144251,0.0,0.0,0.00014348574708245647,0.0,3,20908
43,0.05,test_sharp,frame_constraint,0.3,2.0,0.0001913143294432753,0.7304381098144251,0.0,0.0,0.0001913143294432753,0.0,4,20908
43,0.05,test_sharp,frame_constraint,0.3,3.0,0.0001913143294432753,0.7304381098144251,0.0,0.0,0.0001913143294432753,0.0,4,20908
43,0.05,test_sharp,frame_constraint,0.5,0.5,0.0,0.5237229768509661,0.0,,0.0,0.0,0,20908
43,0.05,test_sharp,frame_constraint,0.5,1.0,0.02520566290415152,0.746030227664052,0.0004782858236081883,0.018975332068311195,0.024727377080543334,0.019736842105263157,527,20908
43,0.05,test_sharp,frame_constraint,0.5,2.0,0.02554046298067725,0.746030227664052,0.0004782858236081883,0.018726591760299626,0.025062177157069064,0.019736842105263157,534,20908
43,0.05,test_sharp,frame_constraint,0.5,3.0,0.02554046298067725,0.746030227664052,0.0004782858236081883,0.018726591760299626,0.025062177157069064,0.019736842105263157,534,20908
43,0.05,test_sharp,frame_constraint,0.8,0.5,0.03539315094700593,0.5440501243543141,0.0015783432179070213,0.0445945945945946,0.03381480772909891,0.04276315789473684,740,20908
43,0.05,test_sharp,frame_constraint,0.8,1.0,0.14649894777118805,0.7801320068873159,0.009326573560359671,0.06366307541625857,0.1371723742108284,0.13815789473684212,3063,20908
43,0.05,test_sharp,frame_constraint,0.8,2.0,0.14941649129519802,0.7801798354696767,0.009804859383967858,0.06562099871959026,0.13961163191123016,0.14144736842105263,3124,20908
43,0.05,test_sharp,frame_constraint,0.8,3.0,0.14970346278936292,0.7801798354696767,0.010091830878132773,0.06741214057507987,0.13961163191123016,0.14802631578947367,3130,20908
43,0.05,test_id,trajectory_coordinate_box,0.3,0.5,0.0,0.5585915805842497,0.0,,0.0,0.0,0,9003
43,0.05,test_id,trajectory_coordinate_box,0.3,1.0,0.0,0.7534155281572809,0.0,,0.0,0.0,0,9003
43,0.05,test_id,trajectory_coordinate_box,0.3,2.0,0.0,0.7534155281572809,0.0,,0.0,0.0,0,9003
43,0.05,test_id,trajectory_coordinate_box,0.3,3.0,0.0,0.7534155281572809,0.0,,0.0,0.0,0,9003
43,0.05,test_id,trajectory_coordinate_box,0.5,0.5,0.0,0.5653670998556037,0.0,,0.0,0.0,0,9003
43,0.05,test_id,trajectory_coordinate_box,0.5,1.0,0.0,0.7679662334777296,0.0,,0.0,0.0,0,9003
43,0.05,test_id,trajectory_coordinate_box,0.5,2.0,0.0,0.7679662334777296,0.0,,0.0,0.0,0,9003
43,0.05,test_id,trajectory_coordinate_box,0.5,3.0,0.0,0.7679662334777296,0.0,,0.0,0.0,0,9003
43,0.05,test_id,trajectory_coordinate_box,0.8,0.5,0.0,0.5828057314228591,0.0,,0.0,0.0,0,9003
43,0.05,test_id,trajectory_coordinate_box,0.8,1.0,0.0,0.801732755748084,0.0,,0.0,0.0,0,9003
43,0.05,test_id,trajectory_coordinate_box,0.8,2.0,0.0,0.8021770520937466,0.0,,0.0,0.0,0,9003
43,0.05,test_id,trajectory_coordinate_box,0.8,3.0,0.0,0.8021770520937466,0.0,,0.0,0.0,0,9003
43,0.05,test_batch6,trajectory_coordinate_box,0.3,0.5,0.0,0.5665258711721225,0.0,,0.0,0.0,0,11364
43,0.05,test_batch6,trajectory_coordinate_box,0.3,1.0,0.0,0.744368180218233,0.0,,0.0,0.0,0,11364
43,0.05,test_batch6,trajectory_coordinate_box,0.3,2.0,0.0,0.744368180218233,0.0,,0.0,0.0,0,11364
43,0.05,test_batch6,trajectory_coordinate_box,0.3,3.0,0.0,0.744368180218233,0.0,,0.0,0.0,0,11364
43,0.05,test_batch6,trajectory_coordinate_box,0.5,0.5,0.0,0.5732136571629708,0.0,,0.0,0.0,0,11364
43,0.05,test_batch6,trajectory_coordinate_box,0.5,1.0,0.0,0.7580077437521999,0.0,,0.0,0.0,0,11364
43,0.05,test_batch6,trajectory_coordinate_box,0.5,2.0,0.0,0.7580077437521999,0.0,,0.0,0.0,0,11364
43,0.05,test_batch6,trajectory_coordinate_box,0.5,3.0,0.0,0.7580077437521999,0.0,,0.0,0.0,0,11364
43,0.05,test_batch6,trajectory_coordinate_box,0.8,0.5,0.0,0.5875571981696586,0.0,,0.0,0.0,0,11364
43,0.05,test_batch6,trajectory_coordinate_box,0.8,1.0,0.0,0.7864308342133052,0.0,,0.0,0.0,0,11364
43,0.05,test_batch6,trajectory_coordinate_box,0.8,2.0,0.0,0.7864308342133052,0.0,,0.0,0.0,0,11364
43,0.05,test_batch6,trajectory_coordinate_box,0.8,3.0,0.0,0.7864308342133052,0.0,,0.0,0.0,0,11364
43,0.05,test_flat,trajectory_coordinate_box,0.3,0.5,0.0,0.33001149865848983,0.0,,0.0,0.0,0,13045
43,0.05,test_flat,trajectory_coordinate_box,0.3,1.0,0.0,0.5921809122269068,0.0,,0.0,0.0,0,13045
43,0.05,test_flat,trajectory_coordinate_box,0.3,2.0,0.0,0.5921809122269068,0.0,,0.0,0.0,0,13045
43,0.05,test_flat,trajectory_coordinate_box,0.3,3.0,0.0,0.5921809122269068,0.0,,0.0,0.0,0,13045
43,0.05,test_flat,trajectory_coordinate_box,0.5,0.5,0.0,0.34495975469528556,0.0,,0.0,0.0,0,13045
43,0.05,test_flat,trajectory_coordinate_box,0.5,1.0,0.0,0.6211575316213108,0.0,,0.0,0.0,0,13045
43,0.05,test_flat,trajectory_coordinate_box,0.5,2.0,0.0,0.6211575316213108,0.0,,0.0,0.0,0,13045
43,0.05,test_flat,trajectory_coordinate_box,0.5,3.0,0.0,0.6211575316213108,0.0,,0.0,0.0,0,13045
43,0.05,test_flat,trajectory_coordinate_box,0.8,0.5,0.0,0.40505940973553084,0.0,,0.0,0.0,0,13045
43,0.05,test_flat,trajectory_coordinate_box,0.8,1.0,0.0,0.7471828286699885,0.0,,0.0,0.0,0,13045
43,0.05,test_flat,trajectory_coordinate_box,0.8,2.0,0.0,0.7488692985818322,0.0,,0.0,0.0,0,13045
43,0.05,test_flat,trajectory_coordinate_box,0.8,3.0,0.0,0.7488692985818322,0.0,,0.0,0.0,0,13045
43,0.05,test_sharp,trajectory_coordinate_box,0.3,0.5,0.0,0.5160704036732351,0.0,,0.0,0.0,0,20908
43,0.05,test_sharp,trajectory_coordinate_box,0.3,1.0,0.0,0.7304381098144251,0.0,,0.0,0.0,0,20908
43,0.05,test_sharp,trajectory_coordinate_box,0.3,2.0,0.0,0.7304381098144251,0.0,,0.0,0.0,0,20908
43,0.05,test_sharp,trajectory_coordinate_box,0.3,3.0,0.0,0.7304381098144251,0.0,,0.0,0.0,0,20908
43,0.05,test_sharp,trajectory_coordinate_box,0.5,0.5,0.0,0.5237229768509661,0.0,,0.0,0.0,0,20908
43,0.05,test_sharp,trajectory_coordinate_box,0.5,1.0,0.0,0.746030227664052,0.0,,0.0,0.0,0,20908
43,0.05,test_sharp,trajectory_coordinate_box,0.5,2.0,0.0,0.746030227664052,0.0,,0.0,0.0,0,20908
43,0.05,test_sharp,trajectory_coordinate_box,0.5,3.0,0.0,0.746030227664052,0.0,,0.0,0.0,0,20908
43,0.05,test_sharp,trajectory_coordinate_box,0.8,0.5,0.0,0.5440501243543141,0.0,,0.0,0.0,0,20908
43,0.05,test_sharp,trajectory_coordinate_box,0.8,1.0,0.0,0.7801320068873159,0.0,,0.0,0.0,0,20908
43,0.05,test_sharp,trajectory_coordinate_box,0.8,2.0,0.0,0.7801798354696767,0.0,,0.0,0.0,0,20908
43,0.05,test_sharp,trajectory_coordinate_box,0.8,3.0,0.0,0.7801798354696767,0.0,,0.0,0.0,0,20908
43,0.05,test_id,trajectory_constraint,0.3,0.5,0.0,0.5585915805842497,0.0,,0.0,0.0,0,9003
43,0.05,test_id,trajectory_constraint,0.3,1.0,0.0,0.7534155281572809,0.0,,0.0,0.0,0,9003
43,0.05,test_id,trajectory_constraint,0.3,2.0,0.0,0.7534155281572809,0.0,,0.0,0.0,0,9003
43,0.05,test_id,trajectory_constraint,0.3,3.0,0.0,0.7534155281572809,0.0,,0.0,0.0,0,9003
43,0.05,test_id,trajectory_constraint,0.5,0.5,0.0,0.5653670998556037,0.0,,0.0,0.0,0,9003
43,0.05,test_id,trajectory_constraint,0.5,1.0,0.0,0.7679662334777296,0.0,,0.0,0.0,0,9003
43,0.05,test_id,trajectory_constraint,0.5,2.0,0.0017771853826502276,0.7679662334777296,0.0,0.0,0.0017771853826502276,0.0,16,9003
43,0.05,test_id,trajectory_constraint,0.5,3.0,0.0017771853826502276,0.7679662334777296,0.0,0.0,0.0017771853826502276,0.0,16,9003
43,0.05,test_id,trajectory_constraint,0.8,0.5,0.0,0.5828057314228591,0.0,,0.0,0.0,0,9003
43,0.05,test_id,trajectory_constraint,0.8,1.0,0.01432855714761746,0.801732755748084,0.0,0.0,0.01432855714761746,0.0,129,9003
43,0.05,test_id,trajectory_constraint,0.8,2.0,0.11207375319337999,0.8021770520937466,0.0003332222592469177,0.002973240832507433,0.11174053093413307,0.008620689655172414,1009,9003
43,0.05,test_id,trajectory_constraint,0.8,3.0,0.11207375319337999,0.8021770520937466,0.0003332222592469177,0.002973240832507433,0.11174053093413307,0.008620689655172414,1009,9003
43,0.05,test_batch6,trajectory_constraint,0.3,0.5,0.0,0.5665258711721225,0.0,,0.0,0.0,0,11364
43,0.05,test_batch6,trajectory_constraint,0.3,1.0,0.0,0.744368180218233,0.0,,0.0,0.0,0,11364
43,0.05,test_batch6,trajectory_constraint,0.3,2.0,0.0,0.744368180218233,0.0,,0.0,0.0,0,11364
43,0.05,test_batch6,trajectory_constraint,0.3,3.0,0.0,0.744368180218233,0.0,,0.0,0.0,0,11364
43,0.05,test_batch6,trajectory_constraint,0.5,0.5,0.0,0.5732136571629708,0.0,,0.0,0.0,0,11364
43,0.05,test_batch6,trajectory_constraint,0.5,1.0,0.0,0.7580077437521999,0.0,,0.0,0.0,0,11364
43,0.05,test_batch6,trajectory_constraint,0.5,2.0,0.0007919746568109821,0.7580077437521999,0.0,0.0,0.0007919746568109821,0.0,9,11364
43,0.05,test_batch6,trajectory_constraint,0.5,3.0,0.0007919746568109821,0.7580077437521999,0.0,0.0,0.0007919746568109821,0.0,9,11364
43,0.05,test_batch6,trajectory_constraint,0.8,0.5,0.0,0.5875571981696586,0.0,,0.0,0.0,0,11364
43,0.05,test_batch6,trajectory_constraint,0.8,1.0,0.02085533262935586,0.7864308342133052,0.0,0.0,0.02085533262935586,0.0,237,11364
43,0.05,test_batch6,trajectory_constraint,0.8,2.0,0.1187961985216473,0.7864308342133052,0.0,0.0,0.1187961985216473,0.0,1350,11364
43,0.05,test_batch6,trajectory_constraint,0.8,3.0,0.1187961985216473,0.7864308342133052,0.0,0.0,0.1187961985216473,0.0,1350,11364
43,0.05,test_flat,trajectory_constraint,0.3,0.5,0.0,0.33001149865848983,0.0,,0.0,0.0,0,13045
43,0.05,test_flat,trajectory_constraint,0.3,1.0,0.0,0.5921809122269068,0.0,,0.0,0.0,0,13045
43,0.05,test_flat,trajectory_constraint,0.3,2.0,0.0,0.5921809122269068,0.0,,0.0,0.0,0,13045
43,0.05,test_flat,trajectory_constraint,0.3,3.0,0.0,0.5921809122269068,0.0,,0.0,0.0,0,13045
43,0.05,test_flat,trajectory_constraint,0.5,0.5,0.0,0.34495975469528556,0.0,,0.0,0.0,0,13045
43,0.05,test_flat,trajectory_constraint,0.5,1.0,0.0,0.6211575316213108,0.0,,0.0,0.0,0,13045
43,0.05,test_flat,trajectory_constraint,0.5,2.0,0.0,0.6211575316213108,0.0,,0.0,0.0,0,13045
43,0.05,test_flat,trajectory_constraint,0.5,3.0,0.0,0.6211575316213108,0.0,,0.0,0.0,0,13045
43,0.05,test_flat,trajectory_constraint,0.8,0.5,0.0,0.40505940973553084,0.0,,0.0,0.0,0,13045
43,0.05,test_flat,trajectory_constraint,0.8,1.0,0.004829436565733997,0.7471828286699885,0.0020697585281717135,0.42857142857142855,0.0027596780375622842,0.013422818791946308,63,13045
43,0.05,test_flat,trajectory_constraint,0.8,2.0,0.07435799156765044,0.7488692985818322,0.01326178612495209,0.17835051546391753,0.06109620544269835,0.11409395973154363,970,13045
43,0.05,test_flat,trajectory_constraint,0.8,3.0,0.07435799156765044,0.7488692985818322,0.01326178612495209,0.17835051546391753,0.06109620544269835,0.11409395973154363,970,13045
43,0.05,test_sharp,trajectory_constraint,0.3,0.5,0.0,0.5160704036732351,0.0,,0.0,0.0,0,20908
43,0.05,test_sharp,trajectory_constraint,0.3,1.0,0.0,0.7304381098144251,0.0,,0.0,0.0,0,20908
43,0.05,test_sharp,trajectory_constraint,0.3,2.0,0.0,0.7304381098144251,0.0,,0.0,0.0,0,20908
43,0.05,test_sharp,trajectory_constraint,0.3,3.0,0.0,0.7304381098144251,0.0,,0.0,0.0,0,20908
43,0.05,test_sharp,trajectory_constraint,0.5,0.5,0.0,0.5237229768509661,0.0,,0.0,0.0,0,20908
43,0.05,test_sharp,trajectory_constraint,0.5,1.0,0.0,0.746030227664052,0.0,,0.0,0.0,0,20908
43,0.05,test_sharp,trajectory_constraint,0.5,2.0,0.0,0.746030227664052,0.0,,0.0,0.0,0,20908
43,0.05,test_sharp,trajectory_constraint,0.5,3.0,0.0,0.746030227664052,0.0,,0.0,0.0,0,20908
43,0.05,test_sharp,trajectory_constraint,0.8,0.5,0.0,0.5440501243543141,0.0,,0.0,0.0,0,20908
43,0.05,test_sharp,trajectory_constraint,0.8,1.0,0.0014348574708245648,0.7801320068873159,4.7828582360818826e-05,0.03333333333333333,0.001387028888463746,0.003289473684210526,30,20908
43,0.05,test_sharp,trajectory_constraint,0.8,2.0,0.007843887507174288,0.7801798354696767,9.565716472163765e-05,0.012195121951219513,0.00774823034245265,0.006578947368421052,164,20908
43,0.05,test_sharp,trajectory_constraint,0.8,3.0,0.007843887507174288,0.7801798354696767,9.565716472163765e-05,0.012195121951219513,0.00774823034245265,0.006578947368421052,164,20908
