run,baseline,status,takeover,domain,metric,paired_n,run_minus_baseline,ci_low,ci_high,ci_method,higher,ties,lower,positive_is_better
eval_force_feedback,eval_script,diagnostic_other_protocol,62,all,any_native_success,20,0.05,0.0,0.15,"paired environment-seed bootstrap 95%, identical recorded physical parameters",1,19,0,True
eval_force_feedback,eval_script,diagnostic_other_protocol,62,all,bilateral_contact_at_takeover,20,0.0,0.0,0.0,"paired environment-seed bootstrap 95%, identical recorded physical parameters",0,20,0,False
eval_force_feedback,eval_script,diagnostic_other_protocol,62,all,final_native_success,20,0.05,0.0,0.15,"paired environment-seed bootstrap 95%, identical recorded physical parameters",1,19,0,True
eval_force_feedback,eval_script,diagnostic_other_protocol,62,all,force_budget_exceeded,20,0.0,-0.2,0.2,"paired environment-seed bootstrap 95%, identical recorded physical parameters",2,16,2,False
eval_force_feedback,eval_script,diagnostic_other_protocol,62,all,full_episode_peak_normal_N,20,-0.25146782398223877,-2.7156000167131427,2.110983882546425,"paired environment-seed bootstrap 95%, identical recorded physical parameters",5,5,10,False
eval_force_feedback,eval_script,diagnostic_other_protocol,62,all,intervention_force_budget_exceeded,20,0.0,-0.2,0.2,"paired environment-seed bootstrap 95%, identical recorded physical parameters",2,16,2,False
eval_force_feedback,eval_script,diagnostic_other_protocol,62,all,intervention_peak_normal_N,20,-0.24555683135986328,-2.6562310004234315,2.030559762716293,"paired environment-seed bootstrap 95%, identical recorded physical parameters",5,5,10,False
eval_force_feedback,eval_script,diagnostic_other_protocol,62,all,native_shaped_return,20,3.243929607140049,0.03477812772130403,9.436319986082447,"paired environment-seed bootstrap 95%, identical recorded physical parameters",9,4,7,True
eval_force_feedback,eval_script,diagnostic_other_protocol,62,all,setup_force_budget_exceeded,20,0.0,0.0,0.0,"paired environment-seed bootstrap 95%, identical recorded physical parameters",0,20,0,False
eval_force_feedback,eval_script,diagnostic_other_protocol,62,all,setup_peak_normal_N,20,0.0,0.0,0.0,"paired environment-seed bootstrap 95%, identical recorded physical parameters",0,20,0,False
eval_force_feedback,eval_script,diagnostic_other_protocol,62,all,sustained_native_success,20,0.05,0.0,0.15,"paired environment-seed bootstrap 95%, identical recorded physical parameters",1,19,0,True
eval_force_feedback,eval_script,diagnostic_other_protocol,62,all,sustained_success_within_force_budget,20,0.15,0.0,0.3,"paired environment-seed bootstrap 95%, identical recorded physical parameters",3,17,0,True
eval_force_feedback,eval_script,diagnostic_other_protocol,62,id,any_native_success,10,0.1,0.0,0.3,"paired environment-seed bootstrap 95%, identical recorded physical parameters",1,9,0,True
eval_force_feedback,eval_script,diagnostic_other_protocol,62,id,bilateral_contact_at_takeover,10,0.0,0.0,0.0,"paired environment-seed bootstrap 95%, identical recorded physical parameters",0,10,0,False
eval_force_feedback,eval_script,diagnostic_other_protocol,62,id,final_native_success,10,0.1,0.0,0.3,"paired environment-seed bootstrap 95%, identical recorded physical parameters",1,9,0,True
eval_force_feedback,eval_script,diagnostic_other_protocol,62,id,force_budget_exceeded,10,-0.1,-0.4,0.2,"paired environment-seed bootstrap 95%, identical recorded physical parameters",1,7,2,False
eval_force_feedback,eval_script,diagnostic_other_protocol,62,id,full_episode_peak_normal_N,10,-0.46067986488342283,-4.810621483325958,3.623673572540279,"paired environment-seed bootstrap 95%, identical recorded physical parameters",3,2,5,False
eval_force_feedback,eval_script,diagnostic_other_protocol,62,id,intervention_force_budget_exceeded,10,-0.1,-0.4,0.2,"paired environment-seed bootstrap 95%, identical recorded physical parameters",1,7,2,False
eval_force_feedback,eval_script,diagnostic_other_protocol,62,id,intervention_peak_normal_N,10,-0.4175739288330078,-4.898826787471772,3.433021235466002,"paired environment-seed bootstrap 95%, identical recorded physical parameters",3,2,5,False
eval_force_feedback,eval_script,diagnostic_other_protocol,62,id,native_shaped_return,10,6.398959551178098,0.0036461454009156574,18.578485436380348,"paired environment-seed bootstrap 95%, identical recorded physical parameters",7,1,2,True
eval_force_feedback,eval_script,diagnostic_other_protocol,62,id,setup_force_budget_exceeded,10,0.0,0.0,0.0,"paired environment-seed bootstrap 95%, identical recorded physical parameters",0,10,0,False
eval_force_feedback,eval_script,diagnostic_other_protocol,62,id,setup_peak_normal_N,10,0.0,0.0,0.0,"paired environment-seed bootstrap 95%, identical recorded physical parameters",0,10,0,False
eval_force_feedback,eval_script,diagnostic_other_protocol,62,id,sustained_native_success,10,0.1,0.0,0.3,"paired environment-seed bootstrap 95%, identical recorded physical parameters",1,9,0,True
eval_force_feedback,eval_script,diagnostic_other_protocol,62,id,sustained_success_within_force_budget,10,0.3,0.0,0.6,"paired environment-seed bootstrap 95%, identical recorded physical parameters",3,7,0,True
eval_force_feedback,eval_script,diagnostic_other_protocol,62,ood,any_native_success,10,0.0,0.0,0.0,"paired environment-seed bootstrap 95%, identical recorded physical parameters",0,10,0,True
eval_force_feedback,eval_script,diagnostic_other_protocol,62,ood,bilateral_contact_at_takeover,10,0.0,0.0,0.0,"paired environment-seed bootstrap 95%, identical recorded physical parameters",0,10,0,False
eval_force_feedback,eval_script,diagnostic_other_protocol,62,ood,final_native_success,10,0.0,0.0,0.0,"paired environment-seed bootstrap 95%, identical recorded physical parameters",0,10,0,True
eval_force_feedback,eval_script,diagnostic_other_protocol,62,ood,force_budget_exceeded,10,0.1,0.0,0.3,"paired environment-seed bootstrap 95%, identical recorded physical parameters",1,9,0,False
eval_force_feedback,eval_script,diagnostic_other_protocol,62,ood,full_episode_peak_normal_N,10,-0.04225578308105469,-1.7250908875465394,2.3599179244041437,"paired environment-seed bootstrap 95%, identical recorded physical parameters",2,3,5,False
eval_force_feedback,eval_script,diagnostic_other_protocol,62,ood,intervention_force_budget_exceeded,10,0.1,0.0,0.3,"paired environment-seed bootstrap 95%, identical recorded physical parameters",1,9,0,False
eval_force_feedback,eval_script,diagnostic_other_protocol,62,ood,intervention_peak_normal_N,10,-0.07353973388671875,-1.723087315559387,2.3055988335609436,"paired environment-seed bootstrap 95%, identical recorded physical parameters",2,3,5,False
eval_force_feedback,eval_script,diagnostic_other_protocol,62,ood,native_shaped_return,10,0.08889966310199852,-0.13568867082081684,0.4555518571781457,"paired environment-seed bootstrap 95%, identical recorded physical parameters",2,3,5,True
eval_force_feedback,eval_script,diagnostic_other_protocol,62,ood,setup_force_budget_exceeded,10,0.0,0.0,0.0,"paired environment-seed bootstrap 95%, identical recorded physical parameters",0,10,0,False
eval_force_feedback,eval_script,diagnostic_other_protocol,62,ood,setup_peak_normal_N,10,0.0,0.0,0.0,"paired environment-seed bootstrap 95%, identical recorded physical parameters",0,10,0,False
eval_force_feedback,eval_script,diagnostic_other_protocol,62,ood,sustained_native_success,10,0.0,0.0,0.0,"paired environment-seed bootstrap 95%, identical recorded physical parameters",0,10,0,True
eval_force_feedback,eval_script,diagnostic_other_protocol,62,ood,sustained_success_within_force_budget,10,0.0,0.0,0.0,"paired environment-seed bootstrap 95%, identical recorded physical parameters",0,10,0,True
eval_script,eval_force_feedback,diagnostic_other_protocol,62,all,any_native_success,20,-0.05,-0.15,0.0,"paired environment-seed bootstrap 95%, identical recorded physical parameters",0,19,1,True
eval_script,eval_force_feedback,diagnostic_other_protocol,62,all,bilateral_contact_at_takeover,20,0.0,0.0,0.0,"paired environment-seed bootstrap 95%, identical recorded physical parameters",0,20,0,False
eval_script,eval_force_feedback,diagnostic_other_protocol,62,all,final_native_success,20,-0.05,-0.15,0.0,"paired environment-seed bootstrap 95%, identical recorded physical parameters",0,19,1,True
eval_script,eval_force_feedback,diagnostic_other_protocol,62,all,force_budget_exceeded,20,0.0,-0.2,0.2,"paired environment-seed bootstrap 95%, identical recorded physical parameters",2,16,2,False
eval_script,eval_force_feedback,diagnostic_other_protocol,62,all,full_episode_peak_normal_N,20,0.25146782398223877,-2.0487397408485415,2.7574204856157287,"paired environment-seed bootstrap 95%, identical recorded physical parameters",10,5,5,False
eval_script,eval_force_feedback,diagnostic_other_protocol,62,all,intervention_force_budget_exceeded,20,0.0,-0.2,0.2,"paired environment-seed bootstrap 95%, identical recorded physical parameters",2,16,2,False
eval_script,eval_force_feedback,diagnostic_other_protocol,62,all,intervention_peak_normal_N,20,0.24555683135986328,-1.971750839948654,2.7062135875225066,"paired environment-seed bootstrap 95%, identical recorded physical parameters",10,5,5,False
eval_script,eval_force_feedback,diagnostic_other_protocol,62,all,native_shaped_return,20,-3.243929607140049,-9.33137491179309,-0.041514532352668755,"paired environment-seed bootstrap 95%, identical recorded physical parameters",7,4,9,True
eval_script,eval_force_feedback,diagnostic_other_protocol,62,all,setup_force_budget_exceeded,20,0.0,0.0,0.0,"paired environment-seed bootstrap 95%, identical recorded physical parameters",0,20,0,False
eval_script,eval_force_feedback,diagnostic_other_protocol,62,all,setup_peak_normal_N,20,0.0,0.0,0.0,"paired environment-seed bootstrap 95%, identical recorded physical parameters",0,20,0,False
eval_script,eval_force_feedback,diagnostic_other_protocol,62,all,sustained_native_success,20,-0.05,-0.15,0.0,"paired environment-seed bootstrap 95%, identical recorded physical parameters",0,19,1,True
eval_script,eval_force_feedback,diagnostic_other_protocol,62,all,sustained_success_within_force_budget,20,-0.15,-0.35,0.0,"paired environment-seed bootstrap 95%, identical recorded physical parameters",0,17,3,True
eval_script,eval_force_feedback,diagnostic_other_protocol,62,id,any_native_success,10,-0.1,-0.3,0.0,"paired environment-seed bootstrap 95%, identical recorded physical parameters",0,9,1,True
eval_script,eval_force_feedback,diagnostic_other_protocol,62,id,bilateral_contact_at_takeover,10,0.0,0.0,0.0,"paired environment-seed bootstrap 95%, identical recorded physical parameters",0,10,0,False
eval_script,eval_force_feedback,diagnostic_other_protocol,62,id,final_native_success,10,-0.1,-0.3,0.0,"paired environment-seed bootstrap 95%, identical recorded physical parameters",0,9,1,True
eval_script,eval_force_feedback,diagnostic_other_protocol,62,id,force_budget_exceeded,10,0.1,-0.2,0.4,"paired environment-seed bootstrap 95%, identical recorded physical parameters",2,7,1,False
eval_script,eval_force_feedback,diagnostic_other_protocol,62,id,full_episode_peak_normal_N,10,0.46067986488342283,-3.6463071799278257,5.286279141902918,"paired environment-seed bootstrap 95%, identical recorded physical parameters",5,2,3,False
eval_script,eval_force_feedback,diagnostic_other_protocol,62,id,intervention_force_budget_exceeded,10,0.1,-0.2,0.4,"paired environment-seed bootstrap 95%, identical recorded physical parameters",2,7,1,False
eval_script,eval_force_feedback,diagnostic_other_protocol,62,id,intervention_peak_normal_N,10,0.4175739288330078,-3.37477708697319,4.8614108574390364,"paired environment-seed bootstrap 95%, identical recorded physical parameters",5,2,3,False
eval_script,eval_force_feedback,diagnostic_other_protocol,62,id,native_shaped_return,10,-6.398959551178098,-18.57962537555543,-0.0035156076627815506,"paired environment-seed bootstrap 95%, identical recorded physical parameters",2,1,7,True
eval_script,eval_force_feedback,diagnostic_other_protocol,62,id,setup_force_budget_exceeded,10,0.0,0.0,0.0,"paired environment-seed bootstrap 95%, identical recorded physical parameters",0,10,0,False
eval_script,eval_force_feedback,diagnostic_other_protocol,62,id,setup_peak_normal_N,10,0.0,0.0,0.0,"paired environment-seed bootstrap 95%, identical recorded physical parameters",0,10,0,False
eval_script,eval_force_feedback,diagnostic_other_protocol,62,id,sustained_native_success,10,-0.1,-0.3,0.0,"paired environment-seed bootstrap 95%, identical recorded physical parameters",0,9,1,True
eval_script,eval_force_feedback,diagnostic_other_protocol,62,id,sustained_success_within_force_budget,10,-0.3,-0.6,0.0,"paired environment-seed bootstrap 95%, identical recorded physical parameters",0,7,3,True
eval_script,eval_force_feedback,diagnostic_other_protocol,62,ood,any_native_success,10,0.0,0.0,0.0,"paired environment-seed bootstrap 95%, identical recorded physical parameters",0,10,0,True
eval_script,eval_force_feedback,diagnostic_other_protocol,62,ood,bilateral_contact_at_takeover,10,0.0,0.0,0.0,"paired environment-seed bootstrap 95%, identical recorded physical parameters",0,10,0,False
eval_script,eval_force_feedback,diagnostic_other_protocol,62,ood,final_native_success,10,0.0,0.0,0.0,"paired environment-seed bootstrap 95%, identical recorded physical parameters",0,10,0,True
eval_script,eval_force_feedback,diagnostic_other_protocol,62,ood,force_budget_exceeded,10,-0.1,-0.3,0.0,"paired environment-seed bootstrap 95%, identical recorded physical parameters",0,9,1,False
eval_script,eval_force_feedback,diagnostic_other_protocol,62,ood,full_episode_peak_normal_N,10,0.04225578308105469,-2.353044216632843,1.695570375919342,"paired environment-seed bootstrap 95%, identical recorded physical parameters",5,3,2,False
eval_script,eval_force_feedback,diagnostic_other_protocol,62,ood,intervention_force_budget_exceeded,10,-0.1,-0.3,0.0,"paired environment-seed bootstrap 95%, identical recorded physical parameters",0,9,1,False
eval_script,eval_force_feedback,diagnostic_other_protocol,62,ood,intervention_peak_normal_N,10,0.07353973388671875,-2.308177468776703,1.7759105587005608,"paired environment-seed bootstrap 95%, identical recorded physical parameters",5,3,2,False
eval_script,eval_force_feedback,diagnostic_other_protocol,62,ood,native_shaped_return,10,-0.08889966310199852,-0.44138634395262427,0.14070047940006797,"paired environment-seed bootstrap 95%, identical recorded physical parameters",5,3,2,True
eval_script,eval_force_feedback,diagnostic_other_protocol,62,ood,setup_force_budget_exceeded,10,0.0,0.0,0.0,"paired environment-seed bootstrap 95%, identical recorded physical parameters",0,10,0,False
eval_script,eval_force_feedback,diagnostic_other_protocol,62,ood,setup_peak_normal_N,10,0.0,0.0,0.0,"paired environment-seed bootstrap 95%, identical recorded physical parameters",0,10,0,False
eval_script,eval_force_feedback,diagnostic_other_protocol,62,ood,sustained_native_success,10,0.0,0.0,0.0,"paired environment-seed bootstrap 95%, identical recorded physical parameters",0,10,0,True
eval_script,eval_force_feedback,diagnostic_other_protocol,62,ood,sustained_success_within_force_budget,10,0.0,0.0,0.0,"paired environment-seed bootstrap 95%, identical recorded physical parameters",0,10,0,True
force_feedback,script,primary,44,all,any_native_success,20,0.05,0.0,0.15,"paired environment-seed bootstrap 95%, identical recorded physical parameters",1,19,0,True
force_feedback,script,primary,44,all,bilateral_contact_at_takeover,20,0.0,0.0,0.0,"paired environment-seed bootstrap 95%, identical recorded physical parameters",0,20,0,False
force_feedback,script,primary,44,all,final_native_success,20,0.05,0.0,0.15,"paired environment-seed bootstrap 95%, identical recorded physical parameters",1,19,0,True
force_feedback,script,primary,44,all,force_budget_exceeded,20,-0.25,-0.5,0.0,"paired environment-seed bootstrap 95%, identical recorded physical parameters",2,11,7,False
force_feedback,script,primary,44,all,full_episode_peak_normal_N,20,-3.0939340114593508,-6.4526577180624,0.4975655186176278,"paired environment-seed bootstrap 95%, identical recorded physical parameters",6,2,12,False
force_feedback,script,primary,44,all,intervention_force_budget_exceeded,20,-0.4,-0.7,-0.1,"paired environment-seed bootstrap 95%, identical recorded physical parameters",2,8,10,False
force_feedback,script,primary,44,all,intervention_peak_normal_N,20,-3.5772135496139525,-7.051447592377662,0.07284445047378525,"paired environment-seed bootstrap 95%, identical recorded physical parameters",6,2,12,False
force_feedback,script,primary,44,all,native_shaped_return,20,3.1690097967064133,-0.28355511664593774,9.612113437865219,"paired environment-seed bootstrap 95%, identical recorded physical parameters",6,1,13,True
force_feedback,script,primary,44,all,setup_force_budget_exceeded,20,0.0,0.0,0.0,"paired environment-seed bootstrap 95%, identical recorded physical parameters",0,20,0,False
force_feedback,script,primary,44,all,setup_peak_normal_N,20,0.0,0.0,0.0,"paired environment-seed bootstrap 95%, identical recorded physical parameters",0,20,0,False
force_feedback,script,primary,44,all,sustained_10cm_lift_success,20,0.05,0.0,0.15,"paired environment-seed bootstrap 95%, identical recorded physical parameters",1,19,0,True
force_feedback,script,primary,44,all,sustained_10cm_lift_within_force_budget,20,0.15,0.0,0.3,"paired environment-seed bootstrap 95%, identical recorded physical parameters",3,17,0,True
force_feedback,script,primary,44,all,sustained_native_success,20,0.05,0.0,0.15,"paired environment-seed bootstrap 95%, identical recorded physical parameters",1,19,0,True
force_feedback,script,primary,44,all,sustained_success_within_force_budget,20,0.15,0.0,0.35,"paired environment-seed bootstrap 95%, identical recorded physical parameters",3,17,0,True
force_feedback,script,primary,44,id,any_native_success,10,0.1,0.0,0.3,"paired environment-seed bootstrap 95%, identical recorded physical parameters",1,9,0,True
force_feedback,script,primary,44,id,bilateral_contact_at_takeover,10,0.0,0.0,0.0,"paired environment-seed bootstrap 95%, identical recorded physical parameters",0,10,0,False
force_feedback,script,primary,44,id,final_native_success,10,0.1,0.0,0.3,"paired environment-seed bootstrap 95%, identical recorded physical parameters",1,9,0,True
force_feedback,script,primary,44,id,force_budget_exceeded,10,-0.1,-0.4,0.2,"paired environment-seed bootstrap 95%, identical recorded physical parameters",1,7,2,False
force_feedback,script,primary,44,id,full_episode_peak_normal_N,10,-2.671997308731079,-8.370081778764725,2.7922518885135648,"paired environment-seed bootstrap 95%, identical recorded physical parameters",3,2,5,False
force_feedback,script,primary,44,id,intervention_force_budget_exceeded,10,-0.4,-0.8,0.0,"paired environment-seed bootstrap 95%, identical recorded physical parameters",1,4,5,False
force_feedback,script,primary,44,id,intervention_peak_normal_N,10,-3.638556385040283,-9.555657604932785,2.173937463760376,"paired environment-seed bootstrap 95%, identical recorded physical parameters",3,2,5,False
force_feedback,script,primary,44,id,native_shaped_return,10,6.475739050749269,-0.19606558152242334,18.912458182379776,"paired environment-seed bootstrap 95%, identical recorded physical parameters",4,1,5,True
force_feedback,script,primary,44,id,setup_force_budget_exceeded,10,0.0,0.0,0.0,"paired environment-seed bootstrap 95%, identical recorded physical parameters",0,10,0,False
force_feedback,script,primary,44,id,setup_peak_normal_N,10,0.0,0.0,0.0,"paired environment-seed bootstrap 95%, identical recorded physical parameters",0,10,0,False
force_feedback,script,primary,44,id,sustained_10cm_lift_success,10,0.1,0.0,0.3,"paired environment-seed bootstrap 95%, identical recorded physical parameters",1,9,0,True
force_feedback,script,primary,44,id,sustained_10cm_lift_within_force_budget,10,0.3,0.0,0.6,"paired environment-seed bootstrap 95%, identical recorded physical parameters",3,7,0,True
force_feedback,script,primary,44,id,sustained_native_success,10,0.1,0.0,0.3,"paired environment-seed bootstrap 95%, identical recorded physical parameters",1,9,0,True
force_feedback,script,primary,44,id,sustained_success_within_force_budget,10,0.3,0.0,0.6,"paired environment-seed bootstrap 95%, identical recorded physical parameters",3,7,0,True
force_feedback,script,primary,44,ood,any_native_success,10,0.0,0.0,0.0,"paired environment-seed bootstrap 95%, identical recorded physical parameters",0,10,0,True
force_feedback,script,primary,44,ood,bilateral_contact_at_takeover,10,0.0,0.0,0.0,"paired environment-seed bootstrap 95%, identical recorded physical parameters",0,10,0,False
force_feedback,script,primary,44,ood,final_native_success,10,0.0,0.0,0.0,"paired environment-seed bootstrap 95%, identical recorded physical parameters",0,10,0,True
force_feedback,script,primary,44,ood,force_budget_exceeded,10,-0.4,-0.8,0.0,"paired environment-seed bootstrap 95%, identical recorded physical parameters",1,4,5,False
force_feedback,script,primary,44,ood,full_episode_peak_normal_N,10,-3.515870714187622,-7.825678586959839,0.7711100625991804,"paired environment-seed bootstrap 95%, identical recorded physical parameters",3,0,7,False
force_feedback,script,primary,44,ood,intervention_force_budget_exceeded,10,-0.4,-0.8,0.0,"paired environment-seed bootstrap 95%, identical recorded physical parameters",1,4,5,False
force_feedback,script,primary,44,ood,intervention_peak_normal_N,10,-3.515870714187622,-7.891679382324218,0.5883868551254258,"paired environment-seed bootstrap 95%, identical recorded physical parameters",3,0,7,False
force_feedback,script,primary,44,ood,native_shaped_return,10,-0.13771945733644203,-0.6722349477151575,0.5475617938447066,"paired environment-seed bootstrap 95%, identical recorded physical parameters",2,0,8,True
force_feedback,script,primary,44,ood,setup_force_budget_exceeded,10,0.0,0.0,0.0,"paired environment-seed bootstrap 95%, identical recorded physical parameters",0,10,0,False
force_feedback,script,primary,44,ood,setup_peak_normal_N,10,0.0,0.0,0.0,"paired environment-seed bootstrap 95%, identical recorded physical parameters",0,10,0,False
force_feedback,script,primary,44,ood,sustained_10cm_lift_success,10,0.0,0.0,0.0,"paired environment-seed bootstrap 95%, identical recorded physical parameters",0,10,0,True
force_feedback,script,primary,44,ood,sustained_10cm_lift_within_force_budget,10,0.0,0.0,0.0,"paired environment-seed bootstrap 95%, identical recorded physical parameters",0,10,0,True
force_feedback,script,primary,44,ood,sustained_native_success,10,0.0,0.0,0.0,"paired environment-seed bootstrap 95%, identical recorded physical parameters",0,10,0,True
force_feedback,script,primary,44,ood,sustained_success_within_force_budget,10,0.0,0.0,0.0,"paired environment-seed bootstrap 95%, identical recorded physical parameters",0,10,0,True
script,force_feedback,primary,44,all,any_native_success,20,-0.05,-0.15,0.0,"paired environment-seed bootstrap 95%, identical recorded physical parameters",0,19,1,True
script,force_feedback,primary,44,all,bilateral_contact_at_takeover,20,0.0,0.0,0.0,"paired environment-seed bootstrap 95%, identical recorded physical parameters",0,20,0,False
script,force_feedback,primary,44,all,final_native_success,20,-0.05,-0.15,0.0,"paired environment-seed bootstrap 95%, identical recorded physical parameters",0,19,1,True
script,force_feedback,primary,44,all,force_budget_exceeded,20,0.25,-0.05,0.5,"paired environment-seed bootstrap 95%, identical recorded physical parameters",7,11,2,False
script,force_feedback,primary,44,all,full_episode_peak_normal_N,20,3.0939340114593508,-0.3025863713026047,6.552588162422176,"paired environment-seed bootstrap 95%, identical recorded physical parameters",12,2,6,False
script,force_feedback,primary,44,all,intervention_force_budget_exceeded,20,0.4,0.1,0.7,"paired environment-seed bootstrap 95%, identical recorded physical parameters",10,8,2,False
script,force_feedback,primary,44,all,intervention_peak_normal_N,20,3.5772135496139525,-0.012460228800773578,7.2744847071170735,"paired environment-seed bootstrap 95%, identical recorded physical parameters",12,2,6,False
script,force_feedback,primary,44,all,native_shaped_return,20,-3.1690097967064133,-9.552504358480691,0.25627264653810655,"paired environment-seed bootstrap 95%, identical recorded physical parameters",13,1,6,True
script,force_feedback,primary,44,all,setup_force_budget_exceeded,20,0.0,0.0,0.0,"paired environment-seed bootstrap 95%, identical recorded physical parameters",0,20,0,False
script,force_feedback,primary,44,all,setup_peak_normal_N,20,0.0,0.0,0.0,"paired environment-seed bootstrap 95%, identical recorded physical parameters",0,20,0,False
script,force_feedback,primary,44,all,sustained_10cm_lift_success,20,-0.05,-0.15,0.0,"paired environment-seed bootstrap 95%, identical recorded physical parameters",0,19,1,True
script,force_feedback,primary,44,all,sustained_10cm_lift_within_force_budget,20,-0.15,-0.3,0.0,"paired environment-seed bootstrap 95%, identical recorded physical parameters",0,17,3,True
script,force_feedback,primary,44,all,sustained_native_success,20,-0.05,-0.15,0.0,"paired environment-seed bootstrap 95%, identical recorded physical parameters",0,19,1,True
script,force_feedback,primary,44,all,sustained_success_within_force_budget,20,-0.15,-0.3,0.0,"paired environment-seed bootstrap 95%, identical recorded physical parameters",0,17,3,True
script,force_feedback,primary,44,id,any_native_success,10,-0.1,-0.3,0.0,"paired environment-seed bootstrap 95%, identical recorded physical parameters",0,9,1,True
script,force_feedback,primary,44,id,bilateral_contact_at_takeover,10,0.0,0.0,0.0,"paired environment-seed bootstrap 95%, identical recorded physical parameters",0,10,0,False
script,force_feedback,primary,44,id,final_native_success,10,-0.1,-0.3,0.0,"paired environment-seed bootstrap 95%, identical recorded physical parameters",0,9,1,True
script,force_feedback,primary,44,id,force_budget_exceeded,10,0.1,-0.2,0.4,"paired environment-seed bootstrap 95%, identical recorded physical parameters",2,7,1,False
script,force_feedback,primary,44,id,full_episode_peak_normal_N,10,2.671997308731079,-2.736498240232468,7.975989384651184,"paired environment-seed bootstrap 95%, identical recorded physical parameters",5,2,3,False
script,force_feedback,primary,44,id,intervention_force_budget_exceeded,10,0.4,0.0,0.8,"paired environment-seed bootstrap 95%, identical recorded physical parameters",5,4,1,False
script,force_feedback,primary,44,id,intervention_peak_normal_N,10,3.638556385040283,-2.534719796180725,9.362144498825074,"paired environment-seed bootstrap 95%, identical recorded physical parameters",5,2,3,False
script,force_feedback,primary,44,id,native_shaped_return,10,-6.475739050749269,-18.96637061365145,0.15236305670778785,"paired environment-seed bootstrap 95%, identical recorded physical parameters",5,1,4,True
script,force_feedback,primary,44,id,setup_force_budget_exceeded,10,0.0,0.0,0.0,"paired environment-seed bootstrap 95%, identical recorded physical parameters",0,10,0,False
script,force_feedback,primary,44,id,setup_peak_normal_N,10,0.0,0.0,0.0,"paired environment-seed bootstrap 95%, identical recorded physical parameters",0,10,0,False
script,force_feedback,primary,44,id,sustained_10cm_lift_success,10,-0.1,-0.3,0.0,"paired environment-seed bootstrap 95%, identical recorded physical parameters",0,9,1,True
script,force_feedback,primary,44,id,sustained_10cm_lift_within_force_budget,10,-0.3,-0.6,-0.1,"paired environment-seed bootstrap 95%, identical recorded physical parameters",0,7,3,True
script,force_feedback,primary,44,id,sustained_native_success,10,-0.1,-0.3,0.0,"paired environment-seed bootstrap 95%, identical recorded physical parameters",0,9,1,True
script,force_feedback,primary,44,id,sustained_success_within_force_budget,10,-0.3,-0.6,0.0,"paired environment-seed bootstrap 95%, identical recorded physical parameters",0,7,3,True
script,force_feedback,primary,44,ood,any_native_success,10,0.0,0.0,0.0,"paired environment-seed bootstrap 95%, identical recorded physical parameters",0,10,0,True
script,force_feedback,primary,44,ood,bilateral_contact_at_takeover,10,0.0,0.0,0.0,"paired environment-seed bootstrap 95%, identical recorded physical parameters",0,10,0,False
script,force_feedback,primary,44,ood,final_native_success,10,0.0,0.0,0.0,"paired environment-seed bootstrap 95%, identical recorded physical parameters",0,10,0,True
script,force_feedback,primary,44,ood,force_budget_exceeded,10,0.4,0.0,0.8,"paired environment-seed bootstrap 95%, identical recorded physical parameters",5,4,1,False
script,force_feedback,primary,44,ood,full_episode_peak_normal_N,10,3.515870714187622,-0.7393435609340667,7.689671566486358,"paired environment-seed bootstrap 95%, identical recorded physical parameters",7,0,3,False
script,force_feedback,primary,44,ood,intervention_force_budget_exceeded,10,0.4,0.0,0.8,"paired environment-seed bootstrap 95%, identical recorded physical parameters",5,4,1,False
script,force_feedback,primary,44,ood,intervention_peak_normal_N,10,3.515870714187622,-0.8094782721996308,7.727751351594924,"paired environment-seed bootstrap 95%, identical recorded physical parameters",7,0,3,False
script,force_feedback,primary,44,ood,native_shaped_return,10,0.13771945733644203,-0.5923464052318695,0.6672101721842345,"paired environment-seed bootstrap 95%, identical recorded physical parameters",8,0,2,True
script,force_feedback,primary,44,ood,setup_force_budget_exceeded,10,0.0,0.0,0.0,"paired environment-seed bootstrap 95%, identical recorded physical parameters",0,10,0,False
script,force_feedback,primary,44,ood,setup_peak_normal_N,10,0.0,0.0,0.0,"paired environment-seed bootstrap 95%, identical recorded physical parameters",0,10,0,False
script,force_feedback,primary,44,ood,sustained_10cm_lift_success,10,0.0,0.0,0.0,"paired environment-seed bootstrap 95%, identical recorded physical parameters",0,10,0,True
script,force_feedback,primary,44,ood,sustained_10cm_lift_within_force_budget,10,0.0,0.0,0.0,"paired environment-seed bootstrap 95%, identical recorded physical parameters",0,10,0,True
script,force_feedback,primary,44,ood,sustained_native_success,10,0.0,0.0,0.0,"paired environment-seed bootstrap 95%, identical recorded physical parameters",0,10,0,True
script,force_feedback,primary,44,ood,sustained_success_within_force_budget,10,0.0,0.0,0.0,"paired environment-seed bootstrap 95%, identical recorded physical parameters",0,10,0,True
vision_seed0_bc,force_feedback,primary,44,all,any_native_success,20,-0.15,-0.3,0.0,"paired environment-seed bootstrap 95%, identical recorded physical parameters",0,17,3,True
vision_seed0_bc,force_feedback,primary,44,all,bilateral_contact_at_takeover,20,0.0,0.0,0.0,"paired environment-seed bootstrap 95%, identical recorded physical parameters",0,20,0,False
vision_seed0_bc,force_feedback,primary,44,all,final_native_success,20,-0.15,-0.3,0.0,"paired environment-seed bootstrap 95%, identical recorded physical parameters",0,17,3,True
vision_seed0_bc,force_feedback,primary,44,all,force_budget_exceeded,20,0.2,-0.1,0.5,"paired environment-seed bootstrap 95%, identical recorded physical parameters",7,10,3,False
vision_seed0_bc,force_feedback,primary,44,all,full_episode_peak_normal_N,20,1.4479974538087845,-1.9664827299118042,4.890694788545369,"paired environment-seed bootstrap 95%, identical recorded physical parameters",11,0,9,False
vision_seed0_bc,force_feedback,primary,44,all,intervention_force_budget_exceeded,20,0.3,-0.05,0.6,"paired environment-seed bootstrap 95%, identical recorded physical parameters",9,8,3,False
vision_seed0_bc,force_feedback,primary,44,all,intervention_peak_normal_N,20,1.3266733556985855,-2.094618125334382,4.7587849553674415,"paired environment-seed bootstrap 95%, identical recorded physical parameters",10,0,10,False
vision_seed0_bc,force_feedback,primary,44,all,native_shaped_return,20,-10.064913102537403,-23.032399771815673,1.1627837464546602,"paired environment-seed bootstrap 95%, identical recorded physical parameters",7,0,13,True
vision_seed0_bc,force_feedback,primary,44,all,setup_force_budget_exceeded,20,0.0,0.0,0.0,"paired environment-seed bootstrap 95%, identical recorded physical parameters",0,20,0,False
vision_seed0_bc,force_feedback,primary,44,all,setup_peak_normal_N,20,0.0,0.0,0.0,"paired environment-seed bootstrap 95%, identical recorded physical parameters",0,20,0,False
vision_seed0_bc,force_feedback,primary,44,all,sustained_10cm_lift_success,20,-0.25,-0.45,-0.05,"paired environment-seed bootstrap 95%, identical recorded physical parameters",0,15,5,True
vision_seed0_bc,force_feedback,primary,44,all,sustained_10cm_lift_within_force_budget,20,-0.2,-0.4,-0.05,"paired environment-seed bootstrap 95%, identical recorded physical parameters",0,16,4,True
vision_seed0_bc,force_feedback,primary,44,all,sustained_native_success,20,-0.25,-0.45,-0.1,"paired environment-seed bootstrap 95%, identical recorded physical parameters",0,15,5,True
vision_seed0_bc,force_feedback,primary,44,all,sustained_success_within_force_budget,20,-0.2,-0.4,-0.05,"paired environment-seed bootstrap 95%, identical recorded physical parameters",0,16,4,True
vision_seed0_bc,force_feedback,primary,44,id,any_native_success,10,-0.3,-0.6,-0.1,"paired environment-seed bootstrap 95%, identical recorded physical parameters",0,7,3,True
vision_seed0_bc,force_feedback,primary,44,id,bilateral_contact_at_takeover,10,0.0,0.0,0.0,"paired environment-seed bootstrap 95%, identical recorded physical parameters",0,10,0,False
vision_seed0_bc,force_feedback,primary,44,id,final_native_success,10,-0.3,-0.6,-0.1,"paired environment-seed bootstrap 95%, identical recorded physical parameters",0,7,3,True
vision_seed0_bc,force_feedback,primary,44,id,force_budget_exceeded,10,0.0,-0.3,0.3,"paired environment-seed bootstrap 95%, identical recorded physical parameters",1,8,1,False
vision_seed0_bc,force_feedback,primary,44,id,full_episode_peak_normal_N,10,-0.4015422284603119,-5.136217233091593,4.4772522988915435,"paired environment-seed bootstrap 95%, identical recorded physical parameters",4,0,6,False
vision_seed0_bc,force_feedback,primary,44,id,intervention_force_budget_exceeded,10,0.3,-0.1,0.7,"paired environment-seed bootstrap 95%, identical recorded physical parameters",4,5,1,False
vision_seed0_bc,force_feedback,primary,44,id,intervention_peak_normal_N,10,0.5460710823535919,-4.607768503427506,6.011321819573636,"paired environment-seed bootstrap 95%, identical recorded physical parameters",4,0,6,False
vision_seed0_bc,force_feedback,primary,44,id,native_shaped_return,10,-26.999290426622714,-45.859223803263596,-9.986372000787172,"paired environment-seed bootstrap 95%, identical recorded physical parameters",2,0,8,True
vision_seed0_bc,force_feedback,primary,44,id,setup_force_budget_exceeded,10,0.0,0.0,0.0,"paired environment-seed bootstrap 95%, identical recorded physical parameters",0,10,0,False
vision_seed0_bc,force_feedback,primary,44,id,setup_peak_normal_N,10,0.0,0.0,0.0,"paired environment-seed bootstrap 95%, identical recorded physical parameters",0,10,0,False
vision_seed0_bc,force_feedback,primary,44,id,sustained_10cm_lift_success,10,-0.5,-0.8,-0.2,"paired environment-seed bootstrap 95%, identical recorded physical parameters",0,5,5,True
vision_seed0_bc,force_feedback,primary,44,id,sustained_10cm_lift_within_force_budget,10,-0.4,-0.7,-0.1,"paired environment-seed bootstrap 95%, identical recorded physical parameters",0,6,4,True
vision_seed0_bc,force_feedback,primary,44,id,sustained_native_success,10,-0.5,-0.8,-0.2,"paired environment-seed bootstrap 95%, identical recorded physical parameters",0,5,5,True
vision_seed0_bc,force_feedback,primary,44,id,sustained_success_within_force_budget,10,-0.4,-0.7,-0.1,"paired environment-seed bootstrap 95%, identical recorded physical parameters",0,6,4,True
vision_seed0_bc,force_feedback,primary,44,ood,any_native_success,10,0.0,0.0,0.0,"paired environment-seed bootstrap 95%, identical recorded physical parameters",0,10,0,True
vision_seed0_bc,force_feedback,primary,44,ood,bilateral_contact_at_takeover,10,0.0,0.0,0.0,"paired environment-seed bootstrap 95%, identical recorded physical parameters",0,10,0,False
vision_seed0_bc,force_feedback,primary,44,ood,final_native_success,10,0.0,0.0,0.0,"paired environment-seed bootstrap 95%, identical recorded physical parameters",0,10,0,True
vision_seed0_bc,force_feedback,primary,44,ood,force_budget_exceeded,10,0.4,-0.1,0.9,"paired environment-seed bootstrap 95%, identical recorded physical parameters",6,2,2,False
vision_seed0_bc,force_feedback,primary,44,ood,full_episode_peak_normal_N,10,3.2975371360778807,-1.299647456407547,7.679881709814066,"paired environment-seed bootstrap 95%, identical recorded physical parameters",7,0,3,False
vision_seed0_bc,force_feedback,primary,44,ood,intervention_force_budget_exceeded,10,0.3,-0.2,0.8,"paired environment-seed bootstrap 95%, identical recorded physical parameters",5,3,2,False
vision_seed0_bc,force_feedback,primary,44,ood,intervention_peak_normal_N,10,2.107275629043579,-2.008346117734909,6.590536462068558,"paired environment-seed bootstrap 95%, identical recorded physical parameters",6,0,4,False
vision_seed0_bc,force_feedback,primary,44,ood,native_shaped_return,10,6.8694642215479105,-1.6401484080349211,15.440733423431531,"paired environment-seed bootstrap 95%, identical recorded physical parameters",5,0,5,True
vision_seed0_bc,force_feedback,primary,44,ood,setup_force_budget_exceeded,10,0.0,0.0,0.0,"paired environment-seed bootstrap 95%, identical recorded physical parameters",0,10,0,False
vision_seed0_bc,force_feedback,primary,44,ood,setup_peak_normal_N,10,0.0,0.0,0.0,"paired environment-seed bootstrap 95%, identical recorded physical parameters",0,10,0,False
vision_seed0_bc,force_feedback,primary,44,ood,sustained_10cm_lift_success,10,0.0,0.0,0.0,"paired environment-seed bootstrap 95%, identical recorded physical parameters",0,10,0,True
vision_seed0_bc,force_feedback,primary,44,ood,sustained_10cm_lift_within_force_budget,10,0.0,0.0,0.0,"paired environment-seed bootstrap 95%, identical recorded physical parameters",0,10,0,True
vision_seed0_bc,force_feedback,primary,44,ood,sustained_native_success,10,0.0,0.0,0.0,"paired environment-seed bootstrap 95%, identical recorded physical parameters",0,10,0,True
vision_seed0_bc,force_feedback,primary,44,ood,sustained_success_within_force_budget,10,0.0,0.0,0.0,"paired environment-seed bootstrap 95%, identical recorded physical parameters",0,10,0,True
vision_seed0_bc,script,primary,44,all,any_native_success,20,-0.1,-0.25,0.0,"paired environment-seed bootstrap 95%, identical recorded physical parameters",0,18,2,True
vision_seed0_bc,script,primary,44,all,bilateral_contact_at_takeover,20,0.0,0.0,0.0,"paired environment-seed bootstrap 95%, identical recorded physical parameters",0,20,0,False
vision_seed0_bc,script,primary,44,all,final_native_success,20,-0.1,-0.25,0.0,"paired environment-seed bootstrap 95%, identical recorded physical parameters",0,18,2,True
vision_seed0_bc,script,primary,44,all,force_budget_exceeded,20,-0.05,-0.25,0.1,"paired environment-seed bootstrap 95%, identical recorded physical parameters",1,17,2,False
vision_seed0_bc,script,primary,44,all,full_episode_peak_normal_N,20,-1.645936557650566,-4.012807179614901,0.0021983039379119772,"paired environment-seed bootstrap 95%, identical recorded physical parameters",5,4,11,False
vision_seed0_bc,script,primary,44,all,intervention_force_budget_exceeded,20,-0.1,-0.25,0.0,"paired environment-seed bootstrap 95%, identical recorded physical parameters",0,18,2,False
vision_seed0_bc,script,primary,44,all,intervention_peak_normal_N,20,-2.2505401939153673,-4.241379124224186,-0.7442288127541545,"paired environment-seed bootstrap 95%, identical recorded physical parameters",2,4,14,False
vision_seed0_bc,script,primary,44,all,native_shaped_return,20,-6.8959033058309895,-18.55038649557486,3.312839078971043,"paired environment-seed bootstrap 95%, identical recorded physical parameters",7,0,13,True
vision_seed0_bc,script,primary,44,all,setup_force_budget_exceeded,20,0.0,0.0,0.0,"paired environment-seed bootstrap 95%, identical recorded physical parameters",0,20,0,False
vision_seed0_bc,script,primary,44,all,setup_peak_normal_N,20,0.0,0.0,0.0,"paired environment-seed bootstrap 95%, identical recorded physical parameters",0,20,0,False
vision_seed0_bc,script,primary,44,all,sustained_10cm_lift_success,20,-0.2,-0.4,-0.05,"paired environment-seed bootstrap 95%, identical recorded physical parameters",0,16,4,True
vision_seed0_bc,script,primary,44,all,sustained_10cm_lift_within_force_budget,20,-0.05,-0.15,0.0,"paired environment-seed bootstrap 95%, identical recorded physical parameters",0,19,1,True
vision_seed0_bc,script,primary,44,all,sustained_native_success,20,-0.2,-0.4,-0.05,"paired environment-seed bootstrap 95%, identical recorded physical parameters",0,16,4,True
vision_seed0_bc,script,primary,44,all,sustained_success_within_force_budget,20,-0.05,-0.15,0.0,"paired environment-seed bootstrap 95%, identical recorded physical parameters",0,19,1,True
vision_seed0_bc,script,primary,44,id,any_native_success,10,-0.2,-0.5,0.0,"paired environment-seed bootstrap 95%, identical recorded physical parameters",0,8,2,True
vision_seed0_bc,script,primary,44,id,bilateral_contact_at_takeover,10,0.0,0.0,0.0,"paired environment-seed bootstrap 95%, identical recorded physical parameters",0,10,0,False
vision_seed0_bc,script,primary,44,id,final_native_success,10,-0.2,-0.5,0.0,"paired environment-seed bootstrap 95%, identical recorded physical parameters",0,8,2,True
vision_seed0_bc,script,primary,44,id,force_budget_exceeded,10,-0.1,-0.3,0.0,"paired environment-seed bootstrap 95%, identical recorded physical parameters",0,9,1,False
vision_seed0_bc,script,primary,44,id,full_episode_peak_normal_N,10,-3.073539537191391,-7.2689015391469,-0.011394548416137695,"paired environment-seed bootstrap 95%, identical recorded physical parameters",0,3,7,False
vision_seed0_bc,script,primary,44,id,intervention_force_budget_exceeded,10,-0.1,-0.3,0.0,"paired environment-seed bootstrap 95%, identical recorded physical parameters",0,9,1,False
vision_seed0_bc,script,primary,44,id,intervention_peak_normal_N,10,-3.092485302686691,-6.961082038283348,-0.4854738205671311,"paired environment-seed bootstrap 95%, identical recorded physical parameters",0,3,7,False
vision_seed0_bc,script,primary,44,id,native_shaped_return,10,-20.523551375873446,-37.55094199534712,-6.56198118179795,"paired environment-seed bootstrap 95%, identical recorded physical parameters",2,0,8,True
vision_seed0_bc,script,primary,44,id,setup_force_budget_exceeded,10,0.0,0.0,0.0,"paired environment-seed bootstrap 95%, identical recorded physical parameters",0,10,0,False
vision_seed0_bc,script,primary,44,id,setup_peak_normal_N,10,0.0,0.0,0.0,"paired environment-seed bootstrap 95%, identical recorded physical parameters",0,10,0,False
vision_seed0_bc,script,primary,44,id,sustained_10cm_lift_success,10,-0.4,-0.7,-0.1,"paired environment-seed bootstrap 95%, identical recorded physical parameters",0,6,4,True
vision_seed0_bc,script,primary,44,id,sustained_10cm_lift_within_force_budget,10,-0.1,-0.3,0.0,"paired environment-seed bootstrap 95%, identical recorded physical parameters",0,9,1,True
vision_seed0_bc,script,primary,44,id,sustained_native_success,10,-0.4,-0.7,-0.1,"paired environment-seed bootstrap 95%, identical recorded physical parameters",0,6,4,True
vision_seed0_bc,script,primary,44,id,sustained_success_within_force_budget,10,-0.1,-0.3,0.0,"paired environment-seed bootstrap 95%, identical recorded physical parameters",0,9,1,True
vision_seed0_bc,script,primary,44,ood,any_native_success,10,0.0,0.0,0.0,"paired environment-seed bootstrap 95%, identical recorded physical parameters",0,10,0,True
vision_seed0_bc,script,primary,44,ood,bilateral_contact_at_takeover,10,0.0,0.0,0.0,"paired environment-seed bootstrap 95%, identical recorded physical parameters",0,10,0,False
vision_seed0_bc,script,primary,44,ood,final_native_success,10,0.0,0.0,0.0,"paired environment-seed bootstrap 95%, identical recorded physical parameters",0,10,0,True
vision_seed0_bc,script,primary,44,ood,force_budget_exceeded,10,0.0,-0.3,0.3,"paired environment-seed bootstrap 95%, identical recorded physical parameters",1,8,1,False
vision_seed0_bc,script,primary,44,ood,full_episode_peak_normal_N,10,-0.21833357810974122,-1.571171042919159,1.0320030379295344,"paired environment-seed bootstrap 95%, identical recorded physical parameters",5,1,4,False
vision_seed0_bc,script,primary,44,ood,intervention_force_budget_exceeded,10,-0.1,-0.3,0.0,"paired environment-seed bootstrap 95%, identical recorded physical parameters",0,9,1,False
vision_seed0_bc,script,primary,44,ood,intervention_peak_normal_N,10,-1.408595085144043,-2.4404772531986234,-0.504013385772705,"paired environment-seed bootstrap 95%, identical recorded physical parameters",2,1,7,False
vision_seed0_bc,script,primary,44,ood,native_shaped_return,10,6.731744764211468,-1.500495478306579,14.74247042798848,"paired environment-seed bootstrap 95%, identical recorded physical parameters",5,0,5,True
vision_seed0_bc,script,primary,44,ood,setup_force_budget_exceeded,10,0.0,0.0,0.0,"paired environment-seed bootstrap 95%, identical recorded physical parameters",0,10,0,False
vision_seed0_bc,script,primary,44,ood,setup_peak_normal_N,10,0.0,0.0,0.0,"paired environment-seed bootstrap 95%, identical recorded physical parameters",0,10,0,False
vision_seed0_bc,script,primary,44,ood,sustained_10cm_lift_success,10,0.0,0.0,0.0,"paired environment-seed bootstrap 95%, identical recorded physical parameters",0,10,0,True
vision_seed0_bc,script,primary,44,ood,sustained_10cm_lift_within_force_budget,10,0.0,0.0,0.0,"paired environment-seed bootstrap 95%, identical recorded physical parameters",0,10,0,True
vision_seed0_bc,script,primary,44,ood,sustained_native_success,10,0.0,0.0,0.0,"paired environment-seed bootstrap 95%, identical recorded physical parameters",0,10,0,True
vision_seed0_bc,script,primary,44,ood,sustained_success_within_force_budget,10,0.0,0.0,0.0,"paired environment-seed bootstrap 95%, identical recorded physical parameters",0,10,0,True
vision_seed0_rl,force_feedback,primary,44,all,any_native_success,20,0.05,0.0,0.15,"paired environment-seed bootstrap 95%, identical recorded physical parameters",1,19,0,True
vision_seed0_rl,force_feedback,primary,44,all,bilateral_contact_at_takeover,20,0.0,0.0,0.0,"paired environment-seed bootstrap 95%, identical recorded physical parameters",0,20,0,False
vision_seed0_rl,force_feedback,primary,44,all,final_native_success,20,-0.35,-0.6,-0.1,"paired environment-seed bootstrap 95%, identical recorded physical parameters",1,11,8,True
vision_seed0_rl,force_feedback,primary,44,all,force_budget_exceeded,20,0.5,0.3,0.7,"paired environment-seed bootstrap 95%, identical recorded physical parameters",10,10,0,False
vision_seed0_rl,force_feedback,primary,44,all,full_episode_peak_normal_N,20,4.682080399990082,3.3608142304420467,6.002646461129188,"paired environment-seed bootstrap 95%, identical recorded physical parameters",18,0,2,False
vision_seed0_rl,force_feedback,primary,44,all,intervention_force_budget_exceeded,20,0.65,0.45,0.85,"paired environment-seed bootstrap 95%, identical recorded physical parameters",13,7,0,False
vision_seed0_rl,force_feedback,primary,44,all,intervention_peak_normal_N,20,4.8774401307106015,3.554291994571686,6.18842771679163,"paired environment-seed bootstrap 95%, identical recorded physical parameters",18,0,2,False
vision_seed0_rl,force_feedback,primary,44,all,native_shaped_return,20,-24.30334940709242,-38.71865071880515,-10.787918523719409,"paired environment-seed bootstrap 95%, identical recorded physical parameters",4,0,16,True
vision_seed0_rl,force_feedback,primary,44,all,setup_force_budget_exceeded,20,0.0,0.0,0.0,"paired environment-seed bootstrap 95%, identical recorded physical parameters",0,20,0,False
vision_seed0_rl,force_feedback,primary,44,all,setup_peak_normal_N,20,0.0,0.0,0.0,"paired environment-seed bootstrap 95%, identical recorded physical parameters",0,20,0,False
vision_seed0_rl,force_feedback,primary,44,all,sustained_10cm_lift_success,20,-0.35,-0.55,-0.15,"paired environment-seed bootstrap 95%, identical recorded physical parameters",0,13,7,True
vision_seed0_rl,force_feedback,primary,44,all,sustained_10cm_lift_within_force_budget,20,-0.2,-0.4,-0.05,"paired environment-seed bootstrap 95%, identical recorded physical parameters",0,16,4,True
vision_seed0_rl,force_feedback,primary,44,all,sustained_native_success,20,-0.1,-0.25,0.0,"paired environment-seed bootstrap 95%, identical recorded physical parameters",0,18,2,True
vision_seed0_rl,force_feedback,primary,44,all,sustained_success_within_force_budget,20,-0.2,-0.4,-0.05,"paired environment-seed bootstrap 95%, identical recorded physical parameters",0,16,4,True
vision_seed0_rl,force_feedback,primary,44,id,any_native_success,10,0.1,0.0,0.3,"paired environment-seed bootstrap 95%, identical recorded physical parameters",1,9,0,True
vision_seed0_rl,force_feedback,primary,44,id,bilateral_contact_at_takeover,10,0.0,0.0,0.0,"paired environment-seed bootstrap 95%, identical recorded physical parameters",0,10,0,False
vision_seed0_rl,force_feedback,primary,44,id,final_native_success,10,-0.7,-1.0,-0.3,"paired environment-seed bootstrap 95%, identical recorded physical parameters",1,1,8,True
vision_seed0_rl,force_feedback,primary,44,id,force_budget_exceeded,10,0.4,0.1,0.7,"paired environment-seed bootstrap 95%, identical recorded physical parameters",4,6,0,False
vision_seed0_rl,force_feedback,primary,44,id,full_episode_peak_normal_N,10,4.30091655254364,2.894474076032638,5.6572014975547775,"paired environment-seed bootstrap 95%, identical recorded physical parameters",9,0,1,False
vision_seed0_rl,force_feedback,primary,44,id,intervention_force_budget_exceeded,10,0.7,0.4,1.0,"paired environment-seed bootstrap 95%, identical recorded physical parameters",7,3,0,False
vision_seed0_rl,force_feedback,primary,44,id,intervention_peak_normal_N,10,5.458011555671692,3.481361070871353,7.13040461063385,"paired environment-seed bootstrap 95%, identical recorded physical parameters",9,0,1,False
vision_seed0_rl,force_feedback,primary,44,id,native_shaped_return,10,-43.158607586383035,-60.214260339555565,-20.91667517733161,"paired environment-seed bootstrap 95%, identical recorded physical parameters",1,0,9,True
vision_seed0_rl,force_feedback,primary,44,id,setup_force_budget_exceeded,10,0.0,0.0,0.0,"paired environment-seed bootstrap 95%, identical recorded physical parameters",0,10,0,False
vision_seed0_rl,force_feedback,primary,44,id,setup_peak_normal_N,10,0.0,0.0,0.0,"paired environment-seed bootstrap 95%, identical recorded physical parameters",0,10,0,False
vision_seed0_rl,force_feedback,primary,44,id,sustained_10cm_lift_success,10,-0.7,-1.0,-0.4,"paired environment-seed bootstrap 95%, identical recorded physical parameters",0,3,7,True
vision_seed0_rl,force_feedback,primary,44,id,sustained_10cm_lift_within_force_budget,10,-0.4,-0.7,-0.1,"paired environment-seed bootstrap 95%, identical recorded physical parameters",0,6,4,True
vision_seed0_rl,force_feedback,primary,44,id,sustained_native_success,10,-0.2,-0.5,0.0,"paired environment-seed bootstrap 95%, identical recorded physical parameters",0,8,2,True
vision_seed0_rl,force_feedback,primary,44,id,sustained_success_within_force_budget,10,-0.4,-0.7,-0.1,"paired environment-seed bootstrap 95%, identical recorded physical parameters",0,6,4,True
vision_seed0_rl,force_feedback,primary,44,ood,any_native_success,10,0.0,0.0,0.0,"paired environment-seed bootstrap 95%, identical recorded physical parameters",0,10,0,True
vision_seed0_rl,force_feedback,primary,44,ood,bilateral_contact_at_takeover,10,0.0,0.0,0.0,"paired environment-seed bootstrap 95%, identical recorded physical parameters",0,10,0,False
vision_seed0_rl,force_feedback,primary,44,ood,final_native_success,10,0.0,0.0,0.0,"paired environment-seed bootstrap 95%, identical recorded physical parameters",0,10,0,True
vision_seed0_rl,force_feedback,primary,44,ood,force_budget_exceeded,10,0.6,0.3,0.9,"paired environment-seed bootstrap 95%, identical recorded physical parameters",6,4,0,False
vision_seed0_rl,force_feedback,primary,44,ood,full_episode_peak_normal_N,10,5.063244247436524,2.8464224576950072,7.270054833889006,"paired environment-seed bootstrap 95%, identical recorded physical parameters",9,0,1,False
vision_seed0_rl,force_feedback,primary,44,ood,intervention_force_budget_exceeded,10,0.6,0.3,0.9,"paired environment-seed bootstrap 95%, identical recorded physical parameters",6,4,0,False
vision_seed0_rl,force_feedback,primary,44,ood,intervention_peak_normal_N,10,4.296868705749512,2.4204291033744814,6.204420293569562,"paired environment-seed bootstrap 95%, identical recorded physical parameters",9,0,1,False
vision_seed0_rl,force_feedback,primary,44,ood,native_shaped_return,10,-5.448091227801805,-15.82683602343802,5.283340501105029,"paired environment-seed bootstrap 95%, identical recorded physical parameters",3,0,7,True
vision_seed0_rl,force_feedback,primary,44,ood,setup_force_budget_exceeded,10,0.0,0.0,0.0,"paired environment-seed bootstrap 95%, identical recorded physical parameters",0,10,0,False
vision_seed0_rl,force_feedback,primary,44,ood,setup_peak_normal_N,10,0.0,0.0,0.0,"paired environment-seed bootstrap 95%, identical recorded physical parameters",0,10,0,False
vision_seed0_rl,force_feedback,primary,44,ood,sustained_10cm_lift_success,10,0.0,0.0,0.0,"paired environment-seed bootstrap 95%, identical recorded physical parameters",0,10,0,True
vision_seed0_rl,force_feedback,primary,44,ood,sustained_10cm_lift_within_force_budget,10,0.0,0.0,0.0,"paired environment-seed bootstrap 95%, identical recorded physical parameters",0,10,0,True
vision_seed0_rl,force_feedback,primary,44,ood,sustained_native_success,10,0.0,0.0,0.0,"paired environment-seed bootstrap 95%, identical recorded physical parameters",0,10,0,True
vision_seed0_rl,force_feedback,primary,44,ood,sustained_success_within_force_budget,10,0.0,0.0,0.0,"paired environment-seed bootstrap 95%, identical recorded physical parameters",0,10,0,True
vision_seed0_rl,script,primary,44,all,any_native_success,20,0.1,0.0,0.25,"paired environment-seed bootstrap 95%, identical recorded physical parameters",2,18,0,True
vision_seed0_rl,script,primary,44,all,bilateral_contact_at_takeover,20,0.0,0.0,0.0,"paired environment-seed bootstrap 95%, identical recorded physical parameters",0,20,0,False
vision_seed0_rl,script,primary,44,all,final_native_success,20,-0.3,-0.55,-0.05,"paired environment-seed bootstrap 95%, identical recorded physical parameters",1,12,7,True
vision_seed0_rl,script,primary,44,all,force_budget_exceeded,20,0.25,0.05,0.45,"paired environment-seed bootstrap 95%, identical recorded physical parameters",5,15,0,False
vision_seed0_rl,script,primary,44,all,full_episode_peak_normal_N,20,1.5881463885307312,-1.3166195634007454,4.952831174135207,"paired environment-seed bootstrap 95%, identical recorded physical parameters",12,0,8,False
vision_seed0_rl,script,primary,44,all,intervention_force_budget_exceeded,20,0.25,0.05,0.45,"paired environment-seed bootstrap 95%, identical recorded physical parameters",5,15,0,False
vision_seed0_rl,script,primary,44,all,intervention_peak_normal_N,20,1.3002265810966491,-1.7785413870215416,4.876601401567458,"paired environment-seed bootstrap 95%, identical recorded physical parameters",12,0,8,False
vision_seed0_rl,script,primary,44,all,native_shaped_return,20,-21.134339610386004,-34.98369481089124,-6.48532683199638,"paired environment-seed bootstrap 95%, identical recorded physical parameters",5,0,15,True
vision_seed0_rl,script,primary,44,all,setup_force_budget_exceeded,20,0.0,0.0,0.0,"paired environment-seed bootstrap 95%, identical recorded physical parameters",0,20,0,False
vision_seed0_rl,script,primary,44,all,setup_peak_normal_N,20,0.0,0.0,0.0,"paired environment-seed bootstrap 95%, identical recorded physical parameters",0,20,0,False
vision_seed0_rl,script,primary,44,all,sustained_10cm_lift_success,20,-0.3,-0.5,-0.1,"paired environment-seed bootstrap 95%, identical recorded physical parameters",0,14,6,True
vision_seed0_rl,script,primary,44,all,sustained_10cm_lift_within_force_budget,20,-0.05,-0.15,0.0,"paired environment-seed bootstrap 95%, identical recorded physical parameters",0,19,1,True
vision_seed0_rl,script,primary,44,all,sustained_native_success,20,-0.05,-0.25,0.1,"paired environment-seed bootstrap 95%, identical recorded physical parameters",1,17,2,True
vision_seed0_rl,script,primary,44,all,sustained_success_within_force_budget,20,-0.05,-0.15,0.0,"paired environment-seed bootstrap 95%, identical recorded physical parameters",0,19,1,True
vision_seed0_rl,script,primary,44,id,any_native_success,10,0.2,0.0,0.5,"paired environment-seed bootstrap 95%, identical recorded physical parameters",2,8,0,True
vision_seed0_rl,script,primary,44,id,bilateral_contact_at_takeover,10,0.0,0.0,0.0,"paired environment-seed bootstrap 95%, identical recorded physical parameters",0,10,0,False
vision_seed0_rl,script,primary,44,id,final_native_success,10,-0.6,-1.0,-0.1,"paired environment-seed bootstrap 95%, identical recorded physical parameters",1,2,7,True
vision_seed0_rl,script,primary,44,id,force_budget_exceeded,10,0.3,0.0,0.6,"paired environment-seed bootstrap 95%, identical recorded physical parameters",3,7,0,False
vision_seed0_rl,script,primary,44,id,full_episode_peak_normal_N,10,1.628919243812561,-3.374605486392975,7.221004919409746,"paired environment-seed bootstrap 95%, identical recorded physical parameters",5,0,5,False
vision_seed0_rl,script,primary,44,id,intervention_force_budget_exceeded,10,0.3,0.0,0.6,"paired environment-seed bootstrap 95%, identical recorded physical parameters",3,7,0,False
vision_seed0_rl,script,primary,44,id,intervention_peak_normal_N,10,1.8194551706314086,-3.1351657932996746,7.184544260501856,"paired environment-seed bootstrap 95%, identical recorded physical parameters",5,0,5,False
vision_seed0_rl,script,primary,44,id,native_shaped_return,10,-36.682868535633766,-57.332947777733914,-12.41854489092113,"paired environment-seed bootstrap 95%, identical recorded physical parameters",2,0,8,True
vision_seed0_rl,script,primary,44,id,setup_force_budget_exceeded,10,0.0,0.0,0.0,"paired environment-seed bootstrap 95%, identical recorded physical parameters",0,10,0,False
vision_seed0_rl,script,primary,44,id,setup_peak_normal_N,10,0.0,0.0,0.0,"paired environment-seed bootstrap 95%, identical recorded physical parameters",0,10,0,False
vision_seed0_rl,script,primary,44,id,sustained_10cm_lift_success,10,-0.6,-0.9,-0.3,"paired environment-seed bootstrap 95%, identical recorded physical parameters",0,4,6,True
vision_seed0_rl,script,primary,44,id,sustained_10cm_lift_within_force_budget,10,-0.1,-0.3,0.0,"paired environment-seed bootstrap 95%, identical recorded physical parameters",0,9,1,True
vision_seed0_rl,script,primary,44,id,sustained_native_success,10,-0.1,-0.4,0.2,"paired environment-seed bootstrap 95%, identical recorded physical parameters",1,7,2,True
vision_seed0_rl,script,primary,44,id,sustained_success_within_force_budget,10,-0.1,-0.3,0.0,"paired environment-seed bootstrap 95%, identical recorded physical parameters",0,9,1,True
vision_seed0_rl,script,primary,44,ood,any_native_success,10,0.0,0.0,0.0,"paired environment-seed bootstrap 95%, identical recorded physical parameters",0,10,0,True
vision_seed0_rl,script,primary,44,ood,bilateral_contact_at_takeover,10,0.0,0.0,0.0,"paired environment-seed bootstrap 95%, identical recorded physical parameters",0,10,0,False
vision_seed0_rl,script,primary,44,ood,final_native_success,10,0.0,0.0,0.0,"paired environment-seed bootstrap 95%, identical recorded physical parameters",0,10,0,True
vision_seed0_rl,script,primary,44,ood,force_budget_exceeded,10,0.2,0.0,0.5,"paired environment-seed bootstrap 95%, identical recorded physical parameters",2,8,0,False
vision_seed0_rl,script,primary,44,ood,full_episode_peak_normal_N,10,1.5473735332489014,-1.3737132048606873,5.050683957338328,"paired environment-seed bootstrap 95%, identical recorded physical parameters",7,0,3,False
vision_seed0_rl,script,primary,44,ood,intervention_force_budget_exceeded,10,0.2,0.0,0.5,"paired environment-seed bootstrap 95%, identical recorded physical parameters",2,8,0,False
vision_seed0_rl,script,primary,44,ood,intervention_peak_normal_N,10,0.7809979915618896,-3.029078245162964,4.966440814733503,"paired environment-seed bootstrap 95%, identical recorded physical parameters",7,0,3,False
vision_seed0_rl,script,primary,44,ood,native_shaped_return,10,-5.585810685138247,-14.509143185884863,5.835090732509251,"paired environment-seed bootstrap 95%, identical recorded physical parameters",3,0,7,True
vision_seed0_rl,script,primary,44,ood,setup_force_budget_exceeded,10,0.0,0.0,0.0,"paired environment-seed bootstrap 95%, identical recorded physical parameters",0,10,0,False
vision_seed0_rl,script,primary,44,ood,setup_peak_normal_N,10,0.0,0.0,0.0,"paired environment-seed bootstrap 95%, identical recorded physical parameters",0,10,0,False
vision_seed0_rl,script,primary,44,ood,sustained_10cm_lift_success,10,0.0,0.0,0.0,"paired environment-seed bootstrap 95%, identical recorded physical parameters",0,10,0,True
vision_seed0_rl,script,primary,44,ood,sustained_10cm_lift_within_force_budget,10,0.0,0.0,0.0,"paired environment-seed bootstrap 95%, identical recorded physical parameters",0,10,0,True
vision_seed0_rl,script,primary,44,ood,sustained_native_success,10,0.0,0.0,0.0,"paired environment-seed bootstrap 95%, identical recorded physical parameters",0,10,0,True
vision_seed0_rl,script,primary,44,ood,sustained_success_within_force_budget,10,0.0,0.0,0.0,"paired environment-seed bootstrap 95%, identical recorded physical parameters",0,10,0,True
vision_seed0_rl,vision_seed0_bc,primary,44,all,any_native_success,20,0.2,0.05,0.4,"paired environment-seed bootstrap 95%, identical recorded physical parameters",4,16,0,True
vision_seed0_rl,vision_seed0_bc,primary,44,all,bilateral_contact_at_takeover,20,0.0,0.0,0.0,"paired environment-seed bootstrap 95%, identical recorded physical parameters",0,20,0,False
vision_seed0_rl,vision_seed0_bc,primary,44,all,final_native_success,20,-0.2,-0.4,0.05,"paired environment-seed bootstrap 95%, identical recorded physical parameters",1,14,5,True
vision_seed0_rl,vision_seed0_bc,primary,44,all,force_budget_exceeded,20,0.3,0.1,0.5,"paired environment-seed bootstrap 95%, identical recorded physical parameters",6,14,0,False
vision_seed0_rl,vision_seed0_bc,primary,44,all,full_episode_peak_normal_N,20,3.234082946181297,-0.020732571855187405,6.586957419440148,"paired environment-seed bootstrap 95%, identical recorded physical parameters",13,0,7,False
vision_seed0_rl,vision_seed0_bc,primary,44,all,intervention_force_budget_exceeded,20,0.35,0.15,0.55,"paired environment-seed bootstrap 95%, identical recorded physical parameters",7,13,0,False
vision_seed0_rl,vision_seed0_bc,primary,44,all,intervention_peak_normal_N,20,3.550766775012016,0.34294905051589014,6.6880749820917815,"paired environment-seed bootstrap 95%, identical recorded physical parameters",16,0,4,False
vision_seed0_rl,vision_seed0_bc,primary,44,all,native_shaped_return,20,-14.238436304555018,-29.375909844148232,0.6837204743977063,"paired environment-seed bootstrap 95%, identical recorded physical parameters",8,0,12,True
vision_seed0_rl,vision_seed0_bc,primary,44,all,setup_force_budget_exceeded,20,0.0,0.0,0.0,"paired environment-seed bootstrap 95%, identical recorded physical parameters",0,20,0,False
vision_seed0_rl,vision_seed0_bc,primary,44,all,setup_peak_normal_N,20,0.0,0.0,0.0,"paired environment-seed bootstrap 95%, identical recorded physical parameters",0,20,0,False
vision_seed0_rl,vision_seed0_bc,primary,44,all,sustained_10cm_lift_success,20,-0.1,-0.25,0.0,"paired environment-seed bootstrap 95%, identical recorded physical parameters",0,18,2,True
vision_seed0_rl,vision_seed0_bc,primary,44,all,sustained_10cm_lift_within_force_budget,20,0.0,0.0,0.0,"paired environment-seed bootstrap 95%, identical recorded physical parameters",0,20,0,True
vision_seed0_rl,vision_seed0_bc,primary,44,all,sustained_native_success,20,0.15,-0.05,0.35,"paired environment-seed bootstrap 95%, identical recorded physical parameters",4,15,1,True
vision_seed0_rl,vision_seed0_bc,primary,44,all,sustained_success_within_force_budget,20,0.0,0.0,0.0,"paired environment-seed bootstrap 95%, identical recorded physical parameters",0,20,0,True
vision_seed0_rl,vision_seed0_bc,primary,44,id,any_native_success,10,0.4,0.1,0.7,"paired environment-seed bootstrap 95%, identical recorded physical parameters",4,6,0,True
vision_seed0_rl,vision_seed0_bc,primary,44,id,bilateral_contact_at_takeover,10,0.0,0.0,0.0,"paired environment-seed bootstrap 95%, identical recorded physical parameters",0,10,0,False
vision_seed0_rl,vision_seed0_bc,primary,44,id,final_native_success,10,-0.4,-0.8,0.0,"paired environment-seed bootstrap 95%, identical recorded physical parameters",1,4,5,True
vision_seed0_rl,vision_seed0_bc,primary,44,id,force_budget_exceeded,10,0.4,0.1,0.7,"paired environment-seed bootstrap 95%, identical recorded physical parameters",4,6,0,False
vision_seed0_rl,vision_seed0_bc,primary,44,id,full_episode_peak_normal_N,10,4.702458781003952,-0.5159153950214386,10.097358347624537,"paired environment-seed bootstrap 95%, identical recorded physical parameters",7,0,3,False
vision_seed0_rl,vision_seed0_bc,primary,44,id,intervention_force_budget_exceeded,10,0.4,0.1,0.7,"paired environment-seed bootstrap 95%, identical recorded physical parameters",4,6,0,False
vision_seed0_rl,vision_seed0_bc,primary,44,id,intervention_peak_normal_N,10,4.9119404733181,-0.27326216638088224,9.805280092358586,"paired environment-seed bootstrap 95%, identical recorded physical parameters",7,0,3,False
vision_seed0_rl,vision_seed0_bc,primary,44,id,native_shaped_return,10,-16.15931715976032,-40.16568055028979,7.422377765300486,"paired environment-seed bootstrap 95%, identical recorded physical parameters",5,0,5,True
vision_seed0_rl,vision_seed0_bc,primary,44,id,setup_force_budget_exceeded,10,0.0,0.0,0.0,"paired environment-seed bootstrap 95%, identical recorded physical parameters",0,10,0,False
vision_seed0_rl,vision_seed0_bc,primary,44,id,setup_peak_normal_N,10,0.0,0.0,0.0,"paired environment-seed bootstrap 95%, identical recorded physical parameters",0,10,0,False
vision_seed0_rl,vision_seed0_bc,primary,44,id,sustained_10cm_lift_success,10,-0.2,-0.5,0.0,"paired environment-seed bootstrap 95%, identical recorded physical parameters",0,8,2,True
vision_seed0_rl,vision_seed0_bc,primary,44,id,sustained_10cm_lift_within_force_budget,10,0.0,0.0,0.0,"paired environment-seed bootstrap 95%, identical recorded physical parameters",0,10,0,True
vision_seed0_rl,vision_seed0_bc,primary,44,id,sustained_native_success,10,0.3,-0.1,0.7,"paired environment-seed bootstrap 95%, identical recorded physical parameters",4,5,1,True
vision_seed0_rl,vision_seed0_bc,primary,44,id,sustained_success_within_force_budget,10,0.0,0.0,0.0,"paired environment-seed bootstrap 95%, identical recorded physical parameters",0,10,0,True
vision_seed0_rl,vision_seed0_bc,primary,44,ood,any_native_success,10,0.0,0.0,0.0,"paired environment-seed bootstrap 95%, identical recorded physical parameters",0,10,0,True
vision_seed0_rl,vision_seed0_bc,primary,44,ood,bilateral_contact_at_takeover,10,0.0,0.0,0.0,"paired environment-seed bootstrap 95%, identical recorded physical parameters",0,10,0,False
vision_seed0_rl,vision_seed0_bc,primary,44,ood,final_native_success,10,0.0,0.0,0.0,"paired environment-seed bootstrap 95%, identical recorded physical parameters",0,10,0,True
vision_seed0_rl,vision_seed0_bc,primary,44,ood,force_budget_exceeded,10,0.2,0.0,0.5,"paired environment-seed bootstrap 95%, identical recorded physical parameters",2,8,0,False
vision_seed0_rl,vision_seed0_bc,primary,44,ood,full_episode_peak_normal_N,10,1.7657071113586427,-1.4055982148647308,5.711645016670227,"paired environment-seed bootstrap 95%, identical recorded physical parameters",6,0,4,False
vision_seed0_rl,vision_seed0_bc,primary,44,ood,intervention_force_budget_exceeded,10,0.3,0.0,0.6,"paired environment-seed bootstrap 95%, identical recorded physical parameters",3,7,0,False
vision_seed0_rl,vision_seed0_bc,primary,44,ood,intervention_peak_normal_N,10,2.1895930767059326,-1.5333865118026733,6.0503461837768535,"paired environment-seed bootstrap 95%, identical recorded physical parameters",9,0,1,False
vision_seed0_rl,vision_seed0_bc,primary,44,ood,native_shaped_return,10,-12.317555449349715,-28.597087420313255,6.289312809163778,"paired environment-seed bootstrap 95%, identical recorded physical parameters",3,0,7,True
vision_seed0_rl,vision_seed0_bc,primary,44,ood,setup_force_budget_exceeded,10,0.0,0.0,0.0,"paired environment-seed bootstrap 95%, identical recorded physical parameters",0,10,0,False
vision_seed0_rl,vision_seed0_bc,primary,44,ood,setup_peak_normal_N,10,0.0,0.0,0.0,"paired environment-seed bootstrap 95%, identical recorded physical parameters",0,10,0,False
vision_seed0_rl,vision_seed0_bc,primary,44,ood,sustained_10cm_lift_success,10,0.0,0.0,0.0,"paired environment-seed bootstrap 95%, identical recorded physical parameters",0,10,0,True
vision_seed0_rl,vision_seed0_bc,primary,44,ood,sustained_10cm_lift_within_force_budget,10,0.0,0.0,0.0,"paired environment-seed bootstrap 95%, identical recorded physical parameters",0,10,0,True
vision_seed0_rl,vision_seed0_bc,primary,44,ood,sustained_native_success,10,0.0,0.0,0.0,"paired environment-seed bootstrap 95%, identical recorded physical parameters",0,10,0,True
vision_seed0_rl,vision_seed0_bc,primary,44,ood,sustained_success_within_force_budget,10,0.0,0.0,0.0,"paired environment-seed bootstrap 95%, identical recorded physical parameters",0,10,0,True
vision_seed1_bc,force_feedback,primary,44,all,any_native_success,20,-0.15,-0.3,0.0,"paired environment-seed bootstrap 95%, identical recorded physical parameters",0,17,3,True
vision_seed1_bc,force_feedback,primary,44,all,bilateral_contact_at_takeover,20,0.0,0.0,0.0,"paired environment-seed bootstrap 95%, identical recorded physical parameters",0,20,0,False
vision_seed1_bc,force_feedback,primary,44,all,final_native_success,20,-0.2,-0.4,-0.05,"paired environment-seed bootstrap 95%, identical recorded physical parameters",0,16,4,True
vision_seed1_bc,force_feedback,primary,44,all,force_budget_exceeded,20,0.15,-0.15,0.4012499999999932,"paired environment-seed bootstrap 95%, identical recorded physical parameters",6,11,3,False
vision_seed1_bc,force_feedback,primary,44,all,full_episode_peak_normal_N,20,0.9832180142402649,-2.4244100698828697,4.415265242159367,"paired environment-seed bootstrap 95%, identical recorded physical parameters",9,0,11,False
vision_seed1_bc,force_feedback,primary,44,all,intervention_force_budget_exceeded,20,0.3,0.0,0.6,"paired environment-seed bootstrap 95%, identical recorded physical parameters",9,8,3,False
vision_seed1_bc,force_feedback,primary,44,all,intervention_peak_normal_N,20,1.2100021958351135,-2.079225378930569,4.764384753108024,"paired environment-seed bootstrap 95%, identical recorded physical parameters",9,0,11,False
vision_seed1_bc,force_feedback,primary,44,all,native_shaped_return,20,-12.402951996190575,-24.691687492183643,-1.2891861609491686,"paired environment-seed bootstrap 95%, identical recorded physical parameters",7,0,13,True
vision_seed1_bc,force_feedback,primary,44,all,setup_force_budget_exceeded,20,0.0,0.0,0.0,"paired environment-seed bootstrap 95%, identical recorded physical parameters",0,20,0,False
vision_seed1_bc,force_feedback,primary,44,all,setup_peak_normal_N,20,0.0,0.0,0.0,"paired environment-seed bootstrap 95%, identical recorded physical parameters",0,20,0,False
vision_seed1_bc,force_feedback,primary,44,all,sustained_10cm_lift_success,20,-0.3,-0.5,-0.1,"paired environment-seed bootstrap 95%, identical recorded physical parameters",0,14,6,True
vision_seed1_bc,force_feedback,primary,44,all,sustained_10cm_lift_within_force_budget,20,-0.2,-0.4,-0.05,"paired environment-seed bootstrap 95%, identical recorded physical parameters",0,16,4,True
vision_seed1_bc,force_feedback,primary,44,all,sustained_native_success,20,-0.3,-0.5,-0.1,"paired environment-seed bootstrap 95%, identical recorded physical parameters",0,14,6,True
vision_seed1_bc,force_feedback,primary,44,all,sustained_success_within_force_budget,20,-0.2,-0.4,-0.05,"paired environment-seed bootstrap 95%, identical recorded physical parameters",0,16,4,True
vision_seed1_bc,force_feedback,primary,44,id,any_native_success,10,-0.3,-0.6,0.0,"paired environment-seed bootstrap 95%, identical recorded physical parameters",0,7,3,True
vision_seed1_bc,force_feedback,primary,44,id,bilateral_contact_at_takeover,10,0.0,0.0,0.0,"paired environment-seed bootstrap 95%, identical recorded physical parameters",0,10,0,False
vision_seed1_bc,force_feedback,primary,44,id,final_native_success,10,-0.4,-0.7,-0.1,"paired environment-seed bootstrap 95%, identical recorded physical parameters",0,6,4,True
vision_seed1_bc,force_feedback,primary,44,id,force_budget_exceeded,10,0.0,-0.3,0.3,"paired environment-seed bootstrap 95%, identical recorded physical parameters",1,8,1,False
vision_seed1_bc,force_feedback,primary,44,id,full_episode_peak_normal_N,10,-0.8992804288864136,-5.366227207779884,4.068847165107725,"paired environment-seed bootstrap 95%, identical recorded physical parameters",4,0,6,False
vision_seed1_bc,force_feedback,primary,44,id,intervention_force_budget_exceeded,10,0.3,-0.1,0.7,"paired environment-seed bootstrap 95%, identical recorded physical parameters",4,5,1,False
vision_seed1_bc,force_feedback,primary,44,id,intervention_peak_normal_N,10,0.258430027961731,-5.064686121344566,5.542515134811401,"paired environment-seed bootstrap 95%, identical recorded physical parameters",4,0,6,False
vision_seed1_bc,force_feedback,primary,44,id,native_shaped_return,10,-31.293952015119498,-47.55799794236329,-16.54259005559071,"paired environment-seed bootstrap 95%, identical recorded physical parameters",1,0,9,True
vision_seed1_bc,force_feedback,primary,44,id,setup_force_budget_exceeded,10,0.0,0.0,0.0,"paired environment-seed bootstrap 95%, identical recorded physical parameters",0,10,0,False
vision_seed1_bc,force_feedback,primary,44,id,setup_peak_normal_N,10,0.0,0.0,0.0,"paired environment-seed bootstrap 95%, identical recorded physical parameters",0,10,0,False
vision_seed1_bc,force_feedback,primary,44,id,sustained_10cm_lift_success,10,-0.6,-0.9,-0.3,"paired environment-seed bootstrap 95%, identical recorded physical parameters",0,4,6,True
vision_seed1_bc,force_feedback,primary,44,id,sustained_10cm_lift_within_force_budget,10,-0.4,-0.7,-0.1,"paired environment-seed bootstrap 95%, identical recorded physical parameters",0,6,4,True
vision_seed1_bc,force_feedback,primary,44,id,sustained_native_success,10,-0.6,-0.9,-0.3,"paired environment-seed bootstrap 95%, identical recorded physical parameters",0,4,6,True
vision_seed1_bc,force_feedback,primary,44,id,sustained_success_within_force_budget,10,-0.4,-0.7,-0.1,"paired environment-seed bootstrap 95%, identical recorded physical parameters",0,6,4,True
vision_seed1_bc,force_feedback,primary,44,ood,any_native_success,10,0.0,0.0,0.0,"paired environment-seed bootstrap 95%, identical recorded physical parameters",0,10,0,True
vision_seed1_bc,force_feedback,primary,44,ood,bilateral_contact_at_takeover,10,0.0,0.0,0.0,"paired environment-seed bootstrap 95%, identical recorded physical parameters",0,10,0,False
vision_seed1_bc,force_feedback,primary,44,ood,final_native_success,10,0.0,0.0,0.0,"paired environment-seed bootstrap 95%, identical recorded physical parameters",0,10,0,True
vision_seed1_bc,force_feedback,primary,44,ood,force_budget_exceeded,10,0.3,-0.2,0.7024999999999864,"paired environment-seed bootstrap 95%, identical recorded physical parameters",5,3,2,False
vision_seed1_bc,force_feedback,primary,44,ood,full_episode_peak_normal_N,10,2.8657164573669434,-1.507404018640518,7.291468887329096,"paired environment-seed bootstrap 95%, identical recorded physical parameters",5,0,5,False
vision_seed1_bc,force_feedback,primary,44,ood,intervention_force_budget_exceeded,10,0.3,-0.2,0.8,"paired environment-seed bootstrap 95%, identical recorded physical parameters",5,3,2,False
vision_seed1_bc,force_feedback,primary,44,ood,intervention_peak_normal_N,10,2.161574363708496,-2.026461714506149,6.362823646068571,"paired environment-seed bootstrap 95%, identical recorded physical parameters",5,0,5,False
vision_seed1_bc,force_feedback,primary,44,ood,native_shaped_return,10,6.488048022738352,-1.2397277871848595,14.096580180344533,"paired environment-seed bootstrap 95%, identical recorded physical parameters",6,0,4,True
vision_seed1_bc,force_feedback,primary,44,ood,setup_force_budget_exceeded,10,0.0,0.0,0.0,"paired environment-seed bootstrap 95%, identical recorded physical parameters",0,10,0,False
vision_seed1_bc,force_feedback,primary,44,ood,setup_peak_normal_N,10,0.0,0.0,0.0,"paired environment-seed bootstrap 95%, identical recorded physical parameters",0,10,0,False
vision_seed1_bc,force_feedback,primary,44,ood,sustained_10cm_lift_success,10,0.0,0.0,0.0,"paired environment-seed bootstrap 95%, identical recorded physical parameters",0,10,0,True
vision_seed1_bc,force_feedback,primary,44,ood,sustained_10cm_lift_within_force_budget,10,0.0,0.0,0.0,"paired environment-seed bootstrap 95%, identical recorded physical parameters",0,10,0,True
vision_seed1_bc,force_feedback,primary,44,ood,sustained_native_success,10,0.0,0.0,0.0,"paired environment-seed bootstrap 95%, identical recorded physical parameters",0,10,0,True
vision_seed1_bc,force_feedback,primary,44,ood,sustained_success_within_force_budget,10,0.0,0.0,0.0,"paired environment-seed bootstrap 95%, identical recorded physical parameters",0,10,0,True
vision_seed1_bc,script,primary,44,all,any_native_success,20,-0.1,-0.25,0.0,"paired environment-seed bootstrap 95%, identical recorded physical parameters",0,18,2,True
vision_seed1_bc,script,primary,44,all,bilateral_contact_at_takeover,20,0.0,0.0,0.0,"paired environment-seed bootstrap 95%, identical recorded physical parameters",0,20,0,False
vision_seed1_bc,script,primary,44,all,final_native_success,20,-0.15,-0.3,0.0,"paired environment-seed bootstrap 95%, identical recorded physical parameters",0,17,3,True
vision_seed1_bc,script,primary,44,all,force_budget_exceeded,20,-0.1,-0.25,0.0,"paired environment-seed bootstrap 95%, identical recorded physical parameters",0,18,2,False
vision_seed1_bc,script,primary,44,all,full_episode_peak_normal_N,20,-2.110715997219086,-4.393298063576222,-0.33971435576677356,"paired environment-seed bootstrap 95%, identical recorded physical parameters",3,4,13,False
vision_seed1_bc,script,primary,44,all,intervention_force_budget_exceeded,20,-0.1,-0.25,0.0,"paired environment-seed bootstrap 95%, identical recorded physical parameters",0,18,2,False
vision_seed1_bc,script,primary,44,all,intervention_peak_normal_N,20,-2.3672113537788393,-4.51670405626297,-0.6556977584958077,"paired environment-seed bootstrap 95%, identical recorded physical parameters",1,4,15,False
vision_seed1_bc,script,primary,44,all,native_shaped_return,20,-9.233942199484162,-20.512847073316518,0.9248547739954193,"paired environment-seed bootstrap 95%, identical recorded physical parameters",7,0,13,True
vision_seed1_bc,script,primary,44,all,setup_force_budget_exceeded,20,0.0,0.0,0.0,"paired environment-seed bootstrap 95%, identical recorded physical parameters",0,20,0,False
vision_seed1_bc,script,primary,44,all,setup_peak_normal_N,20,0.0,0.0,0.0,"paired environment-seed bootstrap 95%, identical recorded physical parameters",0,20,0,False
vision_seed1_bc,script,primary,44,all,sustained_10cm_lift_success,20,-0.25,-0.45,-0.1,"paired environment-seed bootstrap 95%, identical recorded physical parameters",0,15,5,True
vision_seed1_bc,script,primary,44,all,sustained_10cm_lift_within_force_budget,20,-0.05,-0.15,0.0,"paired environment-seed bootstrap 95%, identical recorded physical parameters",0,19,1,True
vision_seed1_bc,script,primary,44,all,sustained_native_success,20,-0.25,-0.45,-0.1,"paired environment-seed bootstrap 95%, identical recorded physical parameters",0,15,5,True
vision_seed1_bc,script,primary,44,all,sustained_success_within_force_budget,20,-0.05,-0.15,0.0,"paired environment-seed bootstrap 95%, identical recorded physical parameters",0,19,1,True
vision_seed1_bc,script,primary,44,id,any_native_success,10,-0.2,-0.5,0.0,"paired environment-seed bootstrap 95%, identical recorded physical parameters",0,8,2,True
vision_seed1_bc,script,primary,44,id,bilateral_contact_at_takeover,10,0.0,0.0,0.0,"paired environment-seed bootstrap 95%, identical recorded physical parameters",0,10,0,False
vision_seed1_bc,script,primary,44,id,final_native_success,10,-0.3,-0.6,-0.1,"paired environment-seed bootstrap 95%, identical recorded physical parameters",0,7,3,True
vision_seed1_bc,script,primary,44,id,force_budget_exceeded,10,-0.1,-0.3,0.0,"paired environment-seed bootstrap 95%, identical recorded physical parameters",0,9,1,False
vision_seed1_bc,script,primary,44,id,full_episode_peak_normal_N,10,-3.5712777376174927,-8.068467116355896,-0.012159343957901003,"paired environment-seed bootstrap 95%, identical recorded physical parameters",0,3,7,False
vision_seed1_bc,script,primary,44,id,intervention_force_budget_exceeded,10,-0.1,-0.3,0.0,"paired environment-seed bootstrap 95%, identical recorded physical parameters",0,9,1,False
vision_seed1_bc,script,primary,44,id,intervention_peak_normal_N,10,-3.3801263570785522,-7.4963819026947025,-0.017773976325989076,"paired environment-seed bootstrap 95%, identical recorded physical parameters",0,3,7,False
vision_seed1_bc,script,primary,44,id,native_shaped_return,10,-24.818212964370232,-41.053505906338486,-11.487159983715648,"paired environment-seed bootstrap 95%, identical recorded physical parameters",1,0,9,True
vision_seed1_bc,script,primary,44,id,setup_force_budget_exceeded,10,0.0,0.0,0.0,"paired environment-seed bootstrap 95%, identical recorded physical parameters",0,10,0,False
vision_seed1_bc,script,primary,44,id,setup_peak_normal_N,10,0.0,0.0,0.0,"paired environment-seed bootstrap 95%, identical recorded physical parameters",0,10,0,False
vision_seed1_bc,script,primary,44,id,sustained_10cm_lift_success,10,-0.5,-0.8,-0.2,"paired environment-seed bootstrap 95%, identical recorded physical parameters",0,5,5,True
vision_seed1_bc,script,primary,44,id,sustained_10cm_lift_within_force_budget,10,-0.1,-0.3,0.0,"paired environment-seed bootstrap 95%, identical recorded physical parameters",0,9,1,True
vision_seed1_bc,script,primary,44,id,sustained_native_success,10,-0.5,-0.8,-0.2,"paired environment-seed bootstrap 95%, identical recorded physical parameters",0,5,5,True
vision_seed1_bc,script,primary,44,id,sustained_success_within_force_budget,10,-0.1,-0.3,0.0,"paired environment-seed bootstrap 95%, identical recorded physical parameters",0,9,1,True
vision_seed1_bc,script,primary,44,ood,any_native_success,10,0.0,0.0,0.0,"paired environment-seed bootstrap 95%, identical recorded physical parameters",0,10,0,True
vision_seed1_bc,script,primary,44,ood,bilateral_contact_at_takeover,10,0.0,0.0,0.0,"paired environment-seed bootstrap 95%, identical recorded physical parameters",0,10,0,False
vision_seed1_bc,script,primary,44,ood,final_native_success,10,0.0,0.0,0.0,"paired environment-seed bootstrap 95%, identical recorded physical parameters",0,10,0,True
vision_seed1_bc,script,primary,44,ood,force_budget_exceeded,10,-0.1,-0.3,0.0,"paired environment-seed bootstrap 95%, identical recorded physical parameters",0,9,1,False
vision_seed1_bc,script,primary,44,ood,full_episode_peak_normal_N,10,-0.6501542568206787,-1.8566862785816192,0.2285519134998319,"paired environment-seed bootstrap 95%, identical recorded physical parameters",3,1,6,False
vision_seed1_bc,script,primary,44,ood,intervention_force_budget_exceeded,10,-0.1,-0.3,0.0,"paired environment-seed bootstrap 95%, identical recorded physical parameters",0,9,1,False
vision_seed1_bc,script,primary,44,ood,intervention_peak_normal_N,10,-1.3542963504791259,-2.3723415756225585,-0.4953849458694461,"paired environment-seed bootstrap 95%, identical recorded physical parameters",1,1,8,False
vision_seed1_bc,script,primary,44,ood,native_shaped_return,10,6.35032856540191,-0.8748497574069845,13.824432779332817,"paired environment-seed bootstrap 95%, identical recorded physical parameters",6,0,4,True
vision_seed1_bc,script,primary,44,ood,setup_force_budget_exceeded,10,0.0,0.0,0.0,"paired environment-seed bootstrap 95%, identical recorded physical parameters",0,10,0,False
vision_seed1_bc,script,primary,44,ood,setup_peak_normal_N,10,0.0,0.0,0.0,"paired environment-seed bootstrap 95%, identical recorded physical parameters",0,10,0,False
vision_seed1_bc,script,primary,44,ood,sustained_10cm_lift_success,10,0.0,0.0,0.0,"paired environment-seed bootstrap 95%, identical recorded physical parameters",0,10,0,True
vision_seed1_bc,script,primary,44,ood,sustained_10cm_lift_within_force_budget,10,0.0,0.0,0.0,"paired environment-seed bootstrap 95%, identical recorded physical parameters",0,10,0,True
vision_seed1_bc,script,primary,44,ood,sustained_native_success,10,0.0,0.0,0.0,"paired environment-seed bootstrap 95%, identical recorded physical parameters",0,10,0,True
vision_seed1_bc,script,primary,44,ood,sustained_success_within_force_budget,10,0.0,0.0,0.0,"paired environment-seed bootstrap 95%, identical recorded physical parameters",0,10,0,True
vision_seed1_rl,force_feedback,primary,44,all,any_native_success,20,0.05,0.0,0.15,"paired environment-seed bootstrap 95%, identical recorded physical parameters",1,19,0,True
vision_seed1_rl,force_feedback,primary,44,all,bilateral_contact_at_takeover,20,0.0,0.0,0.0,"paired environment-seed bootstrap 95%, identical recorded physical parameters",0,20,0,False
vision_seed1_rl,force_feedback,primary,44,all,final_native_success,20,-0.2,-0.4,0.0012499999999931789,"paired environment-seed bootstrap 95%, identical recorded physical parameters",1,14,5,True
vision_seed1_rl,force_feedback,primary,44,all,force_budget_exceeded,20,0.55,0.35,0.75,"paired environment-seed bootstrap 95%, identical recorded physical parameters",11,9,0,False
vision_seed1_rl,force_feedback,primary,44,all,full_episode_peak_normal_N,20,6.192372977733612,4.274309836924076,8.2816349735856,"paired environment-seed bootstrap 95%, identical recorded physical parameters",18,0,2,False
vision_seed1_rl,force_feedback,primary,44,all,intervention_force_budget_exceeded,20,0.65,0.45,0.85,"paired environment-seed bootstrap 95%, identical recorded physical parameters",13,7,0,False
vision_seed1_rl,force_feedback,primary,44,all,intervention_peak_normal_N,20,6.216066062450409,4.167488006651402,8.382831595242022,"paired environment-seed bootstrap 95%, identical recorded physical parameters",17,0,3,False
vision_seed1_rl,force_feedback,primary,44,all,native_shaped_return,20,-7.449825040998531,-21.666540668761318,4.951356133991548,"paired environment-seed bootstrap 95%, identical recorded physical parameters",10,0,10,True
vision_seed1_rl,force_feedback,primary,44,all,setup_force_budget_exceeded,20,0.0,0.0,0.0,"paired environment-seed bootstrap 95%, identical recorded physical parameters",0,20,0,False
vision_seed1_rl,force_feedback,primary,44,all,setup_peak_normal_N,20,0.0,0.0,0.0,"paired environment-seed bootstrap 95%, identical recorded physical parameters",0,20,0,False
vision_seed1_rl,force_feedback,primary,44,all,sustained_10cm_lift_success,20,-0.35,-0.55,-0.15,"paired environment-seed bootstrap 95%, identical recorded physical parameters",0,13,7,True
vision_seed1_rl,force_feedback,primary,44,all,sustained_10cm_lift_within_force_budget,20,-0.2,-0.35,-0.05,"paired environment-seed bootstrap 95%, identical recorded physical parameters",0,16,4,True
vision_seed1_rl,force_feedback,primary,44,all,sustained_native_success,20,-0.2,-0.4,-0.05,"paired environment-seed bootstrap 95%, identical recorded physical parameters",0,16,4,True
vision_seed1_rl,force_feedback,primary,44,all,sustained_success_within_force_budget,20,-0.2,-0.4,-0.05,"paired environment-seed bootstrap 95%, identical recorded physical parameters",0,16,4,True
vision_seed1_rl,force_feedback,primary,44,id,any_native_success,10,0.1,0.0,0.3,"paired environment-seed bootstrap 95%, identical recorded physical parameters",1,9,0,True
vision_seed1_rl,force_feedback,primary,44,id,bilateral_contact_at_takeover,10,0.0,0.0,0.0,"paired environment-seed bootstrap 95%, identical recorded physical parameters",0,10,0,False
vision_seed1_rl,force_feedback,primary,44,id,final_native_success,10,-0.4,-0.8,0.0,"paired environment-seed bootstrap 95%, identical recorded physical parameters",1,4,5,True
vision_seed1_rl,force_feedback,primary,44,id,force_budget_exceeded,10,0.5,0.2,0.8,"paired environment-seed bootstrap 95%, identical recorded physical parameters",5,5,0,False
vision_seed1_rl,force_feedback,primary,44,id,full_episode_peak_normal_N,10,6.243258118629456,3.905838906168938,8.961528614163399,"paired environment-seed bootstrap 95%, identical recorded physical parameters",9,0,1,False
vision_seed1_rl,force_feedback,primary,44,id,intervention_force_budget_exceeded,10,0.7,0.4,0.9,"paired environment-seed bootstrap 95%, identical recorded physical parameters",7,3,0,False
vision_seed1_rl,force_feedback,primary,44,id,intervention_peak_normal_N,10,6.961319804191589,3.698480412364006,10.002814248204231,"paired environment-seed bootstrap 95%, identical recorded physical parameters",8,0,2,False
vision_seed1_rl,force_feedback,primary,44,id,native_shaped_return,10,-26.304706481133916,-44.32239258552751,-6.528873600070728,"paired environment-seed bootstrap 95%, identical recorded physical parameters",2,0,8,True
vision_seed1_rl,force_feedback,primary,44,id,setup_force_budget_exceeded,10,0.0,0.0,0.0,"paired environment-seed bootstrap 95%, identical recorded physical parameters",0,10,0,False
vision_seed1_rl,force_feedback,primary,44,id,setup_peak_normal_N,10,0.0,0.0,0.0,"paired environment-seed bootstrap 95%, identical recorded physical parameters",0,10,0,False
vision_seed1_rl,force_feedback,primary,44,id,sustained_10cm_lift_success,10,-0.7,-0.9,-0.4,"paired environment-seed bootstrap 95%, identical recorded physical parameters",0,3,7,True
vision_seed1_rl,force_feedback,primary,44,id,sustained_10cm_lift_within_force_budget,10,-0.4,-0.7,-0.1,"paired environment-seed bootstrap 95%, identical recorded physical parameters",0,6,4,True
vision_seed1_rl,force_feedback,primary,44,id,sustained_native_success,10,-0.4,-0.7,-0.1,"paired environment-seed bootstrap 95%, identical recorded physical parameters",0,6,4,True
vision_seed1_rl,force_feedback,primary,44,id,sustained_success_within_force_budget,10,-0.4,-0.7,-0.1,"paired environment-seed bootstrap 95%, identical recorded physical parameters",0,6,4,True
vision_seed1_rl,force_feedback,primary,44,ood,any_native_success,10,0.0,0.0,0.0,"paired environment-seed bootstrap 95%, identical recorded physical parameters",0,10,0,True
vision_seed1_rl,force_feedback,primary,44,ood,bilateral_contact_at_takeover,10,0.0,0.0,0.0,"paired environment-seed bootstrap 95%, identical recorded physical parameters",0,10,0,False
vision_seed1_rl,force_feedback,primary,44,ood,final_native_success,10,0.0,0.0,0.0,"paired environment-seed bootstrap 95%, identical recorded physical parameters",0,10,0,True
vision_seed1_rl,force_feedback,primary,44,ood,force_budget_exceeded,10,0.6,0.3,0.9,"paired environment-seed bootstrap 95%, identical recorded physical parameters",6,4,0,False
vision_seed1_rl,force_feedback,primary,44,ood,full_episode_peak_normal_N,10,6.1414878368377686,3.1764167594909667,9.634087170362468,"paired environment-seed bootstrap 95%, identical recorded physical parameters",9,0,1,False
vision_seed1_rl,force_feedback,primary,44,ood,intervention_force_budget_exceeded,10,0.6,0.3,0.9,"paired environment-seed bootstrap 95%, identical recorded physical parameters",6,4,0,False
vision_seed1_rl,force_feedback,primary,44,ood,intervention_peak_normal_N,10,5.4708123207092285,2.823935604095459,8.21341981768608,"paired environment-seed bootstrap 95%, identical recorded physical parameters",9,0,1,False
vision_seed1_rl,force_feedback,primary,44,ood,native_shaped_return,10,11.405056399136853,4.568467303516739,18.447333863118573,"paired environment-seed bootstrap 95%, identical recorded physical parameters",8,0,2,True
vision_seed1_rl,force_feedback,primary,44,ood,setup_force_budget_exceeded,10,0.0,0.0,0.0,"paired environment-seed bootstrap 95%, identical recorded physical parameters",0,10,0,False
vision_seed1_rl,force_feedback,primary,44,ood,setup_peak_normal_N,10,0.0,0.0,0.0,"paired environment-seed bootstrap 95%, identical recorded physical parameters",0,10,0,False
vision_seed1_rl,force_feedback,primary,44,ood,sustained_10cm_lift_success,10,0.0,0.0,0.0,"paired environment-seed bootstrap 95%, identical recorded physical parameters",0,10,0,True
vision_seed1_rl,force_feedback,primary,44,ood,sustained_10cm_lift_within_force_budget,10,0.0,0.0,0.0,"paired environment-seed bootstrap 95%, identical recorded physical parameters",0,10,0,True
vision_seed1_rl,force_feedback,primary,44,ood,sustained_native_success,10,0.0,0.0,0.0,"paired environment-seed bootstrap 95%, identical recorded physical parameters",0,10,0,True
vision_seed1_rl,force_feedback,primary,44,ood,sustained_success_within_force_budget,10,0.0,0.0,0.0,"paired environment-seed bootstrap 95%, identical recorded physical parameters",0,10,0,True
vision_seed1_rl,script,primary,44,all,any_native_success,20,0.1,0.0,0.25,"paired environment-seed bootstrap 95%, identical recorded physical parameters",2,18,0,True
vision_seed1_rl,script,primary,44,all,bilateral_contact_at_takeover,20,0.0,0.0,0.0,"paired environment-seed bootstrap 95%, identical recorded physical parameters",0,20,0,False
vision_seed1_rl,script,primary,44,all,final_native_success,20,-0.15,-0.4,0.1,"paired environment-seed bootstrap 95%, identical recorded physical parameters",2,13,5,True
vision_seed1_rl,script,primary,44,all,force_budget_exceeded,20,0.3,0.1,0.5,"paired environment-seed bootstrap 95%, identical recorded physical parameters",6,14,0,False
vision_seed1_rl,script,primary,44,all,full_episode_peak_normal_N,20,3.0984389662742613,0.6691065269708635,5.962982569634913,"paired environment-seed bootstrap 95%, identical recorded physical parameters",15,0,5,False
vision_seed1_rl,script,primary,44,all,intervention_force_budget_exceeded,20,0.25,0.1,0.45,"paired environment-seed bootstrap 95%, identical recorded physical parameters",5,15,0,False
vision_seed1_rl,script,primary,44,all,intervention_peak_normal_N,20,2.6388525128364564,0.05057957917451862,5.504969977736473,"paired environment-seed bootstrap 95%, identical recorded physical parameters",14,0,6,False
vision_seed1_rl,script,primary,44,all,native_shaped_return,20,-4.280815244292119,-19.049256503569527,9.7175819334731,"paired environment-seed bootstrap 95%, identical recorded physical parameters",11,0,9,True
vision_seed1_rl,script,primary,44,all,setup_force_budget_exceeded,20,0.0,0.0,0.0,"paired environment-seed bootstrap 95%, identical recorded physical parameters",0,20,0,False
vision_seed1_rl,script,primary,44,all,setup_peak_normal_N,20,0.0,0.0,0.0,"paired environment-seed bootstrap 95%, identical recorded physical parameters",0,20,0,False
vision_seed1_rl,script,primary,44,all,sustained_10cm_lift_success,20,-0.3,-0.5,-0.1,"paired environment-seed bootstrap 95%, identical recorded physical parameters",0,14,6,True
vision_seed1_rl,script,primary,44,all,sustained_10cm_lift_within_force_budget,20,-0.05,-0.15,0.0,"paired environment-seed bootstrap 95%, identical recorded physical parameters",0,19,1,True
vision_seed1_rl,script,primary,44,all,sustained_native_success,20,-0.15,-0.3,0.0,"paired environment-seed bootstrap 95%, identical recorded physical parameters",0,17,3,True
vision_seed1_rl,script,primary,44,all,sustained_success_within_force_budget,20,-0.05,-0.15,0.0,"paired environment-seed bootstrap 95%, identical recorded physical parameters",0,19,1,True
vision_seed1_rl,script,primary,44,id,any_native_success,10,0.2,0.0,0.5,"paired environment-seed bootstrap 95%, identical recorded physical parameters",2,8,0,True
vision_seed1_rl,script,primary,44,id,bilateral_contact_at_takeover,10,0.0,0.0,0.0,"paired environment-seed bootstrap 95%, identical recorded physical parameters",0,10,0,False
vision_seed1_rl,script,primary,44,id,final_native_success,10,-0.3,-0.8,0.2,"paired environment-seed bootstrap 95%, identical recorded physical parameters",2,3,5,True
vision_seed1_rl,script,primary,44,id,force_budget_exceeded,10,0.4,0.1,0.7,"paired environment-seed bootstrap 95%, identical recorded physical parameters",4,6,0,False
vision_seed1_rl,script,primary,44,id,full_episode_peak_normal_N,10,3.5712608098983765,-0.5615315109491348,8.633674892187116,"paired environment-seed bootstrap 95%, identical recorded physical parameters",6,0,4,False
vision_seed1_rl,script,primary,44,id,intervention_force_budget_exceeded,10,0.3,0.0,0.6,"paired environment-seed bootstrap 95%, identical recorded physical parameters",3,7,0,False
vision_seed1_rl,script,primary,44,id,intervention_peak_normal_N,10,3.3227634191513062,-0.872723582983017,8.047170503139487,"paired environment-seed bootstrap 95%, identical recorded physical parameters",6,0,4,False
vision_seed1_rl,script,primary,44,id,native_shaped_return,10,-19.828967430384647,-41.712202741888184,4.60657715394536,"paired environment-seed bootstrap 95%, identical recorded physical parameters",3,0,7,True
vision_seed1_rl,script,primary,44,id,setup_force_budget_exceeded,10,0.0,0.0,0.0,"paired environment-seed bootstrap 95%, identical recorded physical parameters",0,10,0,False
vision_seed1_rl,script,primary,44,id,setup_peak_normal_N,10,0.0,0.0,0.0,"paired environment-seed bootstrap 95%, identical recorded physical parameters",0,10,0,False
vision_seed1_rl,script,primary,44,id,sustained_10cm_lift_success,10,-0.6,-0.9,-0.3,"paired environment-seed bootstrap 95%, identical recorded physical parameters",0,4,6,True
vision_seed1_rl,script,primary,44,id,sustained_10cm_lift_within_force_budget,10,-0.1,-0.3,0.0,"paired environment-seed bootstrap 95%, identical recorded physical parameters",0,9,1,True
vision_seed1_rl,script,primary,44,id,sustained_native_success,10,-0.3,-0.6,0.0,"paired environment-seed bootstrap 95%, identical recorded physical parameters",0,7,3,True
vision_seed1_rl,script,primary,44,id,sustained_success_within_force_budget,10,-0.1,-0.3,0.0,"paired environment-seed bootstrap 95%, identical recorded physical parameters",0,9,1,True
vision_seed1_rl,script,primary,44,ood,any_native_success,10,0.0,0.0,0.0,"paired environment-seed bootstrap 95%, identical recorded physical parameters",0,10,0,True
vision_seed1_rl,script,primary,44,ood,bilateral_contact_at_takeover,10,0.0,0.0,0.0,"paired environment-seed bootstrap 95%, identical recorded physical parameters",0,10,0,False
vision_seed1_rl,script,primary,44,ood,final_native_success,10,0.0,0.0,0.0,"paired environment-seed bootstrap 95%, identical recorded physical parameters",0,10,0,True
vision_seed1_rl,script,primary,44,ood,force_budget_exceeded,10,0.2,0.0,0.5,"paired environment-seed bootstrap 95%, identical recorded physical parameters",2,8,0,False
vision_seed1_rl,script,primary,44,ood,full_episode_peak_normal_N,10,2.6256171226501466,0.610726706981659,5.913455049991607,"paired environment-seed bootstrap 95%, identical recorded physical parameters",9,0,1,False
vision_seed1_rl,script,primary,44,ood,intervention_force_budget_exceeded,10,0.2,0.0,0.5,"paired environment-seed bootstrap 95%, identical recorded physical parameters",2,8,0,False
vision_seed1_rl,script,primary,44,ood,intervention_peak_normal_N,10,1.9549416065216065,-0.42497337460517887,5.197816638946533,"paired environment-seed bootstrap 95%, identical recorded physical parameters",8,0,2,False
vision_seed1_rl,script,primary,44,ood,native_shaped_return,10,11.267336941800412,4.247651553479608,18.58592128383293,"paired environment-seed bootstrap 95%, identical recorded physical parameters",8,0,2,True
vision_seed1_rl,script,primary,44,ood,setup_force_budget_exceeded,10,0.0,0.0,0.0,"paired environment-seed bootstrap 95%, identical recorded physical parameters",0,10,0,False
vision_seed1_rl,script,primary,44,ood,setup_peak_normal_N,10,0.0,0.0,0.0,"paired environment-seed bootstrap 95%, identical recorded physical parameters",0,10,0,False
vision_seed1_rl,script,primary,44,ood,sustained_10cm_lift_success,10,0.0,0.0,0.0,"paired environment-seed bootstrap 95%, identical recorded physical parameters",0,10,0,True
vision_seed1_rl,script,primary,44,ood,sustained_10cm_lift_within_force_budget,10,0.0,0.0,0.0,"paired environment-seed bootstrap 95%, identical recorded physical parameters",0,10,0,True
vision_seed1_rl,script,primary,44,ood,sustained_native_success,10,0.0,0.0,0.0,"paired environment-seed bootstrap 95%, identical recorded physical parameters",0,10,0,True
vision_seed1_rl,script,primary,44,ood,sustained_success_within_force_budget,10,0.0,0.0,0.0,"paired environment-seed bootstrap 95%, identical recorded physical parameters",0,10,0,True
vision_seed1_rl,vision_seed1_bc,primary,44,all,any_native_success,20,0.2,0.05,0.4,"paired environment-seed bootstrap 95%, identical recorded physical parameters",4,16,0,True
vision_seed1_rl,vision_seed1_bc,primary,44,all,bilateral_contact_at_takeover,20,0.0,0.0,0.0,"paired environment-seed bootstrap 95%, identical recorded physical parameters",0,20,0,False
vision_seed1_rl,vision_seed1_bc,primary,44,all,final_native_success,20,0.0,-0.2512499999999999,0.3,"paired environment-seed bootstrap 95%, identical recorded physical parameters",4,12,4,True
vision_seed1_rl,vision_seed1_bc,primary,44,all,force_budget_exceeded,20,0.4,0.2,0.6,"paired environment-seed bootstrap 95%, identical recorded physical parameters",8,12,0,False
vision_seed1_rl,vision_seed1_bc,primary,44,all,full_episode_peak_normal_N,20,5.209154963493347,2.101519372463226,8.44888505578041,"paired environment-seed bootstrap 95%, identical recorded physical parameters",15,0,5,False
vision_seed1_rl,vision_seed1_bc,primary,44,all,intervention_force_budget_exceeded,20,0.35,0.15,0.55,"paired environment-seed bootstrap 95%, identical recorded physical parameters",7,13,0,False
vision_seed1_rl,vision_seed1_bc,primary,44,all,intervention_peak_normal_N,20,5.006063866615295,2.0949749732017517,8.277247585058198,"paired environment-seed bootstrap 95%, identical recorded physical parameters",16,0,4,False
vision_seed1_rl,vision_seed1_bc,primary,44,all,native_shaped_return,20,4.953126955192043,-8.253668974277021,19.199934403486466,"paired environment-seed bootstrap 95%, identical recorded physical parameters",10,0,10,True
vision_seed1_rl,vision_seed1_bc,primary,44,all,setup_force_budget_exceeded,20,0.0,0.0,0.0,"paired environment-seed bootstrap 95%, identical recorded physical parameters",0,20,0,False
vision_seed1_rl,vision_seed1_bc,primary,44,all,setup_peak_normal_N,20,0.0,0.0,0.0,"paired environment-seed bootstrap 95%, identical recorded physical parameters",0,20,0,False
vision_seed1_rl,vision_seed1_bc,primary,44,all,sustained_10cm_lift_success,20,-0.05,-0.15,0.0,"paired environment-seed bootstrap 95%, identical recorded physical parameters",0,19,1,True
vision_seed1_rl,vision_seed1_bc,primary,44,all,sustained_10cm_lift_within_force_budget,20,0.0,0.0,0.0,"paired environment-seed bootstrap 95%, identical recorded physical parameters",0,20,0,True
vision_seed1_rl,vision_seed1_bc,primary,44,all,sustained_native_success,20,0.1,0.0,0.25,"paired environment-seed bootstrap 95%, identical recorded physical parameters",2,18,0,True
vision_seed1_rl,vision_seed1_bc,primary,44,all,sustained_success_within_force_budget,20,0.0,0.0,0.0,"paired environment-seed bootstrap 95%, identical recorded physical parameters",0,20,0,True
vision_seed1_rl,vision_seed1_bc,primary,44,id,any_native_success,10,0.4,0.1,0.7,"paired environment-seed bootstrap 95%, identical recorded physical parameters",4,6,0,True
vision_seed1_rl,vision_seed1_bc,primary,44,id,bilateral_contact_at_takeover,10,0.0,0.0,0.0,"paired environment-seed bootstrap 95%, identical recorded physical parameters",0,10,0,False
vision_seed1_rl,vision_seed1_bc,primary,44,id,final_native_success,10,0.0,-0.5,0.6,"paired environment-seed bootstrap 95%, identical recorded physical parameters",4,2,4,True
vision_seed1_rl,vision_seed1_bc,primary,44,id,force_budget_exceeded,10,0.5,0.2,0.8,"paired environment-seed bootstrap 95%, identical recorded physical parameters",5,5,0,False
vision_seed1_rl,vision_seed1_bc,primary,44,id,full_episode_peak_normal_N,10,7.142538547515869,1.7064149510860445,12.45445495843887,"paired environment-seed bootstrap 95%, identical recorded physical parameters",7,0,3,False
vision_seed1_rl,vision_seed1_bc,primary,44,id,intervention_force_budget_exceeded,10,0.4,0.1,0.7,"paired environment-seed bootstrap 95%, identical recorded physical parameters",4,6,0,False
vision_seed1_rl,vision_seed1_bc,primary,44,id,intervention_peak_normal_N,10,6.702889776229858,1.484956291913986,12.211638008356092,"paired environment-seed bootstrap 95%, identical recorded physical parameters",7,0,3,False
vision_seed1_rl,vision_seed1_bc,primary,44,id,native_shaped_return,10,4.989245533985585,-18.372702347231897,28.25227802263905,"paired environment-seed bootstrap 95%, identical recorded physical parameters",5,0,5,True
vision_seed1_rl,vision_seed1_bc,primary,44,id,setup_force_budget_exceeded,10,0.0,0.0,0.0,"paired environment-seed bootstrap 95%, identical recorded physical parameters",0,10,0,False
vision_seed1_rl,vision_seed1_bc,primary,44,id,setup_peak_normal_N,10,0.0,0.0,0.0,"paired environment-seed bootstrap 95%, identical recorded physical parameters",0,10,0,False
vision_seed1_rl,vision_seed1_bc,primary,44,id,sustained_10cm_lift_success,10,-0.1,-0.3,0.0,"paired environment-seed bootstrap 95%, identical recorded physical parameters",0,9,1,True
vision_seed1_rl,vision_seed1_bc,primary,44,id,sustained_10cm_lift_within_force_budget,10,0.0,0.0,0.0,"paired environment-seed bootstrap 95%, identical recorded physical parameters",0,10,0,True
vision_seed1_rl,vision_seed1_bc,primary,44,id,sustained_native_success,10,0.2,0.0,0.5,"paired environment-seed bootstrap 95%, identical recorded physical parameters",2,8,0,True
vision_seed1_rl,vision_seed1_bc,primary,44,id,sustained_success_within_force_budget,10,0.0,0.0,0.0,"paired environment-seed bootstrap 95%, identical recorded physical parameters",0,10,0,True
vision_seed1_rl,vision_seed1_bc,primary,44,ood,any_native_success,10,0.0,0.0,0.0,"paired environment-seed bootstrap 95%, identical recorded physical parameters",0,10,0,True
vision_seed1_rl,vision_seed1_bc,primary,44,ood,bilateral_contact_at_takeover,10,0.0,0.0,0.0,"paired environment-seed bootstrap 95%, identical recorded physical parameters",0,10,0,False
vision_seed1_rl,vision_seed1_bc,primary,44,ood,final_native_success,10,0.0,0.0,0.0,"paired environment-seed bootstrap 95%, identical recorded physical parameters",0,10,0,True
vision_seed1_rl,vision_seed1_bc,primary,44,ood,force_budget_exceeded,10,0.3,0.0,0.6,"paired environment-seed bootstrap 95%, identical recorded physical parameters",3,7,0,False
vision_seed1_rl,vision_seed1_bc,primary,44,ood,full_episode_peak_normal_N,10,3.275771379470825,0.8305483758449554,6.5418792796134895,"paired environment-seed bootstrap 95%, identical recorded physical parameters",8,0,2,False
vision_seed1_rl,vision_seed1_bc,primary,44,ood,intervention_force_budget_exceeded,10,0.3,0.0,0.6,"paired environment-seed bootstrap 95%, identical recorded physical parameters",3,7,0,False
vision_seed1_rl,vision_seed1_bc,primary,44,ood,intervention_peak_normal_N,10,3.3092379570007324,0.8939569926261902,6.258833507299417,"paired environment-seed bootstrap 95%, identical recorded physical parameters",9,0,1,False
vision_seed1_rl,vision_seed1_bc,primary,44,ood,native_shaped_return,10,4.917008376398501,-7.969914344885325,18.587103361926346,"paired environment-seed bootstrap 95%, identical recorded physical parameters",5,0,5,True
vision_seed1_rl,vision_seed1_bc,primary,44,ood,setup_force_budget_exceeded,10,0.0,0.0,0.0,"paired environment-seed bootstrap 95%, identical recorded physical parameters",0,10,0,False
vision_seed1_rl,vision_seed1_bc,primary,44,ood,setup_peak_normal_N,10,0.0,0.0,0.0,"paired environment-seed bootstrap 95%, identical recorded physical parameters",0,10,0,False
vision_seed1_rl,vision_seed1_bc,primary,44,ood,sustained_10cm_lift_success,10,0.0,0.0,0.0,"paired environment-seed bootstrap 95%, identical recorded physical parameters",0,10,0,True
vision_seed1_rl,vision_seed1_bc,primary,44,ood,sustained_10cm_lift_within_force_budget,10,0.0,0.0,0.0,"paired environment-seed bootstrap 95%, identical recorded physical parameters",0,10,0,True
vision_seed1_rl,vision_seed1_bc,primary,44,ood,sustained_native_success,10,0.0,0.0,0.0,"paired environment-seed bootstrap 95%, identical recorded physical parameters",0,10,0,True
vision_seed1_rl,vision_seed1_bc,primary,44,ood,sustained_success_within_force_budget,10,0.0,0.0,0.0,"paired environment-seed bootstrap 95%, identical recorded physical parameters",0,10,0,True
vision_seed2_bc,force_feedback,primary,44,all,any_native_success,20,-0.15,-0.3,0.0,"paired environment-seed bootstrap 95%, identical recorded physical parameters",0,17,3,True
vision_seed2_bc,force_feedback,primary,44,all,bilateral_contact_at_takeover,20,0.0,0.0,0.0,"paired environment-seed bootstrap 95%, identical recorded physical parameters",0,20,0,False
vision_seed2_bc,force_feedback,primary,44,all,final_native_success,20,-0.15,-0.3,0.0,"paired environment-seed bootstrap 95%, identical recorded physical parameters",0,17,3,True
vision_seed2_bc,force_feedback,primary,44,all,force_budget_exceeded,20,0.2,-0.05,0.45,"paired environment-seed bootstrap 95%, identical recorded physical parameters",6,12,2,False
vision_seed2_bc,force_feedback,primary,44,all,full_episode_peak_normal_N,20,1.7364929914474487,-1.306727638542652,5.079638633131981,"paired environment-seed bootstrap 95%, identical recorded physical parameters",11,0,9,False
vision_seed2_bc,force_feedback,primary,44,all,intervention_force_budget_exceeded,20,0.35,0.05,0.6,"paired environment-seed bootstrap 95%, identical recorded physical parameters",9,9,2,False
vision_seed2_bc,force_feedback,primary,44,all,intervention_peak_normal_N,20,2.233734428882599,-1.2388076761364937,5.663732530474663,"paired environment-seed bootstrap 95%, identical recorded physical parameters",11,0,9,False
vision_seed2_bc,force_feedback,primary,44,all,native_shaped_return,20,-11.428450655763191,-22.97674436933466,-1.1542043403994289,"paired environment-seed bootstrap 95%, identical recorded physical parameters",9,0,11,True
vision_seed2_bc,force_feedback,primary,44,all,setup_force_budget_exceeded,20,0.0,0.0,0.0,"paired environment-seed bootstrap 95%, identical recorded physical parameters",0,20,0,False
vision_seed2_bc,force_feedback,primary,44,all,setup_peak_normal_N,20,0.0,0.0,0.0,"paired environment-seed bootstrap 95%, identical recorded physical parameters",0,20,0,False
vision_seed2_bc,force_feedback,primary,44,all,sustained_10cm_lift_success,20,-0.2,-0.4,-0.05,"paired environment-seed bootstrap 95%, identical recorded physical parameters",0,16,4,True
vision_seed2_bc,force_feedback,primary,44,all,sustained_10cm_lift_within_force_budget,20,-0.2,-0.4,-0.05,"paired environment-seed bootstrap 95%, identical recorded physical parameters",0,16,4,True
vision_seed2_bc,force_feedback,primary,44,all,sustained_native_success,20,-0.2,-0.4,-0.05,"paired environment-seed bootstrap 95%, identical recorded physical parameters",0,16,4,True
vision_seed2_bc,force_feedback,primary,44,all,sustained_success_within_force_budget,20,-0.2,-0.4,-0.05,"paired environment-seed bootstrap 95%, identical recorded physical parameters",0,16,4,True
vision_seed2_bc,force_feedback,primary,44,id,any_native_success,10,-0.3,-0.6,0.0,"paired environment-seed bootstrap 95%, identical recorded physical parameters",0,7,3,True
vision_seed2_bc,force_feedback,primary,44,id,bilateral_contact_at_takeover,10,0.0,0.0,0.0,"paired environment-seed bootstrap 95%, identical recorded physical parameters",0,10,0,False
vision_seed2_bc,force_feedback,primary,44,id,final_native_success,10,-0.3,-0.6,0.0,"paired environment-seed bootstrap 95%, identical recorded physical parameters",0,7,3,True
vision_seed2_bc,force_feedback,primary,44,id,force_budget_exceeded,10,0.0,-0.3,0.3,"paired environment-seed bootstrap 95%, identical recorded physical parameters",1,8,1,False
vision_seed2_bc,force_feedback,primary,44,id,full_episode_peak_normal_N,10,0.659584903717041,-4.4989516580104825,5.974320063591004,"paired environment-seed bootstrap 95%, identical recorded physical parameters",4,0,6,False
vision_seed2_bc,force_feedback,primary,44,id,intervention_force_budget_exceeded,10,0.3,-0.1,0.7,"paired environment-seed bootstrap 95%, identical recorded physical parameters",4,5,1,False
vision_seed2_bc,force_feedback,primary,44,id,intervention_peak_normal_N,10,1.6540677785873412,-4.126048027873039,7.383823080062866,"paired environment-seed bootstrap 95%, identical recorded physical parameters",4,0,6,False
vision_seed2_bc,force_feedback,primary,44,id,native_shaped_return,10,-22.530005846985112,-41.4854940381228,-6.216575393664177,"paired environment-seed bootstrap 95%, identical recorded physical parameters",4,0,6,True
vision_seed2_bc,force_feedback,primary,44,id,setup_force_budget_exceeded,10,0.0,0.0,0.0,"paired environment-seed bootstrap 95%, identical recorded physical parameters",0,10,0,False
vision_seed2_bc,force_feedback,primary,44,id,setup_peak_normal_N,10,0.0,0.0,0.0,"paired environment-seed bootstrap 95%, identical recorded physical parameters",0,10,0,False
vision_seed2_bc,force_feedback,primary,44,id,sustained_10cm_lift_success,10,-0.4,-0.7,-0.1,"paired environment-seed bootstrap 95%, identical recorded physical parameters",0,6,4,True
vision_seed2_bc,force_feedback,primary,44,id,sustained_10cm_lift_within_force_budget,10,-0.4,-0.7,-0.1,"paired environment-seed bootstrap 95%, identical recorded physical parameters",0,6,4,True
vision_seed2_bc,force_feedback,primary,44,id,sustained_native_success,10,-0.4,-0.7,-0.1,"paired environment-seed bootstrap 95%, identical recorded physical parameters",0,6,4,True
vision_seed2_bc,force_feedback,primary,44,id,sustained_success_within_force_budget,10,-0.4,-0.7,-0.1,"paired environment-seed bootstrap 95%, identical recorded physical parameters",0,6,4,True
vision_seed2_bc,force_feedback,primary,44,ood,any_native_success,10,0.0,0.0,0.0,"paired environment-seed bootstrap 95%, identical recorded physical parameters",0,10,0,True
vision_seed2_bc,force_feedback,primary,44,ood,bilateral_contact_at_takeover,10,0.0,0.0,0.0,"paired environment-seed bootstrap 95%, identical recorded physical parameters",0,10,0,False
vision_seed2_bc,force_feedback,primary,44,ood,final_native_success,10,0.0,0.0,0.0,"paired environment-seed bootstrap 95%, identical recorded physical parameters",0,10,0,True
vision_seed2_bc,force_feedback,primary,44,ood,force_budget_exceeded,10,0.4,0.0,0.8,"paired environment-seed bootstrap 95%, identical recorded physical parameters",5,4,1,False
vision_seed2_bc,force_feedback,primary,44,ood,full_episode_peak_normal_N,10,2.8134010791778565,-1.1309403765201567,6.823384057283401,"paired environment-seed bootstrap 95%, identical recorded physical parameters",7,0,3,False
vision_seed2_bc,force_feedback,primary,44,ood,intervention_force_budget_exceeded,10,0.4,0.0,0.8,"paired environment-seed bootstrap 95%, identical recorded physical parameters",5,4,1,False
vision_seed2_bc,force_feedback,primary,44,ood,intervention_peak_normal_N,10,2.8134010791778565,-0.7480432271957397,6.7383740043640135,"paired environment-seed bootstrap 95%, identical recorded physical parameters",7,0,3,False
vision_seed2_bc,force_feedback,primary,44,ood,native_shaped_return,10,-0.32689546454126306,-4.253759412550935,3.7843852799325304,"paired environment-seed bootstrap 95%, identical recorded physical parameters",5,0,5,True
vision_seed2_bc,force_feedback,primary,44,ood,setup_force_budget_exceeded,10,0.0,0.0,0.0,"paired environment-seed bootstrap 95%, identical recorded physical parameters",0,10,0,False
vision_seed2_bc,force_feedback,primary,44,ood,setup_peak_normal_N,10,0.0,0.0,0.0,"paired environment-seed bootstrap 95%, identical recorded physical parameters",0,10,0,False
vision_seed2_bc,force_feedback,primary,44,ood,sustained_10cm_lift_success,10,0.0,0.0,0.0,"paired environment-seed bootstrap 95%, identical recorded physical parameters",0,10,0,True
vision_seed2_bc,force_feedback,primary,44,ood,sustained_10cm_lift_within_force_budget,10,0.0,0.0,0.0,"paired environment-seed bootstrap 95%, identical recorded physical parameters",0,10,0,True
vision_seed2_bc,force_feedback,primary,44,ood,sustained_native_success,10,0.0,0.0,0.0,"paired environment-seed bootstrap 95%, identical recorded physical parameters",0,10,0,True
vision_seed2_bc,force_feedback,primary,44,ood,sustained_success_within_force_budget,10,0.0,0.0,0.0,"paired environment-seed bootstrap 95%, identical recorded physical parameters",0,10,0,True
vision_seed2_bc,script,primary,44,all,any_native_success,20,-0.1,-0.25,0.0,"paired environment-seed bootstrap 95%, identical recorded physical parameters",0,18,2,True
vision_seed2_bc,script,primary,44,all,bilateral_contact_at_takeover,20,0.0,0.0,0.0,"paired environment-seed bootstrap 95%, identical recorded physical parameters",0,20,0,False
vision_seed2_bc,script,primary,44,all,final_native_success,20,-0.1,-0.25,0.0,"paired environment-seed bootstrap 95%, identical recorded physical parameters",0,18,2,True
vision_seed2_bc,script,primary,44,all,force_budget_exceeded,20,-0.05,-0.15,0.0,"paired environment-seed bootstrap 95%, identical recorded physical parameters",0,19,1,False
vision_seed2_bc,script,primary,44,all,full_episode_peak_normal_N,20,-1.3574410200119018,-3.372561580836773,-0.23487478435039524,"paired environment-seed bootstrap 95%, identical recorded physical parameters",1,4,15,False
vision_seed2_bc,script,primary,44,all,intervention_force_budget_exceeded,20,-0.05,-0.15,0.0,"paired environment-seed bootstrap 95%, identical recorded physical parameters",0,19,1,False
vision_seed2_bc,script,primary,44,all,intervention_peak_normal_N,20,-1.3434791207313537,-3.131753406524658,-0.32101649045944225,"paired environment-seed bootstrap 95%, identical recorded physical parameters",1,4,15,False
vision_seed2_bc,script,primary,44,all,native_shaped_return,20,-8.259440859056776,-18.250454804140585,-0.3870696730847468,"paired environment-seed bootstrap 95%, identical recorded physical parameters",8,0,12,True
vision_seed2_bc,script,primary,44,all,setup_force_budget_exceeded,20,0.0,0.0,0.0,"paired environment-seed bootstrap 95%, identical recorded physical parameters",0,20,0,False
vision_seed2_bc,script,primary,44,all,setup_peak_normal_N,20,0.0,0.0,0.0,"paired environment-seed bootstrap 95%, identical recorded physical parameters",0,20,0,False
vision_seed2_bc,script,primary,44,all,sustained_10cm_lift_success,20,-0.15,-0.3,0.0,"paired environment-seed bootstrap 95%, identical recorded physical parameters",0,17,3,True
vision_seed2_bc,script,primary,44,all,sustained_10cm_lift_within_force_budget,20,-0.05,-0.15,0.0,"paired environment-seed bootstrap 95%, identical recorded physical parameters",0,19,1,True
vision_seed2_bc,script,primary,44,all,sustained_native_success,20,-0.15,-0.3,0.0,"paired environment-seed bootstrap 95%, identical recorded physical parameters",0,17,3,True
vision_seed2_bc,script,primary,44,all,sustained_success_within_force_budget,20,-0.05,-0.15,0.0,"paired environment-seed bootstrap 95%, identical recorded physical parameters",0,19,1,True
vision_seed2_bc,script,primary,44,id,any_native_success,10,-0.2,-0.5,0.0,"paired environment-seed bootstrap 95%, identical recorded physical parameters",0,8,2,True
vision_seed2_bc,script,primary,44,id,bilateral_contact_at_takeover,10,0.0,0.0,0.0,"paired environment-seed bootstrap 95%, identical recorded physical parameters",0,10,0,False
vision_seed2_bc,script,primary,44,id,final_native_success,10,-0.2,-0.5,0.0,"paired environment-seed bootstrap 95%, identical recorded physical parameters",0,8,2,True
vision_seed2_bc,script,primary,44,id,force_budget_exceeded,10,-0.1,-0.3,0.0,"paired environment-seed bootstrap 95%, identical recorded physical parameters",0,9,1,False
vision_seed2_bc,script,primary,44,id,full_episode_peak_normal_N,10,-2.012412405014038,-5.811778284907342,-0.005880688428878784,"paired environment-seed bootstrap 95%, identical recorded physical parameters",0,3,7,False
vision_seed2_bc,script,primary,44,id,intervention_force_budget_exceeded,10,-0.1,-0.3,0.0,"paired environment-seed bootstrap 95%, identical recorded physical parameters",0,9,1,False
vision_seed2_bc,script,primary,44,id,intervention_peak_normal_N,10,-1.984488606452942,-5.4530799150466915,-0.0159565567970276,"paired environment-seed bootstrap 95%, identical recorded physical parameters",0,3,7,False
vision_seed2_bc,script,primary,44,id,native_shaped_return,10,-16.054266796235844,-33.97830611632715,-1.9073696714258355,"paired environment-seed bootstrap 95%, identical recorded physical parameters",3,0,7,True
vision_seed2_bc,script,primary,44,id,setup_force_budget_exceeded,10,0.0,0.0,0.0,"paired environment-seed bootstrap 95%, identical recorded physical parameters",0,10,0,False
vision_seed2_bc,script,primary,44,id,setup_peak_normal_N,10,0.0,0.0,0.0,"paired environment-seed bootstrap 95%, identical recorded physical parameters",0,10,0,False
vision_seed2_bc,script,primary,44,id,sustained_10cm_lift_success,10,-0.3,-0.6,0.0,"paired environment-seed bootstrap 95%, identical recorded physical parameters",0,7,3,True
vision_seed2_bc,script,primary,44,id,sustained_10cm_lift_within_force_budget,10,-0.1,-0.3,0.0,"paired environment-seed bootstrap 95%, identical recorded physical parameters",0,9,1,True
vision_seed2_bc,script,primary,44,id,sustained_native_success,10,-0.3,-0.6,0.0,"paired environment-seed bootstrap 95%, identical recorded physical parameters",0,7,3,True
vision_seed2_bc,script,primary,44,id,sustained_success_within_force_budget,10,-0.1,-0.3,0.0,"paired environment-seed bootstrap 95%, identical recorded physical parameters",0,9,1,True
vision_seed2_bc,script,primary,44,ood,any_native_success,10,0.0,0.0,0.0,"paired environment-seed bootstrap 95%, identical recorded physical parameters",0,10,0,True
vision_seed2_bc,script,primary,44,ood,bilateral_contact_at_takeover,10,0.0,0.0,0.0,"paired environment-seed bootstrap 95%, identical recorded physical parameters",0,10,0,False
vision_seed2_bc,script,primary,44,ood,final_native_success,10,0.0,0.0,0.0,"paired environment-seed bootstrap 95%, identical recorded physical parameters",0,10,0,True
vision_seed2_bc,script,primary,44,ood,force_budget_exceeded,10,0.0,0.0,0.0,"paired environment-seed bootstrap 95%, identical recorded physical parameters",0,10,0,False
vision_seed2_bc,script,primary,44,ood,full_episode_peak_normal_N,10,-0.7024696350097657,-1.1720601534843444,-0.30708791851997397,"paired environment-seed bootstrap 95%, identical recorded physical parameters",1,1,8,False
vision_seed2_bc,script,primary,44,ood,intervention_force_budget_exceeded,10,0.0,0.0,0.0,"paired environment-seed bootstrap 95%, identical recorded physical parameters",0,10,0,False
vision_seed2_bc,script,primary,44,ood,intervention_peak_normal_N,10,-0.7024696350097657,-1.1486649262905122,-0.3042169249057772,"paired environment-seed bootstrap 95%, identical recorded physical parameters",1,1,8,False
vision_seed2_bc,script,primary,44,ood,native_shaped_return,10,-0.4646149218777051,-4.131136453663398,3.9165443497600876,"paired environment-seed bootstrap 95%, identical recorded physical parameters",5,0,5,True
vision_seed2_bc,script,primary,44,ood,setup_force_budget_exceeded,10,0.0,0.0,0.0,"paired environment-seed bootstrap 95%, identical recorded physical parameters",0,10,0,False
vision_seed2_bc,script,primary,44,ood,setup_peak_normal_N,10,0.0,0.0,0.0,"paired environment-seed bootstrap 95%, identical recorded physical parameters",0,10,0,False
vision_seed2_bc,script,primary,44,ood,sustained_10cm_lift_success,10,0.0,0.0,0.0,"paired environment-seed bootstrap 95%, identical recorded physical parameters",0,10,0,True
vision_seed2_bc,script,primary,44,ood,sustained_10cm_lift_within_force_budget,10,0.0,0.0,0.0,"paired environment-seed bootstrap 95%, identical recorded physical parameters",0,10,0,True
vision_seed2_bc,script,primary,44,ood,sustained_native_success,10,0.0,0.0,0.0,"paired environment-seed bootstrap 95%, identical recorded physical parameters",0,10,0,True
vision_seed2_bc,script,primary,44,ood,sustained_success_within_force_budget,10,0.0,0.0,0.0,"paired environment-seed bootstrap 95%, identical recorded physical parameters",0,10,0,True
vision_seed2_rl,force_feedback,primary,44,all,any_native_success,20,0.05,0.0,0.15,"paired environment-seed bootstrap 95%, identical recorded physical parameters",1,19,0,True
vision_seed2_rl,force_feedback,primary,44,all,bilateral_contact_at_takeover,20,0.0,0.0,0.0,"paired environment-seed bootstrap 95%, identical recorded physical parameters",0,20,0,False
vision_seed2_rl,force_feedback,primary,44,all,final_native_success,20,-0.3,-0.55,-0.05,"paired environment-seed bootstrap 95%, identical recorded physical parameters",1,12,7,True
vision_seed2_rl,force_feedback,primary,44,all,force_budget_exceeded,20,0.55,0.35,0.75,"paired environment-seed bootstrap 95%, identical recorded physical parameters",11,9,0,False
vision_seed2_rl,force_feedback,primary,44,all,full_episode_peak_normal_N,20,4.95603654384613,3.477842734456062,6.780777589082717,"paired environment-seed bootstrap 95%, identical recorded physical parameters",20,0,0,False
vision_seed2_rl,force_feedback,primary,44,all,intervention_force_budget_exceeded,20,0.7,0.5,0.9,"paired environment-seed bootstrap 95%, identical recorded physical parameters",14,6,0,False
vision_seed2_rl,force_feedback,primary,44,all,intervention_peak_normal_N,20,5.5349547386169435,3.969371117949486,7.3623548817634585,"paired environment-seed bootstrap 95%, identical recorded physical parameters",20,0,0,False
vision_seed2_rl,force_feedback,primary,44,all,native_shaped_return,20,-24.42721445330135,-38.03467596817399,-9.097953099747517,"paired environment-seed bootstrap 95%, identical recorded physical parameters",2,0,18,True
vision_seed2_rl,force_feedback,primary,44,all,setup_force_budget_exceeded,20,0.0,0.0,0.0,"paired environment-seed bootstrap 95%, identical recorded physical parameters",0,20,0,False
vision_seed2_rl,force_feedback,primary,44,all,setup_peak_normal_N,20,0.0,0.0,0.0,"paired environment-seed bootstrap 95%, identical recorded physical parameters",0,20,0,False
vision_seed2_rl,force_feedback,primary,44,all,sustained_10cm_lift_success,20,-0.3,-0.55,-0.05,"paired environment-seed bootstrap 95%, identical recorded physical parameters",1,12,7,True
vision_seed2_rl,force_feedback,primary,44,all,sustained_10cm_lift_within_force_budget,20,-0.2,-0.4,-0.05,"paired environment-seed bootstrap 95%, identical recorded physical parameters",0,16,4,True
vision_seed2_rl,force_feedback,primary,44,all,sustained_native_success,20,-0.1,-0.3,0.05124999999999318,"paired environment-seed bootstrap 95%, identical recorded physical parameters",1,16,3,True
vision_seed2_rl,force_feedback,primary,44,all,sustained_success_within_force_budget,20,-0.2,-0.4,-0.05,"paired environment-seed bootstrap 95%, identical recorded physical parameters",0,16,4,True
vision_seed2_rl,force_feedback,primary,44,id,any_native_success,10,0.1,0.0,0.3,"paired environment-seed bootstrap 95%, identical recorded physical parameters",1,9,0,True
vision_seed2_rl,force_feedback,primary,44,id,bilateral_contact_at_takeover,10,0.0,0.0,0.0,"paired environment-seed bootstrap 95%, identical recorded physical parameters",0,10,0,False
vision_seed2_rl,force_feedback,primary,44,id,final_native_success,10,-0.6,-1.0,-0.1,"paired environment-seed bootstrap 95%, identical recorded physical parameters",1,2,7,True
vision_seed2_rl,force_feedback,primary,44,id,force_budget_exceeded,10,0.4,0.1,0.7,"paired environment-seed bootstrap 95%, identical recorded physical parameters",4,6,0,False
vision_seed2_rl,force_feedback,primary,44,id,full_episode_peak_normal_N,10,3.8445634841918945,2.663423752784729,4.928868461847306,"paired environment-seed bootstrap 95%, identical recorded physical parameters",10,0,0,False
vision_seed2_rl,force_feedback,primary,44,id,intervention_force_budget_exceeded,10,0.7,0.4,1.0,"paired environment-seed bootstrap 95%, identical recorded physical parameters",7,3,0,False
vision_seed2_rl,force_feedback,primary,44,id,intervention_peak_normal_N,10,5.002399873733521,3.3351715385913847,6.471578767299651,"paired environment-seed bootstrap 95%, identical recorded physical parameters",10,0,0,False
vision_seed2_rl,force_feedback,primary,44,id,native_shaped_return,10,-35.945612235362724,-59.31211646279983,-6.631436544540153,"paired environment-seed bootstrap 95%, identical recorded physical parameters",2,0,8,True
vision_seed2_rl,force_feedback,primary,44,id,setup_force_budget_exceeded,10,0.0,0.0,0.0,"paired environment-seed bootstrap 95%, identical recorded physical parameters",0,10,0,False
vision_seed2_rl,force_feedback,primary,44,id,setup_peak_normal_N,10,0.0,0.0,0.0,"paired environment-seed bootstrap 95%, identical recorded physical parameters",0,10,0,False
vision_seed2_rl,force_feedback,primary,44,id,sustained_10cm_lift_success,10,-0.6,-1.0,-0.1,"paired environment-seed bootstrap 95%, identical recorded physical parameters",1,2,7,True
vision_seed2_rl,force_feedback,primary,44,id,sustained_10cm_lift_within_force_budget,10,-0.4,-0.7,-0.1,"paired environment-seed bootstrap 95%, identical recorded physical parameters",0,6,4,True
vision_seed2_rl,force_feedback,primary,44,id,sustained_native_success,10,-0.2,-0.5024999999999998,0.2,"paired environment-seed bootstrap 95%, identical recorded physical parameters",1,6,3,True
vision_seed2_rl,force_feedback,primary,44,id,sustained_success_within_force_budget,10,-0.4,-0.7,-0.1,"paired environment-seed bootstrap 95%, identical recorded physical parameters",0,6,4,True
vision_seed2_rl,force_feedback,primary,44,ood,any_native_success,10,0.0,0.0,0.0,"paired environment-seed bootstrap 95%, identical recorded physical parameters",0,10,0,True
vision_seed2_rl,force_feedback,primary,44,ood,bilateral_contact_at_takeover,10,0.0,0.0,0.0,"paired environment-seed bootstrap 95%, identical recorded physical parameters",0,10,0,False
vision_seed2_rl,force_feedback,primary,44,ood,final_native_success,10,0.0,0.0,0.0,"paired environment-seed bootstrap 95%, identical recorded physical parameters",0,10,0,True
vision_seed2_rl,force_feedback,primary,44,ood,force_budget_exceeded,10,0.7,0.4,1.0,"paired environment-seed bootstrap 95%, identical recorded physical parameters",7,3,0,False
vision_seed2_rl,force_feedback,primary,44,ood,full_episode_peak_normal_N,10,6.067509603500366,3.3559518957138064,9.238529150485988,"paired environment-seed bootstrap 95%, identical recorded physical parameters",10,0,0,False
vision_seed2_rl,force_feedback,primary,44,ood,intervention_force_budget_exceeded,10,0.7,0.4,1.0,"paired environment-seed bootstrap 95%, identical recorded physical parameters",7,3,0,False
vision_seed2_rl,force_feedback,primary,44,ood,intervention_peak_normal_N,10,6.067509603500366,3.4784586465358736,9.589920699596401,"paired environment-seed bootstrap 95%, identical recorded physical parameters",10,0,0,False
vision_seed2_rl,force_feedback,primary,44,ood,native_shaped_return,10,-12.90881667123997,-14.129312863744973,-11.70245070421683,"paired environment-seed bootstrap 95%, identical recorded physical parameters",0,0,10,True
vision_seed2_rl,force_feedback,primary,44,ood,setup_force_budget_exceeded,10,0.0,0.0,0.0,"paired environment-seed bootstrap 95%, identical recorded physical parameters",0,10,0,False
vision_seed2_rl,force_feedback,primary,44,ood,setup_peak_normal_N,10,0.0,0.0,0.0,"paired environment-seed bootstrap 95%, identical recorded physical parameters",0,10,0,False
vision_seed2_rl,force_feedback,primary,44,ood,sustained_10cm_lift_success,10,0.0,0.0,0.0,"paired environment-seed bootstrap 95%, identical recorded physical parameters",0,10,0,True
vision_seed2_rl,force_feedback,primary,44,ood,sustained_10cm_lift_within_force_budget,10,0.0,0.0,0.0,"paired environment-seed bootstrap 95%, identical recorded physical parameters",0,10,0,True
vision_seed2_rl,force_feedback,primary,44,ood,sustained_native_success,10,0.0,0.0,0.0,"paired environment-seed bootstrap 95%, identical recorded physical parameters",0,10,0,True
vision_seed2_rl,force_feedback,primary,44,ood,sustained_success_within_force_budget,10,0.0,0.0,0.0,"paired environment-seed bootstrap 95%, identical recorded physical parameters",0,10,0,True
vision_seed2_rl,script,primary,44,all,any_native_success,20,0.1,0.0,0.25,"paired environment-seed bootstrap 95%, identical recorded physical parameters",2,18,0,True
vision_seed2_rl,script,primary,44,all,bilateral_contact_at_takeover,20,0.0,0.0,0.0,"paired environment-seed bootstrap 95%, identical recorded physical parameters",0,20,0,False
vision_seed2_rl,script,primary,44,all,final_native_success,20,-0.25,-0.5,0.0,"paired environment-seed bootstrap 95%, identical recorded physical parameters",1,13,6,True
vision_seed2_rl,script,primary,44,all,force_budget_exceeded,20,0.3,0.1,0.5,"paired environment-seed bootstrap 95%, identical recorded physical parameters",6,14,0,False
vision_seed2_rl,script,primary,44,all,full_episode_peak_normal_N,20,1.8621025323867797,-1.1085431718826293,5.108141667842864,"paired environment-seed bootstrap 95%, identical recorded physical parameters",15,0,5,False
vision_seed2_rl,script,primary,44,all,intervention_force_budget_exceeded,20,0.3,0.1,0.5,"paired environment-seed bootstrap 95%, identical recorded physical parameters",6,14,0,False
vision_seed2_rl,script,primary,44,all,intervention_peak_normal_N,20,1.9577411890029908,-0.8475241452455521,5.073164007663726,"paired environment-seed bootstrap 95%, identical recorded physical parameters",15,0,5,False
vision_seed2_rl,script,primary,44,all,native_shaped_return,20,-21.258204656594934,-35.1775718735391,-5.705140326666925,"paired environment-seed bootstrap 95%, identical recorded physical parameters",3,0,17,True
vision_seed2_rl,script,primary,44,all,setup_force_budget_exceeded,20,0.0,0.0,0.0,"paired environment-seed bootstrap 95%, identical recorded physical parameters",0,20,0,False
vision_seed2_rl,script,primary,44,all,setup_peak_normal_N,20,0.0,0.0,0.0,"paired environment-seed bootstrap 95%, identical recorded physical parameters",0,20,0,False
vision_seed2_rl,script,primary,44,all,sustained_10cm_lift_success,20,-0.25,-0.5,0.0,"paired environment-seed bootstrap 95%, identical recorded physical parameters",1,13,6,True
vision_seed2_rl,script,primary,44,all,sustained_10cm_lift_within_force_budget,20,-0.05,-0.15,0.0,"paired environment-seed bootstrap 95%, identical recorded physical parameters",0,19,1,True
vision_seed2_rl,script,primary,44,all,sustained_native_success,20,-0.05,-0.25,0.15,"paired environment-seed bootstrap 95%, identical recorded physical parameters",2,15,3,True
vision_seed2_rl,script,primary,44,all,sustained_success_within_force_budget,20,-0.05,-0.15,0.0,"paired environment-seed bootstrap 95%, identical recorded physical parameters",0,19,1,True
vision_seed2_rl,script,primary,44,id,any_native_success,10,0.2,0.0,0.4,"paired environment-seed bootstrap 95%, identical recorded physical parameters",2,8,0,True
vision_seed2_rl,script,primary,44,id,bilateral_contact_at_takeover,10,0.0,0.0,0.0,"paired environment-seed bootstrap 95%, identical recorded physical parameters",0,10,0,False
vision_seed2_rl,script,primary,44,id,final_native_success,10,-0.5,-0.9,-0.1,"paired environment-seed bootstrap 95%, identical recorded physical parameters",1,3,6,True
vision_seed2_rl,script,primary,44,id,force_budget_exceeded,10,0.3,0.0,0.6,"paired environment-seed bootstrap 95%, identical recorded physical parameters",3,7,0,False
vision_seed2_rl,script,primary,44,id,full_episode_peak_normal_N,10,1.1725661754608154,-4.238076009750366,7.183831408023832,"paired environment-seed bootstrap 95%, identical recorded physical parameters",6,0,4,False
vision_seed2_rl,script,primary,44,id,intervention_force_budget_exceeded,10,0.3,0.0,0.6,"paired environment-seed bootstrap 95%, identical recorded physical parameters",3,7,0,False
vision_seed2_rl,script,primary,44,id,intervention_peak_normal_N,10,1.3638434886932373,-3.9921940433979035,7.334738006591796,"paired environment-seed bootstrap 95%, identical recorded physical parameters",6,0,4,False
vision_seed2_rl,script,primary,44,id,native_shaped_return,10,-29.469873184613455,-55.602250004243814,0.49946819265017167,"paired environment-seed bootstrap 95%, identical recorded physical parameters",3,0,7,True
vision_seed2_rl,script,primary,44,id,setup_force_budget_exceeded,10,0.0,0.0,0.0,"paired environment-seed bootstrap 95%, identical recorded physical parameters",0,10,0,False
vision_seed2_rl,script,primary,44,id,setup_peak_normal_N,10,0.0,0.0,0.0,"paired environment-seed bootstrap 95%, identical recorded physical parameters",0,10,0,False
vision_seed2_rl,script,primary,44,id,sustained_10cm_lift_success,10,-0.5,-0.9,-0.1,"paired environment-seed bootstrap 95%, identical recorded physical parameters",1,3,6,True
vision_seed2_rl,script,primary,44,id,sustained_10cm_lift_within_force_budget,10,-0.1,-0.3,0.0,"paired environment-seed bootstrap 95%, identical recorded physical parameters",0,9,1,True
vision_seed2_rl,script,primary,44,id,sustained_native_success,10,-0.1,-0.5,0.3,"paired environment-seed bootstrap 95%, identical recorded physical parameters",2,5,3,True
vision_seed2_rl,script,primary,44,id,sustained_success_within_force_budget,10,-0.1,-0.3,0.0,"paired environment-seed bootstrap 95%, identical recorded physical parameters",0,9,1,True
vision_seed2_rl,script,primary,44,ood,any_native_success,10,0.0,0.0,0.0,"paired environment-seed bootstrap 95%, identical recorded physical parameters",0,10,0,True
vision_seed2_rl,script,primary,44,ood,bilateral_contact_at_takeover,10,0.0,0.0,0.0,"paired environment-seed bootstrap 95%, identical recorded physical parameters",0,10,0,False
vision_seed2_rl,script,primary,44,ood,final_native_success,10,0.0,0.0,0.0,"paired environment-seed bootstrap 95%, identical recorded physical parameters",0,10,0,True
vision_seed2_rl,script,primary,44,ood,force_budget_exceeded,10,0.3,0.0,0.6,"paired environment-seed bootstrap 95%, identical recorded physical parameters",3,7,0,False
vision_seed2_rl,script,primary,44,ood,full_episode_peak_normal_N,10,2.551638889312744,0.5896162068843841,5.541944980621337,"paired environment-seed bootstrap 95%, identical recorded physical parameters",9,0,1,False
vision_seed2_rl,script,primary,44,ood,intervention_force_budget_exceeded,10,0.3,0.1,0.6,"paired environment-seed bootstrap 95%, identical recorded physical parameters",3,7,0,False
vision_seed2_rl,script,primary,44,ood,intervention_peak_normal_N,10,2.551638889312744,0.5912445831298828,5.717975199222565,"paired environment-seed bootstrap 95%, identical recorded physical parameters",9,0,1,False
vision_seed2_rl,script,primary,44,ood,native_shaped_return,10,-13.04653612857641,-14.338329333603346,-11.736354434662527,"paired environment-seed bootstrap 95%, identical recorded physical parameters",0,0,10,True
vision_seed2_rl,script,primary,44,ood,setup_force_budget_exceeded,10,0.0,0.0,0.0,"paired environment-seed bootstrap 95%, identical recorded physical parameters",0,10,0,False
vision_seed2_rl,script,primary,44,ood,setup_peak_normal_N,10,0.0,0.0,0.0,"paired environment-seed bootstrap 95%, identical recorded physical parameters",0,10,0,False
vision_seed2_rl,script,primary,44,ood,sustained_10cm_lift_success,10,0.0,0.0,0.0,"paired environment-seed bootstrap 95%, identical recorded physical parameters",0,10,0,True
vision_seed2_rl,script,primary,44,ood,sustained_10cm_lift_within_force_budget,10,0.0,0.0,0.0,"paired environment-seed bootstrap 95%, identical recorded physical parameters",0,10,0,True
vision_seed2_rl,script,primary,44,ood,sustained_native_success,10,0.0,0.0,0.0,"paired environment-seed bootstrap 95%, identical recorded physical parameters",0,10,0,True
vision_seed2_rl,script,primary,44,ood,sustained_success_within_force_budget,10,0.0,0.0,0.0,"paired environment-seed bootstrap 95%, identical recorded physical parameters",0,10,0,True
vision_seed2_rl,vision_seed2_bc,primary,44,all,any_native_success,20,0.2,0.05,0.4,"paired environment-seed bootstrap 95%, identical recorded physical parameters",4,16,0,True
vision_seed2_rl,vision_seed2_bc,primary,44,all,bilateral_contact_at_takeover,20,0.0,0.0,0.0,"paired environment-seed bootstrap 95%, identical recorded physical parameters",0,20,0,False
vision_seed2_rl,vision_seed2_bc,primary,44,all,final_native_success,20,-0.15,-0.35,0.05,"paired environment-seed bootstrap 95%, identical recorded physical parameters",1,15,4,True
vision_seed2_rl,vision_seed2_bc,primary,44,all,force_budget_exceeded,20,0.35,0.15,0.55,"paired environment-seed bootstrap 95%, identical recorded physical parameters",7,13,0,False
vision_seed2_rl,vision_seed2_bc,primary,44,all,full_episode_peak_normal_N,20,3.2195435523986817,0.41455145329236986,6.4976984065771095,"paired environment-seed bootstrap 95%, identical recorded physical parameters",17,0,3,False
vision_seed2_rl,vision_seed2_bc,primary,44,all,intervention_force_budget_exceeded,20,0.35,0.15,0.55,"paired environment-seed bootstrap 95%, identical recorded physical parameters",7,13,0,False
vision_seed2_rl,vision_seed2_bc,primary,44,all,intervention_peak_normal_N,20,3.3012203097343447,0.4509857660531998,6.409113278090953,"paired environment-seed bootstrap 95%, identical recorded physical parameters",17,0,3,False
vision_seed2_rl,vision_seed2_bc,primary,44,all,native_shaped_return,20,-12.998763797538157,-26.379422849683827,0.5905273393617059,"paired environment-seed bootstrap 95%, identical recorded physical parameters",5,0,15,True
vision_seed2_rl,vision_seed2_bc,primary,44,all,setup_force_budget_exceeded,20,0.0,0.0,0.0,"paired environment-seed bootstrap 95%, identical recorded physical parameters",0,20,0,False
vision_seed2_rl,vision_seed2_bc,primary,44,all,setup_peak_normal_N,20,0.0,0.0,0.0,"paired environment-seed bootstrap 95%, identical recorded physical parameters",0,20,0,False
vision_seed2_rl,vision_seed2_bc,primary,44,all,sustained_10cm_lift_success,20,-0.1,-0.3,0.1,"paired environment-seed bootstrap 95%, identical recorded physical parameters",1,16,3,True
vision_seed2_rl,vision_seed2_bc,primary,44,all,sustained_10cm_lift_within_force_budget,20,0.0,0.0,0.0,"paired environment-seed bootstrap 95%, identical recorded physical parameters",0,20,0,True
vision_seed2_rl,vision_seed2_bc,primary,44,all,sustained_native_success,20,0.1,-0.15,0.35,"paired environment-seed bootstrap 95%, identical recorded physical parameters",4,14,2,True
vision_seed2_rl,vision_seed2_bc,primary,44,all,sustained_success_within_force_budget,20,0.0,0.0,0.0,"paired environment-seed bootstrap 95%, identical recorded physical parameters",0,20,0,True
vision_seed2_rl,vision_seed2_bc,primary,44,id,any_native_success,10,0.4,0.1,0.7,"paired environment-seed bootstrap 95%, identical recorded physical parameters",4,6,0,True
vision_seed2_rl,vision_seed2_bc,primary,44,id,bilateral_contact_at_takeover,10,0.0,0.0,0.0,"paired environment-seed bootstrap 95%, identical recorded physical parameters",0,10,0,False
vision_seed2_rl,vision_seed2_bc,primary,44,id,final_native_success,10,-0.3,-0.7,0.1,"paired environment-seed bootstrap 95%, identical recorded physical parameters",1,5,4,True
vision_seed2_rl,vision_seed2_bc,primary,44,id,force_budget_exceeded,10,0.4,0.1,0.7,"paired environment-seed bootstrap 95%, identical recorded physical parameters",4,6,0,False
vision_seed2_rl,vision_seed2_bc,primary,44,id,full_episode_peak_normal_N,10,3.1849785804748536,-2.4371815943717956,8.671065505146974,"paired environment-seed bootstrap 95%, identical recorded physical parameters",7,0,3,False
vision_seed2_rl,vision_seed2_bc,primary,44,id,intervention_force_budget_exceeded,10,0.4,0.1,0.7,"paired environment-seed bootstrap 95%, identical recorded physical parameters",4,6,0,False
vision_seed2_rl,vision_seed2_bc,primary,44,id,intervention_peak_normal_N,10,3.348332095146179,-1.8254884600639343,8.972280073165892,"paired environment-seed bootstrap 95%, identical recorded physical parameters",7,0,3,False
vision_seed2_rl,vision_seed2_bc,primary,44,id,native_shaped_return,10,-13.415606388377608,-38.191475017115565,14.656392939358396,"paired environment-seed bootstrap 95%, identical recorded physical parameters",5,0,5,True
vision_seed2_rl,vision_seed2_bc,primary,44,id,setup_force_budget_exceeded,10,0.0,0.0,0.0,"paired environment-seed bootstrap 95%, identical recorded physical parameters",0,10,0,False
vision_seed2_rl,vision_seed2_bc,primary,44,id,setup_peak_normal_N,10,0.0,0.0,0.0,"paired environment-seed bootstrap 95%, identical recorded physical parameters",0,10,0,False
vision_seed2_rl,vision_seed2_bc,primary,44,id,sustained_10cm_lift_success,10,-0.2,-0.6,0.2,"paired environment-seed bootstrap 95%, identical recorded physical parameters",1,6,3,True
vision_seed2_rl,vision_seed2_bc,primary,44,id,sustained_10cm_lift_within_force_budget,10,0.0,0.0,0.0,"paired environment-seed bootstrap 95%, identical recorded physical parameters",0,10,0,True
vision_seed2_rl,vision_seed2_bc,primary,44,id,sustained_native_success,10,0.2,-0.3,0.6,"paired environment-seed bootstrap 95%, identical recorded physical parameters",4,4,2,True
vision_seed2_rl,vision_seed2_bc,primary,44,id,sustained_success_within_force_budget,10,0.0,0.0,0.0,"paired environment-seed bootstrap 95%, identical recorded physical parameters",0,10,0,True
vision_seed2_rl,vision_seed2_bc,primary,44,ood,any_native_success,10,0.0,0.0,0.0,"paired environment-seed bootstrap 95%, identical recorded physical parameters",0,10,0,True
vision_seed2_rl,vision_seed2_bc,primary,44,ood,bilateral_contact_at_takeover,10,0.0,0.0,0.0,"paired environment-seed bootstrap 95%, identical recorded physical parameters",0,10,0,False
vision_seed2_rl,vision_seed2_bc,primary,44,ood,final_native_success,10,0.0,0.0,0.0,"paired environment-seed bootstrap 95%, identical recorded physical parameters",0,10,0,True
vision_seed2_rl,vision_seed2_bc,primary,44,ood,force_budget_exceeded,10,0.3,0.0,0.6,"paired environment-seed bootstrap 95%, identical recorded physical parameters",3,7,0,False
vision_seed2_rl,vision_seed2_bc,primary,44,ood,full_episode_peak_normal_N,10,3.25410852432251,1.466020896434784,6.112012795209882,"paired environment-seed bootstrap 95%, identical recorded physical parameters",10,0,0,False
vision_seed2_rl,vision_seed2_bc,primary,44,ood,intervention_force_budget_exceeded,10,0.3,0.0,0.6,"paired environment-seed bootstrap 95%, identical recorded physical parameters",3,7,0,False
vision_seed2_rl,vision_seed2_bc,primary,44,ood,intervention_peak_normal_N,10,3.25410852432251,1.4783202970027924,6.109033900499344,"paired environment-seed bootstrap 95%, identical recorded physical parameters",10,0,0,False
vision_seed2_rl,vision_seed2_bc,primary,44,ood,native_shaped_return,10,-12.581921206698706,-16.085125110646295,-9.416556625574453,"paired environment-seed bootstrap 95%, identical recorded physical parameters",0,0,10,True
vision_seed2_rl,vision_seed2_bc,primary,44,ood,setup_force_budget_exceeded,10,0.0,0.0,0.0,"paired environment-seed bootstrap 95%, identical recorded physical parameters",0,10,0,False
vision_seed2_rl,vision_seed2_bc,primary,44,ood,setup_peak_normal_N,10,0.0,0.0,0.0,"paired environment-seed bootstrap 95%, identical recorded physical parameters",0,10,0,False
vision_seed2_rl,vision_seed2_bc,primary,44,ood,sustained_10cm_lift_success,10,0.0,0.0,0.0,"paired environment-seed bootstrap 95%, identical recorded physical parameters",0,10,0,True
vision_seed2_rl,vision_seed2_bc,primary,44,ood,sustained_10cm_lift_within_force_budget,10,0.0,0.0,0.0,"paired environment-seed bootstrap 95%, identical recorded physical parameters",0,10,0,True
vision_seed2_rl,vision_seed2_bc,primary,44,ood,sustained_native_success,10,0.0,0.0,0.0,"paired environment-seed bootstrap 95%, identical recorded physical parameters",0,10,0,True
vision_seed2_rl,vision_seed2_bc,primary,44,ood,sustained_success_within_force_budget,10,0.0,0.0,0.0,"paired environment-seed bootstrap 95%, identical recorded physical parameters",0,10,0,True
visuotactile_margin_seed0_rl,force_feedback,primary,44,all,any_native_success,20,-0.35,-0.55,-0.15,"paired environment-seed bootstrap 95%, identical recorded physical parameters",0,13,7,True
visuotactile_margin_seed0_rl,force_feedback,primary,44,all,bilateral_contact_at_takeover,20,0.0,0.0,0.0,"paired environment-seed bootstrap 95%, identical recorded physical parameters",0,20,0,False
visuotactile_margin_seed0_rl,force_feedback,primary,44,all,final_native_success,20,-0.4,-0.6,-0.2,"paired environment-seed bootstrap 95%, identical recorded physical parameters",0,12,8,True
visuotactile_margin_seed0_rl,force_feedback,primary,44,all,force_budget_exceeded,20,-0.3,-0.5,-0.1,"paired environment-seed bootstrap 95%, identical recorded physical parameters",0,14,6,False
visuotactile_margin_seed0_rl,force_feedback,primary,44,all,full_episode_peak_normal_N,20,-5.706861793994904,-7.321190882623196,-4.053577655851841,"paired environment-seed bootstrap 95%, identical recorded physical parameters",3,0,17,False
visuotactile_margin_seed0_rl,force_feedback,primary,44,all,intervention_force_budget_exceeded,20,-0.15,-0.3,0.0,"paired environment-seed bootstrap 95%, identical recorded physical parameters",0,17,3,False
visuotactile_margin_seed0_rl,force_feedback,primary,44,all,intervention_peak_normal_N,20,-5.127943599224091,-6.627808857560158,-3.6632375818490983,"paired environment-seed bootstrap 95%, identical recorded physical parameters",3,0,17,False
visuotactile_margin_seed0_rl,force_feedback,primary,44,all,native_shaped_return,20,-8.610942642095058,-22.553601855463913,3.327920309081923,"paired environment-seed bootstrap 95%, identical recorded physical parameters",12,0,8,True
visuotactile_margin_seed0_rl,force_feedback,primary,44,all,setup_force_budget_exceeded,20,0.0,0.0,0.0,"paired environment-seed bootstrap 95%, identical recorded physical parameters",0,20,0,False
visuotactile_margin_seed0_rl,force_feedback,primary,44,all,setup_peak_normal_N,20,0.0,0.0,0.0,"paired environment-seed bootstrap 95%, identical recorded physical parameters",0,20,0,False
visuotactile_margin_seed0_rl,force_feedback,primary,44,all,sustained_10cm_lift_success,20,-0.4,-0.6,-0.2,"paired environment-seed bootstrap 95%, identical recorded physical parameters",0,12,8,True
visuotactile_margin_seed0_rl,force_feedback,primary,44,all,sustained_10cm_lift_within_force_budget,20,-0.25,-0.45,-0.1,"paired environment-seed bootstrap 95%, identical recorded physical parameters",0,15,5,True
visuotactile_margin_seed0_rl,force_feedback,primary,44,all,sustained_native_success,20,-0.4,-0.6,-0.2,"paired environment-seed bootstrap 95%, identical recorded physical parameters",0,12,8,True
visuotactile_margin_seed0_rl,force_feedback,primary,44,all,sustained_success_within_force_budget,20,-0.25,-0.45,-0.1,"paired environment-seed bootstrap 95%, identical recorded physical parameters",0,15,5,True
visuotactile_margin_seed0_rl,force_feedback,primary,44,id,any_native_success,10,-0.7,-1.0,-0.4,"paired environment-seed bootstrap 95%, identical recorded physical parameters",0,3,7,True
visuotactile_margin_seed0_rl,force_feedback,primary,44,id,bilateral_contact_at_takeover,10,0.0,0.0,0.0,"paired environment-seed bootstrap 95%, identical recorded physical parameters",0,10,0,False
visuotactile_margin_seed0_rl,force_feedback,primary,44,id,final_native_success,10,-0.8,-1.0,-0.5,"paired environment-seed bootstrap 95%, identical recorded physical parameters",0,2,8,True
visuotactile_margin_seed0_rl,force_feedback,primary,44,id,force_budget_exceeded,10,-0.4,-0.7,-0.1,"paired environment-seed bootstrap 95%, identical recorded physical parameters",0,6,4,False
visuotactile_margin_seed0_rl,force_feedback,primary,44,id,full_episode_peak_normal_N,10,-7.20726056098938,-9.117648161649704,-5.222803077697755,"paired environment-seed bootstrap 95%, identical recorded physical parameters",0,0,10,False
visuotactile_margin_seed0_rl,force_feedback,primary,44,id,intervention_force_budget_exceeded,10,-0.1,-0.3,0.0,"paired environment-seed bootstrap 95%, identical recorded physical parameters",0,9,1,False
visuotactile_margin_seed0_rl,force_feedback,primary,44,id,intervention_peak_normal_N,10,-6.049424171447754,-8.190977120399475,-4.370279327630999,"paired environment-seed bootstrap 95%, identical recorded physical parameters",0,0,10,False
visuotactile_margin_seed0_rl,force_feedback,primary,44,id,native_shaped_return,10,-31.816813461787824,-44.53348705434378,-13.819904063648632,"paired environment-seed bootstrap 95%, identical recorded physical parameters",2,0,8,True
visuotactile_margin_seed0_rl,force_feedback,primary,44,id,setup_force_budget_exceeded,10,0.0,0.0,0.0,"paired environment-seed bootstrap 95%, identical recorded physical parameters",0,10,0,False
visuotactile_margin_seed0_rl,force_feedback,primary,44,id,setup_peak_normal_N,10,0.0,0.0,0.0,"paired environment-seed bootstrap 95%, identical recorded physical parameters",0,10,0,False
visuotactile_margin_seed0_rl,force_feedback,primary,44,id,sustained_10cm_lift_success,10,-0.8,-1.0,-0.5,"paired environment-seed bootstrap 95%, identical recorded physical parameters",0,2,8,True
visuotactile_margin_seed0_rl,force_feedback,primary,44,id,sustained_10cm_lift_within_force_budget,10,-0.5,-0.8,-0.2,"paired environment-seed bootstrap 95%, identical recorded physical parameters",0,5,5,True
visuotactile_margin_seed0_rl,force_feedback,primary,44,id,sustained_native_success,10,-0.8,-1.0,-0.5,"paired environment-seed bootstrap 95%, identical recorded physical parameters",0,2,8,True
visuotactile_margin_seed0_rl,force_feedback,primary,44,id,sustained_success_within_force_budget,10,-0.5,-0.8,-0.2,"paired environment-seed bootstrap 95%, identical recorded physical parameters",0,5,5,True
visuotactile_margin_seed0_rl,force_feedback,primary,44,ood,any_native_success,10,0.0,0.0,0.0,"paired environment-seed bootstrap 95%, identical recorded physical parameters",0,10,0,True
visuotactile_margin_seed0_rl,force_feedback,primary,44,ood,bilateral_contact_at_takeover,10,0.0,0.0,0.0,"paired environment-seed bootstrap 95%, identical recorded physical parameters",0,10,0,False
visuotactile_margin_seed0_rl,force_feedback,primary,44,ood,final_native_success,10,0.0,0.0,0.0,"paired environment-seed bootstrap 95%, identical recorded physical parameters",0,10,0,True
visuotactile_margin_seed0_rl,force_feedback,primary,44,ood,force_budget_exceeded,10,-0.2,-0.5,0.0,"paired environment-seed bootstrap 95%, identical recorded physical parameters",0,8,2,False
visuotactile_margin_seed0_rl,force_feedback,primary,44,ood,full_episode_peak_normal_N,10,-4.206463027000427,-6.196183753609657,-1.8080357599258425,"paired environment-seed bootstrap 95%, identical recorded physical parameters",3,0,7,False
visuotactile_margin_seed0_rl,force_feedback,primary,44,ood,intervention_force_budget_exceeded,10,-0.2,-0.5,0.0,"paired environment-seed bootstrap 95%, identical recorded physical parameters",0,8,2,False
visuotactile_margin_seed0_rl,force_feedback,primary,44,ood,intervention_peak_normal_N,10,-4.206463027000427,-6.285668857097625,-2.054311742782595,"paired environment-seed bootstrap 95%, identical recorded physical parameters",3,0,7,False
visuotactile_margin_seed0_rl,force_feedback,primary,44,ood,native_shaped_return,10,14.594928177597712,13.186091754165098,15.779309683374402,"paired environment-seed bootstrap 95%, identical recorded physical parameters",10,0,0,True
visuotactile_margin_seed0_rl,force_feedback,primary,44,ood,setup_force_budget_exceeded,10,0.0,0.0,0.0,"paired environment-seed bootstrap 95%, identical recorded physical parameters",0,10,0,False
visuotactile_margin_seed0_rl,force_feedback,primary,44,ood,setup_peak_normal_N,10,0.0,0.0,0.0,"paired environment-seed bootstrap 95%, identical recorded physical parameters",0,10,0,False
visuotactile_margin_seed0_rl,force_feedback,primary,44,ood,sustained_10cm_lift_success,10,0.0,0.0,0.0,"paired environment-seed bootstrap 95%, identical recorded physical parameters",0,10,0,True
visuotactile_margin_seed0_rl,force_feedback,primary,44,ood,sustained_10cm_lift_within_force_budget,10,0.0,0.0,0.0,"paired environment-seed bootstrap 95%, identical recorded physical parameters",0,10,0,True
visuotactile_margin_seed0_rl,force_feedback,primary,44,ood,sustained_native_success,10,0.0,0.0,0.0,"paired environment-seed bootstrap 95%, identical recorded physical parameters",0,10,0,True
visuotactile_margin_seed0_rl,force_feedback,primary,44,ood,sustained_success_within_force_budget,10,0.0,0.0,0.0,"paired environment-seed bootstrap 95%, identical recorded physical parameters",0,10,0,True
visuotactile_margin_seed0_rl,script,primary,44,all,any_native_success,20,-0.3,-0.5,-0.1,"paired environment-seed bootstrap 95%, identical recorded physical parameters",0,14,6,True
visuotactile_margin_seed0_rl,script,primary,44,all,bilateral_contact_at_takeover,20,0.0,0.0,0.0,"paired environment-seed bootstrap 95%, identical recorded physical parameters",0,20,0,False
visuotactile_margin_seed0_rl,script,primary,44,all,final_native_success,20,-0.35,-0.55,-0.15,"paired environment-seed bootstrap 95%, identical recorded physical parameters",0,13,7,True
visuotactile_margin_seed0_rl,script,primary,44,all,force_budget_exceeded,20,-0.55,-0.75,-0.35,"paired environment-seed bootstrap 95%, identical recorded physical parameters",0,9,11,False
visuotactile_margin_seed0_rl,script,primary,44,all,full_episode_peak_normal_N,20,-8.800795805454253,-12.48566399127245,-5.156688885688782,"paired environment-seed bootstrap 95%, identical recorded physical parameters",3,4,13,False
visuotactile_margin_seed0_rl,script,primary,44,all,intervention_force_budget_exceeded,20,-0.55,-0.75,-0.35,"paired environment-seed bootstrap 95%, identical recorded physical parameters",0,9,11,False
visuotactile_margin_seed0_rl,script,primary,44,all,intervention_peak_normal_N,20,-8.705157148838044,-12.246417981982232,-5.119128821492198,"paired environment-seed bootstrap 95%, identical recorded physical parameters",3,4,13,False
visuotactile_margin_seed0_rl,script,primary,44,all,native_shaped_return,20,-5.441932845388644,-17.972427283810507,6.794327593167251,"paired environment-seed bootstrap 95%, identical recorded physical parameters",13,0,7,True
visuotactile_margin_seed0_rl,script,primary,44,all,setup_force_budget_exceeded,20,0.0,0.0,0.0,"paired environment-seed bootstrap 95%, identical recorded physical parameters",0,20,0,False
visuotactile_margin_seed0_rl,script,primary,44,all,setup_peak_normal_N,20,0.0,0.0,0.0,"paired environment-seed bootstrap 95%, identical recorded physical parameters",0,20,0,False
visuotactile_margin_seed0_rl,script,primary,44,all,sustained_10cm_lift_success,20,-0.35,-0.55,-0.15,"paired environment-seed bootstrap 95%, identical recorded physical parameters",0,13,7,True
visuotactile_margin_seed0_rl,script,primary,44,all,sustained_10cm_lift_within_force_budget,20,-0.1,-0.25,0.0,"paired environment-seed bootstrap 95%, identical recorded physical parameters",0,18,2,True
visuotactile_margin_seed0_rl,script,primary,44,all,sustained_native_success,20,-0.35,-0.55,-0.15,"paired environment-seed bootstrap 95%, identical recorded physical parameters",0,13,7,True
visuotactile_margin_seed0_rl,script,primary,44,all,sustained_success_within_force_budget,20,-0.1,-0.25,0.0,"paired environment-seed bootstrap 95%, identical recorded physical parameters",0,18,2,True
visuotactile_margin_seed0_rl,script,primary,44,id,any_native_success,10,-0.6,-0.9,-0.3,"paired environment-seed bootstrap 95%, identical recorded physical parameters",0,4,6,True
visuotactile_margin_seed0_rl,script,primary,44,id,bilateral_contact_at_takeover,10,0.0,0.0,0.0,"paired environment-seed bootstrap 95%, identical recorded physical parameters",0,10,0,False
visuotactile_margin_seed0_rl,script,primary,44,id,final_native_success,10,-0.7,-0.9,-0.4,"paired environment-seed bootstrap 95%, identical recorded physical parameters",0,3,7,True
visuotactile_margin_seed0_rl,script,primary,44,id,force_budget_exceeded,10,-0.5,-0.8,-0.2,"paired environment-seed bootstrap 95%, identical recorded physical parameters",0,5,5,False
visuotactile_margin_seed0_rl,script,primary,44,id,full_episode_peak_normal_N,10,-9.879257869720458,-15.608673791885376,-4.462807083129883,"paired environment-seed bootstrap 95%, identical recorded physical parameters",0,3,7,False
visuotactile_margin_seed0_rl,script,primary,44,id,intervention_force_budget_exceeded,10,-0.5,-0.8,-0.2,"paired environment-seed bootstrap 95%, identical recorded physical parameters",0,5,5,False
visuotactile_margin_seed0_rl,script,primary,44,id,intervention_peak_normal_N,10,-9.687980556488037,-15.058555073738098,-4.520886874198913,"paired environment-seed bootstrap 95%, identical recorded physical parameters",0,3,7,False
visuotactile_margin_seed0_rl,script,primary,44,id,native_shaped_return,10,-25.341074411038555,-44.03325298748061,-6.046691629108855,"paired environment-seed bootstrap 95%, identical recorded physical parameters",3,0,7,True
visuotactile_margin_seed0_rl,script,primary,44,id,setup_force_budget_exceeded,10,0.0,0.0,0.0,"paired environment-seed bootstrap 95%, identical recorded physical parameters",0,10,0,False
visuotactile_margin_seed0_rl,script,primary,44,id,setup_peak_normal_N,10,0.0,0.0,0.0,"paired environment-seed bootstrap 95%, identical recorded physical parameters",0,10,0,False
visuotactile_margin_seed0_rl,script,primary,44,id,sustained_10cm_lift_success,10,-0.7,-0.9,-0.4,"paired environment-seed bootstrap 95%, identical recorded physical parameters",0,3,7,True
visuotactile_margin_seed0_rl,script,primary,44,id,sustained_10cm_lift_within_force_budget,10,-0.2,-0.5,0.0,"paired environment-seed bootstrap 95%, identical recorded physical parameters",0,8,2,True
visuotactile_margin_seed0_rl,script,primary,44,id,sustained_native_success,10,-0.7,-1.0,-0.4,"paired environment-seed bootstrap 95%, identical recorded physical parameters",0,3,7,True
visuotactile_margin_seed0_rl,script,primary,44,id,sustained_success_within_force_budget,10,-0.2,-0.5,0.0,"paired environment-seed bootstrap 95%, identical recorded physical parameters",0,8,2,True
visuotactile_margin_seed0_rl,script,primary,44,ood,any_native_success,10,0.0,0.0,0.0,"paired environment-seed bootstrap 95%, identical recorded physical parameters",0,10,0,True
visuotactile_margin_seed0_rl,script,primary,44,ood,bilateral_contact_at_takeover,10,0.0,0.0,0.0,"paired environment-seed bootstrap 95%, identical recorded physical parameters",0,10,0,False
visuotactile_margin_seed0_rl,script,primary,44,ood,final_native_success,10,0.0,0.0,0.0,"paired environment-seed bootstrap 95%, identical recorded physical parameters",0,10,0,True
visuotactile_margin_seed0_rl,script,primary,44,ood,force_budget_exceeded,10,-0.6,-0.9,-0.3,"paired environment-seed bootstrap 95%, identical recorded physical parameters",0,4,6,False
visuotactile_margin_seed0_rl,script,primary,44,ood,full_episode_peak_normal_N,10,-7.7223337411880495,-12.557318949103356,-3.2162347829342,"paired environment-seed bootstrap 95%, identical recorded physical parameters",3,1,6,False
visuotactile_margin_seed0_rl,script,primary,44,ood,intervention_force_budget_exceeded,10,-0.6,-0.9,-0.3,"paired environment-seed bootstrap 95%, identical recorded physical parameters",0,4,6,False
visuotactile_margin_seed0_rl,script,primary,44,ood,intervention_peak_normal_N,10,-7.7223337411880495,-12.424048740267754,-3.396918205618859,"paired environment-seed bootstrap 95%, identical recorded physical parameters",3,1,6,False
visuotactile_margin_seed0_rl,script,primary,44,ood,native_shaped_return,10,14.457208720261269,13.002280096596069,15.885667153858224,"paired environment-seed bootstrap 95%, identical recorded physical parameters",10,0,0,True
visuotactile_margin_seed0_rl,script,primary,44,ood,setup_force_budget_exceeded,10,0.0,0.0,0.0,"paired environment-seed bootstrap 95%, identical recorded physical parameters",0,10,0,False
visuotactile_margin_seed0_rl,script,primary,44,ood,setup_peak_normal_N,10,0.0,0.0,0.0,"paired environment-seed bootstrap 95%, identical recorded physical parameters",0,10,0,False
visuotactile_margin_seed0_rl,script,primary,44,ood,sustained_10cm_lift_success,10,0.0,0.0,0.0,"paired environment-seed bootstrap 95%, identical recorded physical parameters",0,10,0,True
visuotactile_margin_seed0_rl,script,primary,44,ood,sustained_10cm_lift_within_force_budget,10,0.0,0.0,0.0,"paired environment-seed bootstrap 95%, identical recorded physical parameters",0,10,0,True
visuotactile_margin_seed0_rl,script,primary,44,ood,sustained_native_success,10,0.0,0.0,0.0,"paired environment-seed bootstrap 95%, identical recorded physical parameters",0,10,0,True
visuotactile_margin_seed0_rl,script,primary,44,ood,sustained_success_within_force_budget,10,0.0,0.0,0.0,"paired environment-seed bootstrap 95%, identical recorded physical parameters",0,10,0,True
visuotactile_margin_seed1_rl,force_feedback,primary,44,all,any_native_success,20,-0.2,-0.4,-0.05,"paired environment-seed bootstrap 95%, identical recorded physical parameters",0,16,4,True
visuotactile_margin_seed1_rl,force_feedback,primary,44,all,bilateral_contact_at_takeover,20,0.0,0.0,0.0,"paired environment-seed bootstrap 95%, identical recorded physical parameters",0,20,0,False
visuotactile_margin_seed1_rl,force_feedback,primary,44,all,final_native_success,20,-0.25,-0.45,-0.1,"paired environment-seed bootstrap 95%, identical recorded physical parameters",0,15,5,True
visuotactile_margin_seed1_rl,force_feedback,primary,44,all,force_budget_exceeded,20,-0.05,-0.3,0.2,"paired environment-seed bootstrap 95%, identical recorded physical parameters",3,13,4,False
visuotactile_margin_seed1_rl,force_feedback,primary,44,all,full_episode_peak_normal_N,20,-0.35727928280830384,-1.994263011664152,1.2204355099797224,"paired environment-seed bootstrap 95%, identical recorded physical parameters",12,0,8,False
visuotactile_margin_seed1_rl,force_feedback,primary,44,all,intervention_force_budget_exceeded,20,0.1,-0.1,0.3,"paired environment-seed bootstrap 95%, identical recorded physical parameters",3,16,1,False
visuotactile_margin_seed1_rl,force_feedback,primary,44,all,intervention_peak_normal_N,20,0.12616072297096254,-1.1665707768499851,1.4374188493192193,"paired environment-seed bootstrap 95%, identical recorded physical parameters",13,0,7,False
visuotactile_margin_seed1_rl,force_feedback,primary,44,all,native_shaped_return,20,-6.603420741661404,-17.88571775453291,3.1402477479979947,"paired environment-seed bootstrap 95%, identical recorded physical parameters",15,0,5,True
visuotactile_margin_seed1_rl,force_feedback,primary,44,all,setup_force_budget_exceeded,20,0.0,0.0,0.0,"paired environment-seed bootstrap 95%, identical recorded physical parameters",0,20,0,False
visuotactile_margin_seed1_rl,force_feedback,primary,44,all,setup_peak_normal_N,20,0.0,0.0,0.0,"paired environment-seed bootstrap 95%, identical recorded physical parameters",0,20,0,False
visuotactile_margin_seed1_rl,force_feedback,primary,44,all,sustained_10cm_lift_success,20,-0.25,-0.45,-0.05,"paired environment-seed bootstrap 95%, identical recorded physical parameters",0,15,5,True
visuotactile_margin_seed1_rl,force_feedback,primary,44,all,sustained_10cm_lift_within_force_budget,20,-0.1,-0.25,0.0,"paired environment-seed bootstrap 95%, identical recorded physical parameters",0,18,2,True
visuotactile_margin_seed1_rl,force_feedback,primary,44,all,sustained_native_success,20,-0.2,-0.4,-0.05,"paired environment-seed bootstrap 95%, identical recorded physical parameters",0,16,4,True
visuotactile_margin_seed1_rl,force_feedback,primary,44,all,sustained_success_within_force_budget,20,-0.05,-0.15,0.0,"paired environment-seed bootstrap 95%, identical recorded physical parameters",0,19,1,True
visuotactile_margin_seed1_rl,force_feedback,primary,44,id,any_native_success,10,-0.4,-0.7,-0.1,"paired environment-seed bootstrap 95%, identical recorded physical parameters",0,6,4,True
visuotactile_margin_seed1_rl,force_feedback,primary,44,id,bilateral_contact_at_takeover,10,0.0,0.0,0.0,"paired environment-seed bootstrap 95%, identical recorded physical parameters",0,10,0,False
visuotactile_margin_seed1_rl,force_feedback,primary,44,id,final_native_success,10,-0.5,-0.8,-0.2,"paired environment-seed bootstrap 95%, identical recorded physical parameters",0,5,5,True
visuotactile_margin_seed1_rl,force_feedback,primary,44,id,force_budget_exceeded,10,-0.2,-0.5,0.2,"paired environment-seed bootstrap 95%, identical recorded physical parameters",1,6,3,False
visuotactile_margin_seed1_rl,force_feedback,primary,44,id,full_episode_peak_normal_N,10,-1.4754384875297546,-3.805051476955414,0.8829460513591737,"paired environment-seed bootstrap 95%, identical recorded physical parameters",4,0,6,False
visuotactile_margin_seed1_rl,force_feedback,primary,44,id,intervention_force_budget_exceeded,10,0.1,0.0,0.3,"paired environment-seed bootstrap 95%, identical recorded physical parameters",1,9,0,False
visuotactile_margin_seed1_rl,force_feedback,primary,44,id,intervention_peak_normal_N,10,-0.508558475971222,-2.3342564791440963,1.4908088642358774,"paired environment-seed bootstrap 95%, identical recorded physical parameters",5,0,5,False
visuotactile_margin_seed1_rl,force_feedback,primary,44,id,native_shaped_return,10,-20.0048237458391,-38.35623085820229,-1.9513761078437974,"paired environment-seed bootstrap 95%, identical recorded physical parameters",5,0,5,True
visuotactile_margin_seed1_rl,force_feedback,primary,44,id,setup_force_budget_exceeded,10,0.0,0.0,0.0,"paired environment-seed bootstrap 95%, identical recorded physical parameters",0,10,0,False
visuotactile_margin_seed1_rl,force_feedback,primary,44,id,setup_peak_normal_N,10,0.0,0.0,0.0,"paired environment-seed bootstrap 95%, identical recorded physical parameters",0,10,0,False
visuotactile_margin_seed1_rl,force_feedback,primary,44,id,sustained_10cm_lift_success,10,-0.5,-0.8,-0.2,"paired environment-seed bootstrap 95%, identical recorded physical parameters",0,5,5,True
visuotactile_margin_seed1_rl,force_feedback,primary,44,id,sustained_10cm_lift_within_force_budget,10,-0.2,-0.5,0.0,"paired environment-seed bootstrap 95%, identical recorded physical parameters",0,8,2,True
visuotactile_margin_seed1_rl,force_feedback,primary,44,id,sustained_native_success,10,-0.4,-0.7,-0.1,"paired environment-seed bootstrap 95%, identical recorded physical parameters",0,6,4,True
visuotactile_margin_seed1_rl,force_feedback,primary,44,id,sustained_success_within_force_budget,10,-0.1,-0.3,0.0,"paired environment-seed bootstrap 95%, identical recorded physical parameters",0,9,1,True
visuotactile_margin_seed1_rl,force_feedback,primary,44,ood,any_native_success,10,0.0,0.0,0.0,"paired environment-seed bootstrap 95%, identical recorded physical parameters",0,10,0,True
visuotactile_margin_seed1_rl,force_feedback,primary,44,ood,bilateral_contact_at_takeover,10,0.0,0.0,0.0,"paired environment-seed bootstrap 95%, identical recorded physical parameters",0,10,0,False
visuotactile_margin_seed1_rl,force_feedback,primary,44,ood,final_native_success,10,0.0,0.0,0.0,"paired environment-seed bootstrap 95%, identical recorded physical parameters",0,10,0,True
visuotactile_margin_seed1_rl,force_feedback,primary,44,ood,force_budget_exceeded,10,0.1,-0.2,0.4,"paired environment-seed bootstrap 95%, identical recorded physical parameters",2,7,1,False
visuotactile_margin_seed1_rl,force_feedback,primary,44,ood,full_episode_peak_normal_N,10,0.760879921913147,-1.1089737552404404,2.5655244266986843,"paired environment-seed bootstrap 95%, identical recorded physical parameters",8,0,2,False
visuotactile_margin_seed1_rl,force_feedback,primary,44,ood,intervention_force_budget_exceeded,10,0.1,-0.2,0.4,"paired environment-seed bootstrap 95%, identical recorded physical parameters",2,7,1,False
visuotactile_margin_seed1_rl,force_feedback,primary,44,ood,intervention_peak_normal_N,10,0.760879921913147,-1.1088903272151946,2.599687596559523,"paired environment-seed bootstrap 95%, identical recorded physical parameters",8,0,2,False
visuotactile_margin_seed1_rl,force_feedback,primary,44,ood,native_shaped_return,10,6.797982262516294,5.539509578264958,8.521468004162418,"paired environment-seed bootstrap 95%, identical recorded physical parameters",10,0,0,True
visuotactile_margin_seed1_rl,force_feedback,primary,44,ood,setup_force_budget_exceeded,10,0.0,0.0,0.0,"paired environment-seed bootstrap 95%, identical recorded physical parameters",0,10,0,False
visuotactile_margin_seed1_rl,force_feedback,primary,44,ood,setup_peak_normal_N,10,0.0,0.0,0.0,"paired environment-seed bootstrap 95%, identical recorded physical parameters",0,10,0,False
visuotactile_margin_seed1_rl,force_feedback,primary,44,ood,sustained_10cm_lift_success,10,0.0,0.0,0.0,"paired environment-seed bootstrap 95%, identical recorded physical parameters",0,10,0,True
visuotactile_margin_seed1_rl,force_feedback,primary,44,ood,sustained_10cm_lift_within_force_budget,10,0.0,0.0,0.0,"paired environment-seed bootstrap 95%, identical recorded physical parameters",0,10,0,True
visuotactile_margin_seed1_rl,force_feedback,primary,44,ood,sustained_native_success,10,0.0,0.0,0.0,"paired environment-seed bootstrap 95%, identical recorded physical parameters",0,10,0,True
visuotactile_margin_seed1_rl,force_feedback,primary,44,ood,sustained_success_within_force_budget,10,0.0,0.0,0.0,"paired environment-seed bootstrap 95%, identical recorded physical parameters",0,10,0,True
visuotactile_margin_seed1_rl,script,primary,44,all,any_native_success,20,-0.15,-0.35,0.05,"paired environment-seed bootstrap 95%, identical recorded physical parameters",1,15,4,True
visuotactile_margin_seed1_rl,script,primary,44,all,bilateral_contact_at_takeover,20,0.0,0.0,0.0,"paired environment-seed bootstrap 95%, identical recorded physical parameters",0,20,0,False
visuotactile_margin_seed1_rl,script,primary,44,all,final_native_success,20,-0.2,-0.4,0.05,"paired environment-seed bootstrap 95%, identical recorded physical parameters",1,14,5,True
visuotactile_margin_seed1_rl,script,primary,44,all,force_budget_exceeded,20,-0.3,-0.55,0.0,"paired environment-seed bootstrap 95%, identical recorded physical parameters",2,10,8,False
visuotactile_margin_seed1_rl,script,primary,44,all,full_episode_peak_normal_N,20,-3.4512132942676543,-7.333699170798063,0.40111331507563314,"paired environment-seed bootstrap 95%, identical recorded physical parameters",9,0,11,False
visuotactile_margin_seed1_rl,script,primary,44,all,intervention_force_budget_exceeded,20,-0.3,-0.55,0.0,"paired environment-seed bootstrap 95%, identical recorded physical parameters",2,10,8,False
visuotactile_margin_seed1_rl,script,primary,44,all,intervention_peak_normal_N,20,-3.4510528266429903,-7.383194396197796,0.3012236361205564,"paired environment-seed bootstrap 95%, identical recorded physical parameters",9,0,11,False
visuotactile_margin_seed1_rl,script,primary,44,all,native_shaped_return,20,-3.434410944954989,-17.087748661388712,9.946755696713302,"paired environment-seed bootstrap 95%, identical recorded physical parameters",15,0,5,True
visuotactile_margin_seed1_rl,script,primary,44,all,setup_force_budget_exceeded,20,0.0,0.0,0.0,"paired environment-seed bootstrap 95%, identical recorded physical parameters",0,20,0,False
visuotactile_margin_seed1_rl,script,primary,44,all,setup_peak_normal_N,20,0.0,0.0,0.0,"paired environment-seed bootstrap 95%, identical recorded physical parameters",0,20,0,False
visuotactile_margin_seed1_rl,script,primary,44,all,sustained_10cm_lift_success,20,-0.2,-0.40124999999999994,0.05,"paired environment-seed bootstrap 95%, identical recorded physical parameters",1,14,5,True
visuotactile_margin_seed1_rl,script,primary,44,all,sustained_10cm_lift_within_force_budget,20,0.05,-0.1,0.2,"paired environment-seed bootstrap 95%, identical recorded physical parameters",2,17,1,True
visuotactile_margin_seed1_rl,script,primary,44,all,sustained_native_success,20,-0.15,-0.35,0.05,"paired environment-seed bootstrap 95%, identical recorded physical parameters",1,15,4,True
visuotactile_margin_seed1_rl,script,primary,44,all,sustained_success_within_force_budget,20,0.1,0.0,0.25,"paired environment-seed bootstrap 95%, identical recorded physical parameters",2,18,0,True
visuotactile_margin_seed1_rl,script,primary,44,id,any_native_success,10,-0.3,-0.7,0.1,"paired environment-seed bootstrap 95%, identical recorded physical parameters",1,5,4,True
visuotactile_margin_seed1_rl,script,primary,44,id,bilateral_contact_at_takeover,10,0.0,0.0,0.0,"paired environment-seed bootstrap 95%, identical recorded physical parameters",0,10,0,False
visuotactile_margin_seed1_rl,script,primary,44,id,final_native_success,10,-0.4,-0.8,0.0,"paired environment-seed bootstrap 95%, identical recorded physical parameters",1,4,5,True
visuotactile_margin_seed1_rl,script,primary,44,id,force_budget_exceeded,10,-0.3,-0.7024999999999998,0.2,"paired environment-seed bootstrap 95%, identical recorded physical parameters",2,3,5,False
visuotactile_margin_seed1_rl,script,primary,44,id,full_episode_peak_normal_N,10,-4.147435796260834,-10.886613910496235,2.401849930286404,"paired environment-seed bootstrap 95%, identical recorded physical parameters",4,0,6,False
visuotactile_margin_seed1_rl,script,primary,44,id,intervention_force_budget_exceeded,10,-0.3,-0.8,0.2,"paired environment-seed bootstrap 95%, identical recorded physical parameters",2,3,5,False
visuotactile_margin_seed1_rl,script,primary,44,id,intervention_peak_normal_N,10,-4.147114861011505,-10.69087698996067,2.06608690649271,"paired environment-seed bootstrap 95%, identical recorded physical parameters",4,0,6,False
visuotactile_margin_seed1_rl,script,primary,44,id,native_shaped_return,10,-13.52908469508983,-37.782768176682815,12.701017440909384,"paired environment-seed bootstrap 95%, identical recorded physical parameters",5,0,5,True
visuotactile_margin_seed1_rl,script,primary,44,id,setup_force_budget_exceeded,10,0.0,0.0,0.0,"paired environment-seed bootstrap 95%, identical recorded physical parameters",0,10,0,False
visuotactile_margin_seed1_rl,script,primary,44,id,setup_peak_normal_N,10,0.0,0.0,0.0,"paired environment-seed bootstrap 95%, identical recorded physical parameters",0,10,0,False
visuotactile_margin_seed1_rl,script,primary,44,id,sustained_10cm_lift_success,10,-0.4,-0.8,0.0,"paired environment-seed bootstrap 95%, identical recorded physical parameters",1,4,5,True
visuotactile_margin_seed1_rl,script,primary,44,id,sustained_10cm_lift_within_force_budget,10,0.1,-0.2,0.4,"paired environment-seed bootstrap 95%, identical recorded physical parameters",2,7,1,True
visuotactile_margin_seed1_rl,script,primary,44,id,sustained_native_success,10,-0.3,-0.7,0.1,"paired environment-seed bootstrap 95%, identical recorded physical parameters",1,5,4,True
visuotactile_margin_seed1_rl,script,primary,44,id,sustained_success_within_force_budget,10,0.2,0.0,0.5,"paired environment-seed bootstrap 95%, identical recorded physical parameters",2,8,0,True
visuotactile_margin_seed1_rl,script,primary,44,ood,any_native_success,10,0.0,0.0,0.0,"paired environment-seed bootstrap 95%, identical recorded physical parameters",0,10,0,True
visuotactile_margin_seed1_rl,script,primary,44,ood,bilateral_contact_at_takeover,10,0.0,0.0,0.0,"paired environment-seed bootstrap 95%, identical recorded physical parameters",0,10,0,False
visuotactile_margin_seed1_rl,script,primary,44,ood,final_native_success,10,0.0,0.0,0.0,"paired environment-seed bootstrap 95%, identical recorded physical parameters",0,10,0,True
visuotactile_margin_seed1_rl,script,primary,44,ood,force_budget_exceeded,10,-0.3,-0.6,0.0,"paired environment-seed bootstrap 95%, identical recorded physical parameters",0,7,3,False
visuotactile_margin_seed1_rl,script,primary,44,ood,full_episode_peak_normal_N,10,-2.754990792274475,-6.4794048035144804,1.1908450686931589,"paired environment-seed bootstrap 95%, identical recorded physical parameters",5,0,5,False
visuotactile_margin_seed1_rl,script,primary,44,ood,intervention_force_budget_exceeded,10,-0.3,-0.6,0.0,"paired environment-seed bootstrap 95%, identical recorded physical parameters",0,7,3,False
visuotactile_margin_seed1_rl,script,primary,44,ood,intervention_peak_normal_N,10,-2.754990792274475,-6.82379705607891,0.9617304456233969,"paired environment-seed bootstrap 95%, identical recorded physical parameters",5,0,5,False
visuotactile_margin_seed1_rl,script,primary,44,ood,native_shaped_return,10,6.660262805179852,5.293364775292089,8.361615903725006,"paired environment-seed bootstrap 95%, identical recorded physical parameters",10,0,0,True
visuotactile_margin_seed1_rl,script,primary,44,ood,setup_force_budget_exceeded,10,0.0,0.0,0.0,"paired environment-seed bootstrap 95%, identical recorded physical parameters",0,10,0,False
visuotactile_margin_seed1_rl,script,primary,44,ood,setup_peak_normal_N,10,0.0,0.0,0.0,"paired environment-seed bootstrap 95%, identical recorded physical parameters",0,10,0,False
visuotactile_margin_seed1_rl,script,primary,44,ood,sustained_10cm_lift_success,10,0.0,0.0,0.0,"paired environment-seed bootstrap 95%, identical recorded physical parameters",0,10,0,True
visuotactile_margin_seed1_rl,script,primary,44,ood,sustained_10cm_lift_within_force_budget,10,0.0,0.0,0.0,"paired environment-seed bootstrap 95%, identical recorded physical parameters",0,10,0,True
visuotactile_margin_seed1_rl,script,primary,44,ood,sustained_native_success,10,0.0,0.0,0.0,"paired environment-seed bootstrap 95%, identical recorded physical parameters",0,10,0,True
visuotactile_margin_seed1_rl,script,primary,44,ood,sustained_success_within_force_budget,10,0.0,0.0,0.0,"paired environment-seed bootstrap 95%, identical recorded physical parameters",0,10,0,True
visuotactile_margin_seed2_rl,force_feedback,primary,44,all,any_native_success,20,-0.4,-0.6,-0.2,"paired environment-seed bootstrap 95%, identical recorded physical parameters",0,12,8,True
visuotactile_margin_seed2_rl,force_feedback,primary,44,all,bilateral_contact_at_takeover,20,0.0,0.0,0.0,"paired environment-seed bootstrap 95%, identical recorded physical parameters",0,20,0,False
visuotactile_margin_seed2_rl,force_feedback,primary,44,all,final_native_success,20,-0.4,-0.6,-0.2,"paired environment-seed bootstrap 95%, identical recorded physical parameters",0,12,8,True
visuotactile_margin_seed2_rl,force_feedback,primary,44,all,force_budget_exceeded,20,-0.3,-0.5,-0.1,"paired environment-seed bootstrap 95%, identical recorded physical parameters",0,14,6,False
visuotactile_margin_seed2_rl,force_feedback,primary,44,all,full_episode_peak_normal_N,20,-5.8308441758155825,-7.299125297665596,-4.262718577682974,"paired environment-seed bootstrap 95%, identical recorded physical parameters",2,0,18,False
visuotactile_margin_seed2_rl,force_feedback,primary,44,all,intervention_force_budget_exceeded,20,-0.15,-0.3,0.0,"paired environment-seed bootstrap 95%, identical recorded physical parameters",0,17,3,False
visuotactile_margin_seed2_rl,force_feedback,primary,44,all,intervention_peak_normal_N,20,-5.251925981044769,-6.7036519265174865,-3.8636456471681604,"paired environment-seed bootstrap 95%, identical recorded physical parameters",2,0,18,False
visuotactile_margin_seed2_rl,force_feedback,primary,44,all,native_shaped_return,20,-10.740399356335962,-23.560793344347275,1.152424444217568,"paired environment-seed bootstrap 95%, identical recorded physical parameters",12,0,8,True
visuotactile_margin_seed2_rl,force_feedback,primary,44,all,setup_force_budget_exceeded,20,0.0,0.0,0.0,"paired environment-seed bootstrap 95%, identical recorded physical parameters",0,20,0,False
visuotactile_margin_seed2_rl,force_feedback,primary,44,all,setup_peak_normal_N,20,0.0,0.0,0.0,"paired environment-seed bootstrap 95%, identical recorded physical parameters",0,20,0,False
visuotactile_margin_seed2_rl,force_feedback,primary,44,all,sustained_10cm_lift_success,20,-0.4,-0.6,-0.2,"paired environment-seed bootstrap 95%, identical recorded physical parameters",0,12,8,True
visuotactile_margin_seed2_rl,force_feedback,primary,44,all,sustained_10cm_lift_within_force_budget,20,-0.25,-0.45,-0.05,"paired environment-seed bootstrap 95%, identical recorded physical parameters",0,15,5,True
visuotactile_margin_seed2_rl,force_feedback,primary,44,all,sustained_native_success,20,-0.4,-0.65,-0.2,"paired environment-seed bootstrap 95%, identical recorded physical parameters",0,12,8,True
visuotactile_margin_seed2_rl,force_feedback,primary,44,all,sustained_success_within_force_budget,20,-0.25,-0.45,-0.1,"paired environment-seed bootstrap 95%, identical recorded physical parameters",0,15,5,True
visuotactile_margin_seed2_rl,force_feedback,primary,44,id,any_native_success,10,-0.8,-1.0,-0.5,"paired environment-seed bootstrap 95%, identical recorded physical parameters",0,2,8,True
visuotactile_margin_seed2_rl,force_feedback,primary,44,id,bilateral_contact_at_takeover,10,0.0,0.0,0.0,"paired environment-seed bootstrap 95%, identical recorded physical parameters",0,10,0,False
visuotactile_margin_seed2_rl,force_feedback,primary,44,id,final_native_success,10,-0.8,-1.0,-0.5,"paired environment-seed bootstrap 95%, identical recorded physical parameters",0,2,8,True
visuotactile_margin_seed2_rl,force_feedback,primary,44,id,force_budget_exceeded,10,-0.4,-0.7,-0.1,"paired environment-seed bootstrap 95%, identical recorded physical parameters",0,6,4,False
visuotactile_margin_seed2_rl,force_feedback,primary,44,id,full_episode_peak_normal_N,10,-7.479395174980164,-9.268903679847718,-5.87322454571724,"paired environment-seed bootstrap 95%, identical recorded physical parameters",0,0,10,False
visuotactile_margin_seed2_rl,force_feedback,primary,44,id,intervention_force_budget_exceeded,10,-0.1,-0.3,0.0,"paired environment-seed bootstrap 95%, identical recorded physical parameters",0,9,1,False
visuotactile_margin_seed2_rl,force_feedback,primary,44,id,intervention_peak_normal_N,10,-6.321558785438538,-8.257164727449418,-4.997368289828301,"paired environment-seed bootstrap 95%, identical recorded physical parameters",0,0,10,False
visuotactile_margin_seed2_rl,force_feedback,primary,44,id,native_shaped_return,10,-32.40425991482504,-45.58306643697199,-13.982897503558247,"paired environment-seed bootstrap 95%, identical recorded physical parameters",2,0,8,True
visuotactile_margin_seed2_rl,force_feedback,primary,44,id,setup_force_budget_exceeded,10,0.0,0.0,0.0,"paired environment-seed bootstrap 95%, identical recorded physical parameters",0,10,0,False
visuotactile_margin_seed2_rl,force_feedback,primary,44,id,setup_peak_normal_N,10,0.0,0.0,0.0,"paired environment-seed bootstrap 95%, identical recorded physical parameters",0,10,0,False
visuotactile_margin_seed2_rl,force_feedback,primary,44,id,sustained_10cm_lift_success,10,-0.8,-1.0,-0.5,"paired environment-seed bootstrap 95%, identical recorded physical parameters",0,2,8,True
visuotactile_margin_seed2_rl,force_feedback,primary,44,id,sustained_10cm_lift_within_force_budget,10,-0.5,-0.8,-0.2,"paired environment-seed bootstrap 95%, identical recorded physical parameters",0,5,5,True
visuotactile_margin_seed2_rl,force_feedback,primary,44,id,sustained_native_success,10,-0.8,-1.0,-0.5,"paired environment-seed bootstrap 95%, identical recorded physical parameters",0,2,8,True
visuotactile_margin_seed2_rl,force_feedback,primary,44,id,sustained_success_within_force_budget,10,-0.5,-0.8,-0.2,"paired environment-seed bootstrap 95%, identical recorded physical parameters",0,5,5,True
visuotactile_margin_seed2_rl,force_feedback,primary,44,ood,any_native_success,10,0.0,0.0,0.0,"paired environment-seed bootstrap 95%, identical recorded physical parameters",0,10,0,True
visuotactile_margin_seed2_rl,force_feedback,primary,44,ood,bilateral_contact_at_takeover,10,0.0,0.0,0.0,"paired environment-seed bootstrap 95%, identical recorded physical parameters",0,10,0,False
visuotactile_margin_seed2_rl,force_feedback,primary,44,ood,final_native_success,10,0.0,0.0,0.0,"paired environment-seed bootstrap 95%, identical recorded physical parameters",0,10,0,True
visuotactile_margin_seed2_rl,force_feedback,primary,44,ood,force_budget_exceeded,10,-0.2,-0.5,0.0,"paired environment-seed bootstrap 95%, identical recorded physical parameters",0,8,2,False
visuotactile_margin_seed2_rl,force_feedback,primary,44,ood,full_episode_peak_normal_N,10,-4.182293176651001,-6.270300674438476,-1.9478048002719899,"paired environment-seed bootstrap 95%, identical recorded physical parameters",2,0,8,False
visuotactile_margin_seed2_rl,force_feedback,primary,44,ood,intervention_force_budget_exceeded,10,-0.2,-0.5,0.0,"paired environment-seed bootstrap 95%, identical recorded physical parameters",0,8,2,False
visuotactile_margin_seed2_rl,force_feedback,primary,44,ood,intervention_peak_normal_N,10,-4.182293176651001,-6.2524772953987116,-2.0567190277576453,"paired environment-seed bootstrap 95%, identical recorded physical parameters",2,0,8,False
visuotactile_margin_seed2_rl,force_feedback,primary,44,ood,native_shaped_return,10,10.923461202153117,7.783183559659798,13.861876518268389,"paired environment-seed bootstrap 95%, identical recorded physical parameters",10,0,0,True
visuotactile_margin_seed2_rl,force_feedback,primary,44,ood,setup_force_budget_exceeded,10,0.0,0.0,0.0,"paired environment-seed bootstrap 95%, identical recorded physical parameters",0,10,0,False
visuotactile_margin_seed2_rl,force_feedback,primary,44,ood,setup_peak_normal_N,10,0.0,0.0,0.0,"paired environment-seed bootstrap 95%, identical recorded physical parameters",0,10,0,False
visuotactile_margin_seed2_rl,force_feedback,primary,44,ood,sustained_10cm_lift_success,10,0.0,0.0,0.0,"paired environment-seed bootstrap 95%, identical recorded physical parameters",0,10,0,True
visuotactile_margin_seed2_rl,force_feedback,primary,44,ood,sustained_10cm_lift_within_force_budget,10,0.0,0.0,0.0,"paired environment-seed bootstrap 95%, identical recorded physical parameters",0,10,0,True
visuotactile_margin_seed2_rl,force_feedback,primary,44,ood,sustained_native_success,10,0.0,0.0,0.0,"paired environment-seed bootstrap 95%, identical recorded physical parameters",0,10,0,True
visuotactile_margin_seed2_rl,force_feedback,primary,44,ood,sustained_success_within_force_budget,10,0.0,0.0,0.0,"paired environment-seed bootstrap 95%, identical recorded physical parameters",0,10,0,True
visuotactile_margin_seed2_rl,script,primary,44,all,any_native_success,20,-0.35,-0.55,-0.15,"paired environment-seed bootstrap 95%, identical recorded physical parameters",0,13,7,True
visuotactile_margin_seed2_rl,script,primary,44,all,bilateral_contact_at_takeover,20,0.0,0.0,0.0,"paired environment-seed bootstrap 95%, identical recorded physical parameters",0,20,0,False
visuotactile_margin_seed2_rl,script,primary,44,all,final_native_success,20,-0.35,-0.55,-0.15,"paired environment-seed bootstrap 95%, identical recorded physical parameters",0,13,7,True
visuotactile_margin_seed2_rl,script,primary,44,all,force_budget_exceeded,20,-0.55,-0.75,-0.35,"paired environment-seed bootstrap 95%, identical recorded physical parameters",0,9,11,False
visuotactile_margin_seed2_rl,script,primary,44,all,full_episode_peak_normal_N,20,-8.924778187274933,-12.399152234494686,-5.449602245390416,"paired environment-seed bootstrap 95%, identical recorded physical parameters",2,4,14,False
visuotactile_margin_seed2_rl,script,primary,44,all,intervention_force_budget_exceeded,20,-0.55,-0.75,-0.3487500000000068,"paired environment-seed bootstrap 95%, identical recorded physical parameters",0,9,11,False
visuotactile_margin_seed2_rl,script,primary,44,all,intervention_peak_normal_N,20,-8.829139530658722,-12.351869806945324,-5.41732545375824,"paired environment-seed bootstrap 95%, identical recorded physical parameters",2,4,14,False
visuotactile_margin_seed2_rl,script,primary,44,all,native_shaped_return,20,-7.571389559629549,-20.279097227094617,4.481445622977001,"paired environment-seed bootstrap 95%, identical recorded physical parameters",13,0,7,True
visuotactile_margin_seed2_rl,script,primary,44,all,setup_force_budget_exceeded,20,0.0,0.0,0.0,"paired environment-seed bootstrap 95%, identical recorded physical parameters",0,20,0,False
visuotactile_margin_seed2_rl,script,primary,44,all,setup_peak_normal_N,20,0.0,0.0,0.0,"paired environment-seed bootstrap 95%, identical recorded physical parameters",0,20,0,False
visuotactile_margin_seed2_rl,script,primary,44,all,sustained_10cm_lift_success,20,-0.35,-0.55,-0.15,"paired environment-seed bootstrap 95%, identical recorded physical parameters",0,13,7,True
visuotactile_margin_seed2_rl,script,primary,44,all,sustained_10cm_lift_within_force_budget,20,-0.1,-0.25,0.0,"paired environment-seed bootstrap 95%, identical recorded physical parameters",0,18,2,True
visuotactile_margin_seed2_rl,script,primary,44,all,sustained_native_success,20,-0.35,-0.55,-0.15,"paired environment-seed bootstrap 95%, identical recorded physical parameters",0,13,7,True
visuotactile_margin_seed2_rl,script,primary,44,all,sustained_success_within_force_budget,20,-0.1,-0.25,0.0,"paired environment-seed bootstrap 95%, identical recorded physical parameters",0,18,2,True
visuotactile_margin_seed2_rl,script,primary,44,id,any_native_success,10,-0.7,-1.0,-0.4,"paired environment-seed bootstrap 95%, identical recorded physical parameters",0,3,7,True
visuotactile_margin_seed2_rl,script,primary,44,id,bilateral_contact_at_takeover,10,0.0,0.0,0.0,"paired environment-seed bootstrap 95%, identical recorded physical parameters",0,10,0,False
visuotactile_margin_seed2_rl,script,primary,44,id,final_native_success,10,-0.7,-1.0,-0.4,"paired environment-seed bootstrap 95%, identical recorded physical parameters",0,3,7,True
visuotactile_margin_seed2_rl,script,primary,44,id,force_budget_exceeded,10,-0.5,-0.8,-0.2,"paired environment-seed bootstrap 95%, identical recorded physical parameters",0,5,5,False
visuotactile_margin_seed2_rl,script,primary,44,id,full_episode_peak_normal_N,10,-10.151392483711243,-15.58922103881836,-4.606302175521851,"paired environment-seed bootstrap 95%, identical recorded physical parameters",0,3,7,False
visuotactile_margin_seed2_rl,script,primary,44,id,intervention_force_budget_exceeded,10,-0.5,-0.8,-0.2,"paired environment-seed bootstrap 95%, identical recorded physical parameters",0,5,5,False
visuotactile_margin_seed2_rl,script,primary,44,id,intervention_peak_normal_N,10,-9.96011517047882,-15.31399205505848,-4.711096715927124,"paired environment-seed bootstrap 95%, identical recorded physical parameters",0,3,7,False
visuotactile_margin_seed2_rl,script,primary,44,id,native_shaped_return,10,-25.92852086407578,-44.180097554604906,-6.3529819239578025,"paired environment-seed bootstrap 95%, identical recorded physical parameters",3,0,7,True
visuotactile_margin_seed2_rl,script,primary,44,id,setup_force_budget_exceeded,10,0.0,0.0,0.0,"paired environment-seed bootstrap 95%, identical recorded physical parameters",0,10,0,False
visuotactile_margin_seed2_rl,script,primary,44,id,setup_peak_normal_N,10,0.0,0.0,0.0,"paired environment-seed bootstrap 95%, identical recorded physical parameters",0,10,0,False
visuotactile_margin_seed2_rl,script,primary,44,id,sustained_10cm_lift_success,10,-0.7,-1.0,-0.4,"paired environment-seed bootstrap 95%, identical recorded physical parameters",0,3,7,True
visuotactile_margin_seed2_rl,script,primary,44,id,sustained_10cm_lift_within_force_budget,10,-0.2,-0.5,0.0,"paired environment-seed bootstrap 95%, identical recorded physical parameters",0,8,2,True
visuotactile_margin_seed2_rl,script,primary,44,id,sustained_native_success,10,-0.7,-1.0,-0.4,"paired environment-seed bootstrap 95%, identical recorded physical parameters",0,3,7,True
visuotactile_margin_seed2_rl,script,primary,44,id,sustained_success_within_force_budget,10,-0.2,-0.5,0.0,"paired environment-seed bootstrap 95%, identical recorded physical parameters",0,8,2,True
visuotactile_margin_seed2_rl,script,primary,44,ood,any_native_success,10,0.0,0.0,0.0,"paired environment-seed bootstrap 95%, identical recorded physical parameters",0,10,0,True
visuotactile_margin_seed2_rl,script,primary,44,ood,bilateral_contact_at_takeover,10,0.0,0.0,0.0,"paired environment-seed bootstrap 95%, identical recorded physical parameters",0,10,0,False
visuotactile_margin_seed2_rl,script,primary,44,ood,final_native_success,10,0.0,0.0,0.0,"paired environment-seed bootstrap 95%, identical recorded physical parameters",0,10,0,True
visuotactile_margin_seed2_rl,script,primary,44,ood,force_budget_exceeded,10,-0.6,-0.9,-0.3,"paired environment-seed bootstrap 95%, identical recorded physical parameters",0,4,6,False
visuotactile_margin_seed2_rl,script,primary,44,ood,full_episode_peak_normal_N,10,-7.698163890838623,-11.985888931751251,-3.4642236196994816,"paired environment-seed bootstrap 95%, identical recorded physical parameters",2,1,7,False
visuotactile_margin_seed2_rl,script,primary,44,ood,intervention_force_budget_exceeded,10,-0.6,-0.9,-0.3,"paired environment-seed bootstrap 95%, identical recorded physical parameters",0,4,6,False
visuotactile_margin_seed2_rl,script,primary,44,ood,intervention_peak_normal_N,10,-7.698163890838623,-12.009207264184951,-3.5387843489646924,"paired environment-seed bootstrap 95%, identical recorded physical parameters",2,1,7,False
visuotactile_margin_seed2_rl,script,primary,44,ood,native_shaped_return,10,10.785741744816677,7.304617430228109,13.910080659937462,"paired environment-seed bootstrap 95%, identical recorded physical parameters",10,0,0,True
visuotactile_margin_seed2_rl,script,primary,44,ood,setup_force_budget_exceeded,10,0.0,0.0,0.0,"paired environment-seed bootstrap 95%, identical recorded physical parameters",0,10,0,False
visuotactile_margin_seed2_rl,script,primary,44,ood,setup_peak_normal_N,10,0.0,0.0,0.0,"paired environment-seed bootstrap 95%, identical recorded physical parameters",0,10,0,False
visuotactile_margin_seed2_rl,script,primary,44,ood,sustained_10cm_lift_success,10,0.0,0.0,0.0,"paired environment-seed bootstrap 95%, identical recorded physical parameters",0,10,0,True
visuotactile_margin_seed2_rl,script,primary,44,ood,sustained_10cm_lift_within_force_budget,10,0.0,0.0,0.0,"paired environment-seed bootstrap 95%, identical recorded physical parameters",0,10,0,True
visuotactile_margin_seed2_rl,script,primary,44,ood,sustained_native_success,10,0.0,0.0,0.0,"paired environment-seed bootstrap 95%, identical recorded physical parameters",0,10,0,True
visuotactile_margin_seed2_rl,script,primary,44,ood,sustained_success_within_force_budget,10,0.0,0.0,0.0,"paired environment-seed bootstrap 95%, identical recorded physical parameters",0,10,0,True
visuotactile_seed0_bc,force_feedback,primary,44,all,any_native_success,20,-0.15,-0.3,0.0,"paired environment-seed bootstrap 95%, identical recorded physical parameters",0,17,3,True
visuotactile_seed0_bc,force_feedback,primary,44,all,bilateral_contact_at_takeover,20,0.0,0.0,0.0,"paired environment-seed bootstrap 95%, identical recorded physical parameters",0,20,0,False
visuotactile_seed0_bc,force_feedback,primary,44,all,final_native_success,20,-0.15,-0.3,0.0,"paired environment-seed bootstrap 95%, identical recorded physical parameters",0,17,3,True
visuotactile_seed0_bc,force_feedback,primary,44,all,force_budget_exceeded,20,0.15,-0.15,0.4,"paired environment-seed bootstrap 95%, identical recorded physical parameters",6,11,3,False
visuotactile_seed0_bc,force_feedback,primary,44,all,full_episode_peak_normal_N,20,2.2983471512794496,-1.1149526539444923,5.974447145462035,"paired environment-seed bootstrap 95%, identical recorded physical parameters",10,0,10,False
visuotactile_seed0_bc,force_feedback,primary,44,all,intervention_force_budget_exceeded,20,0.3,0.0,0.6,"paired environment-seed bootstrap 95%, identical recorded physical parameters",9,8,3,False
visuotactile_seed0_bc,force_feedback,primary,44,all,intervention_peak_normal_N,20,2.157527208328247,-1.1392233753204346,5.462268881201743,"paired environment-seed bootstrap 95%, identical recorded physical parameters",10,0,10,False
visuotactile_seed0_bc,force_feedback,primary,44,all,native_shaped_return,20,-10.741768555314826,-22.422463778567995,0.8426576098816477,"paired environment-seed bootstrap 95%, identical recorded physical parameters",7,0,13,True
visuotactile_seed0_bc,force_feedback,primary,44,all,setup_force_budget_exceeded,20,0.0,0.0,0.0,"paired environment-seed bootstrap 95%, identical recorded physical parameters",0,20,0,False
visuotactile_seed0_bc,force_feedback,primary,44,all,setup_peak_normal_N,20,0.0,0.0,0.0,"paired environment-seed bootstrap 95%, identical recorded physical parameters",0,20,0,False
visuotactile_seed0_bc,force_feedback,primary,44,all,sustained_10cm_lift_success,20,-0.3,-0.5,-0.1,"paired environment-seed bootstrap 95%, identical recorded physical parameters",0,14,6,True
visuotactile_seed0_bc,force_feedback,primary,44,all,sustained_10cm_lift_within_force_budget,20,-0.2,-0.4,-0.05,"paired environment-seed bootstrap 95%, identical recorded physical parameters",0,16,4,True
visuotactile_seed0_bc,force_feedback,primary,44,all,sustained_native_success,20,-0.3,-0.5,-0.1,"paired environment-seed bootstrap 95%, identical recorded physical parameters",0,14,6,True
visuotactile_seed0_bc,force_feedback,primary,44,all,sustained_success_within_force_budget,20,-0.2,-0.4,-0.05,"paired environment-seed bootstrap 95%, identical recorded physical parameters",0,16,4,True
visuotactile_seed0_bc,force_feedback,primary,44,id,any_native_success,10,-0.3,-0.6,0.0,"paired environment-seed bootstrap 95%, identical recorded physical parameters",0,7,3,True
visuotactile_seed0_bc,force_feedback,primary,44,id,bilateral_contact_at_takeover,10,0.0,0.0,0.0,"paired environment-seed bootstrap 95%, identical recorded physical parameters",0,10,0,False
visuotactile_seed0_bc,force_feedback,primary,44,id,final_native_success,10,-0.3,-0.6,0.0,"paired environment-seed bootstrap 95%, identical recorded physical parameters",0,7,3,True
visuotactile_seed0_bc,force_feedback,primary,44,id,force_budget_exceeded,10,0.0,-0.3,0.3,"paired environment-seed bootstrap 95%, identical recorded physical parameters",1,8,1,False
visuotactile_seed0_bc,force_feedback,primary,44,id,full_episode_peak_normal_N,10,0.8596138238906861,-4.464264525771141,6.1361118900775855,"paired environment-seed bootstrap 95%, identical recorded physical parameters",4,0,6,False
visuotactile_seed0_bc,force_feedback,primary,44,id,intervention_force_budget_exceeded,10,0.3,-0.1,0.7,"paired environment-seed bootstrap 95%, identical recorded physical parameters",4,5,1,False
visuotactile_seed0_bc,force_feedback,primary,44,id,intervention_peak_normal_N,10,1.9114392280578614,-3.6323972499370574,7.260425313711163,"paired environment-seed bootstrap 95%, identical recorded physical parameters",4,0,6,False
visuotactile_seed0_bc,force_feedback,primary,44,id,native_shaped_return,10,-26.286970120598312,-43.63555520577824,-10.329805053546416,"paired environment-seed bootstrap 95%, identical recorded physical parameters",2,0,8,True
visuotactile_seed0_bc,force_feedback,primary,44,id,setup_force_budget_exceeded,10,0.0,0.0,0.0,"paired environment-seed bootstrap 95%, identical recorded physical parameters",0,10,0,False
visuotactile_seed0_bc,force_feedback,primary,44,id,setup_peak_normal_N,10,0.0,0.0,0.0,"paired environment-seed bootstrap 95%, identical recorded physical parameters",0,10,0,False
visuotactile_seed0_bc,force_feedback,primary,44,id,sustained_10cm_lift_success,10,-0.6,-0.9,-0.3,"paired environment-seed bootstrap 95%, identical recorded physical parameters",0,4,6,True
visuotactile_seed0_bc,force_feedback,primary,44,id,sustained_10cm_lift_within_force_budget,10,-0.4,-0.7,-0.1,"paired environment-seed bootstrap 95%, identical recorded physical parameters",0,6,4,True
visuotactile_seed0_bc,force_feedback,primary,44,id,sustained_native_success,10,-0.6,-0.9,-0.3,"paired environment-seed bootstrap 95%, identical recorded physical parameters",0,4,6,True
visuotactile_seed0_bc,force_feedback,primary,44,id,sustained_success_within_force_budget,10,-0.4,-0.7,-0.1,"paired environment-seed bootstrap 95%, identical recorded physical parameters",0,6,4,True
visuotactile_seed0_bc,force_feedback,primary,44,ood,any_native_success,10,0.0,0.0,0.0,"paired environment-seed bootstrap 95%, identical recorded physical parameters",0,10,0,True
visuotactile_seed0_bc,force_feedback,primary,44,ood,bilateral_contact_at_takeover,10,0.0,0.0,0.0,"paired environment-seed bootstrap 95%, identical recorded physical parameters",0,10,0,False
visuotactile_seed0_bc,force_feedback,primary,44,ood,final_native_success,10,0.0,0.0,0.0,"paired environment-seed bootstrap 95%, identical recorded physical parameters",0,10,0,True
visuotactile_seed0_bc,force_feedback,primary,44,ood,force_budget_exceeded,10,0.3,-0.2,0.8,"paired environment-seed bootstrap 95%, identical recorded physical parameters",5,3,2,False
visuotactile_seed0_bc,force_feedback,primary,44,ood,full_episode_peak_normal_N,10,3.737080478668213,-0.7612472593784332,8.357829949855798,"paired environment-seed bootstrap 95%, identical recorded physical parameters",6,0,4,False
visuotactile_seed0_bc,force_feedback,primary,44,ood,intervention_force_budget_exceeded,10,0.3,-0.2,0.8,"paired environment-seed bootstrap 95%, identical recorded physical parameters",5,3,2,False
visuotactile_seed0_bc,force_feedback,primary,44,ood,intervention_peak_normal_N,10,2.403615188598633,-1.0522222852706908,5.849085382223128,"paired environment-seed bootstrap 95%, identical recorded physical parameters",6,0,4,False
visuotactile_seed0_bc,force_feedback,primary,44,ood,native_shaped_return,10,4.803433009968655,-2.5547632428050164,13.603850075299423,"paired environment-seed bootstrap 95%, identical recorded physical parameters",5,0,5,True
visuotactile_seed0_bc,force_feedback,primary,44,ood,setup_force_budget_exceeded,10,0.0,0.0,0.0,"paired environment-seed bootstrap 95%, identical recorded physical parameters",0,10,0,False
visuotactile_seed0_bc,force_feedback,primary,44,ood,setup_peak_normal_N,10,0.0,0.0,0.0,"paired environment-seed bootstrap 95%, identical recorded physical parameters",0,10,0,False
visuotactile_seed0_bc,force_feedback,primary,44,ood,sustained_10cm_lift_success,10,0.0,0.0,0.0,"paired environment-seed bootstrap 95%, identical recorded physical parameters",0,10,0,True
visuotactile_seed0_bc,force_feedback,primary,44,ood,sustained_10cm_lift_within_force_budget,10,0.0,0.0,0.0,"paired environment-seed bootstrap 95%, identical recorded physical parameters",0,10,0,True
visuotactile_seed0_bc,force_feedback,primary,44,ood,sustained_native_success,10,0.0,0.0,0.0,"paired environment-seed bootstrap 95%, identical recorded physical parameters",0,10,0,True
visuotactile_seed0_bc,force_feedback,primary,44,ood,sustained_success_within_force_budget,10,0.0,0.0,0.0,"paired environment-seed bootstrap 95%, identical recorded physical parameters",0,10,0,True
visuotactile_seed0_bc,script,primary,44,all,any_native_success,20,-0.1,-0.25,0.0,"paired environment-seed bootstrap 95%, identical recorded physical parameters",0,18,2,True
visuotactile_seed0_bc,script,primary,44,all,bilateral_contact_at_takeover,20,0.0,0.0,0.0,"paired environment-seed bootstrap 95%, identical recorded physical parameters",0,20,0,False
visuotactile_seed0_bc,script,primary,44,all,final_native_success,20,-0.1,-0.25,0.0,"paired environment-seed bootstrap 95%, identical recorded physical parameters",0,18,2,True
visuotactile_seed0_bc,script,primary,44,all,force_budget_exceeded,20,-0.1,-0.25,0.0,"paired environment-seed bootstrap 95%, identical recorded physical parameters",0,18,2,False
visuotactile_seed0_bc,script,primary,44,all,full_episode_peak_normal_N,20,-0.7955868601799011,-2.726895253062248,0.35517189621925344,"paired environment-seed bootstrap 95%, identical recorded physical parameters",8,4,8,False
visuotactile_seed0_bc,script,primary,44,all,intervention_force_budget_exceeded,20,-0.1,-0.25,0.0,"paired environment-seed bootstrap 95%, identical recorded physical parameters",0,18,2,False
visuotactile_seed0_bc,script,primary,44,all,intervention_peak_normal_N,20,-1.4196863412857055,-3.201963112950325,-0.2641704863309868,"paired environment-seed bootstrap 95%, identical recorded physical parameters",5,4,11,False
visuotactile_seed0_bc,script,primary,44,all,native_shaped_return,20,-7.572758758608413,-18.224021870105858,2.072020679510509,"paired environment-seed bootstrap 95%, identical recorded physical parameters",6,0,14,True
visuotactile_seed0_bc,script,primary,44,all,setup_force_budget_exceeded,20,0.0,0.0,0.0,"paired environment-seed bootstrap 95%, identical recorded physical parameters",0,20,0,False
visuotactile_seed0_bc,script,primary,44,all,setup_peak_normal_N,20,0.0,0.0,0.0,"paired environment-seed bootstrap 95%, identical recorded physical parameters",0,20,0,False
visuotactile_seed0_bc,script,primary,44,all,sustained_10cm_lift_success,20,-0.25,-0.45,-0.1,"paired environment-seed bootstrap 95%, identical recorded physical parameters",0,15,5,True
visuotactile_seed0_bc,script,primary,44,all,sustained_10cm_lift_within_force_budget,20,-0.05,-0.15,0.0,"paired environment-seed bootstrap 95%, identical recorded physical parameters",0,19,1,True
visuotactile_seed0_bc,script,primary,44,all,sustained_native_success,20,-0.25,-0.45,-0.1,"paired environment-seed bootstrap 95%, identical recorded physical parameters",0,15,5,True
visuotactile_seed0_bc,script,primary,44,all,sustained_success_within_force_budget,20,-0.05,-0.15,0.0,"paired environment-seed bootstrap 95%, identical recorded physical parameters",0,19,1,True
visuotactile_seed0_bc,script,primary,44,id,any_native_success,10,-0.2,-0.5,0.0,"paired environment-seed bootstrap 95%, identical recorded physical parameters",0,8,2,True
visuotactile_seed0_bc,script,primary,44,id,bilateral_contact_at_takeover,10,0.0,0.0,0.0,"paired environment-seed bootstrap 95%, identical recorded physical parameters",0,10,0,False
visuotactile_seed0_bc,script,primary,44,id,final_native_success,10,-0.2,-0.5,0.0,"paired environment-seed bootstrap 95%, identical recorded physical parameters",0,8,2,True
visuotactile_seed0_bc,script,primary,44,id,force_budget_exceeded,10,-0.1,-0.3,0.0,"paired environment-seed bootstrap 95%, identical recorded physical parameters",0,9,1,False
visuotactile_seed0_bc,script,primary,44,id,full_episode_peak_normal_N,10,-1.812383484840393,-5.342956416606903,0.03849023818969726,"paired environment-seed bootstrap 95%, identical recorded physical parameters",2,3,5,False
visuotactile_seed0_bc,script,primary,44,id,intervention_force_budget_exceeded,10,-0.1,-0.3,0.0,"paired environment-seed bootstrap 95%, identical recorded physical parameters",0,9,1,False
visuotactile_seed0_bc,script,primary,44,id,intervention_peak_normal_N,10,-1.727117156982422,-4.905020022392273,-0.017660515904426594,"paired environment-seed bootstrap 95%, identical recorded physical parameters",2,3,5,False
visuotactile_seed0_bc,script,primary,44,id,native_shaped_return,10,-19.81123106984904,-36.93363381878141,-5.74551568984332,"paired environment-seed bootstrap 95%, identical recorded physical parameters",2,0,8,True
visuotactile_seed0_bc,script,primary,44,id,setup_force_budget_exceeded,10,0.0,0.0,0.0,"paired environment-seed bootstrap 95%, identical recorded physical parameters",0,10,0,False
visuotactile_seed0_bc,script,primary,44,id,setup_peak_normal_N,10,0.0,0.0,0.0,"paired environment-seed bootstrap 95%, identical recorded physical parameters",0,10,0,False
visuotactile_seed0_bc,script,primary,44,id,sustained_10cm_lift_success,10,-0.5,-0.8,-0.2,"paired environment-seed bootstrap 95%, identical recorded physical parameters",0,5,5,True
visuotactile_seed0_bc,script,primary,44,id,sustained_10cm_lift_within_force_budget,10,-0.1,-0.3,0.0,"paired environment-seed bootstrap 95%, identical recorded physical parameters",0,9,1,True
visuotactile_seed0_bc,script,primary,44,id,sustained_native_success,10,-0.5,-0.8,-0.2,"paired environment-seed bootstrap 95%, identical recorded physical parameters",0,5,5,True
visuotactile_seed0_bc,script,primary,44,id,sustained_success_within_force_budget,10,-0.1,-0.3,0.0,"paired environment-seed bootstrap 95%, identical recorded physical parameters",0,9,1,True
visuotactile_seed0_bc,script,primary,44,ood,any_native_success,10,0.0,0.0,0.0,"paired environment-seed bootstrap 95%, identical recorded physical parameters",0,10,0,True
visuotactile_seed0_bc,script,primary,44,ood,bilateral_contact_at_takeover,10,0.0,0.0,0.0,"paired environment-seed bootstrap 95%, identical recorded physical parameters",0,10,0,False
visuotactile_seed0_bc,script,primary,44,ood,final_native_success,10,0.0,0.0,0.0,"paired environment-seed bootstrap 95%, identical recorded physical parameters",0,10,0,True
visuotactile_seed0_bc,script,primary,44,ood,force_budget_exceeded,10,-0.1,-0.3,0.0,"paired environment-seed bootstrap 95%, identical recorded physical parameters",0,9,1,False
visuotactile_seed0_bc,script,primary,44,ood,full_episode_peak_normal_N,10,0.22120976448059082,-0.4398488128185272,0.7996612012386322,"paired environment-seed bootstrap 95%, identical recorded physical parameters",6,1,3,False
visuotactile_seed0_bc,script,primary,44,ood,intervention_force_budget_exceeded,10,-0.1,-0.3,0.0,"paired environment-seed bootstrap 95%, identical recorded physical parameters",0,9,1,False
visuotactile_seed0_bc,script,primary,44,ood,intervention_peak_normal_N,10,-1.1122555255889892,-2.137691535949707,-0.18657584786415105,"paired environment-seed bootstrap 95%, identical recorded physical parameters",3,1,6,False
visuotactile_seed0_bc,script,primary,44,ood,native_shaped_return,10,4.665713552632213,-2.8390845821269854,12.897145741227606,"paired environment-seed bootstrap 95%, identical recorded physical parameters",4,0,6,True
visuotactile_seed0_bc,script,primary,44,ood,setup_force_budget_exceeded,10,0.0,0.0,0.0,"paired environment-seed bootstrap 95%, identical recorded physical parameters",0,10,0,False
visuotactile_seed0_bc,script,primary,44,ood,setup_peak_normal_N,10,0.0,0.0,0.0,"paired environment-seed bootstrap 95%, identical recorded physical parameters",0,10,0,False
visuotactile_seed0_bc,script,primary,44,ood,sustained_10cm_lift_success,10,0.0,0.0,0.0,"paired environment-seed bootstrap 95%, identical recorded physical parameters",0,10,0,True
visuotactile_seed0_bc,script,primary,44,ood,sustained_10cm_lift_within_force_budget,10,0.0,0.0,0.0,"paired environment-seed bootstrap 95%, identical recorded physical parameters",0,10,0,True
visuotactile_seed0_bc,script,primary,44,ood,sustained_native_success,10,0.0,0.0,0.0,"paired environment-seed bootstrap 95%, identical recorded physical parameters",0,10,0,True
visuotactile_seed0_bc,script,primary,44,ood,sustained_success_within_force_budget,10,0.0,0.0,0.0,"paired environment-seed bootstrap 95%, identical recorded physical parameters",0,10,0,True
visuotactile_seed0_bc,vision_seed0_bc,primary,44,all,any_native_success,20,0.0,0.0,0.0,"paired environment-seed bootstrap 95%, identical recorded physical parameters",0,20,0,True
visuotactile_seed0_bc,vision_seed0_bc,primary,44,all,bilateral_contact_at_takeover,20,0.0,0.0,0.0,"paired environment-seed bootstrap 95%, identical recorded physical parameters",0,20,0,False
visuotactile_seed0_bc,vision_seed0_bc,primary,44,all,final_native_success,20,0.0,0.0,0.0,"paired environment-seed bootstrap 95%, identical recorded physical parameters",0,20,0,True
visuotactile_seed0_bc,vision_seed0_bc,primary,44,all,force_budget_exceeded,20,-0.05,-0.15,0.0,"paired environment-seed bootstrap 95%, identical recorded physical parameters",0,19,1,False
visuotactile_seed0_bc,vision_seed0_bc,primary,44,all,full_episode_peak_normal_N,20,0.850349697470665,0.007545527815818787,1.794289494901893,"paired environment-seed bootstrap 95%, identical recorded physical parameters",12,4,4,False
visuotactile_seed0_bc,vision_seed0_bc,primary,44,all,intervention_force_budget_exceeded,20,0.0,0.0,0.0,"paired environment-seed bootstrap 95%, identical recorded physical parameters",0,20,0,False
visuotactile_seed0_bc,vision_seed0_bc,primary,44,all,intervention_peak_normal_N,20,0.8308538526296616,-0.09010069109499455,1.8933996095508323,"paired environment-seed bootstrap 95%, identical recorded physical parameters",11,4,5,False
visuotactile_seed0_bc,vision_seed0_bc,primary,44,all,native_shaped_return,20,-0.676855452777424,-6.167618746828318,4.460667373465378,"paired environment-seed bootstrap 95%, identical recorded physical parameters",14,0,6,True
visuotactile_seed0_bc,vision_seed0_bc,primary,44,all,setup_force_budget_exceeded,20,0.0,0.0,0.0,"paired environment-seed bootstrap 95%, identical recorded physical parameters",0,20,0,False
visuotactile_seed0_bc,vision_seed0_bc,primary,44,all,setup_peak_normal_N,20,0.0,0.0,0.0,"paired environment-seed bootstrap 95%, identical recorded physical parameters",0,20,0,False
visuotactile_seed0_bc,vision_seed0_bc,primary,44,all,sustained_10cm_lift_success,20,-0.05,-0.15,0.0,"paired environment-seed bootstrap 95%, identical recorded physical parameters",0,19,1,True
visuotactile_seed0_bc,vision_seed0_bc,primary,44,all,sustained_10cm_lift_within_force_budget,20,0.0,0.0,0.0,"paired environment-seed bootstrap 95%, identical recorded physical parameters",0,20,0,True
visuotactile_seed0_bc,vision_seed0_bc,primary,44,all,sustained_native_success,20,-0.05,-0.15,0.0,"paired environment-seed bootstrap 95%, identical recorded physical parameters",0,19,1,True
visuotactile_seed0_bc,vision_seed0_bc,primary,44,all,sustained_success_within_force_budget,20,0.0,0.0,0.0,"paired environment-seed bootstrap 95%, identical recorded physical parameters",0,20,0,True
visuotactile_seed0_bc,vision_seed0_bc,primary,44,id,any_native_success,10,0.0,0.0,0.0,"paired environment-seed bootstrap 95%, identical recorded physical parameters",0,10,0,True
visuotactile_seed0_bc,vision_seed0_bc,primary,44,id,bilateral_contact_at_takeover,10,0.0,0.0,0.0,"paired environment-seed bootstrap 95%, identical recorded physical parameters",0,10,0,False
visuotactile_seed0_bc,vision_seed0_bc,primary,44,id,final_native_success,10,0.0,0.0,0.0,"paired environment-seed bootstrap 95%, identical recorded physical parameters",0,10,0,True
visuotactile_seed0_bc,vision_seed0_bc,primary,44,id,force_budget_exceeded,10,0.0,0.0,0.0,"paired environment-seed bootstrap 95%, identical recorded physical parameters",0,10,0,False
visuotactile_seed0_bc,vision_seed0_bc,primary,44,id,full_episode_peak_normal_N,10,1.261156052350998,0.0667338502407074,2.772294998168945,"paired environment-seed bootstrap 95%, identical recorded physical parameters",6,3,1,False
visuotactile_seed0_bc,vision_seed0_bc,primary,44,id,intervention_force_budget_exceeded,10,0.0,0.0,0.0,"paired environment-seed bootstrap 95%, identical recorded physical parameters",0,10,0,False
visuotactile_seed0_bc,vision_seed0_bc,primary,44,id,intervention_peak_normal_N,10,1.3653681457042695,0.050801773071289066,3.062889716625213,"paired environment-seed bootstrap 95%, identical recorded physical parameters",6,3,1,False
visuotactile_seed0_bc,vision_seed0_bc,primary,44,id,native_shaped_return,10,0.7123203060244065,-5.151391834578478,4.3486122573078445,"paired environment-seed bootstrap 95%, identical recorded physical parameters",9,0,1,True
visuotactile_seed0_bc,vision_seed0_bc,primary,44,id,setup_force_budget_exceeded,10,0.0,0.0,0.0,"paired environment-seed bootstrap 95%, identical recorded physical parameters",0,10,0,False
visuotactile_seed0_bc,vision_seed0_bc,primary,44,id,setup_peak_normal_N,10,0.0,0.0,0.0,"paired environment-seed bootstrap 95%, identical recorded physical parameters",0,10,0,False
visuotactile_seed0_bc,vision_seed0_bc,primary,44,id,sustained_10cm_lift_success,10,-0.1,-0.3,0.0,"paired environment-seed bootstrap 95%, identical recorded physical parameters",0,9,1,True
visuotactile_seed0_bc,vision_seed0_bc,primary,44,id,sustained_10cm_lift_within_force_budget,10,0.0,0.0,0.0,"paired environment-seed bootstrap 95%, identical recorded physical parameters",0,10,0,True
visuotactile_seed0_bc,vision_seed0_bc,primary,44,id,sustained_native_success,10,-0.1,-0.3,0.0,"paired environment-seed bootstrap 95%, identical recorded physical parameters",0,9,1,True
visuotactile_seed0_bc,vision_seed0_bc,primary,44,id,sustained_success_within_force_budget,10,0.0,0.0,0.0,"paired environment-seed bootstrap 95%, identical recorded physical parameters",0,10,0,True
visuotactile_seed0_bc,vision_seed0_bc,primary,44,ood,any_native_success,10,0.0,0.0,0.0,"paired environment-seed bootstrap 95%, identical recorded physical parameters",0,10,0,True
visuotactile_seed0_bc,vision_seed0_bc,primary,44,ood,bilateral_contact_at_takeover,10,0.0,0.0,0.0,"paired environment-seed bootstrap 95%, identical recorded physical parameters",0,10,0,False
visuotactile_seed0_bc,vision_seed0_bc,primary,44,ood,final_native_success,10,0.0,0.0,0.0,"paired environment-seed bootstrap 95%, identical recorded physical parameters",0,10,0,True
visuotactile_seed0_bc,vision_seed0_bc,primary,44,ood,force_budget_exceeded,10,-0.1,-0.3,0.0,"paired environment-seed bootstrap 95%, identical recorded physical parameters",0,9,1,False
visuotactile_seed0_bc,vision_seed0_bc,primary,44,ood,full_episode_peak_normal_N,10,0.439543342590332,-0.6537883639335632,1.6165585160255418,"paired environment-seed bootstrap 95%, identical recorded physical parameters",6,1,3,False
visuotactile_seed0_bc,vision_seed0_bc,primary,44,ood,intervention_force_budget_exceeded,10,0.0,0.0,0.0,"paired environment-seed bootstrap 95%, identical recorded physical parameters",0,10,0,False
visuotactile_seed0_bc,vision_seed0_bc,primary,44,ood,intervention_peak_normal_N,10,0.2963395595550537,-0.8352840459346772,1.47718960046768,"paired environment-seed bootstrap 95%, identical recorded physical parameters",5,1,4,False
visuotactile_seed0_bc,vision_seed0_bc,primary,44,ood,native_shaped_return,10,-2.0660312115792556,-11.288355623281616,7.762712137730648,"paired environment-seed bootstrap 95%, identical recorded physical parameters",5,0,5,True
visuotactile_seed0_bc,vision_seed0_bc,primary,44,ood,setup_force_budget_exceeded,10,0.0,0.0,0.0,"paired environment-seed bootstrap 95%, identical recorded physical parameters",0,10,0,False
visuotactile_seed0_bc,vision_seed0_bc,primary,44,ood,setup_peak_normal_N,10,0.0,0.0,0.0,"paired environment-seed bootstrap 95%, identical recorded physical parameters",0,10,0,False
visuotactile_seed0_bc,vision_seed0_bc,primary,44,ood,sustained_10cm_lift_success,10,0.0,0.0,0.0,"paired environment-seed bootstrap 95%, identical recorded physical parameters",0,10,0,True
visuotactile_seed0_bc,vision_seed0_bc,primary,44,ood,sustained_10cm_lift_within_force_budget,10,0.0,0.0,0.0,"paired environment-seed bootstrap 95%, identical recorded physical parameters",0,10,0,True
visuotactile_seed0_bc,vision_seed0_bc,primary,44,ood,sustained_native_success,10,0.0,0.0,0.0,"paired environment-seed bootstrap 95%, identical recorded physical parameters",0,10,0,True
visuotactile_seed0_bc,vision_seed0_bc,primary,44,ood,sustained_success_within_force_budget,10,0.0,0.0,0.0,"paired environment-seed bootstrap 95%, identical recorded physical parameters",0,10,0,True
visuotactile_seed0_rl,force_feedback,primary,44,all,any_native_success,20,0.05,0.0,0.15,"paired environment-seed bootstrap 95%, identical recorded physical parameters",1,19,0,True
visuotactile_seed0_rl,force_feedback,primary,44,all,bilateral_contact_at_takeover,20,0.0,0.0,0.0,"paired environment-seed bootstrap 95%, identical recorded physical parameters",0,20,0,False
visuotactile_seed0_rl,force_feedback,primary,44,all,final_native_success,20,-0.05,-0.15,0.0,"paired environment-seed bootstrap 95%, identical recorded physical parameters",0,19,1,True
visuotactile_seed0_rl,force_feedback,primary,44,all,force_budget_exceeded,20,0.15,-0.1,0.4,"paired environment-seed bootstrap 95%, identical recorded physical parameters",5,13,2,False
visuotactile_seed0_rl,force_feedback,primary,44,all,full_episode_peak_normal_N,20,1.0611651420593262,0.06203253865242005,2.204130016565323,"paired environment-seed bootstrap 95%, identical recorded physical parameters",12,0,8,False
visuotactile_seed0_rl,force_feedback,primary,44,all,intervention_force_budget_exceeded,20,0.3,0.05,0.55,"paired environment-seed bootstrap 95%, identical recorded physical parameters",7,12,1,False
visuotactile_seed0_rl,force_feedback,primary,44,all,intervention_peak_normal_N,20,1.6387297630310058,0.6538162434101105,2.7267930585145947,"paired environment-seed bootstrap 95%, identical recorded physical parameters",14,0,6,False
visuotactile_seed0_rl,force_feedback,primary,44,all,native_shaped_return,20,9.918492885564975,8.069058735903472,11.807383732006764,"paired environment-seed bootstrap 95%, identical recorded physical parameters",20,0,0,True
visuotactile_seed0_rl,force_feedback,primary,44,all,setup_force_budget_exceeded,20,0.0,0.0,0.0,"paired environment-seed bootstrap 95%, identical recorded physical parameters",0,20,0,False
visuotactile_seed0_rl,force_feedback,primary,44,all,setup_peak_normal_N,20,0.0,0.0,0.0,"paired environment-seed bootstrap 95%, identical recorded physical parameters",0,20,0,False
visuotactile_seed0_rl,force_feedback,primary,44,all,sustained_10cm_lift_success,20,-0.25,-0.45,-0.1,"paired environment-seed bootstrap 95%, identical recorded physical parameters",0,15,5,True
visuotactile_seed0_rl,force_feedback,primary,44,all,sustained_10cm_lift_within_force_budget,20,-0.2,-0.45,0.05,"paired environment-seed bootstrap 95%, identical recorded physical parameters",1,14,5,True
visuotactile_seed0_rl,force_feedback,primary,44,all,sustained_native_success,20,0.0,0.0,0.0,"paired environment-seed bootstrap 95%, identical recorded physical parameters",0,20,0,True
visuotactile_seed0_rl,force_feedback,primary,44,all,sustained_success_within_force_budget,20,0.0,-0.15,0.15,"paired environment-seed bootstrap 95%, identical recorded physical parameters",1,18,1,True
visuotactile_seed0_rl,force_feedback,primary,44,id,any_native_success,10,0.1,0.0,0.3,"paired environment-seed bootstrap 95%, identical recorded physical parameters",1,9,0,True
visuotactile_seed0_rl,force_feedback,primary,44,id,bilateral_contact_at_takeover,10,0.0,0.0,0.0,"paired environment-seed bootstrap 95%, identical recorded physical parameters",0,10,0,False
visuotactile_seed0_rl,force_feedback,primary,44,id,final_native_success,10,-0.1,-0.3,0.0,"paired environment-seed bootstrap 95%, identical recorded physical parameters",0,9,1,True
visuotactile_seed0_rl,force_feedback,primary,44,id,force_budget_exceeded,10,0.0,-0.3,0.3,"paired environment-seed bootstrap 95%, identical recorded physical parameters",1,8,1,False
visuotactile_seed0_rl,force_feedback,primary,44,id,full_episode_peak_normal_N,10,0.0869368076324463,-0.7891746294498443,1.0026574897766112,"paired environment-seed bootstrap 95%, identical recorded physical parameters",4,0,6,False
visuotactile_seed0_rl,force_feedback,primary,44,id,intervention_force_budget_exceeded,10,0.3,0.0,0.6,"paired environment-seed bootstrap 95%, identical recorded physical parameters",3,7,0,False
visuotactile_seed0_rl,force_feedback,primary,44,id,intervention_peak_normal_N,10,1.2443355560302733,0.24111173510551454,2.3682760131359095,"paired environment-seed bootstrap 95%, identical recorded physical parameters",6,0,4,False
visuotactile_seed0_rl,force_feedback,primary,44,id,native_shaped_return,10,11.263597259686525,8.685980391251961,13.367741583919646,"paired environment-seed bootstrap 95%, identical recorded physical parameters",10,0,0,True
visuotactile_seed0_rl,force_feedback,primary,44,id,setup_force_budget_exceeded,10,0.0,0.0,0.0,"paired environment-seed bootstrap 95%, identical recorded physical parameters",0,10,0,False
visuotactile_seed0_rl,force_feedback,primary,44,id,setup_peak_normal_N,10,0.0,0.0,0.0,"paired environment-seed bootstrap 95%, identical recorded physical parameters",0,10,0,False
visuotactile_seed0_rl,force_feedback,primary,44,id,sustained_10cm_lift_success,10,-0.5,-0.8,-0.2,"paired environment-seed bootstrap 95%, identical recorded physical parameters",0,5,5,True
visuotactile_seed0_rl,force_feedback,primary,44,id,sustained_10cm_lift_within_force_budget,10,-0.4,-0.8,0.0,"paired environment-seed bootstrap 95%, identical recorded physical parameters",1,4,5,True
visuotactile_seed0_rl,force_feedback,primary,44,id,sustained_native_success,10,0.0,0.0,0.0,"paired environment-seed bootstrap 95%, identical recorded physical parameters",0,10,0,True
visuotactile_seed0_rl,force_feedback,primary,44,id,sustained_success_within_force_budget,10,0.0,-0.3,0.3,"paired environment-seed bootstrap 95%, identical recorded physical parameters",1,8,1,True
visuotactile_seed0_rl,force_feedback,primary,44,ood,any_native_success,10,0.0,0.0,0.0,"paired environment-seed bootstrap 95%, identical recorded physical parameters",0,10,0,True
visuotactile_seed0_rl,force_feedback,primary,44,ood,bilateral_contact_at_takeover,10,0.0,0.0,0.0,"paired environment-seed bootstrap 95%, identical recorded physical parameters",0,10,0,False
visuotactile_seed0_rl,force_feedback,primary,44,ood,final_native_success,10,0.0,0.0,0.0,"paired environment-seed bootstrap 95%, identical recorded physical parameters",0,10,0,True
visuotactile_seed0_rl,force_feedback,primary,44,ood,force_budget_exceeded,10,0.3,-0.1,0.7,"paired environment-seed bootstrap 95%, identical recorded physical parameters",4,5,1,False
visuotactile_seed0_rl,force_feedback,primary,44,ood,full_episode_peak_normal_N,10,2.035393476486206,0.4283822178840637,3.883676079511641,"paired environment-seed bootstrap 95%, identical recorded physical parameters",8,0,2,False
visuotactile_seed0_rl,force_feedback,primary,44,ood,intervention_force_budget_exceeded,10,0.3,-0.1,0.7,"paired environment-seed bootstrap 95%, identical recorded physical parameters",4,5,1,False
visuotactile_seed0_rl,force_feedback,primary,44,ood,intervention_peak_normal_N,10,2.0331239700317383,0.4041577911376953,3.9254586267471314,"paired environment-seed bootstrap 95%, identical recorded physical parameters",8,0,2,False
visuotactile_seed0_rl,force_feedback,primary,44,ood,native_shaped_return,10,8.573388511443424,6.152346539602605,11.437932603946908,"paired environment-seed bootstrap 95%, identical recorded physical parameters",10,0,0,True
visuotactile_seed0_rl,force_feedback,primary,44,ood,setup_force_budget_exceeded,10,0.0,0.0,0.0,"paired environment-seed bootstrap 95%, identical recorded physical parameters",0,10,0,False
visuotactile_seed0_rl,force_feedback,primary,44,ood,setup_peak_normal_N,10,0.0,0.0,0.0,"paired environment-seed bootstrap 95%, identical recorded physical parameters",0,10,0,False
visuotactile_seed0_rl,force_feedback,primary,44,ood,sustained_10cm_lift_success,10,0.0,0.0,0.0,"paired environment-seed bootstrap 95%, identical recorded physical parameters",0,10,0,True
visuotactile_seed0_rl,force_feedback,primary,44,ood,sustained_10cm_lift_within_force_budget,10,0.0,0.0,0.0,"paired environment-seed bootstrap 95%, identical recorded physical parameters",0,10,0,True
visuotactile_seed0_rl,force_feedback,primary,44,ood,sustained_native_success,10,0.0,0.0,0.0,"paired environment-seed bootstrap 95%, identical recorded physical parameters",0,10,0,True
visuotactile_seed0_rl,force_feedback,primary,44,ood,sustained_success_within_force_budget,10,0.0,0.0,0.0,"paired environment-seed bootstrap 95%, identical recorded physical parameters",0,10,0,True
visuotactile_seed0_rl,script,primary,44,all,any_native_success,20,0.1,0.0,0.25,"paired environment-seed bootstrap 95%, identical recorded physical parameters",2,18,0,True
visuotactile_seed0_rl,script,primary,44,all,bilateral_contact_at_takeover,20,0.0,0.0,0.0,"paired environment-seed bootstrap 95%, identical recorded physical parameters",0,20,0,False
visuotactile_seed0_rl,script,primary,44,all,final_native_success,20,0.0,-0.15,0.15,"paired environment-seed bootstrap 95%, identical recorded physical parameters",1,18,1,True
visuotactile_seed0_rl,script,primary,44,all,force_budget_exceeded,20,-0.1,-0.35,0.15,"paired environment-seed bootstrap 95%, identical recorded physical parameters",2,14,4,False
visuotactile_seed0_rl,script,primary,44,all,full_episode_peak_normal_N,20,-2.0327688694000243,-5.2567934691905975,1.2498585605621333,"paired environment-seed bootstrap 95%, identical recorded physical parameters",9,0,11,False
visuotactile_seed0_rl,script,primary,44,all,intervention_force_budget_exceeded,20,-0.1,-0.3012499999999999,0.1,"paired environment-seed bootstrap 95%, identical recorded physical parameters",2,14,4,False
visuotactile_seed0_rl,script,primary,44,all,intervention_peak_normal_N,20,-1.9384837865829467,-5.036788507699967,1.3092137855291361,"paired environment-seed bootstrap 95%, identical recorded physical parameters",9,0,11,False
visuotactile_seed0_rl,script,primary,44,all,native_shaped_return,20,13.087502682271388,8.316920152725416,20.11148892401222,"paired environment-seed bootstrap 95%, identical recorded physical parameters",20,0,0,True
visuotactile_seed0_rl,script,primary,44,all,setup_force_budget_exceeded,20,0.0,0.0,0.0,"paired environment-seed bootstrap 95%, identical recorded physical parameters",0,20,0,False
visuotactile_seed0_rl,script,primary,44,all,setup_peak_normal_N,20,0.0,0.0,0.0,"paired environment-seed bootstrap 95%, identical recorded physical parameters",0,20,0,False
visuotactile_seed0_rl,script,primary,44,all,sustained_10cm_lift_success,20,-0.2,-0.4,-0.05,"paired environment-seed bootstrap 95%, identical recorded physical parameters",0,16,4,True
visuotactile_seed0_rl,script,primary,44,all,sustained_10cm_lift_within_force_budget,20,-0.05,-0.2,0.1,"paired environment-seed bootstrap 95%, identical recorded physical parameters",1,17,2,True
visuotactile_seed0_rl,script,primary,44,all,sustained_native_success,20,0.05,0.0,0.15,"paired environment-seed bootstrap 95%, identical recorded physical parameters",1,19,0,True
visuotactile_seed0_rl,script,primary,44,all,sustained_success_within_force_budget,20,0.15,-0.05,0.35,"paired environment-seed bootstrap 95%, identical recorded physical parameters",4,15,1,True
visuotactile_seed0_rl,script,primary,44,id,any_native_success,10,0.2,0.0,0.5,"paired environment-seed bootstrap 95%, identical recorded physical parameters",2,8,0,True
visuotactile_seed0_rl,script,primary,44,id,bilateral_contact_at_takeover,10,0.0,0.0,0.0,"paired environment-seed bootstrap 95%, identical recorded physical parameters",0,10,0,False
visuotactile_seed0_rl,script,primary,44,id,final_native_success,10,0.0,-0.3,0.3,"paired environment-seed bootstrap 95%, identical recorded physical parameters",1,8,1,True
visuotactile_seed0_rl,script,primary,44,id,force_budget_exceeded,10,-0.1,-0.5,0.4,"paired environment-seed bootstrap 95%, identical recorded physical parameters",2,5,3,False
visuotactile_seed0_rl,script,primary,44,id,full_episode_peak_normal_N,10,-2.5850605010986327,-8.532678301334382,3.0480722963809868,"paired environment-seed bootstrap 95%, identical recorded physical parameters",4,0,6,False
visuotactile_seed0_rl,script,primary,44,id,intervention_force_budget_exceeded,10,-0.1,-0.5,0.3,"paired environment-seed bootstrap 95%, identical recorded physical parameters",2,5,3,False
visuotactile_seed0_rl,script,primary,44,id,intervention_peak_normal_N,10,-2.3942208290100098,-8.07676241517067,3.462141284942619,"paired environment-seed bootstrap 95%, identical recorded physical parameters",4,0,6,False
visuotactile_seed0_rl,script,primary,44,id,native_shaped_return,10,17.739336310435796,9.611459327324743,31.409824651024948,"paired environment-seed bootstrap 95%, identical recorded physical parameters",10,0,0,True
visuotactile_seed0_rl,script,primary,44,id,setup_force_budget_exceeded,10,0.0,0.0,0.0,"paired environment-seed bootstrap 95%, identical recorded physical parameters",0,10,0,False
visuotactile_seed0_rl,script,primary,44,id,setup_peak_normal_N,10,0.0,0.0,0.0,"paired environment-seed bootstrap 95%, identical recorded physical parameters",0,10,0,False
visuotactile_seed0_rl,script,primary,44,id,sustained_10cm_lift_success,10,-0.4,-0.7,-0.1,"paired environment-seed bootstrap 95%, identical recorded physical parameters",0,6,4,True
visuotactile_seed0_rl,script,primary,44,id,sustained_10cm_lift_within_force_budget,10,-0.1,-0.4,0.2,"paired environment-seed bootstrap 95%, identical recorded physical parameters",1,7,2,True
visuotactile_seed0_rl,script,primary,44,id,sustained_native_success,10,0.1,0.0,0.3,"paired environment-seed bootstrap 95%, identical recorded physical parameters",1,9,0,True
visuotactile_seed0_rl,script,primary,44,id,sustained_success_within_force_budget,10,0.3,-0.1,0.7,"paired environment-seed bootstrap 95%, identical recorded physical parameters",4,5,1,True
visuotactile_seed0_rl,script,primary,44,ood,any_native_success,10,0.0,0.0,0.0,"paired environment-seed bootstrap 95%, identical recorded physical parameters",0,10,0,True
visuotactile_seed0_rl,script,primary,44,ood,bilateral_contact_at_takeover,10,0.0,0.0,0.0,"paired environment-seed bootstrap 95%, identical recorded physical parameters",0,10,0,False
visuotactile_seed0_rl,script,primary,44,ood,final_native_success,10,0.0,0.0,0.0,"paired environment-seed bootstrap 95%, identical recorded physical parameters",0,10,0,True
visuotactile_seed0_rl,script,primary,44,ood,force_budget_exceeded,10,-0.1,-0.3,0.0,"paired environment-seed bootstrap 95%, identical recorded physical parameters",0,9,1,False
visuotactile_seed0_rl,script,primary,44,ood,full_episode_peak_normal_N,10,-1.480477237701416,-4.785670198202133,1.3036729371547693,"paired environment-seed bootstrap 95%, identical recorded physical parameters",5,0,5,False
visuotactile_seed0_rl,script,primary,44,ood,intervention_force_budget_exceeded,10,-0.1,-0.3,0.0,"paired environment-seed bootstrap 95%, identical recorded physical parameters",0,9,1,False
visuotactile_seed0_rl,script,primary,44,ood,intervention_peak_normal_N,10,-1.4827467441558837,-4.515249702930451,1.337513519525527,"paired environment-seed bootstrap 95%, identical recorded physical parameters",5,0,5,False
visuotactile_seed0_rl,script,primary,44,ood,native_shaped_return,10,8.435669054106983,5.872350939042994,11.341016071264558,"paired environment-seed bootstrap 95%, identical recorded physical parameters",10,0,0,True
visuotactile_seed0_rl,script,primary,44,ood,setup_force_budget_exceeded,10,0.0,0.0,0.0,"paired environment-seed bootstrap 95%, identical recorded physical parameters",0,10,0,False
visuotactile_seed0_rl,script,primary,44,ood,setup_peak_normal_N,10,0.0,0.0,0.0,"paired environment-seed bootstrap 95%, identical recorded physical parameters",0,10,0,False
visuotactile_seed0_rl,script,primary,44,ood,sustained_10cm_lift_success,10,0.0,0.0,0.0,"paired environment-seed bootstrap 95%, identical recorded physical parameters",0,10,0,True
visuotactile_seed0_rl,script,primary,44,ood,sustained_10cm_lift_within_force_budget,10,0.0,0.0,0.0,"paired environment-seed bootstrap 95%, identical recorded physical parameters",0,10,0,True
visuotactile_seed0_rl,script,primary,44,ood,sustained_native_success,10,0.0,0.0,0.0,"paired environment-seed bootstrap 95%, identical recorded physical parameters",0,10,0,True
visuotactile_seed0_rl,script,primary,44,ood,sustained_success_within_force_budget,10,0.0,0.0,0.0,"paired environment-seed bootstrap 95%, identical recorded physical parameters",0,10,0,True
visuotactile_seed0_rl,vision_seed0_rl,primary,44,all,any_native_success,20,0.0,0.0,0.0,"paired environment-seed bootstrap 95%, identical recorded physical parameters",0,20,0,True
visuotactile_seed0_rl,vision_seed0_rl,primary,44,all,bilateral_contact_at_takeover,20,0.0,0.0,0.0,"paired environment-seed bootstrap 95%, identical recorded physical parameters",0,20,0,False
visuotactile_seed0_rl,vision_seed0_rl,primary,44,all,final_native_success,20,0.3,0.05,0.55,"paired environment-seed bootstrap 95%, identical recorded physical parameters",7,12,1,True
visuotactile_seed0_rl,vision_seed0_rl,primary,44,all,force_budget_exceeded,20,-0.35,-0.55,-0.15,"paired environment-seed bootstrap 95%, identical recorded physical parameters",0,13,7,False
visuotactile_seed0_rl,vision_seed0_rl,primary,44,all,full_episode_peak_normal_N,20,-3.6209152579307555,-4.951783194839954,-2.3566209998726855,"paired environment-seed bootstrap 95%, identical recorded physical parameters",3,0,17,False
visuotactile_seed0_rl,vision_seed0_rl,primary,44,all,intervention_force_budget_exceeded,20,-0.35,-0.55,-0.15,"paired environment-seed bootstrap 95%, identical recorded physical parameters",0,13,7,False
visuotactile_seed0_rl,vision_seed0_rl,primary,44,all,intervention_peak_normal_N,20,-3.238710367679596,-4.662745195627213,-1.8722905632853513,"paired environment-seed bootstrap 95%, identical recorded physical parameters",4,0,16,False
visuotactile_seed0_rl,vision_seed0_rl,primary,44,all,native_shaped_return,20,34.2218422926574,19.88349323527742,48.76862870611923,"paired environment-seed bootstrap 95%, identical recorded physical parameters",16,0,4,True
visuotactile_seed0_rl,vision_seed0_rl,primary,44,all,setup_force_budget_exceeded,20,0.0,0.0,0.0,"paired environment-seed bootstrap 95%, identical recorded physical parameters",0,20,0,False
visuotactile_seed0_rl,vision_seed0_rl,primary,44,all,setup_peak_normal_N,20,0.0,0.0,0.0,"paired environment-seed bootstrap 95%, identical recorded physical parameters",0,20,0,False
visuotactile_seed0_rl,vision_seed0_rl,primary,44,all,sustained_10cm_lift_success,20,0.1,-0.1,0.3,"paired environment-seed bootstrap 95%, identical recorded physical parameters",3,16,1,True
visuotactile_seed0_rl,vision_seed0_rl,primary,44,all,sustained_10cm_lift_within_force_budget,20,0.0,-0.15,0.15,"paired environment-seed bootstrap 95%, identical recorded physical parameters",1,18,1,True
visuotactile_seed0_rl,vision_seed0_rl,primary,44,all,sustained_native_success,20,0.1,0.0,0.25,"paired environment-seed bootstrap 95%, identical recorded physical parameters",2,18,0,True
visuotactile_seed0_rl,vision_seed0_rl,primary,44,all,sustained_success_within_force_budget,20,0.2,0.05,0.4,"paired environment-seed bootstrap 95%, identical recorded physical parameters",4,16,0,True
visuotactile_seed0_rl,vision_seed0_rl,primary,44,id,any_native_success,10,0.0,0.0,0.0,"paired environment-seed bootstrap 95%, identical recorded physical parameters",0,10,0,True
visuotactile_seed0_rl,vision_seed0_rl,primary,44,id,bilateral_contact_at_takeover,10,0.0,0.0,0.0,"paired environment-seed bootstrap 95%, identical recorded physical parameters",0,10,0,False
visuotactile_seed0_rl,vision_seed0_rl,primary,44,id,final_native_success,10,0.6,0.2,1.0,"paired environment-seed bootstrap 95%, identical recorded physical parameters",7,2,1,True
visuotactile_seed0_rl,vision_seed0_rl,primary,44,id,force_budget_exceeded,10,-0.4,-0.7,-0.1,"paired environment-seed bootstrap 95%, identical recorded physical parameters",0,6,4,False
visuotactile_seed0_rl,vision_seed0_rl,primary,44,id,full_episode_peak_normal_N,10,-4.213979744911194,-6.154120053648949,-2.264933343529703,"paired environment-seed bootstrap 95%, identical recorded physical parameters",2,0,8,False
visuotactile_seed0_rl,vision_seed0_rl,primary,44,id,intervention_force_budget_exceeded,10,-0.4,-0.7,-0.1,"paired environment-seed bootstrap 95%, identical recorded physical parameters",0,6,4,False
visuotactile_seed0_rl,vision_seed0_rl,primary,44,id,intervention_peak_normal_N,10,-4.213675999641419,-6.15143642127514,-2.201820172071459,"paired environment-seed bootstrap 95%, identical recorded physical parameters",2,0,8,False
visuotactile_seed0_rl,vision_seed0_rl,primary,44,id,native_shaped_return,10,54.422204846069555,30.66388500952236,71.8635033430164,"paired environment-seed bootstrap 95%, identical recorded physical parameters",9,0,1,True
visuotactile_seed0_rl,vision_seed0_rl,primary,44,id,setup_force_budget_exceeded,10,0.0,0.0,0.0,"paired environment-seed bootstrap 95%, identical recorded physical parameters",0,10,0,False
visuotactile_seed0_rl,vision_seed0_rl,primary,44,id,setup_peak_normal_N,10,0.0,0.0,0.0,"paired environment-seed bootstrap 95%, identical recorded physical parameters",0,10,0,False
visuotactile_seed0_rl,vision_seed0_rl,primary,44,id,sustained_10cm_lift_success,10,0.2,-0.2,0.6,"paired environment-seed bootstrap 95%, identical recorded physical parameters",3,6,1,True
visuotactile_seed0_rl,vision_seed0_rl,primary,44,id,sustained_10cm_lift_within_force_budget,10,0.0,-0.3,0.3,"paired environment-seed bootstrap 95%, identical recorded physical parameters",1,8,1,True
visuotactile_seed0_rl,vision_seed0_rl,primary,44,id,sustained_native_success,10,0.2,0.0,0.5,"paired environment-seed bootstrap 95%, identical recorded physical parameters",2,8,0,True
visuotactile_seed0_rl,vision_seed0_rl,primary,44,id,sustained_success_within_force_budget,10,0.4,0.1,0.7,"paired environment-seed bootstrap 95%, identical recorded physical parameters",4,6,0,True
visuotactile_seed0_rl,vision_seed0_rl,primary,44,ood,any_native_success,10,0.0,0.0,0.0,"paired environment-seed bootstrap 95%, identical recorded physical parameters",0,10,0,True
visuotactile_seed0_rl,vision_seed0_rl,primary,44,ood,bilateral_contact_at_takeover,10,0.0,0.0,0.0,"paired environment-seed bootstrap 95%, identical recorded physical parameters",0,10,0,False
visuotactile_seed0_rl,vision_seed0_rl,primary,44,ood,final_native_success,10,0.0,0.0,0.0,"paired environment-seed bootstrap 95%, identical recorded physical parameters",0,10,0,True
visuotactile_seed0_rl,vision_seed0_rl,primary,44,ood,force_budget_exceeded,10,-0.3,-0.6,0.0,"paired environment-seed bootstrap 95%, identical recorded physical parameters",0,7,3,False
visuotactile_seed0_rl,vision_seed0_rl,primary,44,ood,full_episode_peak_normal_N,10,-3.0278507709503173,-4.771462762355805,-1.3525619626045235,"paired environment-seed bootstrap 95%, identical recorded physical parameters",1,0,9,False
visuotactile_seed0_rl,vision_seed0_rl,primary,44,ood,intervention_force_budget_exceeded,10,-0.3,-0.6,0.0,"paired environment-seed bootstrap 95%, identical recorded physical parameters",0,7,3,False
visuotactile_seed0_rl,vision_seed0_rl,primary,44,ood,intervention_peak_normal_N,10,-2.2637447357177733,-4.179469962120056,-0.5209743034839646,"paired environment-seed bootstrap 95%, identical recorded physical parameters",2,0,8,False
visuotactile_seed0_rl,vision_seed0_rl,primary,44,ood,native_shaped_return,10,14.021479739245231,2.043964313014165,24.70228124610984,"paired environment-seed bootstrap 95%, identical recorded physical parameters",7,0,3,True
visuotactile_seed0_rl,vision_seed0_rl,primary,44,ood,setup_force_budget_exceeded,10,0.0,0.0,0.0,"paired environment-seed bootstrap 95%, identical recorded physical parameters",0,10,0,False
visuotactile_seed0_rl,vision_seed0_rl,primary,44,ood,setup_peak_normal_N,10,0.0,0.0,0.0,"paired environment-seed bootstrap 95%, identical recorded physical parameters",0,10,0,False
visuotactile_seed0_rl,vision_seed0_rl,primary,44,ood,sustained_10cm_lift_success,10,0.0,0.0,0.0,"paired environment-seed bootstrap 95%, identical recorded physical parameters",0,10,0,True
visuotactile_seed0_rl,vision_seed0_rl,primary,44,ood,sustained_10cm_lift_within_force_budget,10,0.0,0.0,0.0,"paired environment-seed bootstrap 95%, identical recorded physical parameters",0,10,0,True
visuotactile_seed0_rl,vision_seed0_rl,primary,44,ood,sustained_native_success,10,0.0,0.0,0.0,"paired environment-seed bootstrap 95%, identical recorded physical parameters",0,10,0,True
visuotactile_seed0_rl,vision_seed0_rl,primary,44,ood,sustained_success_within_force_budget,10,0.0,0.0,0.0,"paired environment-seed bootstrap 95%, identical recorded physical parameters",0,10,0,True
visuotactile_seed0_rl,visuotactile_seed0_bc,primary,44,all,any_native_success,20,0.2,0.05,0.4,"paired environment-seed bootstrap 95%, identical recorded physical parameters",4,16,0,True
visuotactile_seed0_rl,visuotactile_seed0_bc,primary,44,all,bilateral_contact_at_takeover,20,0.0,0.0,0.0,"paired environment-seed bootstrap 95%, identical recorded physical parameters",0,20,0,False
visuotactile_seed0_rl,visuotactile_seed0_bc,primary,44,all,final_native_success,20,0.1,0.0,0.25,"paired environment-seed bootstrap 95%, identical recorded physical parameters",2,18,0,True
visuotactile_seed0_rl,visuotactile_seed0_bc,primary,44,all,force_budget_exceeded,20,0.0,-0.25,0.25,"paired environment-seed bootstrap 95%, identical recorded physical parameters",3,14,3,False
visuotactile_seed0_rl,visuotactile_seed0_bc,primary,44,all,full_episode_peak_normal_N,20,-1.2371820092201233,-4.35481665611267,1.7624598994851113,"paired environment-seed bootstrap 95%, identical recorded physical parameters",9,0,11,False
visuotactile_seed0_rl,visuotactile_seed0_bc,primary,44,all,intervention_force_budget_exceeded,20,0.0,-0.25,0.25,"paired environment-seed bootstrap 95%, identical recorded physical parameters",3,14,3,False
visuotactile_seed0_rl,visuotactile_seed0_bc,primary,44,all,intervention_peak_normal_N,20,-0.5187974452972413,-3.3266904228925704,2.2683776268362985,"paired environment-seed bootstrap 95%, identical recorded physical parameters",9,0,11,False
visuotactile_seed0_rl,visuotactile_seed0_bc,primary,44,all,native_shaped_return,20,20.6602614408798,9.00281075458028,33.46412414993416,"paired environment-seed bootstrap 95%, identical recorded physical parameters",17,0,3,True
visuotactile_seed0_rl,visuotactile_seed0_bc,primary,44,all,setup_force_budget_exceeded,20,0.0,0.0,0.0,"paired environment-seed bootstrap 95%, identical recorded physical parameters",0,20,0,False
visuotactile_seed0_rl,visuotactile_seed0_bc,primary,44,all,setup_peak_normal_N,20,0.0,0.0,0.0,"paired environment-seed bootstrap 95%, identical recorded physical parameters",0,20,0,False
visuotactile_seed0_rl,visuotactile_seed0_bc,primary,44,all,sustained_10cm_lift_success,20,0.05,-0.15,0.3,"paired environment-seed bootstrap 95%, identical recorded physical parameters",3,15,2,True
visuotactile_seed0_rl,visuotactile_seed0_bc,primary,44,all,sustained_10cm_lift_within_force_budget,20,0.0,-0.15,0.15,"paired environment-seed bootstrap 95%, identical recorded physical parameters",1,18,1,True
visuotactile_seed0_rl,visuotactile_seed0_bc,primary,44,all,sustained_native_success,20,0.3,0.1,0.5,"paired environment-seed bootstrap 95%, identical recorded physical parameters",6,14,0,True
visuotactile_seed0_rl,visuotactile_seed0_bc,primary,44,all,sustained_success_within_force_budget,20,0.2,0.05,0.4,"paired environment-seed bootstrap 95%, identical recorded physical parameters",4,16,0,True
visuotactile_seed0_rl,visuotactile_seed0_bc,primary,44,id,any_native_success,10,0.4,0.1,0.7,"paired environment-seed bootstrap 95%, identical recorded physical parameters",4,6,0,True
visuotactile_seed0_rl,visuotactile_seed0_bc,primary,44,id,bilateral_contact_at_takeover,10,0.0,0.0,0.0,"paired environment-seed bootstrap 95%, identical recorded physical parameters",0,10,0,False
visuotactile_seed0_rl,visuotactile_seed0_bc,primary,44,id,final_native_success,10,0.2,0.0,0.5,"paired environment-seed bootstrap 95%, identical recorded physical parameters",2,8,0,True
visuotactile_seed0_rl,visuotactile_seed0_bc,primary,44,id,force_budget_exceeded,10,0.0,-0.4,0.4,"paired environment-seed bootstrap 95%, identical recorded physical parameters",2,6,2,False
visuotactile_seed0_rl,visuotactile_seed0_bc,primary,44,id,full_episode_peak_normal_N,10,-0.7726770162582397,-6.075923976302146,4.093725026249879,"paired environment-seed bootstrap 95%, identical recorded physical parameters",5,0,5,False
visuotactile_seed0_rl,visuotactile_seed0_bc,primary,44,id,intervention_force_budget_exceeded,10,0.0,-0.4,0.4,"paired environment-seed bootstrap 95%, identical recorded physical parameters",2,6,2,False
visuotactile_seed0_rl,visuotactile_seed0_bc,primary,44,id,intervention_peak_normal_N,10,-0.6671036720275879,-5.99642386496067,4.317193714380252,"paired environment-seed bootstrap 95%, identical recorded physical parameters",5,0,5,False
visuotactile_seed0_rl,visuotactile_seed0_bc,primary,44,id,native_shaped_return,10,37.55056738028484,20.68026781015288,55.15648755814226,"paired environment-seed bootstrap 95%, identical recorded physical parameters",10,0,0,True
visuotactile_seed0_rl,visuotactile_seed0_bc,primary,44,id,setup_force_budget_exceeded,10,0.0,0.0,0.0,"paired environment-seed bootstrap 95%, identical recorded physical parameters",0,10,0,False
visuotactile_seed0_rl,visuotactile_seed0_bc,primary,44,id,setup_peak_normal_N,10,0.0,0.0,0.0,"paired environment-seed bootstrap 95%, identical recorded physical parameters",0,10,0,False
visuotactile_seed0_rl,visuotactile_seed0_bc,primary,44,id,sustained_10cm_lift_success,10,0.1,-0.3,0.5,"paired environment-seed bootstrap 95%, identical recorded physical parameters",3,5,2,True
visuotactile_seed0_rl,visuotactile_seed0_bc,primary,44,id,sustained_10cm_lift_within_force_budget,10,0.0,-0.3,0.3,"paired environment-seed bootstrap 95%, identical recorded physical parameters",1,8,1,True
visuotactile_seed0_rl,visuotactile_seed0_bc,primary,44,id,sustained_native_success,10,0.6,0.3,0.9,"paired environment-seed bootstrap 95%, identical recorded physical parameters",6,4,0,True
visuotactile_seed0_rl,visuotactile_seed0_bc,primary,44,id,sustained_success_within_force_budget,10,0.4,0.1,0.7,"paired environment-seed bootstrap 95%, identical recorded physical parameters",4,6,0,True
visuotactile_seed0_rl,visuotactile_seed0_bc,primary,44,ood,any_native_success,10,0.0,0.0,0.0,"paired environment-seed bootstrap 95%, identical recorded physical parameters",0,10,0,True
visuotactile_seed0_rl,visuotactile_seed0_bc,primary,44,ood,bilateral_contact_at_takeover,10,0.0,0.0,0.0,"paired environment-seed bootstrap 95%, identical recorded physical parameters",0,10,0,False
visuotactile_seed0_rl,visuotactile_seed0_bc,primary,44,ood,final_native_success,10,0.0,0.0,0.0,"paired environment-seed bootstrap 95%, identical recorded physical parameters",0,10,0,True
visuotactile_seed0_rl,visuotactile_seed0_bc,primary,44,ood,force_budget_exceeded,10,0.0,-0.3,0.3,"paired environment-seed bootstrap 95%, identical recorded physical parameters",1,8,1,False
visuotactile_seed0_rl,visuotactile_seed0_bc,primary,44,ood,full_episode_peak_normal_N,10,-1.7016870021820067,-4.965596318244934,1.5351917684078216,"paired environment-seed bootstrap 95%, identical recorded physical parameters",4,0,6,False
visuotactile_seed0_rl,visuotactile_seed0_bc,primary,44,ood,intervention_force_budget_exceeded,10,0.0,-0.3,0.3,"paired environment-seed bootstrap 95%, identical recorded physical parameters",1,8,1,False
visuotactile_seed0_rl,visuotactile_seed0_bc,primary,44,ood,intervention_peak_normal_N,10,-0.37049121856689454,-2.4091525161266327,1.9086211585998532,"paired environment-seed bootstrap 95%, identical recorded physical parameters",4,0,6,False
visuotactile_seed0_rl,visuotactile_seed0_bc,primary,44,ood,native_shaped_return,10,3.7699555014747697,-6.413603062754539,13.147100300463801,"paired environment-seed bootstrap 95%, identical recorded physical parameters",7,0,3,True
visuotactile_seed0_rl,visuotactile_seed0_bc,primary,44,ood,setup_force_budget_exceeded,10,0.0,0.0,0.0,"paired environment-seed bootstrap 95%, identical recorded physical parameters",0,10,0,False
visuotactile_seed0_rl,visuotactile_seed0_bc,primary,44,ood,setup_peak_normal_N,10,0.0,0.0,0.0,"paired environment-seed bootstrap 95%, identical recorded physical parameters",0,10,0,False
visuotactile_seed0_rl,visuotactile_seed0_bc,primary,44,ood,sustained_10cm_lift_success,10,0.0,0.0,0.0,"paired environment-seed bootstrap 95%, identical recorded physical parameters",0,10,0,True
visuotactile_seed0_rl,visuotactile_seed0_bc,primary,44,ood,sustained_10cm_lift_within_force_budget,10,0.0,0.0,0.0,"paired environment-seed bootstrap 95%, identical recorded physical parameters",0,10,0,True
visuotactile_seed0_rl,visuotactile_seed0_bc,primary,44,ood,sustained_native_success,10,0.0,0.0,0.0,"paired environment-seed bootstrap 95%, identical recorded physical parameters",0,10,0,True
visuotactile_seed0_rl,visuotactile_seed0_bc,primary,44,ood,sustained_success_within_force_budget,10,0.0,0.0,0.0,"paired environment-seed bootstrap 95%, identical recorded physical parameters",0,10,0,True
visuotactile_seed1_bc,force_feedback,primary,44,all,any_native_success,20,-0.1,-0.25,0.0,"paired environment-seed bootstrap 95%, identical recorded physical parameters",0,18,2,True
visuotactile_seed1_bc,force_feedback,primary,44,all,bilateral_contact_at_takeover,20,0.0,0.0,0.0,"paired environment-seed bootstrap 95%, identical recorded physical parameters",0,20,0,False
visuotactile_seed1_bc,force_feedback,primary,44,all,final_native_success,20,-0.1,-0.25,0.0,"paired environment-seed bootstrap 95%, identical recorded physical parameters",0,18,2,True
visuotactile_seed1_bc,force_feedback,primary,44,all,force_budget_exceeded,20,0.3,-0.05,0.6,"paired environment-seed bootstrap 95%, identical recorded physical parameters",9,8,3,False
visuotactile_seed1_bc,force_feedback,primary,44,all,full_episode_peak_normal_N,20,3.261209660768509,-0.05552789732813831,6.586644206196066,"paired environment-seed bootstrap 95%, identical recorded physical parameters",13,0,7,False
visuotactile_seed1_bc,force_feedback,primary,44,all,intervention_force_budget_exceeded,20,0.35,0.0,0.65,"paired environment-seed bootstrap 95%, identical recorded physical parameters",10,7,3,False
visuotactile_seed1_bc,force_feedback,primary,44,all,intervention_peak_normal_N,20,2.1388323605060577,-0.9473050799965858,5.119984907060861,"paired environment-seed bootstrap 95%, identical recorded physical parameters",10,0,10,False
visuotactile_seed1_bc,force_feedback,primary,44,all,native_shaped_return,20,2.1286383939882403,-9.817616487817329,12.588416794572906,"paired environment-seed bootstrap 95%, identical recorded physical parameters",14,0,6,True
visuotactile_seed1_bc,force_feedback,primary,44,all,setup_force_budget_exceeded,20,0.0,0.0,0.0,"paired environment-seed bootstrap 95%, identical recorded physical parameters",0,20,0,False
visuotactile_seed1_bc,force_feedback,primary,44,all,setup_peak_normal_N,20,0.0,0.0,0.0,"paired environment-seed bootstrap 95%, identical recorded physical parameters",0,20,0,False
visuotactile_seed1_bc,force_feedback,primary,44,all,sustained_10cm_lift_success,20,-0.15,-0.3,0.0,"paired environment-seed bootstrap 95%, identical recorded physical parameters",0,17,3,True
visuotactile_seed1_bc,force_feedback,primary,44,all,sustained_10cm_lift_within_force_budget,20,-0.2,-0.4,-0.05,"paired environment-seed bootstrap 95%, identical recorded physical parameters",0,16,4,True
visuotactile_seed1_bc,force_feedback,primary,44,all,sustained_native_success,20,-0.15,-0.3,0.0,"paired environment-seed bootstrap 95%, identical recorded physical parameters",0,17,3,True
visuotactile_seed1_bc,force_feedback,primary,44,all,sustained_success_within_force_budget,20,-0.2,-0.4,-0.05,"paired environment-seed bootstrap 95%, identical recorded physical parameters",0,16,4,True
visuotactile_seed1_bc,force_feedback,primary,44,id,any_native_success,10,-0.2,-0.5,0.0,"paired environment-seed bootstrap 95%, identical recorded physical parameters",0,8,2,True
visuotactile_seed1_bc,force_feedback,primary,44,id,bilateral_contact_at_takeover,10,0.0,0.0,0.0,"paired environment-seed bootstrap 95%, identical recorded physical parameters",0,10,0,False
visuotactile_seed1_bc,force_feedback,primary,44,id,final_native_success,10,-0.2,-0.5,0.0,"paired environment-seed bootstrap 95%, identical recorded physical parameters",0,8,2,True
visuotactile_seed1_bc,force_feedback,primary,44,id,force_budget_exceeded,10,0.1,-0.2,0.4,"paired environment-seed bootstrap 95%, identical recorded physical parameters",2,7,1,False
visuotactile_seed1_bc,force_feedback,primary,44,id,full_episode_peak_normal_N,10,1.172412383556366,-3.821081015765667,6.161169083416458,"paired environment-seed bootstrap 95%, identical recorded physical parameters",5,0,5,False
visuotactile_seed1_bc,force_feedback,primary,44,id,intervention_force_budget_exceeded,10,0.4,0.0,0.8,"paired environment-seed bootstrap 95%, identical recorded physical parameters",5,4,1,False
visuotactile_seed1_bc,force_feedback,primary,44,id,intervention_peak_normal_N,10,1.775166356563568,-3.5158013853430745,7.132002227306366,"paired environment-seed bootstrap 95%, identical recorded physical parameters",5,0,5,False
visuotactile_seed1_bc,force_feedback,primary,44,id,native_shaped_return,10,-14.852023596919802,-34.05013365945214,-0.25362102221658817,"paired environment-seed bootstrap 95%, identical recorded physical parameters",5,0,5,True
visuotactile_seed1_bc,force_feedback,primary,44,id,setup_force_budget_exceeded,10,0.0,0.0,0.0,"paired environment-seed bootstrap 95%, identical recorded physical parameters",0,10,0,False
visuotactile_seed1_bc,force_feedback,primary,44,id,setup_peak_normal_N,10,0.0,0.0,0.0,"paired environment-seed bootstrap 95%, identical recorded physical parameters",0,10,0,False
visuotactile_seed1_bc,force_feedback,primary,44,id,sustained_10cm_lift_success,10,-0.3,-0.6,0.0,"paired environment-seed bootstrap 95%, identical recorded physical parameters",0,7,3,True
visuotactile_seed1_bc,force_feedback,primary,44,id,sustained_10cm_lift_within_force_budget,10,-0.4,-0.7,-0.1,"paired environment-seed bootstrap 95%, identical recorded physical parameters",0,6,4,True
visuotactile_seed1_bc,force_feedback,primary,44,id,sustained_native_success,10,-0.3,-0.6,0.0,"paired environment-seed bootstrap 95%, identical recorded physical parameters",0,7,3,True
visuotactile_seed1_bc,force_feedback,primary,44,id,sustained_success_within_force_budget,10,-0.4,-0.7,-0.1,"paired environment-seed bootstrap 95%, identical recorded physical parameters",0,6,4,True
visuotactile_seed1_bc,force_feedback,primary,44,ood,any_native_success,10,0.0,0.0,0.0,"paired environment-seed bootstrap 95%, identical recorded physical parameters",0,10,0,True
visuotactile_seed1_bc,force_feedback,primary,44,ood,bilateral_contact_at_takeover,10,0.0,0.0,0.0,"paired environment-seed bootstrap 95%, identical recorded physical parameters",0,10,0,False
visuotactile_seed1_bc,force_feedback,primary,44,ood,final_native_success,10,0.0,0.0,0.0,"paired environment-seed bootstrap 95%, identical recorded physical parameters",0,10,0,True
visuotactile_seed1_bc,force_feedback,primary,44,ood,force_budget_exceeded,10,0.5,0.0,1.0,"paired environment-seed bootstrap 95%, identical recorded physical parameters",7,1,2,False
visuotactile_seed1_bc,force_feedback,primary,44,ood,full_episode_peak_normal_N,10,5.350006937980652,1.523483921289444,9.488763571381567,"paired environment-seed bootstrap 95%, identical recorded physical parameters",8,0,2,False
visuotactile_seed1_bc,force_feedback,primary,44,ood,intervention_force_budget_exceeded,10,0.3,-0.2,0.8,"paired environment-seed bootstrap 95%, identical recorded physical parameters",5,3,2,False
visuotactile_seed1_bc,force_feedback,primary,44,ood,intervention_peak_normal_N,10,2.5024983644485475,-0.39617536067962644,5.753533957004546,"paired environment-seed bootstrap 95%, identical recorded physical parameters",5,0,5,False
visuotactile_seed1_bc,force_feedback,primary,44,ood,native_shaped_return,10,19.109300384896283,12.116677730096109,24.392052514672677,"paired environment-seed bootstrap 95%, identical recorded physical parameters",9,0,1,True
visuotactile_seed1_bc,force_feedback,primary,44,ood,setup_force_budget_exceeded,10,0.0,0.0,0.0,"paired environment-seed bootstrap 95%, identical recorded physical parameters",0,10,0,False
visuotactile_seed1_bc,force_feedback,primary,44,ood,setup_peak_normal_N,10,0.0,0.0,0.0,"paired environment-seed bootstrap 95%, identical recorded physical parameters",0,10,0,False
visuotactile_seed1_bc,force_feedback,primary,44,ood,sustained_10cm_lift_success,10,0.0,0.0,0.0,"paired environment-seed bootstrap 95%, identical recorded physical parameters",0,10,0,True
visuotactile_seed1_bc,force_feedback,primary,44,ood,sustained_10cm_lift_within_force_budget,10,0.0,0.0,0.0,"paired environment-seed bootstrap 95%, identical recorded physical parameters",0,10,0,True
visuotactile_seed1_bc,force_feedback,primary,44,ood,sustained_native_success,10,0.0,0.0,0.0,"paired environment-seed bootstrap 95%, identical recorded physical parameters",0,10,0,True
visuotactile_seed1_bc,force_feedback,primary,44,ood,sustained_success_within_force_budget,10,0.0,0.0,0.0,"paired environment-seed bootstrap 95%, identical recorded physical parameters",0,10,0,True
visuotactile_seed1_bc,script,primary,44,all,any_native_success,20,-0.05,-0.15,0.0,"paired environment-seed bootstrap 95%, identical recorded physical parameters",0,19,1,True
visuotactile_seed1_bc,script,primary,44,all,bilateral_contact_at_takeover,20,0.0,0.0,0.0,"paired environment-seed bootstrap 95%, identical recorded physical parameters",0,20,0,False
visuotactile_seed1_bc,script,primary,44,all,final_native_success,20,-0.05,-0.15,0.0,"paired environment-seed bootstrap 95%, identical recorded physical parameters",0,19,1,True
visuotactile_seed1_bc,script,primary,44,all,force_budget_exceeded,20,0.05,-0.1,0.2,"paired environment-seed bootstrap 95%, identical recorded physical parameters",2,17,1,False
visuotactile_seed1_bc,script,primary,44,all,full_episode_peak_normal_N,20,0.16727564930915834,-0.9957487009465694,1.1636886399984356,"paired environment-seed bootstrap 95%, identical recorded physical parameters",10,3,7,False
visuotactile_seed1_bc,script,primary,44,all,intervention_force_budget_exceeded,20,-0.05,-0.15,0.0,"paired environment-seed bootstrap 95%, identical recorded physical parameters",0,19,1,False
visuotactile_seed1_bc,script,primary,44,all,intervention_peak_normal_N,20,-1.4383811891078948,-2.58424439907074,-0.39542012229562024,"paired environment-seed bootstrap 95%, identical recorded physical parameters",3,3,14,False
visuotactile_seed1_bc,script,primary,44,all,native_shaped_return,20,5.2976481906946535,-4.382555960209289,13.374493087372791,"paired environment-seed bootstrap 95%, identical recorded physical parameters",14,0,6,True
visuotactile_seed1_bc,script,primary,44,all,setup_force_budget_exceeded,20,0.0,0.0,0.0,"paired environment-seed bootstrap 95%, identical recorded physical parameters",0,20,0,False
visuotactile_seed1_bc,script,primary,44,all,setup_peak_normal_N,20,0.0,0.0,0.0,"paired environment-seed bootstrap 95%, identical recorded physical parameters",0,20,0,False
visuotactile_seed1_bc,script,primary,44,all,sustained_10cm_lift_success,20,-0.1,-0.25,0.0,"paired environment-seed bootstrap 95%, identical recorded physical parameters",0,18,2,True
visuotactile_seed1_bc,script,primary,44,all,sustained_10cm_lift_within_force_budget,20,-0.05,-0.15,0.0,"paired environment-seed bootstrap 95%, identical recorded physical parameters",0,19,1,True
visuotactile_seed1_bc,script,primary,44,all,sustained_native_success,20,-0.1,-0.25,0.0,"paired environment-seed bootstrap 95%, identical recorded physical parameters",0,18,2,True
visuotactile_seed1_bc,script,primary,44,all,sustained_success_within_force_budget,20,-0.05,-0.15,0.0,"paired environment-seed bootstrap 95%, identical recorded physical parameters",0,19,1,True
visuotactile_seed1_bc,script,primary,44,id,any_native_success,10,-0.1,-0.3,0.0,"paired environment-seed bootstrap 95%, identical recorded physical parameters",0,9,1,True
visuotactile_seed1_bc,script,primary,44,id,bilateral_contact_at_takeover,10,0.0,0.0,0.0,"paired environment-seed bootstrap 95%, identical recorded physical parameters",0,10,0,False
visuotactile_seed1_bc,script,primary,44,id,final_native_success,10,-0.1,-0.3,0.0,"paired environment-seed bootstrap 95%, identical recorded physical parameters",0,9,1,True
visuotactile_seed1_bc,script,primary,44,id,force_budget_exceeded,10,0.0,0.0,0.0,"paired environment-seed bootstrap 95%, identical recorded physical parameters",0,10,0,False
visuotactile_seed1_bc,script,primary,44,id,full_episode_peak_normal_N,10,-1.499584925174713,-3.0993486976623537,-0.003855671882629449,"paired environment-seed bootstrap 95%, identical recorded physical parameters",1,3,6,False
visuotactile_seed1_bc,script,primary,44,id,intervention_force_budget_exceeded,10,0.0,0.0,0.0,"paired environment-seed bootstrap 95%, identical recorded physical parameters",0,10,0,False
visuotactile_seed1_bc,script,primary,44,id,intervention_peak_normal_N,10,-1.863390028476715,-3.7844299983978273,-0.00393741369247442,"paired environment-seed bootstrap 95%, identical recorded physical parameters",1,3,6,False
visuotactile_seed1_bc,script,primary,44,id,native_shaped_return,10,-8.376284546170533,-22.725145389175914,2.034872438985835,"paired environment-seed bootstrap 95%, identical recorded physical parameters",5,0,5,True
visuotactile_seed1_bc,script,primary,44,id,setup_force_budget_exceeded,10,0.0,0.0,0.0,"paired environment-seed bootstrap 95%, identical recorded physical parameters",0,10,0,False
visuotactile_seed1_bc,script,primary,44,id,setup_peak_normal_N,10,0.0,0.0,0.0,"paired environment-seed bootstrap 95%, identical recorded physical parameters",0,10,0,False
visuotactile_seed1_bc,script,primary,44,id,sustained_10cm_lift_success,10,-0.2,-0.5,0.0,"paired environment-seed bootstrap 95%, identical recorded physical parameters",0,8,2,True
visuotactile_seed1_bc,script,primary,44,id,sustained_10cm_lift_within_force_budget,10,-0.1,-0.3,0.0,"paired environment-seed bootstrap 95%, identical recorded physical parameters",0,9,1,True
visuotactile_seed1_bc,script,primary,44,id,sustained_native_success,10,-0.2,-0.5,0.0,"paired environment-seed bootstrap 95%, identical recorded physical parameters",0,8,2,True
visuotactile_seed1_bc,script,primary,44,id,sustained_success_within_force_budget,10,-0.1,-0.3,0.0,"paired environment-seed bootstrap 95%, identical recorded physical parameters",0,9,1,True
visuotactile_seed1_bc,script,primary,44,ood,any_native_success,10,0.0,0.0,0.0,"paired environment-seed bootstrap 95%, identical recorded physical parameters",0,10,0,True
visuotactile_seed1_bc,script,primary,44,ood,bilateral_contact_at_takeover,10,0.0,0.0,0.0,"paired environment-seed bootstrap 95%, identical recorded physical parameters",0,10,0,False
visuotactile_seed1_bc,script,primary,44,ood,final_native_success,10,0.0,0.0,0.0,"paired environment-seed bootstrap 95%, identical recorded physical parameters",0,10,0,True
visuotactile_seed1_bc,script,primary,44,ood,force_budget_exceeded,10,0.1,-0.2,0.4,"paired environment-seed bootstrap 95%, identical recorded physical parameters",2,7,1,False
visuotactile_seed1_bc,script,primary,44,ood,full_episode_peak_normal_N,10,1.8341362237930299,1.1059091752767563,2.576392553448677,"paired environment-seed bootstrap 95%, identical recorded physical parameters",9,0,1,False
visuotactile_seed1_bc,script,primary,44,ood,intervention_force_budget_exceeded,10,-0.1,-0.3,0.0,"paired environment-seed bootstrap 95%, identical recorded physical parameters",0,9,1,False
visuotactile_seed1_bc,script,primary,44,ood,intervention_peak_normal_N,10,-1.0133723497390748,-2.2360829734802246,0.4374028784036628,"paired environment-seed bootstrap 95%, identical recorded physical parameters",2,0,8,False
visuotactile_seed1_bc,script,primary,44,ood,native_shaped_return,10,18.971580927559838,12.578286376436433,23.791047400889912,"paired environment-seed bootstrap 95%, identical recorded physical parameters",9,0,1,True
visuotactile_seed1_bc,script,primary,44,ood,setup_force_budget_exceeded,10,0.0,0.0,0.0,"paired environment-seed bootstrap 95%, identical recorded physical parameters",0,10,0,False
visuotactile_seed1_bc,script,primary,44,ood,setup_peak_normal_N,10,0.0,0.0,0.0,"paired environment-seed bootstrap 95%, identical recorded physical parameters",0,10,0,False
visuotactile_seed1_bc,script,primary,44,ood,sustained_10cm_lift_success,10,0.0,0.0,0.0,"paired environment-seed bootstrap 95%, identical recorded physical parameters",0,10,0,True
visuotactile_seed1_bc,script,primary,44,ood,sustained_10cm_lift_within_force_budget,10,0.0,0.0,0.0,"paired environment-seed bootstrap 95%, identical recorded physical parameters",0,10,0,True
visuotactile_seed1_bc,script,primary,44,ood,sustained_native_success,10,0.0,0.0,0.0,"paired environment-seed bootstrap 95%, identical recorded physical parameters",0,10,0,True
visuotactile_seed1_bc,script,primary,44,ood,sustained_success_within_force_budget,10,0.0,0.0,0.0,"paired environment-seed bootstrap 95%, identical recorded physical parameters",0,10,0,True
visuotactile_seed1_bc,vision_seed1_bc,primary,44,all,any_native_success,20,0.05,0.0,0.15,"paired environment-seed bootstrap 95%, identical recorded physical parameters",1,19,0,True
visuotactile_seed1_bc,vision_seed1_bc,primary,44,all,bilateral_contact_at_takeover,20,0.0,0.0,0.0,"paired environment-seed bootstrap 95%, identical recorded physical parameters",0,20,0,False
visuotactile_seed1_bc,vision_seed1_bc,primary,44,all,final_native_success,20,0.1,0.0,0.25,"paired environment-seed bootstrap 95%, identical recorded physical parameters",2,18,0,True
visuotactile_seed1_bc,vision_seed1_bc,primary,44,all,force_budget_exceeded,20,0.15,0.0,0.3012499999999932,"paired environment-seed bootstrap 95%, identical recorded physical parameters",3,17,0,False
visuotactile_seed1_bc,vision_seed1_bc,primary,44,all,full_episode_peak_normal_N,20,2.277991646528244,1.0189249761402608,3.954155709445476,"paired environment-seed bootstrap 95%, identical recorded physical parameters",16,3,1,False
visuotactile_seed1_bc,vision_seed1_bc,primary,44,all,intervention_force_budget_exceeded,20,0.05,0.0,0.15,"paired environment-seed bootstrap 95%, identical recorded physical parameters",1,19,0,False
visuotactile_seed1_bc,vision_seed1_bc,primary,44,all,intervention_peak_normal_N,20,0.9288301646709443,-0.1441241045296192,2.3444799040257926,"paired environment-seed bootstrap 95%, identical recorded physical parameters",10,3,7,False
visuotactile_seed1_bc,vision_seed1_bc,primary,44,all,native_shaped_return,20,14.531590390178815,7.819707319846433,22.572828371952205,"paired environment-seed bootstrap 95%, identical recorded physical parameters",19,0,1,True
visuotactile_seed1_bc,vision_seed1_bc,primary,44,all,setup_force_budget_exceeded,20,0.0,0.0,0.0,"paired environment-seed bootstrap 95%, identical recorded physical parameters",0,20,0,False
visuotactile_seed1_bc,vision_seed1_bc,primary,44,all,setup_peak_normal_N,20,0.0,0.0,0.0,"paired environment-seed bootstrap 95%, identical recorded physical parameters",0,20,0,False
visuotactile_seed1_bc,vision_seed1_bc,primary,44,all,sustained_10cm_lift_success,20,0.15,0.0,0.3,"paired environment-seed bootstrap 95%, identical recorded physical parameters",3,17,0,True
visuotactile_seed1_bc,vision_seed1_bc,primary,44,all,sustained_10cm_lift_within_force_budget,20,0.0,0.0,0.0,"paired environment-seed bootstrap 95%, identical recorded physical parameters",0,20,0,True
visuotactile_seed1_bc,vision_seed1_bc,primary,44,all,sustained_native_success,20,0.15,0.0,0.3,"paired environment-seed bootstrap 95%, identical recorded physical parameters",3,17,0,True
visuotactile_seed1_bc,vision_seed1_bc,primary,44,all,sustained_success_within_force_budget,20,0.0,0.0,0.0,"paired environment-seed bootstrap 95%, identical recorded physical parameters",0,20,0,True
visuotactile_seed1_bc,vision_seed1_bc,primary,44,id,any_native_success,10,0.1,0.0,0.3,"paired environment-seed bootstrap 95%, identical recorded physical parameters",1,9,0,True
visuotactile_seed1_bc,vision_seed1_bc,primary,44,id,bilateral_contact_at_takeover,10,0.0,0.0,0.0,"paired environment-seed bootstrap 95%, identical recorded physical parameters",0,10,0,False
visuotactile_seed1_bc,vision_seed1_bc,primary,44,id,final_native_success,10,0.2,0.0,0.5,"paired environment-seed bootstrap 95%, identical recorded physical parameters",2,8,0,True
visuotactile_seed1_bc,vision_seed1_bc,primary,44,id,force_budget_exceeded,10,0.1,0.0,0.3,"paired environment-seed bootstrap 95%, identical recorded physical parameters",1,9,0,False
visuotactile_seed1_bc,vision_seed1_bc,primary,44,id,full_episode_peak_normal_N,10,2.0716928124427794,0.07396926879882813,4.935936782360077,"paired environment-seed bootstrap 95%, identical recorded physical parameters",6,3,1,False
visuotactile_seed1_bc,vision_seed1_bc,primary,44,id,intervention_force_budget_exceeded,10,0.1,0.0,0.3,"paired environment-seed bootstrap 95%, identical recorded physical parameters",1,9,0,False
visuotactile_seed1_bc,vision_seed1_bc,primary,44,id,intervention_peak_normal_N,10,1.5167363286018372,0.07391910552978516,3.7072141695022585,"paired environment-seed bootstrap 95%, identical recorded physical parameters",6,3,1,False
visuotactile_seed1_bc,vision_seed1_bc,primary,44,id,native_shaped_return,10,16.4419284181997,4.195840428547408,30.878398591740073,"paired environment-seed bootstrap 95%, identical recorded physical parameters",9,0,1,True
visuotactile_seed1_bc,vision_seed1_bc,primary,44,id,setup_force_budget_exceeded,10,0.0,0.0,0.0,"paired environment-seed bootstrap 95%, identical recorded physical parameters",0,10,0,False
visuotactile_seed1_bc,vision_seed1_bc,primary,44,id,setup_peak_normal_N,10,0.0,0.0,0.0,"paired environment-seed bootstrap 95%, identical recorded physical parameters",0,10,0,False
visuotactile_seed1_bc,vision_seed1_bc,primary,44,id,sustained_10cm_lift_success,10,0.3,0.0,0.6,"paired environment-seed bootstrap 95%, identical recorded physical parameters",3,7,0,True
visuotactile_seed1_bc,vision_seed1_bc,primary,44,id,sustained_10cm_lift_within_force_budget,10,0.0,0.0,0.0,"paired environment-seed bootstrap 95%, identical recorded physical parameters",0,10,0,True
visuotactile_seed1_bc,vision_seed1_bc,primary,44,id,sustained_native_success,10,0.3,0.0,0.6,"paired environment-seed bootstrap 95%, identical recorded physical parameters",3,7,0,True
visuotactile_seed1_bc,vision_seed1_bc,primary,44,id,sustained_success_within_force_budget,10,0.0,0.0,0.0,"paired environment-seed bootstrap 95%, identical recorded physical parameters",0,10,0,True
visuotactile_seed1_bc,vision_seed1_bc,primary,44,ood,any_native_success,10,0.0,0.0,0.0,"paired environment-seed bootstrap 95%, identical recorded physical parameters",0,10,0,True
visuotactile_seed1_bc,vision_seed1_bc,primary,44,ood,bilateral_contact_at_takeover,10,0.0,0.0,0.0,"paired environment-seed bootstrap 95%, identical recorded physical parameters",0,10,0,False
visuotactile_seed1_bc,vision_seed1_bc,primary,44,ood,final_native_success,10,0.0,0.0,0.0,"paired environment-seed bootstrap 95%, identical recorded physical parameters",0,10,0,True
visuotactile_seed1_bc,vision_seed1_bc,primary,44,ood,force_budget_exceeded,10,0.2,0.0,0.5,"paired environment-seed bootstrap 95%, identical recorded physical parameters",2,8,0,False
visuotactile_seed1_bc,vision_seed1_bc,primary,44,ood,full_episode_peak_normal_N,10,2.4842904806137085,1.4690109223127366,3.466665643453598,"paired environment-seed bootstrap 95%, identical recorded physical parameters",10,0,0,False
visuotactile_seed1_bc,vision_seed1_bc,primary,44,ood,intervention_force_budget_exceeded,10,0.0,0.0,0.0,"paired environment-seed bootstrap 95%, identical recorded physical parameters",0,10,0,False
visuotactile_seed1_bc,vision_seed1_bc,primary,44,ood,intervention_peak_normal_N,10,0.34092400074005125,-0.9788536655902863,1.7574409025907516,"paired environment-seed bootstrap 95%, identical recorded physical parameters",4,0,6,False
visuotactile_seed1_bc,vision_seed1_bc,primary,44,ood,native_shaped_return,10,12.621252362157929,6.343078165151575,19.297673840699794,"paired environment-seed bootstrap 95%, identical recorded physical parameters",10,0,0,True
visuotactile_seed1_bc,vision_seed1_bc,primary,44,ood,setup_force_budget_exceeded,10,0.0,0.0,0.0,"paired environment-seed bootstrap 95%, identical recorded physical parameters",0,10,0,False
visuotactile_seed1_bc,vision_seed1_bc,primary,44,ood,setup_peak_normal_N,10,0.0,0.0,0.0,"paired environment-seed bootstrap 95%, identical recorded physical parameters",0,10,0,False
visuotactile_seed1_bc,vision_seed1_bc,primary,44,ood,sustained_10cm_lift_success,10,0.0,0.0,0.0,"paired environment-seed bootstrap 95%, identical recorded physical parameters",0,10,0,True
visuotactile_seed1_bc,vision_seed1_bc,primary,44,ood,sustained_10cm_lift_within_force_budget,10,0.0,0.0,0.0,"paired environment-seed bootstrap 95%, identical recorded physical parameters",0,10,0,True
visuotactile_seed1_bc,vision_seed1_bc,primary,44,ood,sustained_native_success,10,0.0,0.0,0.0,"paired environment-seed bootstrap 95%, identical recorded physical parameters",0,10,0,True
visuotactile_seed1_bc,vision_seed1_bc,primary,44,ood,sustained_success_within_force_budget,10,0.0,0.0,0.0,"paired environment-seed bootstrap 95%, identical recorded physical parameters",0,10,0,True
visuotactile_seed1_rl,force_feedback,primary,44,all,any_native_success,20,-0.05,-0.15,0.0,"paired environment-seed bootstrap 95%, identical recorded physical parameters",0,19,1,True
visuotactile_seed1_rl,force_feedback,primary,44,all,bilateral_contact_at_takeover,20,0.0,0.0,0.0,"paired environment-seed bootstrap 95%, identical recorded physical parameters",0,20,0,False
visuotactile_seed1_rl,force_feedback,primary,44,all,final_native_success,20,-0.15,-0.35,0.0,"paired environment-seed bootstrap 95%, identical recorded physical parameters",0,17,3,True
visuotactile_seed1_rl,force_feedback,primary,44,all,force_budget_exceeded,20,0.25,-0.05,0.5,"paired environment-seed bootstrap 95%, identical recorded physical parameters",7,11,2,False
visuotactile_seed1_rl,force_feedback,primary,44,all,full_episode_peak_normal_N,20,2.1678155422210694,1.0896257221698762,3.332881388068198,"paired environment-seed bootstrap 95%, identical recorded physical parameters",17,0,3,False
visuotactile_seed1_rl,force_feedback,primary,44,all,intervention_force_budget_exceeded,20,0.4,0.2,0.6,"paired environment-seed bootstrap 95%, identical recorded physical parameters",8,12,0,False
visuotactile_seed1_rl,force_feedback,primary,44,all,intervention_peak_normal_N,20,2.6317449808120728,1.6852285218238832,3.6985875087976456,"paired environment-seed bootstrap 95%, identical recorded physical parameters",19,0,1,False
visuotactile_seed1_rl,force_feedback,primary,44,all,native_shaped_return,20,0.61533499772734,-9.394812623769827,8.288970635417163,"paired environment-seed bootstrap 95%, identical recorded physical parameters",16,0,4,True
visuotactile_seed1_rl,force_feedback,primary,44,all,setup_force_budget_exceeded,20,0.0,0.0,0.0,"paired environment-seed bootstrap 95%, identical recorded physical parameters",0,20,0,False
visuotactile_seed1_rl,force_feedback,primary,44,all,setup_peak_normal_N,20,0.0,0.0,0.0,"paired environment-seed bootstrap 95%, identical recorded physical parameters",0,20,0,False
visuotactile_seed1_rl,force_feedback,primary,44,all,sustained_10cm_lift_success,20,-0.35,-0.55,-0.15,"paired environment-seed bootstrap 95%, identical recorded physical parameters",0,13,7,True
visuotactile_seed1_rl,force_feedback,primary,44,all,sustained_10cm_lift_within_force_budget,20,-0.2,-0.40124999999999994,0.0,"paired environment-seed bootstrap 95%, identical recorded physical parameters",1,14,5,True
visuotactile_seed1_rl,force_feedback,primary,44,all,sustained_native_success,20,-0.05,-0.15,0.0,"paired environment-seed bootstrap 95%, identical recorded physical parameters",0,19,1,True
visuotactile_seed1_rl,force_feedback,primary,44,all,sustained_success_within_force_budget,20,-0.05,-0.2,0.1,"paired environment-seed bootstrap 95%, identical recorded physical parameters",1,17,2,True
visuotactile_seed1_rl,force_feedback,primary,44,id,any_native_success,10,-0.1,-0.3,0.0,"paired environment-seed bootstrap 95%, identical recorded physical parameters",0,9,1,True
visuotactile_seed1_rl,force_feedback,primary,44,id,bilateral_contact_at_takeover,10,0.0,0.0,0.0,"paired environment-seed bootstrap 95%, identical recorded physical parameters",0,10,0,False
visuotactile_seed1_rl,force_feedback,primary,44,id,final_native_success,10,-0.3,-0.6,0.0,"paired environment-seed bootstrap 95%, identical recorded physical parameters",0,7,3,True
visuotactile_seed1_rl,force_feedback,primary,44,id,force_budget_exceeded,10,0.0,-0.4,0.4,"paired environment-seed bootstrap 95%, identical recorded physical parameters",2,6,2,False
visuotactile_seed1_rl,force_feedback,primary,44,id,full_episode_peak_normal_N,10,1.049138879776001,-0.12897923350334167,2.383104504346847,"paired environment-seed bootstrap 95%, identical recorded physical parameters",7,0,3,False
visuotactile_seed1_rl,force_feedback,primary,44,id,intervention_force_budget_exceeded,10,0.3,0.0,0.6,"paired environment-seed bootstrap 95%, identical recorded physical parameters",3,7,0,False
visuotactile_seed1_rl,force_feedback,primary,44,id,intervention_peak_normal_N,10,2.2069421291351317,1.1755666708946229,3.4041301882267,"paired environment-seed bootstrap 95%, identical recorded physical parameters",10,0,0,False
visuotactile_seed1_rl,force_feedback,primary,44,id,native_shaped_return,10,-6.916690182412147,-24.92898587733592,7.428244529678752,"paired environment-seed bootstrap 95%, identical recorded physical parameters",6,0,4,True
visuotactile_seed1_rl,force_feedback,primary,44,id,setup_force_budget_exceeded,10,0.0,0.0,0.0,"paired environment-seed bootstrap 95%, identical recorded physical parameters",0,10,0,False
visuotactile_seed1_rl,force_feedback,primary,44,id,setup_peak_normal_N,10,0.0,0.0,0.0,"paired environment-seed bootstrap 95%, identical recorded physical parameters",0,10,0,False
visuotactile_seed1_rl,force_feedback,primary,44,id,sustained_10cm_lift_success,10,-0.7,-1.0,-0.4,"paired environment-seed bootstrap 95%, identical recorded physical parameters",0,3,7,True
visuotactile_seed1_rl,force_feedback,primary,44,id,sustained_10cm_lift_within_force_budget,10,-0.4,-0.8,0.0,"paired environment-seed bootstrap 95%, identical recorded physical parameters",1,4,5,True
visuotactile_seed1_rl,force_feedback,primary,44,id,sustained_native_success,10,-0.1,-0.3,0.0,"paired environment-seed bootstrap 95%, identical recorded physical parameters",0,9,1,True
visuotactile_seed1_rl,force_feedback,primary,44,id,sustained_success_within_force_budget,10,-0.1,-0.4,0.2,"paired environment-seed bootstrap 95%, identical recorded physical parameters",1,7,2,True
visuotactile_seed1_rl,force_feedback,primary,44,ood,any_native_success,10,0.0,0.0,0.0,"paired environment-seed bootstrap 95%, identical recorded physical parameters",0,10,0,True
visuotactile_seed1_rl,force_feedback,primary,44,ood,bilateral_contact_at_takeover,10,0.0,0.0,0.0,"paired environment-seed bootstrap 95%, identical recorded physical parameters",0,10,0,False
visuotactile_seed1_rl,force_feedback,primary,44,ood,final_native_success,10,0.0,0.0,0.0,"paired environment-seed bootstrap 95%, identical recorded physical parameters",0,10,0,True
visuotactile_seed1_rl,force_feedback,primary,44,ood,force_budget_exceeded,10,0.5,0.2,0.8,"paired environment-seed bootstrap 95%, identical recorded physical parameters",5,5,0,False
visuotactile_seed1_rl,force_feedback,primary,44,ood,full_episode_peak_normal_N,10,3.286492204666138,1.8894015038013459,4.856813130378723,"paired environment-seed bootstrap 95%, identical recorded physical parameters",10,0,0,False
visuotactile_seed1_rl,force_feedback,primary,44,ood,intervention_force_budget_exceeded,10,0.5,0.2,0.8,"paired environment-seed bootstrap 95%, identical recorded physical parameters",5,5,0,False
visuotactile_seed1_rl,force_feedback,primary,44,ood,intervention_peak_normal_N,10,3.056547832489014,1.4884887528419495,4.691475114822388,"paired environment-seed bootstrap 95%, identical recorded physical parameters",9,0,1,False
visuotactile_seed1_rl,force_feedback,primary,44,ood,native_shaped_return,10,8.147360177866826,5.55109086088681,11.799710534861656,"paired environment-seed bootstrap 95%, identical recorded physical parameters",10,0,0,True
visuotactile_seed1_rl,force_feedback,primary,44,ood,setup_force_budget_exceeded,10,0.0,0.0,0.0,"paired environment-seed bootstrap 95%, identical recorded physical parameters",0,10,0,False
visuotactile_seed1_rl,force_feedback,primary,44,ood,setup_peak_normal_N,10,0.0,0.0,0.0,"paired environment-seed bootstrap 95%, identical recorded physical parameters",0,10,0,False
visuotactile_seed1_rl,force_feedback,primary,44,ood,sustained_10cm_lift_success,10,0.0,0.0,0.0,"paired environment-seed bootstrap 95%, identical recorded physical parameters",0,10,0,True
visuotactile_seed1_rl,force_feedback,primary,44,ood,sustained_10cm_lift_within_force_budget,10,0.0,0.0,0.0,"paired environment-seed bootstrap 95%, identical recorded physical parameters",0,10,0,True
visuotactile_seed1_rl,force_feedback,primary,44,ood,sustained_native_success,10,0.0,0.0,0.0,"paired environment-seed bootstrap 95%, identical recorded physical parameters",0,10,0,True
visuotactile_seed1_rl,force_feedback,primary,44,ood,sustained_success_within_force_budget,10,0.0,0.0,0.0,"paired environment-seed bootstrap 95%, identical recorded physical parameters",0,10,0,True
visuotactile_seed1_rl,script,primary,44,all,any_native_success,20,0.0,-0.15,0.15,"paired environment-seed bootstrap 95%, identical recorded physical parameters",1,18,1,True
visuotactile_seed1_rl,script,primary,44,all,bilateral_contact_at_takeover,20,0.0,0.0,0.0,"paired environment-seed bootstrap 95%, identical recorded physical parameters",0,20,0,False
visuotactile_seed1_rl,script,primary,44,all,final_native_success,20,-0.1,-0.3,0.1,"paired environment-seed bootstrap 95%, identical recorded physical parameters",1,16,3,True
visuotactile_seed1_rl,script,primary,44,all,force_budget_exceeded,20,0.0,-0.25,0.25,"paired environment-seed bootstrap 95%, identical recorded physical parameters",3,14,3,False
visuotactile_seed1_rl,script,primary,44,all,full_episode_peak_normal_N,20,-0.9261184692382812,-4.4305468022823336,2.6152232527732835,"paired environment-seed bootstrap 95%, identical recorded physical parameters",11,0,9,False
visuotactile_seed1_rl,script,primary,44,all,intervention_force_budget_exceeded,20,0.0,-0.25,0.25,"paired environment-seed bootstrap 95%, identical recorded physical parameters",3,14,3,False
visuotactile_seed1_rl,script,primary,44,all,intervention_peak_normal_N,20,-0.9454685688018799,-4.352364253401756,2.6173352682590476,"paired environment-seed bootstrap 95%, identical recorded physical parameters",10,0,10,False
visuotactile_seed1_rl,script,primary,44,all,native_shaped_return,20,3.7843447944337525,-5.814238396065437,12.521997597067854,"paired environment-seed bootstrap 95%, identical recorded physical parameters",17,0,3,True
visuotactile_seed1_rl,script,primary,44,all,setup_force_budget_exceeded,20,0.0,0.0,0.0,"paired environment-seed bootstrap 95%, identical recorded physical parameters",0,20,0,False
visuotactile_seed1_rl,script,primary,44,all,setup_peak_normal_N,20,0.0,0.0,0.0,"paired environment-seed bootstrap 95%, identical recorded physical parameters",0,20,0,False
visuotactile_seed1_rl,script,primary,44,all,sustained_10cm_lift_success,20,-0.3,-0.5,-0.1,"paired environment-seed bootstrap 95%, identical recorded physical parameters",0,14,6,True
visuotactile_seed1_rl,script,primary,44,all,sustained_10cm_lift_within_force_budget,20,-0.05,-0.25,0.1,"paired environment-seed bootstrap 95%, identical recorded physical parameters",1,17,2,True
visuotactile_seed1_rl,script,primary,44,all,sustained_native_success,20,0.0,-0.15,0.15,"paired environment-seed bootstrap 95%, identical recorded physical parameters",1,18,1,True
visuotactile_seed1_rl,script,primary,44,all,sustained_success_within_force_budget,20,0.1,-0.1,0.3,"paired environment-seed bootstrap 95%, identical recorded physical parameters",3,16,1,True
visuotactile_seed1_rl,script,primary,44,id,any_native_success,10,0.0,-0.3,0.3,"paired environment-seed bootstrap 95%, identical recorded physical parameters",1,8,1,True
visuotactile_seed1_rl,script,primary,44,id,bilateral_contact_at_takeover,10,0.0,0.0,0.0,"paired environment-seed bootstrap 95%, identical recorded physical parameters",0,10,0,False
visuotactile_seed1_rl,script,primary,44,id,final_native_success,10,-0.2,-0.6,0.2,"paired environment-seed bootstrap 95%, identical recorded physical parameters",1,6,3,True
visuotactile_seed1_rl,script,primary,44,id,force_budget_exceeded,10,-0.1,-0.5,0.3,"paired environment-seed bootstrap 95%, identical recorded physical parameters",2,5,3,False
visuotactile_seed1_rl,script,primary,44,id,full_episode_peak_normal_N,10,-1.622858428955078,-7.714645425081253,4.528234220743179,"paired environment-seed bootstrap 95%, identical recorded physical parameters",5,0,5,False
visuotactile_seed1_rl,script,primary,44,id,intervention_force_budget_exceeded,10,-0.1,-0.5,0.3,"paired environment-seed bootstrap 95%, identical recorded physical parameters",2,5,3,False
visuotactile_seed1_rl,script,primary,44,id,intervention_peak_normal_N,10,-1.4316142559051515,-7.418187732696532,4.597267150878906,"paired environment-seed bootstrap 95%, identical recorded physical parameters",5,0,5,False
visuotactile_seed1_rl,script,primary,44,id,native_shaped_return,10,-0.440951131662878,-20.067051871494808,17.10458457081015,"paired environment-seed bootstrap 95%, identical recorded physical parameters",7,0,3,True
visuotactile_seed1_rl,script,primary,44,id,setup_force_budget_exceeded,10,0.0,0.0,0.0,"paired environment-seed bootstrap 95%, identical recorded physical parameters",0,10,0,False
visuotactile_seed1_rl,script,primary,44,id,setup_peak_normal_N,10,0.0,0.0,0.0,"paired environment-seed bootstrap 95%, identical recorded physical parameters",0,10,0,False
visuotactile_seed1_rl,script,primary,44,id,sustained_10cm_lift_success,10,-0.6,-0.9,-0.3,"paired environment-seed bootstrap 95%, identical recorded physical parameters",0,4,6,True
visuotactile_seed1_rl,script,primary,44,id,sustained_10cm_lift_within_force_budget,10,-0.1,-0.4,0.2,"paired environment-seed bootstrap 95%, identical recorded physical parameters",1,7,2,True
visuotactile_seed1_rl,script,primary,44,id,sustained_native_success,10,0.0,-0.3,0.3,"paired environment-seed bootstrap 95%, identical recorded physical parameters",1,8,1,True
visuotactile_seed1_rl,script,primary,44,id,sustained_success_within_force_budget,10,0.2,-0.2,0.6,"paired environment-seed bootstrap 95%, identical recorded physical parameters",3,6,1,True
visuotactile_seed1_rl,script,primary,44,ood,any_native_success,10,0.0,0.0,0.0,"paired environment-seed bootstrap 95%, identical recorded physical parameters",0,10,0,True
visuotactile_seed1_rl,script,primary,44,ood,bilateral_contact_at_takeover,10,0.0,0.0,0.0,"paired environment-seed bootstrap 95%, identical recorded physical parameters",0,10,0,False
visuotactile_seed1_rl,script,primary,44,ood,final_native_success,10,0.0,0.0,0.0,"paired environment-seed bootstrap 95%, identical recorded physical parameters",0,10,0,True
visuotactile_seed1_rl,script,primary,44,ood,force_budget_exceeded,10,0.1,0.0,0.3,"paired environment-seed bootstrap 95%, identical recorded physical parameters",1,9,0,False
visuotactile_seed1_rl,script,primary,44,ood,full_episode_peak_normal_N,10,-0.22937850952148436,-3.7671552324295043,3.738954787254331,"paired environment-seed bootstrap 95%, identical recorded physical parameters",6,0,4,False
visuotactile_seed1_rl,script,primary,44,ood,intervention_force_budget_exceeded,10,0.1,0.0,0.3,"paired environment-seed bootstrap 95%, identical recorded physical parameters",1,9,0,False
visuotactile_seed1_rl,script,primary,44,ood,intervention_peak_normal_N,10,-0.4593228816986084,-3.7635510361194613,3.577895778417585,"paired environment-seed bootstrap 95%, identical recorded physical parameters",5,0,5,False
visuotactile_seed1_rl,script,primary,44,ood,native_shaped_return,10,8.009640720530383,5.205723800137929,11.971218966638418,"paired environment-seed bootstrap 95%, identical recorded physical parameters",10,0,0,True
visuotactile_seed1_rl,script,primary,44,ood,setup_force_budget_exceeded,10,0.0,0.0,0.0,"paired environment-seed bootstrap 95%, identical recorded physical parameters",0,10,0,False
visuotactile_seed1_rl,script,primary,44,ood,setup_peak_normal_N,10,0.0,0.0,0.0,"paired environment-seed bootstrap 95%, identical recorded physical parameters",0,10,0,False
visuotactile_seed1_rl,script,primary,44,ood,sustained_10cm_lift_success,10,0.0,0.0,0.0,"paired environment-seed bootstrap 95%, identical recorded physical parameters",0,10,0,True
visuotactile_seed1_rl,script,primary,44,ood,sustained_10cm_lift_within_force_budget,10,0.0,0.0,0.0,"paired environment-seed bootstrap 95%, identical recorded physical parameters",0,10,0,True
visuotactile_seed1_rl,script,primary,44,ood,sustained_native_success,10,0.0,0.0,0.0,"paired environment-seed bootstrap 95%, identical recorded physical parameters",0,10,0,True
visuotactile_seed1_rl,script,primary,44,ood,sustained_success_within_force_budget,10,0.0,0.0,0.0,"paired environment-seed bootstrap 95%, identical recorded physical parameters",0,10,0,True
visuotactile_seed1_rl,vision_seed1_rl,primary,44,all,any_native_success,20,-0.1,-0.25,0.0,"paired environment-seed bootstrap 95%, identical recorded physical parameters",0,18,2,True
visuotactile_seed1_rl,vision_seed1_rl,primary,44,all,bilateral_contact_at_takeover,20,0.0,0.0,0.0,"paired environment-seed bootstrap 95%, identical recorded physical parameters",0,20,0,False
visuotactile_seed1_rl,vision_seed1_rl,primary,44,all,final_native_success,20,0.05,-0.15,0.25,"paired environment-seed bootstrap 95%, identical recorded physical parameters",3,15,2,True
visuotactile_seed1_rl,vision_seed1_rl,primary,44,all,force_budget_exceeded,20,-0.3,-0.5,-0.1,"paired environment-seed bootstrap 95%, identical recorded physical parameters",0,14,6,False
visuotactile_seed1_rl,vision_seed1_rl,primary,44,all,full_episode_peak_normal_N,20,-4.024557435512543,-5.965703929960728,-2.327802287936213,"paired environment-seed bootstrap 95%, identical recorded physical parameters",5,0,15,False
visuotactile_seed1_rl,vision_seed1_rl,primary,44,all,intervention_force_budget_exceeded,20,-0.25,-0.45,-0.1,"paired environment-seed bootstrap 95%, identical recorded physical parameters",0,15,5,False
visuotactile_seed1_rl,vision_seed1_rl,primary,44,all,intervention_peak_normal_N,20,-3.584321081638336,-5.489437971413135,-1.6833593636751183,"paired environment-seed bootstrap 95%, identical recorded physical parameters",5,0,15,False
visuotactile_seed1_rl,vision_seed1_rl,primary,44,all,native_shaped_return,20,8.065160038725871,-2.5329961659001423,20.196705825610387,"paired environment-seed bootstrap 95%, identical recorded physical parameters",14,0,6,True
visuotactile_seed1_rl,vision_seed1_rl,primary,44,all,setup_force_budget_exceeded,20,0.0,0.0,0.0,"paired environment-seed bootstrap 95%, identical recorded physical parameters",0,20,0,False
visuotactile_seed1_rl,vision_seed1_rl,primary,44,all,setup_peak_normal_N,20,0.0,0.0,0.0,"paired environment-seed bootstrap 95%, identical recorded physical parameters",0,20,0,False
visuotactile_seed1_rl,vision_seed1_rl,primary,44,all,sustained_10cm_lift_success,20,0.0,-0.15,0.15,"paired environment-seed bootstrap 95%, identical recorded physical parameters",1,18,1,True
visuotactile_seed1_rl,vision_seed1_rl,primary,44,all,sustained_10cm_lift_within_force_budget,20,0.0,-0.15,0.15,"paired environment-seed bootstrap 95%, identical recorded physical parameters",1,18,1,True
visuotactile_seed1_rl,vision_seed1_rl,primary,44,all,sustained_native_success,20,0.15,-0.05,0.35,"paired environment-seed bootstrap 95%, identical recorded physical parameters",4,15,1,True
visuotactile_seed1_rl,vision_seed1_rl,primary,44,all,sustained_success_within_force_budget,20,0.15,0.0,0.3,"paired environment-seed bootstrap 95%, identical recorded physical parameters",3,17,0,True
visuotactile_seed1_rl,vision_seed1_rl,primary,44,id,any_native_success,10,-0.2,-0.5,0.0,"paired environment-seed bootstrap 95%, identical recorded physical parameters",0,8,2,True
visuotactile_seed1_rl,vision_seed1_rl,primary,44,id,bilateral_contact_at_takeover,10,0.0,0.0,0.0,"paired environment-seed bootstrap 95%, identical recorded physical parameters",0,10,0,False
visuotactile_seed1_rl,vision_seed1_rl,primary,44,id,final_native_success,10,0.1,-0.3,0.5,"paired environment-seed bootstrap 95%, identical recorded physical parameters",3,5,2,True
visuotactile_seed1_rl,vision_seed1_rl,primary,44,id,force_budget_exceeded,10,-0.5,-0.8,-0.2,"paired environment-seed bootstrap 95%, identical recorded physical parameters",0,5,5,False
visuotactile_seed1_rl,vision_seed1_rl,primary,44,id,full_episode_peak_normal_N,10,-5.194119238853455,-8.235168132185937,-2.073582385778427,"paired environment-seed bootstrap 95%, identical recorded physical parameters",2,0,8,False
visuotactile_seed1_rl,vision_seed1_rl,primary,44,id,intervention_force_budget_exceeded,10,-0.4,-0.7,-0.1,"paired environment-seed bootstrap 95%, identical recorded physical parameters",0,6,4,False
visuotactile_seed1_rl,vision_seed1_rl,primary,44,id,intervention_peak_normal_N,10,-4.754377675056458,-7.922468072175979,-1.2672362738847769,"paired environment-seed bootstrap 95%, identical recorded physical parameters",3,0,7,False
visuotactile_seed1_rl,vision_seed1_rl,primary,44,id,native_shaped_return,10,19.38801629872177,1.566997713427298,37.515467807503946,"paired environment-seed bootstrap 95%, identical recorded physical parameters",8,0,2,True
visuotactile_seed1_rl,vision_seed1_rl,primary,44,id,setup_force_budget_exceeded,10,0.0,0.0,0.0,"paired environment-seed bootstrap 95%, identical recorded physical parameters",0,10,0,False
visuotactile_seed1_rl,vision_seed1_rl,primary,44,id,setup_peak_normal_N,10,0.0,0.0,0.0,"paired environment-seed bootstrap 95%, identical recorded physical parameters",0,10,0,False
visuotactile_seed1_rl,vision_seed1_rl,primary,44,id,sustained_10cm_lift_success,10,0.0,-0.3,0.3,"paired environment-seed bootstrap 95%, identical recorded physical parameters",1,8,1,True
visuotactile_seed1_rl,vision_seed1_rl,primary,44,id,sustained_10cm_lift_within_force_budget,10,0.0,-0.3,0.3,"paired environment-seed bootstrap 95%, identical recorded physical parameters",1,8,1,True
visuotactile_seed1_rl,vision_seed1_rl,primary,44,id,sustained_native_success,10,0.3,-0.1,0.7,"paired environment-seed bootstrap 95%, identical recorded physical parameters",4,5,1,True
visuotactile_seed1_rl,vision_seed1_rl,primary,44,id,sustained_success_within_force_budget,10,0.3,0.0,0.6,"paired environment-seed bootstrap 95%, identical recorded physical parameters",3,7,0,True
visuotactile_seed1_rl,vision_seed1_rl,primary,44,ood,any_native_success,10,0.0,0.0,0.0,"paired environment-seed bootstrap 95%, identical recorded physical parameters",0,10,0,True
visuotactile_seed1_rl,vision_seed1_rl,primary,44,ood,bilateral_contact_at_takeover,10,0.0,0.0,0.0,"paired environment-seed bootstrap 95%, identical recorded physical parameters",0,10,0,False
visuotactile_seed1_rl,vision_seed1_rl,primary,44,ood,final_native_success,10,0.0,0.0,0.0,"paired environment-seed bootstrap 95%, identical recorded physical parameters",0,10,0,True
visuotactile_seed1_rl,vision_seed1_rl,primary,44,ood,force_budget_exceeded,10,-0.1,-0.3,0.0,"paired environment-seed bootstrap 95%, identical recorded physical parameters",0,9,1,False
visuotactile_seed1_rl,vision_seed1_rl,primary,44,ood,full_episode_peak_normal_N,10,-2.8549956321716308,-4.964884755611419,-0.8232965731620805,"paired environment-seed bootstrap 95%, identical recorded physical parameters",3,0,7,False
visuotactile_seed1_rl,vision_seed1_rl,primary,44,ood,intervention_force_budget_exceeded,10,-0.1,-0.3,0.0,"paired environment-seed bootstrap 95%, identical recorded physical parameters",0,9,1,False
visuotactile_seed1_rl,vision_seed1_rl,primary,44,ood,intervention_peak_normal_N,10,-2.4142644882202147,-4.07095975637436,-0.8620316648483335,"paired environment-seed bootstrap 95%, identical recorded physical parameters",2,0,8,False
visuotactile_seed1_rl,vision_seed1_rl,primary,44,ood,native_shaped_return,10,-3.2576962212700273,-10.7044912850639,4.138382527421326,"paired environment-seed bootstrap 95%, identical recorded physical parameters",6,0,4,True
visuotactile_seed1_rl,vision_seed1_rl,primary,44,ood,setup_force_budget_exceeded,10,0.0,0.0,0.0,"paired environment-seed bootstrap 95%, identical recorded physical parameters",0,10,0,False
visuotactile_seed1_rl,vision_seed1_rl,primary,44,ood,setup_peak_normal_N,10,0.0,0.0,0.0,"paired environment-seed bootstrap 95%, identical recorded physical parameters",0,10,0,False
visuotactile_seed1_rl,vision_seed1_rl,primary,44,ood,sustained_10cm_lift_success,10,0.0,0.0,0.0,"paired environment-seed bootstrap 95%, identical recorded physical parameters",0,10,0,True
visuotactile_seed1_rl,vision_seed1_rl,primary,44,ood,sustained_10cm_lift_within_force_budget,10,0.0,0.0,0.0,"paired environment-seed bootstrap 95%, identical recorded physical parameters",0,10,0,True
visuotactile_seed1_rl,vision_seed1_rl,primary,44,ood,sustained_native_success,10,0.0,0.0,0.0,"paired environment-seed bootstrap 95%, identical recorded physical parameters",0,10,0,True
visuotactile_seed1_rl,vision_seed1_rl,primary,44,ood,sustained_success_within_force_budget,10,0.0,0.0,0.0,"paired environment-seed bootstrap 95%, identical recorded physical parameters",0,10,0,True
visuotactile_seed1_rl,visuotactile_seed1_bc,primary,44,all,any_native_success,20,0.05,-0.1,0.2,"paired environment-seed bootstrap 95%, identical recorded physical parameters",2,17,1,True
visuotactile_seed1_rl,visuotactile_seed1_bc,primary,44,all,bilateral_contact_at_takeover,20,0.0,0.0,0.0,"paired environment-seed bootstrap 95%, identical recorded physical parameters",0,20,0,False
visuotactile_seed1_rl,visuotactile_seed1_bc,primary,44,all,final_native_success,20,-0.05,-0.25,0.1,"paired environment-seed bootstrap 95%, identical recorded physical parameters",1,17,2,True
visuotactile_seed1_rl,visuotactile_seed1_bc,primary,44,all,force_budget_exceeded,20,-0.05,-0.35,0.25,"paired environment-seed bootstrap 95%, identical recorded physical parameters",4,11,5,False
visuotactile_seed1_rl,visuotactile_seed1_bc,primary,44,all,full_episode_peak_normal_N,20,-1.0933941185474396,-4.3919251890480515,2.344753756225104,"paired environment-seed bootstrap 95%, identical recorded physical parameters",9,0,11,False
visuotactile_seed1_rl,visuotactile_seed1_bc,primary,44,all,intervention_force_budget_exceeded,20,0.05,-0.2,0.3,"paired environment-seed bootstrap 95%, identical recorded physical parameters",4,13,3,False
visuotactile_seed1_rl,visuotactile_seed1_bc,primary,44,all,intervention_peak_normal_N,20,0.492912620306015,-2.3880496014654637,3.5453012101352144,"paired environment-seed bootstrap 95%, identical recorded physical parameters",11,0,9,False
visuotactile_seed1_rl,visuotactile_seed1_bc,primary,44,all,native_shaped_return,20,-1.5133033962609008,-12.456387021521124,9.819350044497593,"paired environment-seed bootstrap 95%, identical recorded physical parameters",11,0,9,True
visuotactile_seed1_rl,visuotactile_seed1_bc,primary,44,all,setup_force_budget_exceeded,20,0.0,0.0,0.0,"paired environment-seed bootstrap 95%, identical recorded physical parameters",0,20,0,False
visuotactile_seed1_rl,visuotactile_seed1_bc,primary,44,all,setup_peak_normal_N,20,0.0,0.0,0.0,"paired environment-seed bootstrap 95%, identical recorded physical parameters",0,20,0,False
visuotactile_seed1_rl,visuotactile_seed1_bc,primary,44,all,sustained_10cm_lift_success,20,-0.2,-0.4,-0.05,"paired environment-seed bootstrap 95%, identical recorded physical parameters",0,16,4,True
visuotactile_seed1_rl,visuotactile_seed1_bc,primary,44,all,sustained_10cm_lift_within_force_budget,20,0.0,-0.15,0.15,"paired environment-seed bootstrap 95%, identical recorded physical parameters",1,18,1,True
visuotactile_seed1_rl,visuotactile_seed1_bc,primary,44,all,sustained_native_success,20,0.1,-0.1,0.3,"paired environment-seed bootstrap 95%, identical recorded physical parameters",3,16,1,True
visuotactile_seed1_rl,visuotactile_seed1_bc,primary,44,all,sustained_success_within_force_budget,20,0.15,0.0,0.3,"paired environment-seed bootstrap 95%, identical recorded physical parameters",3,17,0,True
visuotactile_seed1_rl,visuotactile_seed1_bc,primary,44,id,any_native_success,10,0.1,-0.2,0.4,"paired environment-seed bootstrap 95%, identical recorded physical parameters",2,7,1,True
visuotactile_seed1_rl,visuotactile_seed1_bc,primary,44,id,bilateral_contact_at_takeover,10,0.0,0.0,0.0,"paired environment-seed bootstrap 95%, identical recorded physical parameters",0,10,0,False
visuotactile_seed1_rl,visuotactile_seed1_bc,primary,44,id,final_native_success,10,-0.1,-0.4,0.2,"paired environment-seed bootstrap 95%, identical recorded physical parameters",1,7,2,True
visuotactile_seed1_rl,visuotactile_seed1_bc,primary,44,id,force_budget_exceeded,10,-0.1,-0.5,0.3,"paired environment-seed bootstrap 95%, identical recorded physical parameters",2,5,3,False
visuotactile_seed1_rl,visuotactile_seed1_bc,primary,44,id,full_episode_peak_normal_N,10,-0.12327350378036499,-5.661094586551189,5.508989531099791,"paired environment-seed bootstrap 95%, identical recorded physical parameters",5,0,5,False
visuotactile_seed1_rl,visuotactile_seed1_bc,primary,44,id,intervention_force_budget_exceeded,10,-0.1,-0.5,0.3,"paired environment-seed bootstrap 95%, identical recorded physical parameters",2,5,3,False
visuotactile_seed1_rl,visuotactile_seed1_bc,primary,44,id,intervention_peak_normal_N,10,0.43177577257156374,-5.012504259645938,5.880899826884269,"paired environment-seed bootstrap 95%, identical recorded physical parameters",5,0,5,False
visuotactile_seed1_rl,visuotactile_seed1_bc,primary,44,id,native_shaped_return,10,7.935333414507653,-13.586606490308666,27.05126767594502,"paired environment-seed bootstrap 95%, identical recorded physical parameters",8,0,2,True
visuotactile_seed1_rl,visuotactile_seed1_bc,primary,44,id,setup_force_budget_exceeded,10,0.0,0.0,0.0,"paired environment-seed bootstrap 95%, identical recorded physical parameters",0,10,0,False
visuotactile_seed1_rl,visuotactile_seed1_bc,primary,44,id,setup_peak_normal_N,10,0.0,0.0,0.0,"paired environment-seed bootstrap 95%, identical recorded physical parameters",0,10,0,False
visuotactile_seed1_rl,visuotactile_seed1_bc,primary,44,id,sustained_10cm_lift_success,10,-0.4,-0.7,-0.1,"paired environment-seed bootstrap 95%, identical recorded physical parameters",0,6,4,True
visuotactile_seed1_rl,visuotactile_seed1_bc,primary,44,id,sustained_10cm_lift_within_force_budget,10,0.0,-0.3,0.3,"paired environment-seed bootstrap 95%, identical recorded physical parameters",1,8,1,True
visuotactile_seed1_rl,visuotactile_seed1_bc,primary,44,id,sustained_native_success,10,0.2,-0.2,0.6,"paired environment-seed bootstrap 95%, identical recorded physical parameters",3,6,1,True
visuotactile_seed1_rl,visuotactile_seed1_bc,primary,44,id,sustained_success_within_force_budget,10,0.3,0.1,0.6,"paired environment-seed bootstrap 95%, identical recorded physical parameters",3,7,0,True
visuotactile_seed1_rl,visuotactile_seed1_bc,primary,44,ood,any_native_success,10,0.0,0.0,0.0,"paired environment-seed bootstrap 95%, identical recorded physical parameters",0,10,0,True
visuotactile_seed1_rl,visuotactile_seed1_bc,primary,44,ood,bilateral_contact_at_takeover,10,0.0,0.0,0.0,"paired environment-seed bootstrap 95%, identical recorded physical parameters",0,10,0,False
visuotactile_seed1_rl,visuotactile_seed1_bc,primary,44,ood,final_native_success,10,0.0,0.0,0.0,"paired environment-seed bootstrap 95%, identical recorded physical parameters",0,10,0,True
visuotactile_seed1_rl,visuotactile_seed1_bc,primary,44,ood,force_budget_exceeded,10,0.0,-0.4,0.4,"paired environment-seed bootstrap 95%, identical recorded physical parameters",2,6,2,False
visuotactile_seed1_rl,visuotactile_seed1_bc,primary,44,ood,full_episode_peak_normal_N,10,-2.063514733314514,-5.335810230374336,1.5631756103038748,"paired environment-seed bootstrap 95%, identical recorded physical parameters",4,0,6,False
visuotactile_seed1_rl,visuotactile_seed1_bc,primary,44,ood,intervention_force_budget_exceeded,10,0.2,0.0,0.5,"paired environment-seed bootstrap 95%, identical recorded physical parameters",2,8,0,False
visuotactile_seed1_rl,visuotactile_seed1_bc,primary,44,ood,intervention_peak_normal_N,10,0.5540494680404663,-1.6999020290374756,3.169822509288785,"paired environment-seed bootstrap 95%, identical recorded physical parameters",6,0,4,False
visuotactile_seed1_rl,visuotactile_seed1_bc,primary,44,ood,native_shaped_return,10,-10.961940207029453,-16.85827502550015,-3.8499177354839302,"paired environment-seed bootstrap 95%, identical recorded physical parameters",3,0,7,True
visuotactile_seed1_rl,visuotactile_seed1_bc,primary,44,ood,setup_force_budget_exceeded,10,0.0,0.0,0.0,"paired environment-seed bootstrap 95%, identical recorded physical parameters",0,10,0,False
visuotactile_seed1_rl,visuotactile_seed1_bc,primary,44,ood,setup_peak_normal_N,10,0.0,0.0,0.0,"paired environment-seed bootstrap 95%, identical recorded physical parameters",0,10,0,False
visuotactile_seed1_rl,visuotactile_seed1_bc,primary,44,ood,sustained_10cm_lift_success,10,0.0,0.0,0.0,"paired environment-seed bootstrap 95%, identical recorded physical parameters",0,10,0,True
visuotactile_seed1_rl,visuotactile_seed1_bc,primary,44,ood,sustained_10cm_lift_within_force_budget,10,0.0,0.0,0.0,"paired environment-seed bootstrap 95%, identical recorded physical parameters",0,10,0,True
visuotactile_seed1_rl,visuotactile_seed1_bc,primary,44,ood,sustained_native_success,10,0.0,0.0,0.0,"paired environment-seed bootstrap 95%, identical recorded physical parameters",0,10,0,True
visuotactile_seed1_rl,visuotactile_seed1_bc,primary,44,ood,sustained_success_within_force_budget,10,0.0,0.0,0.0,"paired environment-seed bootstrap 95%, identical recorded physical parameters",0,10,0,True
visuotactile_seed2_bc,force_feedback,primary,44,all,any_native_success,20,-0.15,-0.3,0.0,"paired environment-seed bootstrap 95%, identical recorded physical parameters",0,17,3,True
visuotactile_seed2_bc,force_feedback,primary,44,all,bilateral_contact_at_takeover,20,0.0,0.0,0.0,"paired environment-seed bootstrap 95%, identical recorded physical parameters",0,20,0,False
visuotactile_seed2_bc,force_feedback,primary,44,all,final_native_success,20,-0.15,-0.3,0.0,"paired environment-seed bootstrap 95%, identical recorded physical parameters",0,17,3,True
visuotactile_seed2_bc,force_feedback,primary,44,all,force_budget_exceeded,20,0.35,0.05,0.65,"paired environment-seed bootstrap 95%, identical recorded physical parameters",9,9,2,False
visuotactile_seed2_bc,force_feedback,primary,44,all,full_episode_peak_normal_N,20,2.7821876883506773,-0.5068251609802246,5.994355916678906,"paired environment-seed bootstrap 95%, identical recorded physical parameters",15,0,5,False
visuotactile_seed2_bc,force_feedback,primary,44,all,intervention_force_budget_exceeded,20,0.3,0.0,0.6,"paired environment-seed bootstrap 95%, identical recorded physical parameters",9,8,3,False
visuotactile_seed2_bc,force_feedback,primary,44,all,intervention_peak_normal_N,20,1.822734808921814,-1.3160336297750472,5.040093306303024,"paired environment-seed bootstrap 95%, identical recorded physical parameters",11,0,9,False
visuotactile_seed2_bc,force_feedback,primary,44,all,native_shaped_return,20,-3.0050532673170274,-17.07964583507218,9.392076679001406,"paired environment-seed bootstrap 95%, identical recorded physical parameters",11,0,9,True
visuotactile_seed2_bc,force_feedback,primary,44,all,setup_force_budget_exceeded,20,0.0,0.0,0.0,"paired environment-seed bootstrap 95%, identical recorded physical parameters",0,20,0,False
visuotactile_seed2_bc,force_feedback,primary,44,all,setup_peak_normal_N,20,0.0,0.0,0.0,"paired environment-seed bootstrap 95%, identical recorded physical parameters",0,20,0,False
visuotactile_seed2_bc,force_feedback,primary,44,all,sustained_10cm_lift_success,20,-0.3,-0.5,-0.1,"paired environment-seed bootstrap 95%, identical recorded physical parameters",0,14,6,True
visuotactile_seed2_bc,force_feedback,primary,44,all,sustained_10cm_lift_within_force_budget,20,-0.2,-0.4,-0.05,"paired environment-seed bootstrap 95%, identical recorded physical parameters",0,16,4,True
visuotactile_seed2_bc,force_feedback,primary,44,all,sustained_native_success,20,-0.3,-0.5,-0.1,"paired environment-seed bootstrap 95%, identical recorded physical parameters",0,14,6,True
visuotactile_seed2_bc,force_feedback,primary,44,all,sustained_success_within_force_budget,20,-0.2,-0.4,-0.05,"paired environment-seed bootstrap 95%, identical recorded physical parameters",0,16,4,True
visuotactile_seed2_bc,force_feedback,primary,44,id,any_native_success,10,-0.3,-0.6,0.0,"paired environment-seed bootstrap 95%, identical recorded physical parameters",0,7,3,True
visuotactile_seed2_bc,force_feedback,primary,44,id,bilateral_contact_at_takeover,10,0.0,0.0,0.0,"paired environment-seed bootstrap 95%, identical recorded physical parameters",0,10,0,False
visuotactile_seed2_bc,force_feedback,primary,44,id,final_native_success,10,-0.3,-0.6,0.0,"paired environment-seed bootstrap 95%, identical recorded physical parameters",0,7,3,True
visuotactile_seed2_bc,force_feedback,primary,44,id,force_budget_exceeded,10,0.1,-0.2,0.4,"paired environment-seed bootstrap 95%, identical recorded physical parameters",2,7,1,False
visuotactile_seed2_bc,force_feedback,primary,44,id,full_episode_peak_normal_N,10,0.41534616947174074,-3.992510026097298,4.865386746525753,"paired environment-seed bootstrap 95%, identical recorded physical parameters",6,0,4,False
visuotactile_seed2_bc,force_feedback,primary,44,id,intervention_force_budget_exceeded,10,0.3,-0.1,0.7,"paired environment-seed bootstrap 95%, identical recorded physical parameters",4,5,1,False
visuotactile_seed2_bc,force_feedback,primary,44,id,intervention_peak_normal_N,10,1.3751786708831788,-3.830407770872116,6.503844387531269,"paired environment-seed bootstrap 95%, identical recorded physical parameters",6,0,4,False
visuotactile_seed2_bc,force_feedback,primary,44,id,native_shaped_return,10,-27.13591639941298,-43.758023304798975,-11.159818766352378,"paired environment-seed bootstrap 95%, identical recorded physical parameters",2,0,8,True
visuotactile_seed2_bc,force_feedback,primary,44,id,setup_force_budget_exceeded,10,0.0,0.0,0.0,"paired environment-seed bootstrap 95%, identical recorded physical parameters",0,10,0,False
visuotactile_seed2_bc,force_feedback,primary,44,id,setup_peak_normal_N,10,0.0,0.0,0.0,"paired environment-seed bootstrap 95%, identical recorded physical parameters",0,10,0,False
visuotactile_seed2_bc,force_feedback,primary,44,id,sustained_10cm_lift_success,10,-0.6,-0.9,-0.3,"paired environment-seed bootstrap 95%, identical recorded physical parameters",0,4,6,True
visuotactile_seed2_bc,force_feedback,primary,44,id,sustained_10cm_lift_within_force_budget,10,-0.4,-0.7,-0.1,"paired environment-seed bootstrap 95%, identical recorded physical parameters",0,6,4,True
visuotactile_seed2_bc,force_feedback,primary,44,id,sustained_native_success,10,-0.6,-0.9,-0.3,"paired environment-seed bootstrap 95%, identical recorded physical parameters",0,4,6,True
visuotactile_seed2_bc,force_feedback,primary,44,id,sustained_success_within_force_budget,10,-0.4,-0.7,-0.1,"paired environment-seed bootstrap 95%, identical recorded physical parameters",0,6,4,True
visuotactile_seed2_bc,force_feedback,primary,44,ood,any_native_success,10,0.0,0.0,0.0,"paired environment-seed bootstrap 95%, identical recorded physical parameters",0,10,0,True
visuotactile_seed2_bc,force_feedback,primary,44,ood,bilateral_contact_at_takeover,10,0.0,0.0,0.0,"paired environment-seed bootstrap 95%, identical recorded physical parameters",0,10,0,False
visuotactile_seed2_bc,force_feedback,primary,44,ood,final_native_success,10,0.0,0.0,0.0,"paired environment-seed bootstrap 95%, identical recorded physical parameters",0,10,0,True
visuotactile_seed2_bc,force_feedback,primary,44,ood,force_budget_exceeded,10,0.6,0.1,1.0,"paired environment-seed bootstrap 95%, identical recorded physical parameters",7,2,1,False
visuotactile_seed2_bc,force_feedback,primary,44,ood,full_episode_peak_normal_N,10,5.149029207229614,0.9971265029907226,9.20308893084526,"paired environment-seed bootstrap 95%, identical recorded physical parameters",9,0,1,False
visuotactile_seed2_bc,force_feedback,primary,44,ood,intervention_force_budget_exceeded,10,0.3,-0.2,0.7,"paired environment-seed bootstrap 95%, identical recorded physical parameters",5,3,2,False
visuotactile_seed2_bc,force_feedback,primary,44,ood,intervention_peak_normal_N,10,2.2702909469604493,-1.2102267038822172,5.994727663993828,"paired environment-seed bootstrap 95%, identical recorded physical parameters",5,0,5,False
visuotactile_seed2_bc,force_feedback,primary,44,ood,native_shaped_return,10,21.125809864778926,14.612699550450053,24.881137795641735,"paired environment-seed bootstrap 95%, identical recorded physical parameters",9,0,1,True
visuotactile_seed2_bc,force_feedback,primary,44,ood,setup_force_budget_exceeded,10,0.0,0.0,0.0,"paired environment-seed bootstrap 95%, identical recorded physical parameters",0,10,0,False
visuotactile_seed2_bc,force_feedback,primary,44,ood,setup_peak_normal_N,10,0.0,0.0,0.0,"paired environment-seed bootstrap 95%, identical recorded physical parameters",0,10,0,False
visuotactile_seed2_bc,force_feedback,primary,44,ood,sustained_10cm_lift_success,10,0.0,0.0,0.0,"paired environment-seed bootstrap 95%, identical recorded physical parameters",0,10,0,True
visuotactile_seed2_bc,force_feedback,primary,44,ood,sustained_10cm_lift_within_force_budget,10,0.0,0.0,0.0,"paired environment-seed bootstrap 95%, identical recorded physical parameters",0,10,0,True
visuotactile_seed2_bc,force_feedback,primary,44,ood,sustained_native_success,10,0.0,0.0,0.0,"paired environment-seed bootstrap 95%, identical recorded physical parameters",0,10,0,True
visuotactile_seed2_bc,force_feedback,primary,44,ood,sustained_success_within_force_budget,10,0.0,0.0,0.0,"paired environment-seed bootstrap 95%, identical recorded physical parameters",0,10,0,True
visuotactile_seed2_bc,script,primary,44,all,any_native_success,20,-0.1,-0.25,0.0,"paired environment-seed bootstrap 95%, identical recorded physical parameters",0,18,2,True
visuotactile_seed2_bc,script,primary,44,all,bilateral_contact_at_takeover,20,0.0,0.0,0.0,"paired environment-seed bootstrap 95%, identical recorded physical parameters",0,20,0,False
visuotactile_seed2_bc,script,primary,44,all,final_native_success,20,-0.1,-0.25,0.0,"paired environment-seed bootstrap 95%, identical recorded physical parameters",0,18,2,True
visuotactile_seed2_bc,script,primary,44,all,force_budget_exceeded,20,0.1,0.0,0.25,"paired environment-seed bootstrap 95%, identical recorded physical parameters",2,18,0,False
visuotactile_seed2_bc,script,primary,44,all,full_episode_peak_normal_N,20,-0.3117463231086731,-2.2944190621376035,1.1397788968682288,"paired environment-seed bootstrap 95%, identical recorded physical parameters",12,4,4,False
visuotactile_seed2_bc,script,primary,44,all,intervention_force_budget_exceeded,20,-0.1,-0.25,0.0,"paired environment-seed bootstrap 95%, identical recorded physical parameters",0,18,2,False
visuotactile_seed2_bc,script,primary,44,all,intervention_peak_normal_N,20,-1.7544787406921387,-3.34781401515007,-0.495199328660966,"paired environment-seed bootstrap 95%, identical recorded physical parameters",3,4,13,False
visuotactile_seed2_bc,script,primary,44,all,native_shaped_return,20,0.16395652938938615,-12.551248608590257,11.413951109238726,"paired environment-seed bootstrap 95%, identical recorded physical parameters",11,0,9,True
visuotactile_seed2_bc,script,primary,44,all,setup_force_budget_exceeded,20,0.0,0.0,0.0,"paired environment-seed bootstrap 95%, identical recorded physical parameters",0,20,0,False
visuotactile_seed2_bc,script,primary,44,all,setup_peak_normal_N,20,0.0,0.0,0.0,"paired environment-seed bootstrap 95%, identical recorded physical parameters",0,20,0,False
visuotactile_seed2_bc,script,primary,44,all,sustained_10cm_lift_success,20,-0.25,-0.45,-0.1,"paired environment-seed bootstrap 95%, identical recorded physical parameters",0,15,5,True
visuotactile_seed2_bc,script,primary,44,all,sustained_10cm_lift_within_force_budget,20,-0.05,-0.15,0.0,"paired environment-seed bootstrap 95%, identical recorded physical parameters",0,19,1,True
visuotactile_seed2_bc,script,primary,44,all,sustained_native_success,20,-0.25,-0.45,-0.1,"paired environment-seed bootstrap 95%, identical recorded physical parameters",0,15,5,True
visuotactile_seed2_bc,script,primary,44,all,sustained_success_within_force_budget,20,-0.05,-0.15,0.0,"paired environment-seed bootstrap 95%, identical recorded physical parameters",0,19,1,True
visuotactile_seed2_bc,script,primary,44,id,any_native_success,10,-0.2,-0.5,0.0,"paired environment-seed bootstrap 95%, identical recorded physical parameters",0,8,2,True
visuotactile_seed2_bc,script,primary,44,id,bilateral_contact_at_takeover,10,0.0,0.0,0.0,"paired environment-seed bootstrap 95%, identical recorded physical parameters",0,10,0,False
visuotactile_seed2_bc,script,primary,44,id,final_native_success,10,-0.2,-0.5,0.0,"paired environment-seed bootstrap 95%, identical recorded physical parameters",0,8,2,True
visuotactile_seed2_bc,script,primary,44,id,force_budget_exceeded,10,0.0,0.0,0.0,"paired environment-seed bootstrap 95%, identical recorded physical parameters",0,10,0,False
visuotactile_seed2_bc,script,primary,44,id,full_episode_peak_normal_N,10,-2.2566511392593385,-5.5867402780056,0.011288463473320007,"paired environment-seed bootstrap 95%, identical recorded physical parameters",3,3,4,False
visuotactile_seed2_bc,script,primary,44,id,intervention_force_budget_exceeded,10,-0.1,-0.3,0.0,"paired environment-seed bootstrap 95%, identical recorded physical parameters",0,9,1,False
visuotactile_seed2_bc,script,primary,44,id,intervention_peak_normal_N,10,-2.2633777141571043,-5.606211158037185,0.011324548721313476,"paired environment-seed bootstrap 95%, identical recorded physical parameters",3,3,4,False
visuotactile_seed2_bc,script,primary,44,id,native_shaped_return,10,-20.660177348663712,-36.185621648840375,-7.312367609079818,"paired environment-seed bootstrap 95%, identical recorded physical parameters",2,0,8,True
visuotactile_seed2_bc,script,primary,44,id,setup_force_budget_exceeded,10,0.0,0.0,0.0,"paired environment-seed bootstrap 95%, identical recorded physical parameters",0,10,0,False
visuotactile_seed2_bc,script,primary,44,id,setup_peak_normal_N,10,0.0,0.0,0.0,"paired environment-seed bootstrap 95%, identical recorded physical parameters",0,10,0,False
visuotactile_seed2_bc,script,primary,44,id,sustained_10cm_lift_success,10,-0.5,-0.8,-0.2,"paired environment-seed bootstrap 95%, identical recorded physical parameters",0,5,5,True
visuotactile_seed2_bc,script,primary,44,id,sustained_10cm_lift_within_force_budget,10,-0.1,-0.3,0.0,"paired environment-seed bootstrap 95%, identical recorded physical parameters",0,9,1,True
visuotactile_seed2_bc,script,primary,44,id,sustained_native_success,10,-0.5,-0.8,-0.2,"paired environment-seed bootstrap 95%, identical recorded physical parameters",0,5,5,True
visuotactile_seed2_bc,script,primary,44,id,sustained_success_within_force_budget,10,-0.1,-0.3,0.0,"paired environment-seed bootstrap 95%, identical recorded physical parameters",0,9,1,True
visuotactile_seed2_bc,script,primary,44,ood,any_native_success,10,0.0,0.0,0.0,"paired environment-seed bootstrap 95%, identical recorded physical parameters",0,10,0,True
visuotactile_seed2_bc,script,primary,44,ood,bilateral_contact_at_takeover,10,0.0,0.0,0.0,"paired environment-seed bootstrap 95%, identical recorded physical parameters",0,10,0,False
visuotactile_seed2_bc,script,primary,44,ood,final_native_success,10,0.0,0.0,0.0,"paired environment-seed bootstrap 95%, identical recorded physical parameters",0,10,0,True
visuotactile_seed2_bc,script,primary,44,ood,force_budget_exceeded,10,0.2,0.0,0.5,"paired environment-seed bootstrap 95%, identical recorded physical parameters",2,8,0,False
visuotactile_seed2_bc,script,primary,44,ood,full_episode_peak_normal_N,10,1.6331584930419922,0.9530625247955322,2.3107885038852687,"paired environment-seed bootstrap 95%, identical recorded physical parameters",9,1,0,False
visuotactile_seed2_bc,script,primary,44,ood,intervention_force_budget_exceeded,10,-0.1,-0.3,0.0,"paired environment-seed bootstrap 95%, identical recorded physical parameters",0,9,1,False
visuotactile_seed2_bc,script,primary,44,ood,intervention_peak_normal_N,10,-1.245579767227173,-2.1615436565876007,-0.5581448471546173,"paired environment-seed bootstrap 95%, identical recorded physical parameters",0,1,9,False
visuotactile_seed2_bc,script,primary,44,ood,native_shaped_return,10,20.988090407442485,15.13448240419971,24.343239757270062,"paired environment-seed bootstrap 95%, identical recorded physical parameters",9,0,1,True
visuotactile_seed2_bc,script,primary,44,ood,setup_force_budget_exceeded,10,0.0,0.0,0.0,"paired environment-seed bootstrap 95%, identical recorded physical parameters",0,10,0,False
visuotactile_seed2_bc,script,primary,44,ood,setup_peak_normal_N,10,0.0,0.0,0.0,"paired environment-seed bootstrap 95%, identical recorded physical parameters",0,10,0,False
visuotactile_seed2_bc,script,primary,44,ood,sustained_10cm_lift_success,10,0.0,0.0,0.0,"paired environment-seed bootstrap 95%, identical recorded physical parameters",0,10,0,True
visuotactile_seed2_bc,script,primary,44,ood,sustained_10cm_lift_within_force_budget,10,0.0,0.0,0.0,"paired environment-seed bootstrap 95%, identical recorded physical parameters",0,10,0,True
visuotactile_seed2_bc,script,primary,44,ood,sustained_native_success,10,0.0,0.0,0.0,"paired environment-seed bootstrap 95%, identical recorded physical parameters",0,10,0,True
visuotactile_seed2_bc,script,primary,44,ood,sustained_success_within_force_budget,10,0.0,0.0,0.0,"paired environment-seed bootstrap 95%, identical recorded physical parameters",0,10,0,True
visuotactile_seed2_bc,vision_seed2_bc,primary,44,all,any_native_success,20,0.0,-0.15,0.15,"paired environment-seed bootstrap 95%, identical recorded physical parameters",1,18,1,True
visuotactile_seed2_bc,vision_seed2_bc,primary,44,all,bilateral_contact_at_takeover,20,0.0,0.0,0.0,"paired environment-seed bootstrap 95%, identical recorded physical parameters",0,20,0,False
visuotactile_seed2_bc,vision_seed2_bc,primary,44,all,final_native_success,20,0.0,-0.15,0.15,"paired environment-seed bootstrap 95%, identical recorded physical parameters",1,18,1,True
visuotactile_seed2_bc,vision_seed2_bc,primary,44,all,force_budget_exceeded,20,0.15,0.0,0.3,"paired environment-seed bootstrap 95%, identical recorded physical parameters",3,17,0,False
visuotactile_seed2_bc,vision_seed2_bc,primary,44,all,full_episode_peak_normal_N,20,1.0456946969032288,-0.7562235683202743,2.430129846036434,"paired environment-seed bootstrap 95%, identical recorded physical parameters",15,4,1,False
visuotactile_seed2_bc,vision_seed2_bc,primary,44,all,intervention_force_budget_exceeded,20,-0.05,-0.15,0.0,"paired environment-seed bootstrap 95%, identical recorded physical parameters",0,19,1,False
visuotactile_seed2_bc,vision_seed2_bc,primary,44,all,intervention_peak_normal_N,20,-0.41099961996078493,-1.7963886362314225,0.6854196885228155,"paired environment-seed bootstrap 95%, identical recorded physical parameters",8,4,8,False
visuotactile_seed2_bc,vision_seed2_bc,primary,44,all,native_shaped_return,20,8.42339738844616,-3.681887667817596,20.73547848085637,"paired environment-seed bootstrap 95%, identical recorded physical parameters",14,0,6,True
visuotactile_seed2_bc,vision_seed2_bc,primary,44,all,setup_force_budget_exceeded,20,0.0,0.0,0.0,"paired environment-seed bootstrap 95%, identical recorded physical parameters",0,20,0,False
visuotactile_seed2_bc,vision_seed2_bc,primary,44,all,setup_peak_normal_N,20,0.0,0.0,0.0,"paired environment-seed bootstrap 95%, identical recorded physical parameters",0,20,0,False
visuotactile_seed2_bc,vision_seed2_bc,primary,44,all,sustained_10cm_lift_success,20,-0.1,-0.3,0.1,"paired environment-seed bootstrap 95%, identical recorded physical parameters",1,16,3,True
visuotactile_seed2_bc,vision_seed2_bc,primary,44,all,sustained_10cm_lift_within_force_budget,20,0.0,0.0,0.0,"paired environment-seed bootstrap 95%, identical recorded physical parameters",0,20,0,True
visuotactile_seed2_bc,vision_seed2_bc,primary,44,all,sustained_native_success,20,-0.1,-0.3,0.1,"paired environment-seed bootstrap 95%, identical recorded physical parameters",1,16,3,True
visuotactile_seed2_bc,vision_seed2_bc,primary,44,all,sustained_success_within_force_budget,20,0.0,0.0,0.0,"paired environment-seed bootstrap 95%, identical recorded physical parameters",0,20,0,True
visuotactile_seed2_bc,vision_seed2_bc,primary,44,id,any_native_success,10,0.0,-0.3,0.3,"paired environment-seed bootstrap 95%, identical recorded physical parameters",1,8,1,True
visuotactile_seed2_bc,vision_seed2_bc,primary,44,id,bilateral_contact_at_takeover,10,0.0,0.0,0.0,"paired environment-seed bootstrap 95%, identical recorded physical parameters",0,10,0,False
visuotactile_seed2_bc,vision_seed2_bc,primary,44,id,final_native_success,10,0.0,-0.3,0.3,"paired environment-seed bootstrap 95%, identical recorded physical parameters",1,8,1,True
visuotactile_seed2_bc,vision_seed2_bc,primary,44,id,force_budget_exceeded,10,0.1,0.0,0.3,"paired environment-seed bootstrap 95%, identical recorded physical parameters",1,9,0,False
visuotactile_seed2_bc,vision_seed2_bc,primary,44,id,full_episode_peak_normal_N,10,-0.2442387342453003,-3.471189053058624,2.495856971740722,"paired environment-seed bootstrap 95%, identical recorded physical parameters",6,3,1,False
visuotactile_seed2_bc,vision_seed2_bc,primary,44,id,intervention_force_budget_exceeded,10,0.0,0.0,0.0,"paired environment-seed bootstrap 95%, identical recorded physical parameters",0,10,0,False
visuotactile_seed2_bc,vision_seed2_bc,primary,44,id,intervention_peak_normal_N,10,-0.2788891077041626,-2.970677995681763,1.909518471956253,"paired environment-seed bootstrap 95%, identical recorded physical parameters",6,3,1,False
visuotactile_seed2_bc,vision_seed2_bc,primary,44,id,native_shaped_return,10,-4.605910552427867,-24.259065430304275,15.995952394137785,"paired environment-seed bootstrap 95%, identical recorded physical parameters",4,0,6,True
visuotactile_seed2_bc,vision_seed2_bc,primary,44,id,setup_force_budget_exceeded,10,0.0,0.0,0.0,"paired environment-seed bootstrap 95%, identical recorded physical parameters",0,10,0,False
visuotactile_seed2_bc,vision_seed2_bc,primary,44,id,setup_peak_normal_N,10,0.0,0.0,0.0,"paired environment-seed bootstrap 95%, identical recorded physical parameters",0,10,0,False
visuotactile_seed2_bc,vision_seed2_bc,primary,44,id,sustained_10cm_lift_success,10,-0.2,-0.6,0.2,"paired environment-seed bootstrap 95%, identical recorded physical parameters",1,6,3,True
visuotactile_seed2_bc,vision_seed2_bc,primary,44,id,sustained_10cm_lift_within_force_budget,10,0.0,0.0,0.0,"paired environment-seed bootstrap 95%, identical recorded physical parameters",0,10,0,True
visuotactile_seed2_bc,vision_seed2_bc,primary,44,id,sustained_native_success,10,-0.2,-0.6,0.2,"paired environment-seed bootstrap 95%, identical recorded physical parameters",1,6,3,True
visuotactile_seed2_bc,vision_seed2_bc,primary,44,id,sustained_success_within_force_budget,10,0.0,0.0,0.0,"paired environment-seed bootstrap 95%, identical recorded physical parameters",0,10,0,True
visuotactile_seed2_bc,vision_seed2_bc,primary,44,ood,any_native_success,10,0.0,0.0,0.0,"paired environment-seed bootstrap 95%, identical recorded physical parameters",0,10,0,True
visuotactile_seed2_bc,vision_seed2_bc,primary,44,ood,bilateral_contact_at_takeover,10,0.0,0.0,0.0,"paired environment-seed bootstrap 95%, identical recorded physical parameters",0,10,0,False
visuotactile_seed2_bc,vision_seed2_bc,primary,44,ood,final_native_success,10,0.0,0.0,0.0,"paired environment-seed bootstrap 95%, identical recorded physical parameters",0,10,0,True
visuotactile_seed2_bc,vision_seed2_bc,primary,44,ood,force_budget_exceeded,10,0.2,0.0,0.5,"paired environment-seed bootstrap 95%, identical recorded physical parameters",2,8,0,False
visuotactile_seed2_bc,vision_seed2_bc,primary,44,ood,full_episode_peak_normal_N,10,2.335628128051758,1.6714635407924654,2.953561817407608,"paired environment-seed bootstrap 95%, identical recorded physical parameters",9,1,0,False
visuotactile_seed2_bc,vision_seed2_bc,primary,44,ood,intervention_force_budget_exceeded,10,-0.1,-0.3,0.0,"paired environment-seed bootstrap 95%, identical recorded physical parameters",0,9,1,False
visuotactile_seed2_bc,vision_seed2_bc,primary,44,ood,intervention_peak_normal_N,10,-0.5431101322174072,-1.105845091342926,-0.07873948931694041,"paired environment-seed bootstrap 95%, identical recorded physical parameters",2,1,7,False
visuotactile_seed2_bc,vision_seed2_bc,primary,44,ood,native_shaped_return,10,21.45270532932019,15.472747561536057,26.681856325097872,"paired environment-seed bootstrap 95%, identical recorded physical parameters",10,0,0,True
visuotactile_seed2_bc,vision_seed2_bc,primary,44,ood,setup_force_budget_exceeded,10,0.0,0.0,0.0,"paired environment-seed bootstrap 95%, identical recorded physical parameters",0,10,0,False
visuotactile_seed2_bc,vision_seed2_bc,primary,44,ood,setup_peak_normal_N,10,0.0,0.0,0.0,"paired environment-seed bootstrap 95%, identical recorded physical parameters",0,10,0,False
visuotactile_seed2_bc,vision_seed2_bc,primary,44,ood,sustained_10cm_lift_success,10,0.0,0.0,0.0,"paired environment-seed bootstrap 95%, identical recorded physical parameters",0,10,0,True
visuotactile_seed2_bc,vision_seed2_bc,primary,44,ood,sustained_10cm_lift_within_force_budget,10,0.0,0.0,0.0,"paired environment-seed bootstrap 95%, identical recorded physical parameters",0,10,0,True
visuotactile_seed2_bc,vision_seed2_bc,primary,44,ood,sustained_native_success,10,0.0,0.0,0.0,"paired environment-seed bootstrap 95%, identical recorded physical parameters",0,10,0,True
visuotactile_seed2_bc,vision_seed2_bc,primary,44,ood,sustained_success_within_force_budget,10,0.0,0.0,0.0,"paired environment-seed bootstrap 95%, identical recorded physical parameters",0,10,0,True
visuotactile_seed2_rl,force_feedback,primary,44,all,any_native_success,20,0.05,0.0,0.15,"paired environment-seed bootstrap 95%, identical recorded physical parameters",1,19,0,True
visuotactile_seed2_rl,force_feedback,primary,44,all,bilateral_contact_at_takeover,20,0.0,0.0,0.0,"paired environment-seed bootstrap 95%, identical recorded physical parameters",0,20,0,False
visuotactile_seed2_rl,force_feedback,primary,44,all,final_native_success,20,-0.25,-0.45,-0.1,"paired environment-seed bootstrap 95%, identical recorded physical parameters",0,15,5,True
visuotactile_seed2_rl,force_feedback,primary,44,all,force_budget_exceeded,20,0.55,0.35,0.75,"paired environment-seed bootstrap 95%, identical recorded physical parameters",11,9,0,False
visuotactile_seed2_rl,force_feedback,primary,44,all,full_episode_peak_normal_N,20,3.6797741770744326,2.6143619135022163,4.719637585282325,"paired environment-seed bootstrap 95%, identical recorded physical parameters",18,0,2,False
visuotactile_seed2_rl,force_feedback,primary,44,all,intervention_force_budget_exceeded,20,0.55,0.35,0.75,"paired environment-seed bootstrap 95%, identical recorded physical parameters",11,9,0,False
visuotactile_seed2_rl,force_feedback,primary,44,all,intervention_peak_normal_N,20,3.6324165940284727,2.211232109963894,5.164150986671448,"paired environment-seed bootstrap 95%, identical recorded physical parameters",16,0,4,False
visuotactile_seed2_rl,force_feedback,primary,44,all,native_shaped_return,20,-5.884488672131882,-19.10300373430625,6.0015913984958065,"paired environment-seed bootstrap 95%, identical recorded physical parameters",14,0,6,True
visuotactile_seed2_rl,force_feedback,primary,44,all,setup_force_budget_exceeded,20,0.0,0.0,0.0,"paired environment-seed bootstrap 95%, identical recorded physical parameters",0,20,0,False
visuotactile_seed2_rl,force_feedback,primary,44,all,setup_peak_normal_N,20,0.0,0.0,0.0,"paired environment-seed bootstrap 95%, identical recorded physical parameters",0,20,0,False
visuotactile_seed2_rl,force_feedback,primary,44,all,sustained_10cm_lift_success,20,-0.4,-0.6,-0.2,"paired environment-seed bootstrap 95%, identical recorded physical parameters",0,12,8,True
visuotactile_seed2_rl,force_feedback,primary,44,all,sustained_10cm_lift_within_force_budget,20,-0.25,-0.45,-0.05,"paired environment-seed bootstrap 95%, identical recorded physical parameters",0,15,5,True
visuotactile_seed2_rl,force_feedback,primary,44,all,sustained_native_success,20,-0.1,-0.3,0.1,"paired environment-seed bootstrap 95%, identical recorded physical parameters",1,16,3,True
visuotactile_seed2_rl,force_feedback,primary,44,all,sustained_success_within_force_budget,20,-0.15,-0.3,0.0,"paired environment-seed bootstrap 95%, identical recorded physical parameters",0,17,3,True
visuotactile_seed2_rl,force_feedback,primary,44,id,any_native_success,10,0.1,0.0,0.3,"paired environment-seed bootstrap 95%, identical recorded physical parameters",1,9,0,True
visuotactile_seed2_rl,force_feedback,primary,44,id,bilateral_contact_at_takeover,10,0.0,0.0,0.0,"paired environment-seed bootstrap 95%, identical recorded physical parameters",0,10,0,False
visuotactile_seed2_rl,force_feedback,primary,44,id,final_native_success,10,-0.5,-0.8,-0.2,"paired environment-seed bootstrap 95%, identical recorded physical parameters",0,5,5,True
visuotactile_seed2_rl,force_feedback,primary,44,id,force_budget_exceeded,10,0.4,0.1,0.7,"paired environment-seed bootstrap 95%, identical recorded physical parameters",4,6,0,False
visuotactile_seed2_rl,force_feedback,primary,44,id,full_episode_peak_normal_N,10,2.7406637907028197,1.4845012265443802,3.9190285766124706,"paired environment-seed bootstrap 95%, identical recorded physical parameters",8,0,2,False
visuotactile_seed2_rl,force_feedback,primary,44,id,intervention_force_budget_exceeded,10,0.6,0.3,0.9,"paired environment-seed bootstrap 95%, identical recorded physical parameters",6,4,0,False
visuotactile_seed2_rl,force_feedback,primary,44,id,intervention_peak_normal_N,10,3.764674258232117,1.8812562549114227,5.514062980413437,"paired environment-seed bootstrap 95%, identical recorded physical parameters",9,0,1,False
visuotactile_seed2_rl,force_feedback,primary,44,id,native_shaped_return,10,-20.744109060079197,-41.326097102596854,0.25775383510208516,"paired environment-seed bootstrap 95%, identical recorded physical parameters",5,0,5,True
visuotactile_seed2_rl,force_feedback,primary,44,id,setup_force_budget_exceeded,10,0.0,0.0,0.0,"paired environment-seed bootstrap 95%, identical recorded physical parameters",0,10,0,False
visuotactile_seed2_rl,force_feedback,primary,44,id,setup_peak_normal_N,10,0.0,0.0,0.0,"paired environment-seed bootstrap 95%, identical recorded physical parameters",0,10,0,False
visuotactile_seed2_rl,force_feedback,primary,44,id,sustained_10cm_lift_success,10,-0.8,-1.0,-0.5,"paired environment-seed bootstrap 95%, identical recorded physical parameters",0,2,8,True
visuotactile_seed2_rl,force_feedback,primary,44,id,sustained_10cm_lift_within_force_budget,10,-0.5,-0.8,-0.2,"paired environment-seed bootstrap 95%, identical recorded physical parameters",0,5,5,True
visuotactile_seed2_rl,force_feedback,primary,44,id,sustained_native_success,10,-0.2,-0.6,0.2,"paired environment-seed bootstrap 95%, identical recorded physical parameters",1,6,3,True
visuotactile_seed2_rl,force_feedback,primary,44,id,sustained_success_within_force_budget,10,-0.3,-0.6,0.0,"paired environment-seed bootstrap 95%, identical recorded physical parameters",0,7,3,True
visuotactile_seed2_rl,force_feedback,primary,44,ood,any_native_success,10,0.0,0.0,0.0,"paired environment-seed bootstrap 95%, identical recorded physical parameters",0,10,0,True
visuotactile_seed2_rl,force_feedback,primary,44,ood,bilateral_contact_at_takeover,10,0.0,0.0,0.0,"paired environment-seed bootstrap 95%, identical recorded physical parameters",0,10,0,False
visuotactile_seed2_rl,force_feedback,primary,44,ood,final_native_success,10,0.0,0.0,0.0,"paired environment-seed bootstrap 95%, identical recorded physical parameters",0,10,0,True
visuotactile_seed2_rl,force_feedback,primary,44,ood,force_budget_exceeded,10,0.7,0.4,1.0,"paired environment-seed bootstrap 95%, identical recorded physical parameters",7,3,0,False
visuotactile_seed2_rl,force_feedback,primary,44,ood,full_episode_peak_normal_N,10,4.618884563446045,3.122889963388443,6.186914354562759,"paired environment-seed bootstrap 95%, identical recorded physical parameters",10,0,0,False
visuotactile_seed2_rl,force_feedback,primary,44,ood,intervention_force_budget_exceeded,10,0.5,0.2,0.8,"paired environment-seed bootstrap 95%, identical recorded physical parameters",5,5,0,False
visuotactile_seed2_rl,force_feedback,primary,44,ood,intervention_peak_normal_N,10,3.500158929824829,1.222974183559418,5.6855639564991,"paired environment-seed bootstrap 95%, identical recorded physical parameters",7,0,3,False
visuotactile_seed2_rl,force_feedback,primary,44,ood,native_shaped_return,10,8.975131715815436,3.3871431211648564,15.279638470340437,"paired environment-seed bootstrap 95%, identical recorded physical parameters",9,0,1,True
visuotactile_seed2_rl,force_feedback,primary,44,ood,setup_force_budget_exceeded,10,0.0,0.0,0.0,"paired environment-seed bootstrap 95%, identical recorded physical parameters",0,10,0,False
visuotactile_seed2_rl,force_feedback,primary,44,ood,setup_peak_normal_N,10,0.0,0.0,0.0,"paired environment-seed bootstrap 95%, identical recorded physical parameters",0,10,0,False
visuotactile_seed2_rl,force_feedback,primary,44,ood,sustained_10cm_lift_success,10,0.0,0.0,0.0,"paired environment-seed bootstrap 95%, identical recorded physical parameters",0,10,0,True
visuotactile_seed2_rl,force_feedback,primary,44,ood,sustained_10cm_lift_within_force_budget,10,0.0,0.0,0.0,"paired environment-seed bootstrap 95%, identical recorded physical parameters",0,10,0,True
visuotactile_seed2_rl,force_feedback,primary,44,ood,sustained_native_success,10,0.0,0.0,0.0,"paired environment-seed bootstrap 95%, identical recorded physical parameters",0,10,0,True
visuotactile_seed2_rl,force_feedback,primary,44,ood,sustained_success_within_force_budget,10,0.0,0.0,0.0,"paired environment-seed bootstrap 95%, identical recorded physical parameters",0,10,0,True
visuotactile_seed2_rl,script,primary,44,all,any_native_success,20,0.1,0.0,0.25,"paired environment-seed bootstrap 95%, identical recorded physical parameters",2,18,0,True
visuotactile_seed2_rl,script,primary,44,all,bilateral_contact_at_takeover,20,0.0,0.0,0.0,"paired environment-seed bootstrap 95%, identical recorded physical parameters",0,20,0,False
visuotactile_seed2_rl,script,primary,44,all,final_native_success,20,-0.2,-0.4,0.0,"paired environment-seed bootstrap 95%, identical recorded physical parameters",1,14,5,True
visuotactile_seed2_rl,script,primary,44,all,force_budget_exceeded,20,0.3,0.1,0.5,"paired environment-seed bootstrap 95%, identical recorded physical parameters",6,14,0,False
visuotactile_seed2_rl,script,primary,44,all,full_episode_peak_normal_N,20,0.5858401656150818,-2.3584268453717234,3.549148310422897,"paired environment-seed bootstrap 95%, identical recorded physical parameters",12,0,8,False
visuotactile_seed2_rl,script,primary,44,all,intervention_force_budget_exceeded,20,0.15,0.0,0.3,"paired environment-seed bootstrap 95%, identical recorded physical parameters",3,17,0,False
visuotactile_seed2_rl,script,primary,44,all,intervention_peak_normal_N,20,0.055203044414520265,-2.6406126895546915,3.167842587232585,"paired environment-seed bootstrap 95%, identical recorded physical parameters",10,0,10,False
visuotactile_seed2_rl,script,primary,44,all,native_shaped_return,20,-2.7154788754254673,-17.55199631549958,11.64728622087065,"paired environment-seed bootstrap 95%, identical recorded physical parameters",14,0,6,True
visuotactile_seed2_rl,script,primary,44,all,setup_force_budget_exceeded,20,0.0,0.0,0.0,"paired environment-seed bootstrap 95%, identical recorded physical parameters",0,20,0,False
visuotactile_seed2_rl,script,primary,44,all,setup_peak_normal_N,20,0.0,0.0,0.0,"paired environment-seed bootstrap 95%, identical recorded physical parameters",0,20,0,False
visuotactile_seed2_rl,script,primary,44,all,sustained_10cm_lift_success,20,-0.35,-0.55,-0.15,"paired environment-seed bootstrap 95%, identical recorded physical parameters",0,13,7,True
visuotactile_seed2_rl,script,primary,44,all,sustained_10cm_lift_within_force_budget,20,-0.1,-0.25,0.0,"paired environment-seed bootstrap 95%, identical recorded physical parameters",0,18,2,True
visuotactile_seed2_rl,script,primary,44,all,sustained_native_success,20,-0.05,-0.3,0.15,"paired environment-seed bootstrap 95%, identical recorded physical parameters",2,15,3,True
visuotactile_seed2_rl,script,primary,44,all,sustained_success_within_force_budget,20,0.0,-0.15,0.15,"paired environment-seed bootstrap 95%, identical recorded physical parameters",1,18,1,True
visuotactile_seed2_rl,script,primary,44,id,any_native_success,10,0.2,0.0,0.5,"paired environment-seed bootstrap 95%, identical recorded physical parameters",2,8,0,True
visuotactile_seed2_rl,script,primary,44,id,bilateral_contact_at_takeover,10,0.0,0.0,0.0,"paired environment-seed bootstrap 95%, identical recorded physical parameters",0,10,0,False
visuotactile_seed2_rl,script,primary,44,id,final_native_success,10,-0.4,-0.8,0.0,"paired environment-seed bootstrap 95%, identical recorded physical parameters",1,4,5,True
visuotactile_seed2_rl,script,primary,44,id,force_budget_exceeded,10,0.3,0.0,0.6,"paired environment-seed bootstrap 95%, identical recorded physical parameters",3,7,0,False
visuotactile_seed2_rl,script,primary,44,id,full_episode_peak_normal_N,10,0.06866648197174072,-4.686055454611778,4.912406788468361,"paired environment-seed bootstrap 95%, identical recorded physical parameters",5,0,5,False
visuotactile_seed2_rl,script,primary,44,id,intervention_force_budget_exceeded,10,0.2,0.0,0.5,"paired environment-seed bootstrap 95%, identical recorded physical parameters",2,8,0,False
visuotactile_seed2_rl,script,primary,44,id,intervention_peak_normal_N,10,0.12611787319183348,-4.527303626537323,4.929040003418917,"paired environment-seed bootstrap 95%, identical recorded physical parameters",6,0,4,False
visuotactile_seed2_rl,script,primary,44,id,native_shaped_return,10,-14.268370009329931,-41.12158138459574,12.90759405429308,"paired environment-seed bootstrap 95%, identical recorded physical parameters",5,0,5,True
visuotactile_seed2_rl,script,primary,44,id,setup_force_budget_exceeded,10,0.0,0.0,0.0,"paired environment-seed bootstrap 95%, identical recorded physical parameters",0,10,0,False
visuotactile_seed2_rl,script,primary,44,id,setup_peak_normal_N,10,0.0,0.0,0.0,"paired environment-seed bootstrap 95%, identical recorded physical parameters",0,10,0,False
visuotactile_seed2_rl,script,primary,44,id,sustained_10cm_lift_success,10,-0.7,-0.9,-0.4,"paired environment-seed bootstrap 95%, identical recorded physical parameters",0,3,7,True
visuotactile_seed2_rl,script,primary,44,id,sustained_10cm_lift_within_force_budget,10,-0.2,-0.5,0.0,"paired environment-seed bootstrap 95%, identical recorded physical parameters",0,8,2,True
visuotactile_seed2_rl,script,primary,44,id,sustained_native_success,10,-0.1,-0.5,0.3,"paired environment-seed bootstrap 95%, identical recorded physical parameters",2,5,3,True
visuotactile_seed2_rl,script,primary,44,id,sustained_success_within_force_budget,10,0.0,-0.3,0.3,"paired environment-seed bootstrap 95%, identical recorded physical parameters",1,8,1,True
visuotactile_seed2_rl,script,primary,44,ood,any_native_success,10,0.0,0.0,0.0,"paired environment-seed bootstrap 95%, identical recorded physical parameters",0,10,0,True
visuotactile_seed2_rl,script,primary,44,ood,bilateral_contact_at_takeover,10,0.0,0.0,0.0,"paired environment-seed bootstrap 95%, identical recorded physical parameters",0,10,0,False
visuotactile_seed2_rl,script,primary,44,ood,final_native_success,10,0.0,0.0,0.0,"paired environment-seed bootstrap 95%, identical recorded physical parameters",0,10,0,True
visuotactile_seed2_rl,script,primary,44,ood,force_budget_exceeded,10,0.3,0.0,0.6,"paired environment-seed bootstrap 95%, identical recorded physical parameters",3,7,0,False
visuotactile_seed2_rl,script,primary,44,ood,full_episode_peak_normal_N,10,1.103013849258423,-2.05328897356987,4.345720567703246,"paired environment-seed bootstrap 95%, identical recorded physical parameters",7,0,3,False
visuotactile_seed2_rl,script,primary,44,ood,intervention_force_budget_exceeded,10,0.1,0.0,0.3,"paired environment-seed bootstrap 95%, identical recorded physical parameters",1,9,0,False
visuotactile_seed2_rl,script,primary,44,ood,intervention_peak_normal_N,10,-0.01571178436279297,-3.1394329452514644,3.516162159442899,"paired environment-seed bootstrap 95%, identical recorded physical parameters",4,0,6,False
visuotactile_seed2_rl,script,primary,44,ood,native_shaped_return,10,8.837412258478995,3.1744154138221026,15.27285198538398,"paired environment-seed bootstrap 95%, identical recorded physical parameters",9,0,1,True
visuotactile_seed2_rl,script,primary,44,ood,setup_force_budget_exceeded,10,0.0,0.0,0.0,"paired environment-seed bootstrap 95%, identical recorded physical parameters",0,10,0,False
visuotactile_seed2_rl,script,primary,44,ood,setup_peak_normal_N,10,0.0,0.0,0.0,"paired environment-seed bootstrap 95%, identical recorded physical parameters",0,10,0,False
visuotactile_seed2_rl,script,primary,44,ood,sustained_10cm_lift_success,10,0.0,0.0,0.0,"paired environment-seed bootstrap 95%, identical recorded physical parameters",0,10,0,True
visuotactile_seed2_rl,script,primary,44,ood,sustained_10cm_lift_within_force_budget,10,0.0,0.0,0.0,"paired environment-seed bootstrap 95%, identical recorded physical parameters",0,10,0,True
visuotactile_seed2_rl,script,primary,44,ood,sustained_native_success,10,0.0,0.0,0.0,"paired environment-seed bootstrap 95%, identical recorded physical parameters",0,10,0,True
visuotactile_seed2_rl,script,primary,44,ood,sustained_success_within_force_budget,10,0.0,0.0,0.0,"paired environment-seed bootstrap 95%, identical recorded physical parameters",0,10,0,True
visuotactile_seed2_rl,vision_seed2_rl,primary,44,all,any_native_success,20,0.0,0.0,0.0,"paired environment-seed bootstrap 95%, identical recorded physical parameters",0,20,0,True
visuotactile_seed2_rl,vision_seed2_rl,primary,44,all,bilateral_contact_at_takeover,20,0.0,0.0,0.0,"paired environment-seed bootstrap 95%, identical recorded physical parameters",0,20,0,False
visuotactile_seed2_rl,vision_seed2_rl,primary,44,all,final_native_success,20,0.05,-0.1,0.2,"paired environment-seed bootstrap 95%, identical recorded physical parameters",2,17,1,True
visuotactile_seed2_rl,vision_seed2_rl,primary,44,all,force_budget_exceeded,20,0.0,-0.15,0.15,"paired environment-seed bootstrap 95%, identical recorded physical parameters",1,18,1,False
visuotactile_seed2_rl,vision_seed2_rl,primary,44,all,full_episode_peak_normal_N,20,-1.276262366771698,-2.7010116928815844,-0.14927140444517148,"paired environment-seed bootstrap 95%, identical recorded physical parameters",8,0,12,False
visuotactile_seed2_rl,vision_seed2_rl,primary,44,all,intervention_force_budget_exceeded,20,-0.15,-0.3,0.0,"paired environment-seed bootstrap 95%, identical recorded physical parameters",0,17,3,False
visuotactile_seed2_rl,vision_seed2_rl,primary,44,all,intervention_peak_normal_N,20,-1.9025381445884704,-3.109248006641865,-0.7551596993207933,"paired environment-seed bootstrap 95%, identical recorded physical parameters",5,0,15,False
visuotactile_seed2_rl,vision_seed2_rl,primary,44,all,native_shaped_return,20,18.542725781169462,6.583344678889344,29.774803667773906,"paired environment-seed bootstrap 95%, identical recorded physical parameters",18,0,2,True
visuotactile_seed2_rl,vision_seed2_rl,primary,44,all,setup_force_budget_exceeded,20,0.0,0.0,0.0,"paired environment-seed bootstrap 95%, identical recorded physical parameters",0,20,0,False
visuotactile_seed2_rl,vision_seed2_rl,primary,44,all,setup_peak_normal_N,20,0.0,0.0,0.0,"paired environment-seed bootstrap 95%, identical recorded physical parameters",0,20,0,False
visuotactile_seed2_rl,vision_seed2_rl,primary,44,all,sustained_10cm_lift_success,20,-0.1,-0.25,0.0,"paired environment-seed bootstrap 95%, identical recorded physical parameters",0,18,2,True
visuotactile_seed2_rl,vision_seed2_rl,primary,44,all,sustained_10cm_lift_within_force_budget,20,-0.05,-0.15,0.0,"paired environment-seed bootstrap 95%, identical recorded physical parameters",0,19,1,True
visuotactile_seed2_rl,vision_seed2_rl,primary,44,all,sustained_native_success,20,0.0,-0.15,0.15,"paired environment-seed bootstrap 95%, identical recorded physical parameters",1,18,1,True
visuotactile_seed2_rl,vision_seed2_rl,primary,44,all,sustained_success_within_force_budget,20,0.05,0.0,0.15,"paired environment-seed bootstrap 95%, identical recorded physical parameters",1,19,0,True
visuotactile_seed2_rl,vision_seed2_rl,primary,44,id,any_native_success,10,0.0,0.0,0.0,"paired environment-seed bootstrap 95%, identical recorded physical parameters",0,10,0,True
visuotactile_seed2_rl,vision_seed2_rl,primary,44,id,bilateral_contact_at_takeover,10,0.0,0.0,0.0,"paired environment-seed bootstrap 95%, identical recorded physical parameters",0,10,0,False
visuotactile_seed2_rl,vision_seed2_rl,primary,44,id,final_native_success,10,0.1,-0.2,0.4,"paired environment-seed bootstrap 95%, identical recorded physical parameters",2,7,1,True
visuotactile_seed2_rl,vision_seed2_rl,primary,44,id,force_budget_exceeded,10,0.0,-0.3,0.3,"paired environment-seed bootstrap 95%, identical recorded physical parameters",1,8,1,False
visuotactile_seed2_rl,vision_seed2_rl,primary,44,id,full_episode_peak_normal_N,10,-1.1038996934890748,-2.851044457554817,0.42991727888584136,"paired environment-seed bootstrap 95%, identical recorded physical parameters",4,0,6,False
visuotactile_seed2_rl,vision_seed2_rl,primary,44,id,intervention_force_budget_exceeded,10,-0.1,-0.3,0.0,"paired environment-seed bootstrap 95%, identical recorded physical parameters",0,9,1,False
visuotactile_seed2_rl,vision_seed2_rl,primary,44,id,intervention_peak_normal_N,10,-1.2377256155014038,-2.960409570336342,0.2584951025247571,"paired environment-seed bootstrap 95%, identical recorded physical parameters",4,0,6,False
visuotactile_seed2_rl,vision_seed2_rl,primary,44,id,native_shaped_return,10,15.201503175283529,-9.20721486335501,38.083622833102815,"paired environment-seed bootstrap 95%, identical recorded physical parameters",8,0,2,True
visuotactile_seed2_rl,vision_seed2_rl,primary,44,id,setup_force_budget_exceeded,10,0.0,0.0,0.0,"paired environment-seed bootstrap 95%, identical recorded physical parameters",0,10,0,False
visuotactile_seed2_rl,vision_seed2_rl,primary,44,id,setup_peak_normal_N,10,0.0,0.0,0.0,"paired environment-seed bootstrap 95%, identical recorded physical parameters",0,10,0,False
visuotactile_seed2_rl,vision_seed2_rl,primary,44,id,sustained_10cm_lift_success,10,-0.2,-0.5,0.0,"paired environment-seed bootstrap 95%, identical recorded physical parameters",0,8,2,True
visuotactile_seed2_rl,vision_seed2_rl,primary,44,id,sustained_10cm_lift_within_force_budget,10,-0.1,-0.3,0.0,"paired environment-seed bootstrap 95%, identical recorded physical parameters",0,9,1,True
visuotactile_seed2_rl,vision_seed2_rl,primary,44,id,sustained_native_success,10,0.0,-0.3,0.3,"paired environment-seed bootstrap 95%, identical recorded physical parameters",1,8,1,True
visuotactile_seed2_rl,vision_seed2_rl,primary,44,id,sustained_success_within_force_budget,10,0.1,0.0,0.3,"paired environment-seed bootstrap 95%, identical recorded physical parameters",1,9,0,True
visuotactile_seed2_rl,vision_seed2_rl,primary,44,ood,any_native_success,10,0.0,0.0,0.0,"paired environment-seed bootstrap 95%, identical recorded physical parameters",0,10,0,True
visuotactile_seed2_rl,vision_seed2_rl,primary,44,ood,bilateral_contact_at_takeover,10,0.0,0.0,0.0,"paired environment-seed bootstrap 95%, identical recorded physical parameters",0,10,0,False
visuotactile_seed2_rl,vision_seed2_rl,primary,44,ood,final_native_success,10,0.0,0.0,0.0,"paired environment-seed bootstrap 95%, identical recorded physical parameters",0,10,0,True
visuotactile_seed2_rl,vision_seed2_rl,primary,44,ood,force_budget_exceeded,10,0.0,0.0,0.0,"paired environment-seed bootstrap 95%, identical recorded physical parameters",0,10,0,False
visuotactile_seed2_rl,vision_seed2_rl,primary,44,ood,full_episode_peak_normal_N,10,-1.4486250400543212,-3.54372820019722,0.09467996239662134,"paired environment-seed bootstrap 95%, identical recorded physical parameters",4,0,6,False
visuotactile_seed2_rl,vision_seed2_rl,primary,44,ood,intervention_force_budget_exceeded,10,-0.2,-0.5,0.0,"paired environment-seed bootstrap 95%, identical recorded physical parameters",0,8,2,False
visuotactile_seed2_rl,vision_seed2_rl,primary,44,ood,intervention_peak_normal_N,10,-2.567350673675537,-4.506350243091583,-1.121324183940888,"paired environment-seed bootstrap 95%, identical recorded physical parameters",1,0,9,False
visuotactile_seed2_rl,vision_seed2_rl,primary,44,ood,native_shaped_return,10,21.883948387055405,16.953835201085273,27.29952892598661,"paired environment-seed bootstrap 95%, identical recorded physical parameters",10,0,0,True
visuotactile_seed2_rl,vision_seed2_rl,primary,44,ood,setup_force_budget_exceeded,10,0.0,0.0,0.0,"paired environment-seed bootstrap 95%, identical recorded physical parameters",0,10,0,False
visuotactile_seed2_rl,vision_seed2_rl,primary,44,ood,setup_peak_normal_N,10,0.0,0.0,0.0,"paired environment-seed bootstrap 95%, identical recorded physical parameters",0,10,0,False
visuotactile_seed2_rl,vision_seed2_rl,primary,44,ood,sustained_10cm_lift_success,10,0.0,0.0,0.0,"paired environment-seed bootstrap 95%, identical recorded physical parameters",0,10,0,True
visuotactile_seed2_rl,vision_seed2_rl,primary,44,ood,sustained_10cm_lift_within_force_budget,10,0.0,0.0,0.0,"paired environment-seed bootstrap 95%, identical recorded physical parameters",0,10,0,True
visuotactile_seed2_rl,vision_seed2_rl,primary,44,ood,sustained_native_success,10,0.0,0.0,0.0,"paired environment-seed bootstrap 95%, identical recorded physical parameters",0,10,0,True
visuotactile_seed2_rl,vision_seed2_rl,primary,44,ood,sustained_success_within_force_budget,10,0.0,0.0,0.0,"paired environment-seed bootstrap 95%, identical recorded physical parameters",0,10,0,True
visuotactile_seed2_rl,visuotactile_seed2_bc,primary,44,all,any_native_success,20,0.2,0.05,0.4,"paired environment-seed bootstrap 95%, identical recorded physical parameters",4,16,0,True
visuotactile_seed2_rl,visuotactile_seed2_bc,primary,44,all,bilateral_contact_at_takeover,20,0.0,0.0,0.0,"paired environment-seed bootstrap 95%, identical recorded physical parameters",0,20,0,False
visuotactile_seed2_rl,visuotactile_seed2_bc,primary,44,all,final_native_success,20,-0.1,-0.3,0.1,"paired environment-seed bootstrap 95%, identical recorded physical parameters",1,16,3,True
visuotactile_seed2_rl,visuotactile_seed2_bc,primary,44,all,force_budget_exceeded,20,0.2,0.05,0.4,"paired environment-seed bootstrap 95%, identical recorded physical parameters",4,16,0,False
visuotactile_seed2_rl,visuotactile_seed2_bc,primary,44,all,full_episode_peak_normal_N,20,0.8975864887237549,-1.5351106810569763,3.533835161924361,"paired environment-seed bootstrap 95%, identical recorded physical parameters",9,0,11,False
visuotactile_seed2_rl,visuotactile_seed2_bc,primary,44,all,intervention_force_budget_exceeded,20,0.25,0.1,0.45,"paired environment-seed bootstrap 95%, identical recorded physical parameters",5,15,0,False
visuotactile_seed2_rl,visuotactile_seed2_bc,primary,44,all,intervention_peak_normal_N,20,1.809681785106659,-0.39637180894613266,4.099988020956515,"paired environment-seed bootstrap 95%, identical recorded physical parameters",14,0,6,False
visuotactile_seed2_rl,visuotactile_seed2_bc,primary,44,all,native_shaped_return,20,-2.8794354048148536,-13.374199685900932,10.008574835022852,"paired environment-seed bootstrap 95%, identical recorded physical parameters",11,0,9,True
visuotactile_seed2_rl,visuotactile_seed2_bc,primary,44,all,setup_force_budget_exceeded,20,0.0,0.0,0.0,"paired environment-seed bootstrap 95%, identical recorded physical parameters",0,20,0,False
visuotactile_seed2_rl,visuotactile_seed2_bc,primary,44,all,setup_peak_normal_N,20,0.0,0.0,0.0,"paired environment-seed bootstrap 95%, identical recorded physical parameters",0,20,0,False
visuotactile_seed2_rl,visuotactile_seed2_bc,primary,44,all,sustained_10cm_lift_success,20,-0.1,-0.25,0.0,"paired environment-seed bootstrap 95%, identical recorded physical parameters",0,18,2,True
visuotactile_seed2_rl,visuotactile_seed2_bc,primary,44,all,sustained_10cm_lift_within_force_budget,20,-0.05,-0.15,0.0,"paired environment-seed bootstrap 95%, identical recorded physical parameters",0,19,1,True
visuotactile_seed2_rl,visuotactile_seed2_bc,primary,44,all,sustained_native_success,20,0.2,0.05,0.4,"paired environment-seed bootstrap 95%, identical recorded physical parameters",4,16,0,True
visuotactile_seed2_rl,visuotactile_seed2_bc,primary,44,all,sustained_success_within_force_budget,20,0.05,0.0,0.15,"paired environment-seed bootstrap 95%, identical recorded physical parameters",1,19,0,True
visuotactile_seed2_rl,visuotactile_seed2_bc,primary,44,id,any_native_success,10,0.4,0.1,0.7,"paired environment-seed bootstrap 95%, identical recorded physical parameters",4,6,0,True
visuotactile_seed2_rl,visuotactile_seed2_bc,primary,44,id,bilateral_contact_at_takeover,10,0.0,0.0,0.0,"paired environment-seed bootstrap 95%, identical recorded physical parameters",0,10,0,False
visuotactile_seed2_rl,visuotactile_seed2_bc,primary,44,id,final_native_success,10,-0.2,-0.6,0.2,"paired environment-seed bootstrap 95%, identical recorded physical parameters",1,6,3,True
visuotactile_seed2_rl,visuotactile_seed2_bc,primary,44,id,force_budget_exceeded,10,0.3,0.0,0.6,"paired environment-seed bootstrap 95%, identical recorded physical parameters",3,7,0,False
visuotactile_seed2_rl,visuotactile_seed2_bc,primary,44,id,full_episode_peak_normal_N,10,2.325317621231079,-1.2454440605640411,5.940188060998914,"paired environment-seed bootstrap 95%, identical recorded physical parameters",7,0,3,False
visuotactile_seed2_rl,visuotactile_seed2_bc,primary,44,id,intervention_force_budget_exceeded,10,0.3,0.0,0.6,"paired environment-seed bootstrap 95%, identical recorded physical parameters",3,7,0,False
visuotactile_seed2_rl,visuotactile_seed2_bc,primary,44,id,intervention_peak_normal_N,10,2.389495587348938,-1.1712074828147887,5.915762413740155,"paired environment-seed bootstrap 95%, identical recorded physical parameters",8,0,2,False
visuotactile_seed2_rl,visuotactile_seed2_bc,primary,44,id,native_shaped_return,10,6.391807339333783,-12.584231881689922,27.80558454190697,"paired environment-seed bootstrap 95%, identical recorded physical parameters",7,0,3,True
visuotactile_seed2_rl,visuotactile_seed2_bc,primary,44,id,setup_force_budget_exceeded,10,0.0,0.0,0.0,"paired environment-seed bootstrap 95%, identical recorded physical parameters",0,10,0,False
visuotactile_seed2_rl,visuotactile_seed2_bc,primary,44,id,setup_peak_normal_N,10,0.0,0.0,0.0,"paired environment-seed bootstrap 95%, identical recorded physical parameters",0,10,0,False
visuotactile_seed2_rl,visuotactile_seed2_bc,primary,44,id,sustained_10cm_lift_success,10,-0.2,-0.5,0.0,"paired environment-seed bootstrap 95%, identical recorded physical parameters",0,8,2,True
visuotactile_seed2_rl,visuotactile_seed2_bc,primary,44,id,sustained_10cm_lift_within_force_budget,10,-0.1,-0.3,0.0,"paired environment-seed bootstrap 95%, identical recorded physical parameters",0,9,1,True
visuotactile_seed2_rl,visuotactile_seed2_bc,primary,44,id,sustained_native_success,10,0.4,0.1,0.7,"paired environment-seed bootstrap 95%, identical recorded physical parameters",4,6,0,True
visuotactile_seed2_rl,visuotactile_seed2_bc,primary,44,id,sustained_success_within_force_budget,10,0.1,0.0,0.3,"paired environment-seed bootstrap 95%, identical recorded physical parameters",1,9,0,True
visuotactile_seed2_rl,visuotactile_seed2_bc,primary,44,ood,any_native_success,10,0.0,0.0,0.0,"paired environment-seed bootstrap 95%, identical recorded physical parameters",0,10,0,True
visuotactile_seed2_rl,visuotactile_seed2_bc,primary,44,ood,bilateral_contact_at_takeover,10,0.0,0.0,0.0,"paired environment-seed bootstrap 95%, identical recorded physical parameters",0,10,0,False
visuotactile_seed2_rl,visuotactile_seed2_bc,primary,44,ood,final_native_success,10,0.0,0.0,0.0,"paired environment-seed bootstrap 95%, identical recorded physical parameters",0,10,0,True
visuotactile_seed2_rl,visuotactile_seed2_bc,primary,44,ood,force_budget_exceeded,10,0.1,0.0,0.3,"paired environment-seed bootstrap 95%, identical recorded physical parameters",1,9,0,False
visuotactile_seed2_rl,visuotactile_seed2_bc,primary,44,ood,full_episode_peak_normal_N,10,-0.5301446437835693,-3.6254930019378664,3.2333240211009957,"paired environment-seed bootstrap 95%, identical recorded physical parameters",2,0,8,False
visuotactile_seed2_rl,visuotactile_seed2_bc,primary,44,ood,intervention_force_budget_exceeded,10,0.2,0.0,0.5,"paired environment-seed bootstrap 95%, identical recorded physical parameters",2,8,0,False
visuotactile_seed2_rl,visuotactile_seed2_bc,primary,44,ood,intervention_peak_normal_N,10,1.22986798286438,-0.9453742384910583,4.20609806537628,"paired environment-seed bootstrap 95%, identical recorded physical parameters",6,0,4,False
visuotactile_seed2_rl,visuotactile_seed2_bc,primary,44,ood,native_shaped_return,10,-12.15067814896349,-19.630514083432537,-3.908041220988342,"paired environment-seed bootstrap 95%, identical recorded physical parameters",4,0,6,True
visuotactile_seed2_rl,visuotactile_seed2_bc,primary,44,ood,setup_force_budget_exceeded,10,0.0,0.0,0.0,"paired environment-seed bootstrap 95%, identical recorded physical parameters",0,10,0,False
visuotactile_seed2_rl,visuotactile_seed2_bc,primary,44,ood,setup_peak_normal_N,10,0.0,0.0,0.0,"paired environment-seed bootstrap 95%, identical recorded physical parameters",0,10,0,False
visuotactile_seed2_rl,visuotactile_seed2_bc,primary,44,ood,sustained_10cm_lift_success,10,0.0,0.0,0.0,"paired environment-seed bootstrap 95%, identical recorded physical parameters",0,10,0,True
visuotactile_seed2_rl,visuotactile_seed2_bc,primary,44,ood,sustained_10cm_lift_within_force_budget,10,0.0,0.0,0.0,"paired environment-seed bootstrap 95%, identical recorded physical parameters",0,10,0,True
visuotactile_seed2_rl,visuotactile_seed2_bc,primary,44,ood,sustained_native_success,10,0.0,0.0,0.0,"paired environment-seed bootstrap 95%, identical recorded physical parameters",0,10,0,True
visuotactile_seed2_rl,visuotactile_seed2_bc,primary,44,ood,sustained_success_within_force_budget,10,0.0,0.0,0.0,"paired environment-seed bootstrap 95%, identical recorded physical parameters",0,10,0,True
