run,status,takeover,domain,metric,kind,count,n,estimate,ci_low,ci_high,ci_method,all_episode_n
eval_force_feedback,diagnostic_other_protocol,62,all,sustained_native_success,binary,8,20,0.4,0.21880653237281705,0.6134184992377469,"Wilson 95%, environment-seed episodes",
eval_force_feedback,diagnostic_other_protocol,62,all,sustained_success_within_force_budget,binary,5,20,0.25,0.11186170140766569,0.468700877618744,"Wilson 95%, environment-seed episodes",
eval_force_feedback,diagnostic_other_protocol,62,all,any_native_success,binary,8,20,0.4,0.21880653237281705,0.6134184992377469,"Wilson 95%, environment-seed episodes",
eval_force_feedback,diagnostic_other_protocol,62,all,final_native_success,binary,8,20,0.4,0.21880653237281705,0.6134184992377469,"Wilson 95%, environment-seed episodes",
eval_force_feedback,diagnostic_other_protocol,62,all,force_budget_exceeded,binary,11,20,0.55,0.34208534245034233,0.7418021417443759,"Wilson 95%, environment-seed episodes",
eval_force_feedback,diagnostic_other_protocol,62,all,setup_force_budget_exceeded,binary,7,20,0.35,0.18119182410108206,0.5671457233147638,"Wilson 95%, environment-seed episodes",
eval_force_feedback,diagnostic_other_protocol,62,all,bilateral_contact_at_takeover,binary,12,20,0.6,0.3865815007622531,0.781193467627183,"Wilson 95%, environment-seed episodes",
eval_force_feedback,diagnostic_other_protocol,62,all,intervention_force_budget_exceeded,binary,11,20,0.55,0.34208534245034233,0.7418021417443759,"Wilson 95%, environment-seed episodes",
eval_force_feedback,diagnostic_other_protocol,62,all,sustained_10cm_lift_success,binary,8,20,0.4,0.21880653237281705,0.6134184992377469,"Wilson 95%, environment-seed episodes",
eval_force_feedback,diagnostic_other_protocol,62,all,sustained_10cm_lift_within_force_budget,binary,5,20,0.25,0.11186170140766569,0.468700877618744,"Wilson 95%, environment-seed episodes",
eval_force_feedback,diagnostic_other_protocol,62,all,full_episode_peak_normal_N,continuous,,20,9.98026602268219,7.857581428289413,12.247512998580929,whole-environment-seed bootstrap 95%,
eval_force_feedback,diagnostic_other_protocol,62,all,setup_peak_normal_N,continuous,,20,7.65221735239029,4.8327059307694435,10.716678481698029,whole-environment-seed bootstrap 95%,
eval_force_feedback,diagnostic_other_protocol,62,all,intervention_peak_normal_N,continuous,,20,9.890621519088745,7.859940978884697,12.084783768057822,whole-environment-seed bootstrap 95%,
eval_force_feedback,diagnostic_other_protocol,62,all,max_relative_height_m,continuous,,20,0.059583517722057874,0.028802140189818602,0.09303011901500209,whole-environment-seed bootstrap 95%,
eval_force_feedback,diagnostic_other_protocol,62,all,native_shaped_return,continuous,,20,59.907975332111334,48.05892662086038,71.76581195518372,whole-environment-seed bootstrap 95%,
eval_force_feedback,diagnostic_other_protocol,62,all,native_success_given_setup_within_budget,conditional_binary,5,13,0.38461538461538464,0.17709707797762575,0.6447710848733431,"Wilson 95%; explicitly conditioned, not overall success",20
eval_force_feedback,diagnostic_other_protocol,62,id,sustained_native_success,binary,8,10,0.8,0.49016247153664183,0.9433178485456247,"Wilson 95%, environment-seed episodes",
eval_force_feedback,diagnostic_other_protocol,62,id,sustained_success_within_force_budget,binary,5,10,0.5,0.236593090512564,0.7634069094874361,"Wilson 95%, environment-seed episodes",
eval_force_feedback,diagnostic_other_protocol,62,id,any_native_success,binary,8,10,0.8,0.49016247153664183,0.9433178485456247,"Wilson 95%, environment-seed episodes",
eval_force_feedback,diagnostic_other_protocol,62,id,final_native_success,binary,8,10,0.8,0.49016247153664183,0.9433178485456247,"Wilson 95%, environment-seed episodes",
eval_force_feedback,diagnostic_other_protocol,62,id,force_budget_exceeded,binary,4,10,0.4,0.16818032970623614,0.6873262302663417,"Wilson 95%, environment-seed episodes",
eval_force_feedback,diagnostic_other_protocol,62,id,setup_force_budget_exceeded,binary,3,10,0.3,0.10779126740630099,0.6032218525388546,"Wilson 95%, environment-seed episodes",
eval_force_feedback,diagnostic_other_protocol,62,id,bilateral_contact_at_takeover,binary,6,10,0.6,0.31267376973365824,0.8318196702937638,"Wilson 95%, environment-seed episodes",
eval_force_feedback,diagnostic_other_protocol,62,id,intervention_force_budget_exceeded,binary,4,10,0.4,0.16818032970623614,0.6873262302663417,"Wilson 95%, environment-seed episodes",
eval_force_feedback,diagnostic_other_protocol,62,id,sustained_10cm_lift_success,binary,8,10,0.8,0.49016247153664183,0.9433178485456247,"Wilson 95%, environment-seed episodes",
eval_force_feedback,diagnostic_other_protocol,62,id,sustained_10cm_lift_within_force_budget,binary,5,10,0.5,0.236593090512564,0.7634069094874361,"Wilson 95%, environment-seed episodes",
eval_force_feedback,diagnostic_other_protocol,62,id,full_episode_peak_normal_N,continuous,,10,9.742490482330322,6.594573692083358,13.180060274600976,whole-environment-seed bootstrap 95%,
eval_force_feedback,diagnostic_other_protocol,62,id,setup_peak_normal_N,continuous,,10,7.343909239768982,3.186680899262428,12.110734224319458,whole-environment-seed bootstrap 95%,
eval_force_feedback,diagnostic_other_protocol,62,id,intervention_peak_normal_N,continuous,,10,9.594485425949097,6.475345658063889,13.41482444167137,whole-environment-seed bootstrap 95%,
eval_force_feedback,diagnostic_other_protocol,62,id,max_relative_height_m,continuous,,10,0.11916703544411575,0.08502362769828324,0.15146748073399066,whole-environment-seed bootstrap 95%,
eval_force_feedback,diagnostic_other_protocol,62,id,native_shaped_return,continuous,,10,83.06945042590056,65.5796760483364,95.20066184920992,whole-environment-seed bootstrap 95%,
eval_force_feedback,diagnostic_other_protocol,62,id,native_success_given_setup_within_budget,conditional_binary,5,7,0.7142857142857143,0.35893445183261935,0.9177810759959433,"Wilson 95%; explicitly conditioned, not overall success",10
eval_force_feedback,diagnostic_other_protocol,62,ood,sustained_native_success,binary,0,10,0.0,0.0,0.2775327998628892,"Wilson 95%, environment-seed episodes",
eval_force_feedback,diagnostic_other_protocol,62,ood,sustained_success_within_force_budget,binary,0,10,0.0,0.0,0.2775327998628892,"Wilson 95%, environment-seed episodes",
eval_force_feedback,diagnostic_other_protocol,62,ood,any_native_success,binary,0,10,0.0,0.0,0.2775327998628892,"Wilson 95%, environment-seed episodes",
eval_force_feedback,diagnostic_other_protocol,62,ood,final_native_success,binary,0,10,0.0,0.0,0.2775327998628892,"Wilson 95%, environment-seed episodes",
eval_force_feedback,diagnostic_other_protocol,62,ood,force_budget_exceeded,binary,7,10,0.7,0.39677814746114537,0.8922087325936989,"Wilson 95%, environment-seed episodes",
eval_force_feedback,diagnostic_other_protocol,62,ood,setup_force_budget_exceeded,binary,4,10,0.4,0.16818032970623614,0.6873262302663417,"Wilson 95%, environment-seed episodes",
eval_force_feedback,diagnostic_other_protocol,62,ood,bilateral_contact_at_takeover,binary,6,10,0.6,0.31267376973365824,0.8318196702937638,"Wilson 95%, environment-seed episodes",
eval_force_feedback,diagnostic_other_protocol,62,ood,intervention_force_budget_exceeded,binary,7,10,0.7,0.39677814746114537,0.8922087325936989,"Wilson 95%, environment-seed episodes",
eval_force_feedback,diagnostic_other_protocol,62,ood,sustained_10cm_lift_success,binary,0,10,0.0,0.0,0.2775327998628892,"Wilson 95%, environment-seed episodes",
eval_force_feedback,diagnostic_other_protocol,62,ood,sustained_10cm_lift_within_force_budget,binary,0,10,0.0,0.0,0.2775327998628892,"Wilson 95%, environment-seed episodes",
eval_force_feedback,diagnostic_other_protocol,62,ood,full_episode_peak_normal_N,continuous,,10,10.218041563034058,7.795439941883087,13.235380002260207,whole-environment-seed bootstrap 95%,
eval_force_feedback,diagnostic_other_protocol,62,ood,setup_peak_normal_N,continuous,,10,7.960525465011597,4.23270744562149,11.78897785842418,whole-environment-seed bootstrap 95%,
eval_force_feedback,diagnostic_other_protocol,62,ood,intervention_peak_normal_N,continuous,,10,10.186757612228394,7.673407033681869,13.095064976215358,whole-environment-seed bootstrap 95%,
eval_force_feedback,diagnostic_other_protocol,62,ood,max_relative_height_m,continuous,,10,0.0,0.0,0.0,whole-environment-seed bootstrap 95%,
eval_force_feedback,diagnostic_other_protocol,62,ood,native_shaped_return,continuous,,10,36.74650023832212,35.951865228459,37.67992062197669,whole-environment-seed bootstrap 95%,
eval_force_feedback,diagnostic_other_protocol,62,ood,native_success_given_setup_within_budget,conditional_binary,0,6,0.0,2.7755575615628914e-17,0.3903342879021653,"Wilson 95%; explicitly conditioned, not overall success",10
eval_script,diagnostic_other_protocol,62,all,sustained_native_success,binary,7,20,0.35,0.18119182410108206,0.5671457233147638,"Wilson 95%, environment-seed episodes",
eval_script,diagnostic_other_protocol,62,all,sustained_success_within_force_budget,binary,2,20,0.1,0.027866481213768224,0.3010336452284873,"Wilson 95%, environment-seed episodes",
eval_script,diagnostic_other_protocol,62,all,any_native_success,binary,7,20,0.35,0.18119182410108206,0.5671457233147638,"Wilson 95%, environment-seed episodes",
eval_script,diagnostic_other_protocol,62,all,final_native_success,binary,7,20,0.35,0.18119182410108206,0.5671457233147638,"Wilson 95%, environment-seed episodes",
eval_script,diagnostic_other_protocol,62,all,force_budget_exceeded,binary,11,20,0.55,0.34208534245034233,0.7418021417443759,"Wilson 95%, environment-seed episodes",
eval_script,diagnostic_other_protocol,62,all,setup_force_budget_exceeded,binary,7,20,0.35,0.18119182410108206,0.5671457233147638,"Wilson 95%, environment-seed episodes",
eval_script,diagnostic_other_protocol,62,all,bilateral_contact_at_takeover,binary,12,20,0.6,0.3865815007622531,0.781193467627183,"Wilson 95%, environment-seed episodes",
eval_script,diagnostic_other_protocol,62,all,intervention_force_budget_exceeded,binary,11,20,0.55,0.34208534245034233,0.7418021417443759,"Wilson 95%, environment-seed episodes",
eval_script,diagnostic_other_protocol,62,all,full_episode_peak_normal_N,continuous,,20,10.23173384666443,7.0596389979124075,13.5472294485569,whole-environment-seed bootstrap 95%,
eval_script,diagnostic_other_protocol,62,all,setup_peak_normal_N,continuous,,20,7.65221735239029,4.807082653343678,10.639573869109153,whole-environment-seed bootstrap 95%,
eval_script,diagnostic_other_protocol,62,all,intervention_peak_normal_N,continuous,,20,10.136178350448608,6.840672783255577,13.390740566849708,whole-environment-seed bootstrap 95%,
eval_script,diagnostic_other_protocol,62,all,max_relative_height_m,continuous,,20,0.05218042954802513,0.022346967812627554,0.08411040848121046,whole-environment-seed bootstrap 95%,
eval_script,diagnostic_other_protocol,62,all,native_shaped_return,continuous,,20,56.664045724971274,44.693216854150116,69.11770943615986,whole-environment-seed bootstrap 95%,
eval_script,diagnostic_other_protocol,62,all,native_success_given_setup_within_budget,conditional_binary,4,13,0.3076923076923077,0.12680703655710515,0.5763065681945096,"Wilson 95%; explicitly conditioned, not overall success",20
eval_script,diagnostic_other_protocol,62,id,sustained_native_success,binary,7,10,0.7,0.39677814746114537,0.8922087325936989,"Wilson 95%, environment-seed episodes",
eval_script,diagnostic_other_protocol,62,id,sustained_success_within_force_budget,binary,2,10,0.2,0.05668215145437519,0.5098375284633583,"Wilson 95%, environment-seed episodes",
eval_script,diagnostic_other_protocol,62,id,any_native_success,binary,7,10,0.7,0.39677814746114537,0.8922087325936989,"Wilson 95%, environment-seed episodes",
eval_script,diagnostic_other_protocol,62,id,final_native_success,binary,7,10,0.7,0.39677814746114537,0.8922087325936989,"Wilson 95%, environment-seed episodes",
eval_script,diagnostic_other_protocol,62,id,force_budget_exceeded,binary,5,10,0.5,0.236593090512564,0.7634069094874361,"Wilson 95%, environment-seed episodes",
eval_script,diagnostic_other_protocol,62,id,setup_force_budget_exceeded,binary,3,10,0.3,0.10779126740630099,0.6032218525388546,"Wilson 95%, environment-seed episodes",
eval_script,diagnostic_other_protocol,62,id,bilateral_contact_at_takeover,binary,6,10,0.6,0.31267376973365824,0.8318196702937638,"Wilson 95%, environment-seed episodes",
eval_script,diagnostic_other_protocol,62,id,intervention_force_budget_exceeded,binary,5,10,0.5,0.236593090512564,0.7634069094874361,"Wilson 95%, environment-seed episodes",
eval_script,diagnostic_other_protocol,62,id,full_episode_peak_normal_N,continuous,,10,10.203170347213746,5.155077080726624,15.728519625663758,whole-environment-seed bootstrap 95%,
eval_script,diagnostic_other_protocol,62,id,setup_peak_normal_N,continuous,,10,7.343909239768982,3.1871474266052244,12.148845767974853,whole-environment-seed bootstrap 95%,
eval_script,diagnostic_other_protocol,62,id,intervention_peak_normal_N,continuous,,10,10.012059354782105,4.875128873586655,15.184876384735102,whole-environment-seed bootstrap 95%,
eval_script,diagnostic_other_protocol,62,id,max_relative_height_m,continuous,,10,0.10436085909605027,0.05898163169622421,0.14497765552252528,whole-environment-seed bootstrap 95%,
eval_script,diagnostic_other_protocol,62,id,native_shaped_return,continuous,,10,76.67049087472245,58.071999540079176,95.098087888897,whole-environment-seed bootstrap 95%,
eval_script,diagnostic_other_protocol,62,id,native_success_given_setup_within_budget,conditional_binary,4,7,0.5714285714285714,0.2504583645276572,0.8417801447485302,"Wilson 95%; explicitly conditioned, not overall success",10
eval_script,diagnostic_other_protocol,62,ood,sustained_native_success,binary,0,10,0.0,0.0,0.2775327998628892,"Wilson 95%, environment-seed episodes",
eval_script,diagnostic_other_protocol,62,ood,sustained_success_within_force_budget,binary,0,10,0.0,0.0,0.2775327998628892,"Wilson 95%, environment-seed episodes",
eval_script,diagnostic_other_protocol,62,ood,any_native_success,binary,0,10,0.0,0.0,0.2775327998628892,"Wilson 95%, environment-seed episodes",
eval_script,diagnostic_other_protocol,62,ood,final_native_success,binary,0,10,0.0,0.0,0.2775327998628892,"Wilson 95%, environment-seed episodes",
eval_script,diagnostic_other_protocol,62,ood,force_budget_exceeded,binary,6,10,0.6,0.31267376973365824,0.8318196702937638,"Wilson 95%, environment-seed episodes",
eval_script,diagnostic_other_protocol,62,ood,setup_force_budget_exceeded,binary,4,10,0.4,0.16818032970623614,0.6873262302663417,"Wilson 95%, environment-seed episodes",
eval_script,diagnostic_other_protocol,62,ood,bilateral_contact_at_takeover,binary,6,10,0.6,0.31267376973365824,0.8318196702937638,"Wilson 95%, environment-seed episodes",
eval_script,diagnostic_other_protocol,62,ood,intervention_force_budget_exceeded,binary,6,10,0.6,0.31267376973365824,0.8318196702937638,"Wilson 95%, environment-seed episodes",
eval_script,diagnostic_other_protocol,62,ood,full_episode_peak_normal_N,continuous,,10,10.260297346115113,6.597014167308807,14.180224102735519,whole-environment-seed bootstrap 95%,
eval_script,diagnostic_other_protocol,62,ood,setup_peak_normal_N,continuous,,10,7.960525465011597,4.45756145119667,11.774952546358108,whole-environment-seed bootstrap 95%,
eval_script,diagnostic_other_protocol,62,ood,intervention_peak_normal_N,continuous,,10,10.260297346115113,6.48440708398819,14.235744194984436,whole-environment-seed bootstrap 95%,
eval_script,diagnostic_other_protocol,62,ood,max_relative_height_m,continuous,,10,0.0,0.0,0.0,whole-environment-seed bootstrap 95%,
eval_script,diagnostic_other_protocol,62,ood,native_shaped_return,continuous,,10,36.65760057522012,35.65495909295984,37.74665298246426,whole-environment-seed bootstrap 95%,
eval_script,diagnostic_other_protocol,62,ood,native_success_given_setup_within_budget,conditional_binary,0,6,0.0,2.7755575615628914e-17,0.3903342879021653,"Wilson 95%; explicitly conditioned, not overall success",10
force_feedback,primary,44,all,sustained_native_success,binary,8,20,0.4,0.21880653237281705,0.6134184992377469,"Wilson 95%, environment-seed episodes",
force_feedback,primary,44,all,sustained_success_within_force_budget,binary,5,20,0.25,0.11186170140766569,0.468700877618744,"Wilson 95%, environment-seed episodes",
force_feedback,primary,44,all,any_native_success,binary,8,20,0.4,0.21880653237281705,0.6134184992377469,"Wilson 95%, environment-seed episodes",
force_feedback,primary,44,all,final_native_success,binary,8,20,0.4,0.21880653237281705,0.6134184992377469,"Wilson 95%, environment-seed episodes",
force_feedback,primary,44,all,force_budget_exceeded,binary,6,20,0.3,0.1454772448676043,0.5189728183535235,"Wilson 95%, environment-seed episodes",
force_feedback,primary,44,all,setup_force_budget_exceeded,binary,0,20,0.0,0.0,0.16112515805281938,"Wilson 95%, environment-seed episodes",
force_feedback,primary,44,all,bilateral_contact_at_takeover,binary,0,20,0.0,0.0,0.16112515805281938,"Wilson 95%, environment-seed episodes",
force_feedback,primary,44,all,intervention_force_budget_exceeded,binary,3,20,0.15,0.052368745896216595,0.36041886474075696,"Wilson 95%, environment-seed episodes",
force_feedback,primary,44,all,sustained_10cm_lift_success,binary,8,20,0.4,0.21880653237281705,0.6134184992377469,"Wilson 95%, environment-seed episodes",
force_feedback,primary,44,all,sustained_10cm_lift_within_force_budget,binary,5,20,0.25,0.11186170140766569,0.468700877618744,"Wilson 95%, environment-seed episodes",
force_feedback,primary,44,all,full_episode_peak_normal_N,continuous,,20,7.174700844287872,6.343836401998997,8.147939825952053,whole-environment-seed bootstrap 95%,
force_feedback,primary,44,all,setup_peak_normal_N,continuous,,20,0.0,0.0,0.0,whole-environment-seed bootstrap 95%,
force_feedback,primary,44,all,intervention_peak_normal_N,continuous,,20,6.5957826495170595,5.782955945730209,7.619234838187695,whole-environment-seed bootstrap 95%,
force_feedback,primary,44,all,max_relative_height_m,continuous,,20,0.059763484945870006,0.029640833205121453,0.09185364967095666,whole-environment-seed bootstrap 95%,
force_feedback,primary,44,all,native_shaped_return,continuous,,20,59.81531889698401,47.98975762884545,74.1372734787764,whole-environment-seed bootstrap 95%,
force_feedback,primary,44,all,native_success_given_setup_within_budget,conditional_binary,8,20,0.4,0.21880653237281705,0.6134184992377469,"Wilson 95%; explicitly conditioned, not overall success",20
force_feedback,primary,44,id,sustained_native_success,binary,8,10,0.8,0.49016247153664183,0.9433178485456247,"Wilson 95%, environment-seed episodes",
force_feedback,primary,44,id,sustained_success_within_force_budget,binary,5,10,0.5,0.236593090512564,0.7634069094874361,"Wilson 95%, environment-seed episodes",
force_feedback,primary,44,id,any_native_success,binary,8,10,0.8,0.49016247153664183,0.9433178485456247,"Wilson 95%, environment-seed episodes",
force_feedback,primary,44,id,final_native_success,binary,8,10,0.8,0.49016247153664183,0.9433178485456247,"Wilson 95%, environment-seed episodes",
force_feedback,primary,44,id,force_budget_exceeded,binary,4,10,0.4,0.16818032970623614,0.6873262302663417,"Wilson 95%, environment-seed episodes",
force_feedback,primary,44,id,setup_force_budget_exceeded,binary,0,10,0.0,0.0,0.2775327998628892,"Wilson 95%, environment-seed episodes",
force_feedback,primary,44,id,bilateral_contact_at_takeover,binary,0,10,0.0,0.0,0.2775327998628892,"Wilson 95%, environment-seed episodes",
force_feedback,primary,44,id,intervention_force_budget_exceeded,binary,1,10,0.1,0.017876213095072896,0.4041500267952385,"Wilson 95%, environment-seed episodes",
force_feedback,primary,44,id,sustained_10cm_lift_success,binary,8,10,0.8,0.49016247153664183,0.9433178485456247,"Wilson 95%, environment-seed episodes",
force_feedback,primary,44,id,sustained_10cm_lift_within_force_budget,binary,5,10,0.5,0.236593090512564,0.7634069094874361,"Wilson 95%, environment-seed episodes",
force_feedback,primary,44,id,full_episode_peak_normal_N,continuous,,10,7.479395174980164,5.984130267500878,9.255763617157934,whole-environment-seed bootstrap 95%,
force_feedback,primary,44,id,setup_peak_normal_N,continuous,,10,0.0,0.0,0.0,whole-environment-seed bootstrap 95%,
force_feedback,primary,44,id,intervention_peak_normal_N,continuous,,10,6.321558785438538,5.045117970108986,8.244883668422698,whole-environment-seed bootstrap 95%,
force_feedback,primary,44,id,max_relative_height_m,continuous,,10,0.11952696989174001,0.07978143527550856,0.15161004111170767,whole-environment-seed bootstrap 95%,
force_feedback,primary,44,id,native_shaped_return,continuous,,10,83.13714903228608,65.75100142109429,95.01164781037467,whole-environment-seed bootstrap 95%,
force_feedback,primary,44,id,native_success_given_setup_within_budget,conditional_binary,8,10,0.8,0.49016247153664183,0.9433178485456247,"Wilson 95%; explicitly conditioned, not overall success",10
force_feedback,primary,44,ood,sustained_native_success,binary,0,10,0.0,0.0,0.2775327998628892,"Wilson 95%, environment-seed episodes",
force_feedback,primary,44,ood,sustained_success_within_force_budget,binary,0,10,0.0,0.0,0.2775327998628892,"Wilson 95%, environment-seed episodes",
force_feedback,primary,44,ood,any_native_success,binary,0,10,0.0,0.0,0.2775327998628892,"Wilson 95%, environment-seed episodes",
force_feedback,primary,44,ood,final_native_success,binary,0,10,0.0,0.0,0.2775327998628892,"Wilson 95%, environment-seed episodes",
force_feedback,primary,44,ood,force_budget_exceeded,binary,2,10,0.2,0.05668215145437519,0.5098375284633583,"Wilson 95%, environment-seed episodes",
force_feedback,primary,44,ood,setup_force_budget_exceeded,binary,0,10,0.0,0.0,0.2775327998628892,"Wilson 95%, environment-seed episodes",
force_feedback,primary,44,ood,bilateral_contact_at_takeover,binary,0,10,0.0,0.0,0.2775327998628892,"Wilson 95%, environment-seed episodes",
force_feedback,primary,44,ood,intervention_force_budget_exceeded,binary,2,10,0.2,0.05668215145437519,0.5098375284633583,"Wilson 95%, environment-seed episodes",
force_feedback,primary,44,ood,sustained_10cm_lift_success,binary,0,10,0.0,0.0,0.2775327998628892,"Wilson 95%, environment-seed episodes",
force_feedback,primary,44,ood,sustained_10cm_lift_within_force_budget,binary,0,10,0.0,0.0,0.2775327998628892,"Wilson 95%, environment-seed episodes",
force_feedback,primary,44,ood,full_episode_peak_normal_N,continuous,,10,6.870006513595581,6.217756313085556,7.5684056937694555,whole-environment-seed bootstrap 95%,
force_feedback,primary,44,ood,setup_peak_normal_N,continuous,,10,0.0,0.0,0.0,whole-environment-seed bootstrap 95%,
force_feedback,primary,44,ood,intervention_peak_normal_N,continuous,,10,6.870006513595581,6.203632819652557,7.579449775218963,whole-environment-seed bootstrap 95%,
force_feedback,primary,44,ood,max_relative_height_m,continuous,,10,0.0,0.0,0.0,whole-environment-seed bootstrap 95%,
force_feedback,primary,44,ood,native_shaped_return,continuous,,10,36.49348876168195,35.707807154633066,37.34769063318422,whole-environment-seed bootstrap 95%,
force_feedback,primary,44,ood,native_success_given_setup_within_budget,conditional_binary,0,10,0.0,0.0,0.2775327998628892,"Wilson 95%; explicitly conditioned, not overall success",10
script,primary,44,all,sustained_native_success,binary,7,20,0.35,0.18119182410108206,0.5671457233147638,"Wilson 95%, environment-seed episodes",
script,primary,44,all,sustained_success_within_force_budget,binary,2,20,0.1,0.027866481213768224,0.3010336452284873,"Wilson 95%, environment-seed episodes",
script,primary,44,all,any_native_success,binary,7,20,0.35,0.18119182410108206,0.5671457233147638,"Wilson 95%, environment-seed episodes",
script,primary,44,all,final_native_success,binary,7,20,0.35,0.18119182410108206,0.5671457233147638,"Wilson 95%, environment-seed episodes",
script,primary,44,all,force_budget_exceeded,binary,11,20,0.55,0.34208534245034233,0.7418021417443759,"Wilson 95%, environment-seed episodes",
script,primary,44,all,setup_force_budget_exceeded,binary,0,20,0.0,0.0,0.16112515805281938,"Wilson 95%, environment-seed episodes",
script,primary,44,all,bilateral_contact_at_takeover,binary,0,20,0.0,0.0,0.16112515805281938,"Wilson 95%, environment-seed episodes",
script,primary,44,all,intervention_force_budget_exceeded,binary,11,20,0.55,0.34208534245034233,0.7418021417443759,"Wilson 95%, environment-seed episodes",
script,primary,44,all,sustained_10cm_lift_success,binary,7,20,0.35,0.18119182410108206,0.5671457233147638,"Wilson 95%, environment-seed episodes",
script,primary,44,all,sustained_10cm_lift_within_force_budget,binary,2,20,0.1,0.027866481213768224,0.3010336452284873,"Wilson 95%, environment-seed episodes",
script,primary,44,all,full_episode_peak_normal_N,continuous,,20,10.268634855747223,6.787161028087139,13.853114708662034,whole-environment-seed bootstrap 95%,
script,primary,44,all,setup_peak_normal_N,continuous,,20,0.0,0.0,0.0,whole-environment-seed bootstrap 95%,
script,primary,44,all,intervention_peak_normal_N,continuous,,20,10.172996199131012,6.955216947197914,13.54212813258171,whole-environment-seed bootstrap 95%,
script,primary,44,all,max_relative_height_m,continuous,,20,0.05217132717370987,0.022052330281585455,0.08377075398340818,whole-environment-seed bootstrap 95%,
script,primary,44,all,native_shaped_return,continuous,,20,56.6463091002776,44.58440041668994,68.7760261854871,whole-environment-seed bootstrap 95%,
script,primary,44,all,native_success_given_setup_within_budget,conditional_binary,7,20,0.35,0.18119182410108206,0.5671457233147638,"Wilson 95%; explicitly conditioned, not overall success",20
script,primary,44,id,sustained_native_success,binary,7,10,0.7,0.39677814746114537,0.8922087325936989,"Wilson 95%, environment-seed episodes",
script,primary,44,id,sustained_success_within_force_budget,binary,2,10,0.2,0.05668215145437519,0.5098375284633583,"Wilson 95%, environment-seed episodes",
script,primary,44,id,any_native_success,binary,7,10,0.7,0.39677814746114537,0.8922087325936989,"Wilson 95%, environment-seed episodes",
script,primary,44,id,final_native_success,binary,7,10,0.7,0.39677814746114537,0.8922087325936989,"Wilson 95%, environment-seed episodes",
script,primary,44,id,force_budget_exceeded,binary,5,10,0.5,0.236593090512564,0.7634069094874361,"Wilson 95%, environment-seed episodes",
script,primary,44,id,setup_force_budget_exceeded,binary,0,10,0.0,0.0,0.2775327998628892,"Wilson 95%, environment-seed episodes",
script,primary,44,id,bilateral_contact_at_takeover,binary,0,10,0.0,0.0,0.2775327998628892,"Wilson 95%, environment-seed episodes",
script,primary,44,id,intervention_force_budget_exceeded,binary,5,10,0.5,0.236593090512564,0.7634069094874361,"Wilson 95%, environment-seed episodes",
script,primary,44,id,sustained_10cm_lift_success,binary,7,10,0.7,0.39677814746114537,0.8922087325936989,"Wilson 95%, environment-seed episodes",
script,primary,44,id,sustained_10cm_lift_within_force_budget,binary,2,10,0.2,0.05668215145437519,0.5098375284633583,"Wilson 95%, environment-seed episodes",
script,primary,44,id,full_episode_peak_normal_N,continuous,,10,10.151392483711243,4.943332600593567,15.617127003669738,whole-environment-seed bootstrap 95%,
script,primary,44,id,setup_peak_normal_N,continuous,,10,0.0,0.0,0.0,whole-environment-seed bootstrap 95%,
script,primary,44,id,intervention_peak_normal_N,continuous,,10,9.96011517047882,4.448847923278809,15.112171357274054,whole-environment-seed bootstrap 95%,
script,primary,44,id,max_relative_height_m,continuous,,10,0.10434265434741974,0.05987916138023138,0.14567348781973116,whole-environment-seed bootstrap 95%,
script,primary,44,id,native_shaped_return,continuous,,10,76.66140998153682,57.96219249304247,94.95411110969006,whole-environment-seed bootstrap 95%,
script,primary,44,id,native_success_given_setup_within_budget,conditional_binary,7,10,0.7,0.39677814746114537,0.8922087325936989,"Wilson 95%; explicitly conditioned, not overall success",10
script,primary,44,ood,sustained_native_success,binary,0,10,0.0,0.0,0.2775327998628892,"Wilson 95%, environment-seed episodes",
script,primary,44,ood,sustained_success_within_force_budget,binary,0,10,0.0,0.0,0.2775327998628892,"Wilson 95%, environment-seed episodes",
script,primary,44,ood,any_native_success,binary,0,10,0.0,0.0,0.2775327998628892,"Wilson 95%, environment-seed episodes",
script,primary,44,ood,final_native_success,binary,0,10,0.0,0.0,0.2775327998628892,"Wilson 95%, environment-seed episodes",
script,primary,44,ood,force_budget_exceeded,binary,6,10,0.6,0.31267376973365824,0.8318196702937638,"Wilson 95%, environment-seed episodes",
script,primary,44,ood,setup_force_budget_exceeded,binary,0,10,0.0,0.0,0.2775327998628892,"Wilson 95%, environment-seed episodes",
script,primary,44,ood,bilateral_contact_at_takeover,binary,0,10,0.0,0.0,0.2775327998628892,"Wilson 95%, environment-seed episodes",
script,primary,44,ood,intervention_force_budget_exceeded,binary,6,10,0.6,0.31267376973365824,0.8318196702937638,"Wilson 95%, environment-seed episodes",
script,primary,44,ood,sustained_10cm_lift_success,binary,0,10,0.0,0.0,0.2775327998628892,"Wilson 95%, environment-seed episodes",
script,primary,44,ood,sustained_10cm_lift_within_force_budget,binary,0,10,0.0,0.0,0.2775327998628892,"Wilson 95%, environment-seed episodes",
script,primary,44,ood,full_episode_peak_normal_N,continuous,,10,10.385877227783203,6.499689823389053,14.756334482431411,whole-environment-seed bootstrap 95%,
script,primary,44,ood,setup_peak_normal_N,continuous,,10,0.0,0.0,0.0,whole-environment-seed bootstrap 95%,
script,primary,44,ood,intervention_peak_normal_N,continuous,,10,10.385877227783203,6.421508181095123,14.821087281703948,whole-environment-seed bootstrap 95%,
script,primary,44,ood,max_relative_height_m,continuous,,10,0.0,0.0,0.0,whole-environment-seed bootstrap 95%,
script,primary,44,ood,native_shaped_return,continuous,,10,36.631208219018404,35.627423663832474,37.72554913770565,whole-environment-seed bootstrap 95%,
script,primary,44,ood,native_success_given_setup_within_budget,conditional_binary,0,10,0.0,0.0,0.2775327998628892,"Wilson 95%; explicitly conditioned, not overall success",10
vision_seed0_bc,primary,44,all,sustained_native_success,binary,3,20,0.15,0.052368745896216595,0.36041886474075696,"Wilson 95%, environment-seed episodes",
vision_seed0_bc,primary,44,all,sustained_success_within_force_budget,binary,1,20,0.05,0.008881448800795402,0.23613119344674205,"Wilson 95%, environment-seed episodes",
vision_seed0_bc,primary,44,all,any_native_success,binary,5,20,0.25,0.11186170140766569,0.468700877618744,"Wilson 95%, environment-seed episodes",
vision_seed0_bc,primary,44,all,final_native_success,binary,5,20,0.25,0.11186170140766569,0.468700877618744,"Wilson 95%, environment-seed episodes",
vision_seed0_bc,primary,44,all,force_budget_exceeded,binary,10,20,0.5,0.2992980081982123,0.7007019918017877,"Wilson 95%, environment-seed episodes",
vision_seed0_bc,primary,44,all,setup_force_budget_exceeded,binary,0,20,0.0,0.0,0.16112515805281938,"Wilson 95%, environment-seed episodes",
vision_seed0_bc,primary,44,all,bilateral_contact_at_takeover,binary,0,20,0.0,0.0,0.16112515805281938,"Wilson 95%, environment-seed episodes",
vision_seed0_bc,primary,44,all,intervention_force_budget_exceeded,binary,9,20,0.45,0.2581978582556243,0.6579146575496577,"Wilson 95%, environment-seed episodes",
vision_seed0_bc,primary,44,all,sustained_10cm_lift_success,binary,3,20,0.15,0.052368745896216595,0.36041886474075696,"Wilson 95%, environment-seed episodes",
vision_seed0_bc,primary,44,all,sustained_10cm_lift_within_force_budget,binary,1,20,0.05,0.008881448800795402,0.23613119344674205,"Wilson 95%, environment-seed episodes",
vision_seed0_bc,primary,44,all,full_episode_peak_normal_N,continuous,,20,8.622698298096656,5.502609066739678,12.110024046376346,whole-environment-seed bootstrap 95%,
vision_seed0_bc,primary,44,all,setup_peak_normal_N,continuous,,20,0.0,0.0,0.0,whole-environment-seed bootstrap 95%,
vision_seed0_bc,primary,44,all,intervention_peak_normal_N,continuous,,20,7.922456005215645,4.911877064183354,11.26638093598187,whole-environment-seed bootstrap 95%,
vision_seed0_bc,primary,44,all,max_relative_height_m,continuous,,20,0.030363526195287704,0.008051997050642967,0.05864477253518989,whole-environment-seed bootstrap 95%,
vision_seed0_bc,primary,44,all,native_shaped_return,continuous,,20,49.75040579444662,39.38889559099162,61.98808021412489,whole-environment-seed bootstrap 95%,
vision_seed0_bc,primary,44,all,native_success_given_setup_within_budget,conditional_binary,3,20,0.15,0.052368745896216595,0.36041886474075696,"Wilson 95%; explicitly conditioned, not overall success",20
vision_seed0_bc,primary,44,id,sustained_native_success,binary,3,10,0.3,0.10779126740630099,0.6032218525388546,"Wilson 95%, environment-seed episodes",
vision_seed0_bc,primary,44,id,sustained_success_within_force_budget,binary,1,10,0.1,0.017876213095072896,0.4041500267952385,"Wilson 95%, environment-seed episodes",
vision_seed0_bc,primary,44,id,any_native_success,binary,5,10,0.5,0.236593090512564,0.7634069094874361,"Wilson 95%, environment-seed episodes",
vision_seed0_bc,primary,44,id,final_native_success,binary,5,10,0.5,0.236593090512564,0.7634069094874361,"Wilson 95%, environment-seed episodes",
vision_seed0_bc,primary,44,id,force_budget_exceeded,binary,4,10,0.4,0.16818032970623614,0.6873262302663417,"Wilson 95%, environment-seed episodes",
vision_seed0_bc,primary,44,id,setup_force_budget_exceeded,binary,0,10,0.0,0.0,0.2775327998628892,"Wilson 95%, environment-seed episodes",
vision_seed0_bc,primary,44,id,bilateral_contact_at_takeover,binary,0,10,0.0,0.0,0.2775327998628892,"Wilson 95%, environment-seed episodes",
vision_seed0_bc,primary,44,id,intervention_force_budget_exceeded,binary,4,10,0.4,0.16818032970623614,0.6873262302663417,"Wilson 95%, environment-seed episodes",
vision_seed0_bc,primary,44,id,sustained_10cm_lift_success,binary,3,10,0.3,0.10779126740630099,0.6032218525388546,"Wilson 95%, environment-seed episodes",
vision_seed0_bc,primary,44,id,sustained_10cm_lift_within_force_budget,binary,1,10,0.1,0.017876213095072896,0.4041500267952385,"Wilson 95%, environment-seed episodes",
vision_seed0_bc,primary,44,id,full_episode_peak_normal_N,continuous,,10,7.077852946519852,2.3421024419367313,12.13547623321413,whole-environment-seed bootstrap 95%,
vision_seed0_bc,primary,44,id,setup_peak_normal_N,continuous,,10,0.0,0.0,0.0,whole-environment-seed bootstrap 95%,
vision_seed0_bc,primary,44,id,intervention_peak_normal_N,continuous,,10,6.86762986779213,2.4640269488096234,11.848110498040914,whole-environment-seed bootstrap 95%,
vision_seed0_bc,primary,44,id,max_relative_height_m,continuous,,10,0.06072705239057541,0.01969655379652977,0.10483833625912667,whole-environment-seed bootstrap 95%,
vision_seed0_bc,primary,44,id,native_shaped_return,continuous,,10,56.13785860566336,37.40541670319886,76.98022085463309,whole-environment-seed bootstrap 95%,
vision_seed0_bc,primary,44,id,native_success_given_setup_within_budget,conditional_binary,3,10,0.3,0.10779126740630099,0.6032218525388546,"Wilson 95%; explicitly conditioned, not overall success",10
vision_seed0_bc,primary,44,ood,sustained_native_success,binary,0,10,0.0,0.0,0.2775327998628892,"Wilson 95%, environment-seed episodes",
vision_seed0_bc,primary,44,ood,sustained_success_within_force_budget,binary,0,10,0.0,0.0,0.2775327998628892,"Wilson 95%, environment-seed episodes",
vision_seed0_bc,primary,44,ood,any_native_success,binary,0,10,0.0,0.0,0.2775327998628892,"Wilson 95%, environment-seed episodes",
vision_seed0_bc,primary,44,ood,final_native_success,binary,0,10,0.0,0.0,0.2775327998628892,"Wilson 95%, environment-seed episodes",
vision_seed0_bc,primary,44,ood,force_budget_exceeded,binary,6,10,0.6,0.31267376973365824,0.8318196702937638,"Wilson 95%, environment-seed episodes",
vision_seed0_bc,primary,44,ood,setup_force_budget_exceeded,binary,0,10,0.0,0.0,0.2775327998628892,"Wilson 95%, environment-seed episodes",
vision_seed0_bc,primary,44,ood,bilateral_contact_at_takeover,binary,0,10,0.0,0.0,0.2775327998628892,"Wilson 95%, environment-seed episodes",
vision_seed0_bc,primary,44,ood,intervention_force_budget_exceeded,binary,5,10,0.5,0.236593090512564,0.7634069094874361,"Wilson 95%, environment-seed episodes",
vision_seed0_bc,primary,44,ood,sustained_10cm_lift_success,binary,0,10,0.0,0.0,0.2775327998628892,"Wilson 95%, environment-seed episodes",
vision_seed0_bc,primary,44,ood,sustained_10cm_lift_within_force_budget,binary,0,10,0.0,0.0,0.2775327998628892,"Wilson 95%, environment-seed episodes",
vision_seed0_bc,primary,44,ood,full_episode_peak_normal_N,continuous,,10,10.167543649673462,6.19523552775383,14.446387578248977,whole-environment-seed bootstrap 95%,
vision_seed0_bc,primary,44,ood,setup_peak_normal_N,continuous,,10,0.0,0.0,0.0,whole-environment-seed bootstrap 95%,
vision_seed0_bc,primary,44,ood,intervention_peak_normal_N,continuous,,10,8.97728214263916,5.119110388755798,13.200970607995986,whole-environment-seed bootstrap 95%,
vision_seed0_bc,primary,44,ood,max_relative_height_m,continuous,,10,0.0,0.0,0.0,whole-environment-seed bootstrap 95%,
vision_seed0_bc,primary,44,ood,native_shaped_return,continuous,,10,43.36295298322987,34.50994246404142,51.569526496324336,whole-environment-seed bootstrap 95%,
vision_seed0_bc,primary,44,ood,native_success_given_setup_within_budget,conditional_binary,0,10,0.0,0.0,0.2775327998628892,"Wilson 95%; explicitly conditioned, not overall success",10
vision_seed0_rl,primary,44,all,sustained_native_success,binary,6,20,0.3,0.1454772448676043,0.5189728183535235,"Wilson 95%, environment-seed episodes",
vision_seed0_rl,primary,44,all,sustained_success_within_force_budget,binary,1,20,0.05,0.008881448800795402,0.23613119344674205,"Wilson 95%, environment-seed episodes",
vision_seed0_rl,primary,44,all,any_native_success,binary,9,20,0.45,0.2581978582556243,0.6579146575496577,"Wilson 95%, environment-seed episodes",
vision_seed0_rl,primary,44,all,final_native_success,binary,1,20,0.05,0.008881448800795402,0.23613119344674205,"Wilson 95%, environment-seed episodes",
vision_seed0_rl,primary,44,all,force_budget_exceeded,binary,16,20,0.8,0.5839825677481064,0.919342337420202,"Wilson 95%, environment-seed episodes",
vision_seed0_rl,primary,44,all,setup_force_budget_exceeded,binary,0,20,0.0,0.0,0.16112515805281938,"Wilson 95%, environment-seed episodes",
vision_seed0_rl,primary,44,all,bilateral_contact_at_takeover,binary,0,20,0.0,0.0,0.16112515805281938,"Wilson 95%, environment-seed episodes",
vision_seed0_rl,primary,44,all,intervention_force_budget_exceeded,binary,16,20,0.8,0.5839825677481064,0.919342337420202,"Wilson 95%, environment-seed episodes",
vision_seed0_rl,primary,44,all,sustained_10cm_lift_success,binary,1,20,0.05,0.008881448800795402,0.23613119344674205,"Wilson 95%, environment-seed episodes",
vision_seed0_rl,primary,44,all,sustained_10cm_lift_within_force_budget,binary,1,20,0.05,0.008881448800795402,0.23613119344674205,"Wilson 95%, environment-seed episodes",
vision_seed0_rl,primary,44,all,full_episode_peak_normal_N,continuous,,20,11.856781244277954,9.951758770346641,13.779120129346845,whole-environment-seed bootstrap 95%,
vision_seed0_rl,primary,44,all,setup_peak_normal_N,continuous,,20,0.0,0.0,0.0,whole-environment-seed bootstrap 95%,
vision_seed0_rl,primary,44,all,intervention_peak_normal_N,continuous,,20,11.473222780227662,9.733461745381355,13.17916556417942,whole-environment-seed bootstrap 95%,
vision_seed0_rl,primary,44,all,max_relative_height_m,continuous,,20,0.028284156951121985,0.013734626669320278,0.04528277626726774,whole-environment-seed bootstrap 95%,
vision_seed0_rl,primary,44,all,native_shaped_return,continuous,,20,35.5119694898916,28.779089266303526,42.8316617707617,whole-environment-seed bootstrap 95%,
vision_seed0_rl,primary,44,all,native_success_given_setup_within_budget,conditional_binary,6,20,0.3,0.1454772448676043,0.5189728183535235,"Wilson 95%; explicitly conditioned, not overall success",20
vision_seed0_rl,primary,44,id,sustained_native_success,binary,6,10,0.6,0.31267376973365824,0.8318196702937638,"Wilson 95%, environment-seed episodes",
vision_seed0_rl,primary,44,id,sustained_success_within_force_budget,binary,1,10,0.1,0.017876213095072896,0.4041500267952385,"Wilson 95%, environment-seed episodes",
vision_seed0_rl,primary,44,id,any_native_success,binary,9,10,0.9,0.5958499732047615,0.9821237869049271,"Wilson 95%, environment-seed episodes",
vision_seed0_rl,primary,44,id,final_native_success,binary,1,10,0.1,0.017876213095072896,0.4041500267952385,"Wilson 95%, environment-seed episodes",
vision_seed0_rl,primary,44,id,force_budget_exceeded,binary,8,10,0.8,0.49016247153664183,0.9433178485456247,"Wilson 95%, environment-seed episodes",
vision_seed0_rl,primary,44,id,setup_force_budget_exceeded,binary,0,10,0.0,0.0,0.2775327998628892,"Wilson 95%, environment-seed episodes",
vision_seed0_rl,primary,44,id,bilateral_contact_at_takeover,binary,0,10,0.0,0.0,0.2775327998628892,"Wilson 95%, environment-seed episodes",
vision_seed0_rl,primary,44,id,intervention_force_budget_exceeded,binary,8,10,0.8,0.49016247153664183,0.9433178485456247,"Wilson 95%, environment-seed episodes",
vision_seed0_rl,primary,44,id,sustained_10cm_lift_success,binary,1,10,0.1,0.017876213095072896,0.4041500267952385,"Wilson 95%, environment-seed episodes",
vision_seed0_rl,primary,44,id,sustained_10cm_lift_within_force_budget,binary,1,10,0.1,0.017876213095072896,0.4041500267952385,"Wilson 95%, environment-seed episodes",
vision_seed0_rl,primary,44,id,full_episode_peak_normal_N,continuous,,10,11.780311727523804,9.006717606782914,14.496613943576813,whole-environment-seed bootstrap 95%,
vision_seed0_rl,primary,44,id,setup_peak_normal_N,continuous,,10,0.0,0.0,0.0,whole-environment-seed bootstrap 95%,
vision_seed0_rl,primary,44,id,intervention_peak_normal_N,continuous,,10,11.77957034111023,9.097370257377625,14.578376297950744,whole-environment-seed bootstrap 95%,
vision_seed0_rl,primary,44,id,max_relative_height_m,continuous,,10,0.05656831390224397,0.03726044840528629,0.0769140248466283,whole-environment-seed bootstrap 95%,
vision_seed0_rl,primary,44,id,native_shaped_return,continuous,,10,39.97854144590304,32.80551514881892,49.04376965075841,whole-environment-seed bootstrap 95%,
vision_seed0_rl,primary,44,id,native_success_given_setup_within_budget,conditional_binary,6,10,0.6,0.31267376973365824,0.8318196702937638,"Wilson 95%; explicitly conditioned, not overall success",10
vision_seed0_rl,primary,44,ood,sustained_native_success,binary,0,10,0.0,0.0,0.2775327998628892,"Wilson 95%, environment-seed episodes",
vision_seed0_rl,primary,44,ood,sustained_success_within_force_budget,binary,0,10,0.0,0.0,0.2775327998628892,"Wilson 95%, environment-seed episodes",
vision_seed0_rl,primary,44,ood,any_native_success,binary,0,10,0.0,0.0,0.2775327998628892,"Wilson 95%, environment-seed episodes",
vision_seed0_rl,primary,44,ood,final_native_success,binary,0,10,0.0,0.0,0.2775327998628892,"Wilson 95%, environment-seed episodes",
vision_seed0_rl,primary,44,ood,force_budget_exceeded,binary,8,10,0.8,0.49016247153664183,0.9433178485456247,"Wilson 95%, environment-seed episodes",
vision_seed0_rl,primary,44,ood,setup_force_budget_exceeded,binary,0,10,0.0,0.0,0.2775327998628892,"Wilson 95%, environment-seed episodes",
vision_seed0_rl,primary,44,ood,bilateral_contact_at_takeover,binary,0,10,0.0,0.0,0.2775327998628892,"Wilson 95%, environment-seed episodes",
vision_seed0_rl,primary,44,ood,intervention_force_budget_exceeded,binary,8,10,0.8,0.49016247153664183,0.9433178485456247,"Wilson 95%, environment-seed episodes",
vision_seed0_rl,primary,44,ood,sustained_10cm_lift_success,binary,0,10,0.0,0.0,0.2775327998628892,"Wilson 95%, environment-seed episodes",
vision_seed0_rl,primary,44,ood,sustained_10cm_lift_within_force_budget,binary,0,10,0.0,0.0,0.2775327998628892,"Wilson 95%, environment-seed episodes",
vision_seed0_rl,primary,44,ood,full_episode_peak_normal_N,continuous,,10,11.933250761032104,9.382994873523712,14.490812911987303,whole-environment-seed bootstrap 95%,
vision_seed0_rl,primary,44,ood,setup_peak_normal_N,continuous,,10,0.0,0.0,0.0,whole-environment-seed bootstrap 95%,
vision_seed0_rl,primary,44,ood,intervention_peak_normal_N,continuous,,10,11.166875219345092,8.98704610466957,13.356825431585309,whole-environment-seed bootstrap 95%,
vision_seed0_rl,primary,44,ood,max_relative_height_m,continuous,,10,0.0,0.0,0.0,whole-environment-seed bootstrap 95%,
vision_seed0_rl,primary,44,ood,native_shaped_return,continuous,,10,31.045397533880156,20.57665868424962,41.828969403774444,whole-environment-seed bootstrap 95%,
vision_seed0_rl,primary,44,ood,native_success_given_setup_within_budget,conditional_binary,0,10,0.0,0.0,0.2775327998628892,"Wilson 95%; explicitly conditioned, not overall success",10
vision_seed1_bc,primary,44,all,sustained_native_success,binary,2,20,0.1,0.027866481213768224,0.3010336452284873,"Wilson 95%, environment-seed episodes",
vision_seed1_bc,primary,44,all,sustained_success_within_force_budget,binary,1,20,0.05,0.008881448800795402,0.23613119344674205,"Wilson 95%, environment-seed episodes",
vision_seed1_bc,primary,44,all,any_native_success,binary,5,20,0.25,0.11186170140766569,0.468700877618744,"Wilson 95%, environment-seed episodes",
vision_seed1_bc,primary,44,all,final_native_success,binary,4,20,0.2,0.08065766257979806,0.41601743225189364,"Wilson 95%, environment-seed episodes",
vision_seed1_bc,primary,44,all,force_budget_exceeded,binary,9,20,0.45,0.2581978582556243,0.6579146575496577,"Wilson 95%, environment-seed episodes",
vision_seed1_bc,primary,44,all,setup_force_budget_exceeded,binary,0,20,0.0,0.0,0.16112515805281938,"Wilson 95%, environment-seed episodes",
vision_seed1_bc,primary,44,all,bilateral_contact_at_takeover,binary,0,20,0.0,0.0,0.16112515805281938,"Wilson 95%, environment-seed episodes",
vision_seed1_bc,primary,44,all,intervention_force_budget_exceeded,binary,9,20,0.45,0.2581978582556243,0.6579146575496577,"Wilson 95%, environment-seed episodes",
vision_seed1_bc,primary,44,all,sustained_10cm_lift_success,binary,2,20,0.1,0.027866481213768224,0.3010336452284873,"Wilson 95%, environment-seed episodes",
vision_seed1_bc,primary,44,all,sustained_10cm_lift_within_force_budget,binary,1,20,0.05,0.008881448800795402,0.23613119344674205,"Wilson 95%, environment-seed episodes",
vision_seed1_bc,primary,44,all,full_episode_peak_normal_N,continuous,,20,8.157918858528138,4.746956289112568,11.454587428271768,whole-environment-seed bootstrap 95%,
vision_seed1_bc,primary,44,all,setup_peak_normal_N,continuous,,20,0.0,0.0,0.0,whole-environment-seed bootstrap 95%,
vision_seed1_bc,primary,44,all,intervention_peak_normal_N,continuous,,20,7.805784845352173,4.767749930918217,11.211590181589125,whole-environment-seed bootstrap 95%,
vision_seed1_bc,primary,44,all,max_relative_height_m,continuous,,20,0.024691632017493248,0.005908392183482647,0.04857729936949909,whole-environment-seed bootstrap 95%,
vision_seed1_bc,primary,44,all,native_shaped_return,continuous,,20,47.41236690079343,38.49551294810003,57.06017727637771,whole-environment-seed bootstrap 95%,
vision_seed1_bc,primary,44,all,native_success_given_setup_within_budget,conditional_binary,2,20,0.1,0.027866481213768224,0.3010336452284873,"Wilson 95%; explicitly conditioned, not overall success",20
vision_seed1_bc,primary,44,id,sustained_native_success,binary,2,10,0.2,0.05668215145437519,0.5098375284633583,"Wilson 95%, environment-seed episodes",
vision_seed1_bc,primary,44,id,sustained_success_within_force_budget,binary,1,10,0.1,0.017876213095072896,0.4041500267952385,"Wilson 95%, environment-seed episodes",
vision_seed1_bc,primary,44,id,any_native_success,binary,5,10,0.5,0.236593090512564,0.7634069094874361,"Wilson 95%, environment-seed episodes",
vision_seed1_bc,primary,44,id,final_native_success,binary,4,10,0.4,0.16818032970623614,0.6873262302663417,"Wilson 95%, environment-seed episodes",
vision_seed1_bc,primary,44,id,force_budget_exceeded,binary,4,10,0.4,0.16818032970623614,0.6873262302663417,"Wilson 95%, environment-seed episodes",
vision_seed1_bc,primary,44,id,setup_force_budget_exceeded,binary,0,10,0.0,0.0,0.2775327998628892,"Wilson 95%, environment-seed episodes",
vision_seed1_bc,primary,44,id,bilateral_contact_at_takeover,binary,0,10,0.0,0.0,0.2775327998628892,"Wilson 95%, environment-seed episodes",
vision_seed1_bc,primary,44,id,intervention_force_budget_exceeded,binary,4,10,0.4,0.16818032970623614,0.6873262302663417,"Wilson 95%, environment-seed episodes",
vision_seed1_bc,primary,44,id,sustained_10cm_lift_success,binary,2,10,0.2,0.05668215145437519,0.5098375284633583,"Wilson 95%, environment-seed episodes",
vision_seed1_bc,primary,44,id,sustained_10cm_lift_within_force_budget,binary,1,10,0.1,0.017876213095072896,0.4041500267952385,"Wilson 95%, environment-seed episodes",
vision_seed1_bc,primary,44,id,full_episode_peak_normal_N,continuous,,10,6.58011474609375,2.140606427192688,11.62502750456333,whole-environment-seed bootstrap 95%,
vision_seed1_bc,primary,44,id,setup_peak_normal_N,continuous,,10,0.0,0.0,0.0,whole-environment-seed bootstrap 95%,
vision_seed1_bc,primary,44,id,intervention_peak_normal_N,continuous,,10,6.579988813400268,2.15502728164196,11.216928473114967,whole-environment-seed bootstrap 95%,
vision_seed1_bc,primary,44,id,max_relative_height_m,continuous,,10,0.049383264034986496,0.01292444775812328,0.09074183951131999,whole-environment-seed bootstrap 95%,
vision_seed1_bc,primary,44,id,native_shaped_return,continuous,,10,51.84319701716656,35.58407807238912,68.29982301962491,whole-environment-seed bootstrap 95%,
vision_seed1_bc,primary,44,id,native_success_given_setup_within_budget,conditional_binary,2,10,0.2,0.05668215145437519,0.5098375284633583,"Wilson 95%; explicitly conditioned, not overall success",10
vision_seed1_bc,primary,44,ood,sustained_native_success,binary,0,10,0.0,0.0,0.2775327998628892,"Wilson 95%, environment-seed episodes",
vision_seed1_bc,primary,44,ood,sustained_success_within_force_budget,binary,0,10,0.0,0.0,0.2775327998628892,"Wilson 95%, environment-seed episodes",
vision_seed1_bc,primary,44,ood,any_native_success,binary,0,10,0.0,0.0,0.2775327998628892,"Wilson 95%, environment-seed episodes",
vision_seed1_bc,primary,44,ood,final_native_success,binary,0,10,0.0,0.0,0.2775327998628892,"Wilson 95%, environment-seed episodes",
vision_seed1_bc,primary,44,ood,force_budget_exceeded,binary,5,10,0.5,0.236593090512564,0.7634069094874361,"Wilson 95%, environment-seed episodes",
vision_seed1_bc,primary,44,ood,setup_force_budget_exceeded,binary,0,10,0.0,0.0,0.2775327998628892,"Wilson 95%, environment-seed episodes",
vision_seed1_bc,primary,44,ood,bilateral_contact_at_takeover,binary,0,10,0.0,0.0,0.2775327998628892,"Wilson 95%, environment-seed episodes",
vision_seed1_bc,primary,44,ood,intervention_force_budget_exceeded,binary,5,10,0.5,0.236593090512564,0.7634069094874361,"Wilson 95%, environment-seed episodes",
vision_seed1_bc,primary,44,ood,sustained_10cm_lift_success,binary,0,10,0.0,0.0,0.2775327998628892,"Wilson 95%, environment-seed episodes",
vision_seed1_bc,primary,44,ood,sustained_10cm_lift_within_force_budget,binary,0,10,0.0,0.0,0.2775327998628892,"Wilson 95%, environment-seed episodes",
vision_seed1_bc,primary,44,ood,full_episode_peak_normal_N,continuous,,10,9.735722970962524,5.580595275163651,14.529254497289655,whole-environment-seed bootstrap 95%,
vision_seed1_bc,primary,44,ood,setup_peak_normal_N,continuous,,10,0.0,0.0,0.0,whole-environment-seed bootstrap 95%,
vision_seed1_bc,primary,44,ood,intervention_peak_normal_N,continuous,,10,9.031580877304076,5.210650945901871,13.239891139268872,whole-environment-seed bootstrap 95%,
vision_seed1_bc,primary,44,ood,max_relative_height_m,continuous,,10,0.0,0.0,0.0,whole-environment-seed bootstrap 95%,
vision_seed1_bc,primary,44,ood,native_shaped_return,continuous,,10,42.9815367844203,35.44564988242441,50.9263712163831,whole-environment-seed bootstrap 95%,
vision_seed1_bc,primary,44,ood,native_success_given_setup_within_budget,conditional_binary,0,10,0.0,0.0,0.2775327998628892,"Wilson 95%; explicitly conditioned, not overall success",10
vision_seed1_rl,primary,44,all,sustained_native_success,binary,4,20,0.2,0.08065766257979806,0.41601743225189364,"Wilson 95%, environment-seed episodes",
vision_seed1_rl,primary,44,all,sustained_success_within_force_budget,binary,1,20,0.05,0.008881448800795402,0.23613119344674205,"Wilson 95%, environment-seed episodes",
vision_seed1_rl,primary,44,all,any_native_success,binary,9,20,0.45,0.2581978582556243,0.6579146575496577,"Wilson 95%, environment-seed episodes",
vision_seed1_rl,primary,44,all,final_native_success,binary,4,20,0.2,0.08065766257979806,0.41601743225189364,"Wilson 95%, environment-seed episodes",
vision_seed1_rl,primary,44,all,force_budget_exceeded,binary,17,20,0.85,0.6395811352592431,0.9476312541037835,"Wilson 95%, environment-seed episodes",
vision_seed1_rl,primary,44,all,setup_force_budget_exceeded,binary,0,20,0.0,0.0,0.16112515805281938,"Wilson 95%, environment-seed episodes",
vision_seed1_rl,primary,44,all,bilateral_contact_at_takeover,binary,0,20,0.0,0.0,0.16112515805281938,"Wilson 95%, environment-seed episodes",
vision_seed1_rl,primary,44,all,intervention_force_budget_exceeded,binary,16,20,0.8,0.5839825677481064,0.919342337420202,"Wilson 95%, environment-seed episodes",
vision_seed1_rl,primary,44,all,sustained_10cm_lift_success,binary,1,20,0.05,0.008881448800795402,0.23613119344674205,"Wilson 95%, environment-seed episodes",
vision_seed1_rl,primary,44,all,sustained_10cm_lift_within_force_budget,binary,1,20,0.05,0.008881448800795402,0.23613119344674205,"Wilson 95%, environment-seed episodes",
vision_seed1_rl,primary,44,all,full_episode_peak_normal_N,continuous,,20,13.367073822021485,10.88805827319622,15.70053061544895,whole-environment-seed bootstrap 95%,
vision_seed1_rl,primary,44,all,setup_peak_normal_N,continuous,,20,0.0,0.0,0.0,whole-environment-seed bootstrap 95%,
vision_seed1_rl,primary,44,all,intervention_peak_normal_N,continuous,,20,12.811848711967468,10.483614729642868,15.142692965269084,whole-environment-seed bootstrap 95%,
vision_seed1_rl,primary,44,all,max_relative_height_m,continuous,,20,0.02917398179706652,0.0141150062228553,0.04644816297572101,whole-environment-seed bootstrap 95%,
vision_seed1_rl,primary,44,all,native_shaped_return,continuous,,20,52.365493855985484,46.18485157739776,58.25434229282162,whole-environment-seed bootstrap 95%,
vision_seed1_rl,primary,44,all,native_success_given_setup_within_budget,conditional_binary,4,20,0.2,0.08065766257979806,0.41601743225189364,"Wilson 95%; explicitly conditioned, not overall success",20
vision_seed1_rl,primary,44,id,sustained_native_success,binary,4,10,0.4,0.16818032970623614,0.6873262302663417,"Wilson 95%, environment-seed episodes",
vision_seed1_rl,primary,44,id,sustained_success_within_force_budget,binary,1,10,0.1,0.017876213095072896,0.4041500267952385,"Wilson 95%, environment-seed episodes",
vision_seed1_rl,primary,44,id,any_native_success,binary,9,10,0.9,0.5958499732047615,0.9821237869049271,"Wilson 95%, environment-seed episodes",
vision_seed1_rl,primary,44,id,final_native_success,binary,4,10,0.4,0.16818032970623614,0.6873262302663417,"Wilson 95%, environment-seed episodes",
vision_seed1_rl,primary,44,id,force_budget_exceeded,binary,9,10,0.9,0.5958499732047615,0.9821237869049271,"Wilson 95%, environment-seed episodes",
vision_seed1_rl,primary,44,id,setup_force_budget_exceeded,binary,0,10,0.0,0.0,0.2775327998628892,"Wilson 95%, environment-seed episodes",
vision_seed1_rl,primary,44,id,bilateral_contact_at_takeover,binary,0,10,0.0,0.0,0.2775327998628892,"Wilson 95%, environment-seed episodes",
vision_seed1_rl,primary,44,id,intervention_force_budget_exceeded,binary,8,10,0.8,0.49016247153664183,0.9433178485456247,"Wilson 95%, environment-seed episodes",
vision_seed1_rl,primary,44,id,sustained_10cm_lift_success,binary,1,10,0.1,0.017876213095072896,0.4041500267952385,"Wilson 95%, environment-seed episodes",
vision_seed1_rl,primary,44,id,sustained_10cm_lift_within_force_budget,binary,1,10,0.1,0.017876213095072896,0.4041500267952385,"Wilson 95%, environment-seed episodes",
vision_seed1_rl,primary,44,id,full_episode_peak_normal_N,continuous,,10,13.72265329360962,10.201549384593964,16.941752941608424,whole-environment-seed bootstrap 95%,
vision_seed1_rl,primary,44,id,setup_peak_normal_N,continuous,,10,0.0,0.0,0.0,whole-environment-seed bootstrap 95%,
vision_seed1_rl,primary,44,id,intervention_peak_normal_N,continuous,,10,13.282878589630126,9.411480870246887,16.690538940429686,whole-environment-seed bootstrap 95%,
vision_seed1_rl,primary,44,id,max_relative_height_m,continuous,,10,0.05834796359413304,0.040498702507611596,0.07864887554198499,whole-environment-seed bootstrap 95%,
vision_seed1_rl,primary,44,id,native_shaped_return,continuous,,10,56.832442551152155,47.678562756493065,65.6263421429185,whole-environment-seed bootstrap 95%,
vision_seed1_rl,primary,44,id,native_success_given_setup_within_budget,conditional_binary,4,10,0.4,0.16818032970623614,0.6873262302663417,"Wilson 95%; explicitly conditioned, not overall success",10
vision_seed1_rl,primary,44,ood,sustained_native_success,binary,0,10,0.0,0.0,0.2775327998628892,"Wilson 95%, environment-seed episodes",
vision_seed1_rl,primary,44,ood,sustained_success_within_force_budget,binary,0,10,0.0,0.0,0.2775327998628892,"Wilson 95%, environment-seed episodes",
vision_seed1_rl,primary,44,ood,any_native_success,binary,0,10,0.0,0.0,0.2775327998628892,"Wilson 95%, environment-seed episodes",
vision_seed1_rl,primary,44,ood,final_native_success,binary,0,10,0.0,0.0,0.2775327998628892,"Wilson 95%, environment-seed episodes",
vision_seed1_rl,primary,44,ood,force_budget_exceeded,binary,8,10,0.8,0.49016247153664183,0.9433178485456247,"Wilson 95%, environment-seed episodes",
vision_seed1_rl,primary,44,ood,setup_force_budget_exceeded,binary,0,10,0.0,0.0,0.2775327998628892,"Wilson 95%, environment-seed episodes",
vision_seed1_rl,primary,44,ood,bilateral_contact_at_takeover,binary,0,10,0.0,0.0,0.2775327998628892,"Wilson 95%, environment-seed episodes",
vision_seed1_rl,primary,44,ood,intervention_force_budget_exceeded,binary,8,10,0.8,0.49016247153664183,0.9433178485456247,"Wilson 95%, environment-seed episodes",
vision_seed1_rl,primary,44,ood,sustained_10cm_lift_success,binary,0,10,0.0,0.0,0.2775327998628892,"Wilson 95%, environment-seed episodes",
vision_seed1_rl,primary,44,ood,sustained_10cm_lift_within_force_budget,binary,0,10,0.0,0.0,0.2775327998628892,"Wilson 95%, environment-seed episodes",
vision_seed1_rl,primary,44,ood,full_episode_peak_normal_N,continuous,,10,13.011494350433349,9.709714847803117,16.575184322595593,whole-environment-seed bootstrap 95%,
vision_seed1_rl,primary,44,ood,setup_peak_normal_N,continuous,,10,0.0,0.0,0.0,whole-environment-seed bootstrap 95%,
vision_seed1_rl,primary,44,ood,intervention_peak_normal_N,continuous,,10,12.340818834304809,9.594517850875855,15.250716364383695,whole-environment-seed bootstrap 95%,
vision_seed1_rl,primary,44,ood,max_relative_height_m,continuous,,10,0.0,0.0,0.0,whole-environment-seed bootstrap 95%,
vision_seed1_rl,primary,44,ood,native_shaped_return,continuous,,10,47.89854516081881,41.27815306913706,54.92508348486399,whole-environment-seed bootstrap 95%,
vision_seed1_rl,primary,44,ood,native_success_given_setup_within_budget,conditional_binary,0,10,0.0,0.0,0.2775327998628892,"Wilson 95%; explicitly conditioned, not overall success",10
vision_seed2_bc,primary,44,all,sustained_native_success,binary,4,20,0.2,0.08065766257979806,0.41601743225189364,"Wilson 95%, environment-seed episodes",
vision_seed2_bc,primary,44,all,sustained_success_within_force_budget,binary,1,20,0.05,0.008881448800795402,0.23613119344674205,"Wilson 95%, environment-seed episodes",
vision_seed2_bc,primary,44,all,any_native_success,binary,5,20,0.25,0.11186170140766569,0.468700877618744,"Wilson 95%, environment-seed episodes",
vision_seed2_bc,primary,44,all,final_native_success,binary,5,20,0.25,0.11186170140766569,0.468700877618744,"Wilson 95%, environment-seed episodes",
vision_seed2_bc,primary,44,all,force_budget_exceeded,binary,10,20,0.5,0.2992980081982123,0.7007019918017877,"Wilson 95%, environment-seed episodes",
vision_seed2_bc,primary,44,all,setup_force_budget_exceeded,binary,0,20,0.0,0.0,0.16112515805281938,"Wilson 95%, environment-seed episodes",
vision_seed2_bc,primary,44,all,bilateral_contact_at_takeover,binary,0,20,0.0,0.0,0.16112515805281938,"Wilson 95%, environment-seed episodes",
vision_seed2_bc,primary,44,all,intervention_force_budget_exceeded,binary,10,20,0.5,0.2992980081982123,0.7007019918017877,"Wilson 95%, environment-seed episodes",
vision_seed2_bc,primary,44,all,sustained_10cm_lift_success,binary,4,20,0.2,0.08065766257979806,0.41601743225189364,"Wilson 95%, environment-seed episodes",
vision_seed2_bc,primary,44,all,sustained_10cm_lift_within_force_budget,binary,1,20,0.05,0.008881448800795402,0.23613119344674205,"Wilson 95%, environment-seed episodes",
vision_seed2_bc,primary,44,all,full_episode_peak_normal_N,continuous,,20,8.911193835735322,5.746907679438591,12.363820588588704,whole-environment-seed bootstrap 95%,
vision_seed2_bc,primary,44,all,setup_peak_normal_N,continuous,,20,0.0,0.0,0.0,whole-environment-seed bootstrap 95%,
vision_seed2_bc,primary,44,all,intervention_peak_normal_N,continuous,,20,8.829517078399657,5.744886663556099,12.111399173438548,whole-environment-seed bootstrap 95%,
vision_seed2_bc,primary,44,all,max_relative_height_m,continuous,,20,0.034148852492216976,0.008538220752961933,0.06379056745208796,whole-environment-seed bootstrap 95%,
vision_seed2_bc,primary,44,all,native_shaped_return,continuous,,20,48.38686824122083,37.73170581053487,60.484970334473964,whole-environment-seed bootstrap 95%,
vision_seed2_bc,primary,44,all,native_success_given_setup_within_budget,conditional_binary,4,20,0.2,0.08065766257979806,0.41601743225189364,"Wilson 95%; explicitly conditioned, not overall success",20
vision_seed2_bc,primary,44,id,sustained_native_success,binary,4,10,0.4,0.16818032970623614,0.6873262302663417,"Wilson 95%, environment-seed episodes",
vision_seed2_bc,primary,44,id,sustained_success_within_force_budget,binary,1,10,0.1,0.017876213095072896,0.4041500267952385,"Wilson 95%, environment-seed episodes",
vision_seed2_bc,primary,44,id,any_native_success,binary,5,10,0.5,0.236593090512564,0.7634069094874361,"Wilson 95%, environment-seed episodes",
vision_seed2_bc,primary,44,id,final_native_success,binary,5,10,0.5,0.236593090512564,0.7634069094874361,"Wilson 95%, environment-seed episodes",
vision_seed2_bc,primary,44,id,force_budget_exceeded,binary,4,10,0.4,0.16818032970623614,0.6873262302663417,"Wilson 95%, environment-seed episodes",
vision_seed2_bc,primary,44,id,setup_force_budget_exceeded,binary,0,10,0.0,0.0,0.2775327998628892,"Wilson 95%, environment-seed episodes",
vision_seed2_bc,primary,44,id,bilateral_contact_at_takeover,binary,0,10,0.0,0.0,0.2775327998628892,"Wilson 95%, environment-seed episodes",
vision_seed2_bc,primary,44,id,intervention_force_budget_exceeded,binary,4,10,0.4,0.16818032970623614,0.6873262302663417,"Wilson 95%, environment-seed episodes",
vision_seed2_bc,primary,44,id,sustained_10cm_lift_success,binary,4,10,0.4,0.16818032970623614,0.6873262302663417,"Wilson 95%, environment-seed episodes",
vision_seed2_bc,primary,44,id,sustained_10cm_lift_within_force_budget,binary,1,10,0.1,0.017876213095072896,0.4041500267952385,"Wilson 95%, environment-seed episodes",
vision_seed2_bc,primary,44,id,full_episode_peak_normal_N,continuous,,10,8.138980078697205,2.937110540866852,13.57825345277786,whole-environment-seed bootstrap 95%,
vision_seed2_bc,primary,44,id,setup_peak_normal_N,continuous,,10,0.0,0.0,0.0,whole-environment-seed bootstrap 95%,
vision_seed2_bc,primary,44,id,intervention_peak_normal_N,continuous,,10,7.9756265640258786,3.0359848201274873,13.351999387145035,whole-environment-seed bootstrap 95%,
vision_seed2_bc,primary,44,id,max_relative_height_m,continuous,,10,0.06791681572794914,0.02166677638888359,0.1141668550670147,whole-environment-seed bootstrap 95%,
vision_seed2_bc,primary,44,id,native_shaped_return,continuous,,10,60.607143185300956,39.98865960698498,81.35630494407211,whole-environment-seed bootstrap 95%,
vision_seed2_bc,primary,44,id,native_success_given_setup_within_budget,conditional_binary,4,10,0.4,0.16818032970623614,0.6873262302663417,"Wilson 95%; explicitly conditioned, not overall success",10
vision_seed2_bc,primary,44,ood,sustained_native_success,binary,0,10,0.0,0.0,0.2775327998628892,"Wilson 95%, environment-seed episodes",
vision_seed2_bc,primary,44,ood,sustained_success_within_force_budget,binary,0,10,0.0,0.0,0.2775327998628892,"Wilson 95%, environment-seed episodes",
vision_seed2_bc,primary,44,ood,any_native_success,binary,0,10,0.0,0.0,0.2775327998628892,"Wilson 95%, environment-seed episodes",
vision_seed2_bc,primary,44,ood,final_native_success,binary,0,10,0.0,0.0,0.2775327998628892,"Wilson 95%, environment-seed episodes",
vision_seed2_bc,primary,44,ood,force_budget_exceeded,binary,6,10,0.6,0.31267376973365824,0.8318196702937638,"Wilson 95%, environment-seed episodes",
vision_seed2_bc,primary,44,ood,setup_force_budget_exceeded,binary,0,10,0.0,0.0,0.2775327998628892,"Wilson 95%, environment-seed episodes",
vision_seed2_bc,primary,44,ood,bilateral_contact_at_takeover,binary,0,10,0.0,0.0,0.2775327998628892,"Wilson 95%, environment-seed episodes",
vision_seed2_bc,primary,44,ood,intervention_force_budget_exceeded,binary,6,10,0.6,0.31267376973365824,0.8318196702937638,"Wilson 95%, environment-seed episodes",
vision_seed2_bc,primary,44,ood,sustained_10cm_lift_success,binary,0,10,0.0,0.0,0.2775327998628892,"Wilson 95%, environment-seed episodes",
vision_seed2_bc,primary,44,ood,sustained_10cm_lift_within_force_budget,binary,0,10,0.0,0.0,0.2775327998628892,"Wilson 95%, environment-seed episodes",
vision_seed2_bc,primary,44,ood,full_episode_peak_normal_N,continuous,,10,9.683407592773438,5.962645311355591,13.644714766740798,whole-environment-seed bootstrap 95%,
vision_seed2_bc,primary,44,ood,setup_peak_normal_N,continuous,,10,0.0,0.0,0.0,whole-environment-seed bootstrap 95%,
vision_seed2_bc,primary,44,ood,intervention_peak_normal_N,continuous,,10,9.683407592773438,6.045311450958252,13.537977269887916,whole-environment-seed bootstrap 95%,
vision_seed2_bc,primary,44,ood,max_relative_height_m,continuous,,10,0.0003808892564848065,0.0,0.0011426677694544197,whole-environment-seed bootstrap 95%,
vision_seed2_bc,primary,44,ood,native_shaped_return,continuous,,10,36.16659329714069,32.73858760648803,40.29363267930839,whole-environment-seed bootstrap 95%,
vision_seed2_bc,primary,44,ood,native_success_given_setup_within_budget,conditional_binary,0,10,0.0,0.0,0.2775327998628892,"Wilson 95%; explicitly conditioned, not overall success",10
vision_seed2_rl,primary,44,all,sustained_native_success,binary,6,20,0.3,0.1454772448676043,0.5189728183535235,"Wilson 95%, environment-seed episodes",
vision_seed2_rl,primary,44,all,sustained_success_within_force_budget,binary,1,20,0.05,0.008881448800795402,0.23613119344674205,"Wilson 95%, environment-seed episodes",
vision_seed2_rl,primary,44,all,any_native_success,binary,9,20,0.45,0.2581978582556243,0.6579146575496577,"Wilson 95%, environment-seed episodes",
vision_seed2_rl,primary,44,all,final_native_success,binary,2,20,0.1,0.027866481213768224,0.3010336452284873,"Wilson 95%, environment-seed episodes",
vision_seed2_rl,primary,44,all,force_budget_exceeded,binary,17,20,0.85,0.6395811352592431,0.9476312541037835,"Wilson 95%, environment-seed episodes",
vision_seed2_rl,primary,44,all,setup_force_budget_exceeded,binary,0,20,0.0,0.0,0.16112515805281938,"Wilson 95%, environment-seed episodes",
vision_seed2_rl,primary,44,all,bilateral_contact_at_takeover,binary,0,20,0.0,0.0,0.16112515805281938,"Wilson 95%, environment-seed episodes",
vision_seed2_rl,primary,44,all,intervention_force_budget_exceeded,binary,17,20,0.85,0.6395811352592431,0.9476312541037835,"Wilson 95%, environment-seed episodes",
vision_seed2_rl,primary,44,all,sustained_10cm_lift_success,binary,2,20,0.1,0.027866481213768224,0.3010336452284873,"Wilson 95%, environment-seed episodes",
vision_seed2_rl,primary,44,all,sustained_10cm_lift_within_force_budget,binary,1,20,0.05,0.008881448800795402,0.23613119344674205,"Wilson 95%, environment-seed episodes",
vision_seed2_rl,primary,44,all,full_episode_peak_normal_N,continuous,,20,12.130737388134003,10.188738761246205,14.257521720528603,whole-environment-seed bootstrap 95%,
vision_seed2_rl,primary,44,all,setup_peak_normal_N,continuous,,20,0.0,0.0,0.0,whole-environment-seed bootstrap 95%,
vision_seed2_rl,primary,44,all,intervention_peak_normal_N,continuous,,20,12.130737388134003,10.23179856777191,14.292379156351089,whole-environment-seed bootstrap 95%,
vision_seed2_rl,primary,44,all,max_relative_height_m,continuous,,20,0.050783259538729905,0.021344864878938098,0.09029926976016213,whole-environment-seed bootstrap 95%,
vision_seed2_rl,primary,44,all,native_shaped_return,continuous,,20,35.38810444368267,26.48906744070837,47.403988447136285,whole-environment-seed bootstrap 95%,
vision_seed2_rl,primary,44,all,native_success_given_setup_within_budget,conditional_binary,6,20,0.3,0.1454772448676043,0.5189728183535235,"Wilson 95%; explicitly conditioned, not overall success",20
vision_seed2_rl,primary,44,id,sustained_native_success,binary,6,10,0.6,0.31267376973365824,0.8318196702937638,"Wilson 95%, environment-seed episodes",
vision_seed2_rl,primary,44,id,sustained_success_within_force_budget,binary,1,10,0.1,0.017876213095072896,0.4041500267952385,"Wilson 95%, environment-seed episodes",
vision_seed2_rl,primary,44,id,any_native_success,binary,9,10,0.9,0.5958499732047615,0.9821237869049271,"Wilson 95%, environment-seed episodes",
vision_seed2_rl,primary,44,id,final_native_success,binary,2,10,0.2,0.05668215145437519,0.5098375284633583,"Wilson 95%, environment-seed episodes",
vision_seed2_rl,primary,44,id,force_budget_exceeded,binary,8,10,0.8,0.49016247153664183,0.9433178485456247,"Wilson 95%, environment-seed episodes",
vision_seed2_rl,primary,44,id,setup_force_budget_exceeded,binary,0,10,0.0,0.0,0.2775327998628892,"Wilson 95%, environment-seed episodes",
vision_seed2_rl,primary,44,id,bilateral_contact_at_takeover,binary,0,10,0.0,0.0,0.2775327998628892,"Wilson 95%, environment-seed episodes",
vision_seed2_rl,primary,44,id,intervention_force_budget_exceeded,binary,8,10,0.8,0.49016247153664183,0.9433178485456247,"Wilson 95%, environment-seed episodes",
vision_seed2_rl,primary,44,id,sustained_10cm_lift_success,binary,2,10,0.2,0.05668215145437519,0.5098375284633583,"Wilson 95%, environment-seed episodes",
vision_seed2_rl,primary,44,id,sustained_10cm_lift_within_force_budget,binary,1,10,0.1,0.017876213095072896,0.4041500267952385,"Wilson 95%, environment-seed episodes",
vision_seed2_rl,primary,44,id,full_episode_peak_normal_N,continuous,,10,11.323958659172058,8.826344624757768,13.996746731996536,whole-environment-seed bootstrap 95%,
vision_seed2_rl,primary,44,id,setup_peak_normal_N,continuous,,10,0.0,0.0,0.0,whole-environment-seed bootstrap 95%,
vision_seed2_rl,primary,44,id,intervention_peak_normal_N,continuous,,10,11.323958659172058,8.821045898795129,13.821101760864256,whole-environment-seed bootstrap 95%,
vision_seed2_rl,primary,44,id,max_relative_height_m,continuous,,10,0.10156651907745981,0.053330697079545644,0.15934389581903813,whole-environment-seed bootstrap 95%,
vision_seed2_rl,primary,44,id,native_shaped_return,continuous,,10,47.19153679692336,31.44333182761165,68.96689296566541,whole-environment-seed bootstrap 95%,
vision_seed2_rl,primary,44,id,native_success_given_setup_within_budget,conditional_binary,6,10,0.6,0.31267376973365824,0.8318196702937638,"Wilson 95%; explicitly conditioned, not overall success",10
vision_seed2_rl,primary,44,ood,sustained_native_success,binary,0,10,0.0,0.0,0.2775327998628892,"Wilson 95%, environment-seed episodes",
vision_seed2_rl,primary,44,ood,sustained_success_within_force_budget,binary,0,10,0.0,0.0,0.2775327998628892,"Wilson 95%, environment-seed episodes",
vision_seed2_rl,primary,44,ood,any_native_success,binary,0,10,0.0,0.0,0.2775327998628892,"Wilson 95%, environment-seed episodes",
vision_seed2_rl,primary,44,ood,final_native_success,binary,0,10,0.0,0.0,0.2775327998628892,"Wilson 95%, environment-seed episodes",
vision_seed2_rl,primary,44,ood,force_budget_exceeded,binary,9,10,0.9,0.5958499732047615,0.9821237869049271,"Wilson 95%, environment-seed episodes",
vision_seed2_rl,primary,44,ood,setup_force_budget_exceeded,binary,0,10,0.0,0.0,0.2775327998628892,"Wilson 95%, environment-seed episodes",
vision_seed2_rl,primary,44,ood,bilateral_contact_at_takeover,binary,0,10,0.0,0.0,0.2775327998628892,"Wilson 95%, environment-seed episodes",
vision_seed2_rl,primary,44,ood,intervention_force_budget_exceeded,binary,9,10,0.9,0.5958499732047615,0.9821237869049271,"Wilson 95%, environment-seed episodes",
vision_seed2_rl,primary,44,ood,sustained_10cm_lift_success,binary,0,10,0.0,0.0,0.2775327998628892,"Wilson 95%, environment-seed episodes",
vision_seed2_rl,primary,44,ood,sustained_10cm_lift_within_force_budget,binary,0,10,0.0,0.0,0.2775327998628892,"Wilson 95%, environment-seed episodes",
vision_seed2_rl,primary,44,ood,full_episode_peak_normal_N,continuous,,10,12.937516117095948,9.934972763061523,16.36889004468918,whole-environment-seed bootstrap 95%,
vision_seed2_rl,primary,44,ood,setup_peak_normal_N,continuous,,10,0.0,0.0,0.0,whole-environment-seed bootstrap 95%,
vision_seed2_rl,primary,44,ood,intervention_peak_normal_N,continuous,,10,12.937516117095948,9.933589828014375,16.351065735816952,whole-environment-seed bootstrap 95%,
vision_seed2_rl,primary,44,ood,max_relative_height_m,continuous,,10,0.0,0.0,0.0,whole-environment-seed bootstrap 95%,
vision_seed2_rl,primary,44,ood,native_shaped_return,continuous,,10,23.584672090441988,22.723264024865387,24.382835134339565,whole-environment-seed bootstrap 95%,
vision_seed2_rl,primary,44,ood,native_success_given_setup_within_budget,conditional_binary,0,10,0.0,0.0,0.2775327998628892,"Wilson 95%; explicitly conditioned, not overall success",10
visuotactile_margin_seed0_rl,primary,44,all,sustained_native_success,binary,0,20,0.0,0.0,0.16112515805281938,"Wilson 95%, environment-seed episodes",
visuotactile_margin_seed0_rl,primary,44,all,sustained_success_within_force_budget,binary,0,20,0.0,0.0,0.16112515805281938,"Wilson 95%, environment-seed episodes",
visuotactile_margin_seed0_rl,primary,44,all,any_native_success,binary,1,20,0.05,0.008881448800795402,0.23613119344674205,"Wilson 95%, environment-seed episodes",
visuotactile_margin_seed0_rl,primary,44,all,final_native_success,binary,0,20,0.0,0.0,0.16112515805281938,"Wilson 95%, environment-seed episodes",
visuotactile_margin_seed0_rl,primary,44,all,force_budget_exceeded,binary,0,20,0.0,0.0,0.16112515805281938,"Wilson 95%, environment-seed episodes",
visuotactile_margin_seed0_rl,primary,44,all,setup_force_budget_exceeded,binary,0,20,0.0,0.0,0.16112515805281938,"Wilson 95%, environment-seed episodes",
visuotactile_margin_seed0_rl,primary,44,all,bilateral_contact_at_takeover,binary,0,20,0.0,0.0,0.16112515805281938,"Wilson 95%, environment-seed episodes",
visuotactile_margin_seed0_rl,primary,44,all,intervention_force_budget_exceeded,binary,0,20,0.0,0.0,0.16112515805281938,"Wilson 95%, environment-seed episodes",
visuotactile_margin_seed0_rl,primary,44,all,sustained_10cm_lift_success,binary,0,20,0.0,0.0,0.16112515805281938,"Wilson 95%, environment-seed episodes",
visuotactile_margin_seed0_rl,primary,44,all,sustained_10cm_lift_within_force_budget,binary,0,20,0.0,0.0,0.16112515805281938,"Wilson 95%, environment-seed episodes",
visuotactile_margin_seed0_rl,primary,44,all,full_episode_peak_normal_N,continuous,,20,1.4678390502929688,0.4665071368217468,2.609373145699501,whole-environment-seed bootstrap 95%,
visuotactile_margin_seed0_rl,primary,44,all,setup_peak_normal_N,continuous,,20,0.0,0.0,0.0,whole-environment-seed bootstrap 95%,
visuotactile_margin_seed0_rl,primary,44,all,intervention_peak_normal_N,continuous,,20,1.4678390502929688,0.5075699052214623,2.6219085747003557,whole-environment-seed bootstrap 95%,
visuotactile_margin_seed0_rl,primary,44,all,max_relative_height_m,continuous,,20,0.0019183961674571037,0.0,0.005755188502371311,whole-environment-seed bootstrap 95%,
visuotactile_margin_seed0_rl,primary,44,all,native_shaped_return,continuous,,20,51.20437625488896,50.1580378003939,52.12856558501747,whole-environment-seed bootstrap 95%,
visuotactile_margin_seed0_rl,primary,44,all,native_success_given_setup_within_budget,conditional_binary,0,20,0.0,0.0,0.16112515805281938,"Wilson 95%; explicitly conditioned, not overall success",20
visuotactile_margin_seed0_rl,primary,44,id,sustained_native_success,binary,0,10,0.0,0.0,0.2775327998628892,"Wilson 95%, environment-seed episodes",
visuotactile_margin_seed0_rl,primary,44,id,sustained_success_within_force_budget,binary,0,10,0.0,0.0,0.2775327998628892,"Wilson 95%, environment-seed episodes",
visuotactile_margin_seed0_rl,primary,44,id,any_native_success,binary,1,10,0.1,0.017876213095072896,0.4041500267952385,"Wilson 95%, environment-seed episodes",
visuotactile_margin_seed0_rl,primary,44,id,final_native_success,binary,0,10,0.0,0.0,0.2775327998628892,"Wilson 95%, environment-seed episodes",
visuotactile_margin_seed0_rl,primary,44,id,force_budget_exceeded,binary,0,10,0.0,0.0,0.2775327998628892,"Wilson 95%, environment-seed episodes",
visuotactile_margin_seed0_rl,primary,44,id,setup_force_budget_exceeded,binary,0,10,0.0,0.0,0.2775327998628892,"Wilson 95%, environment-seed episodes",
visuotactile_margin_seed0_rl,primary,44,id,bilateral_contact_at_takeover,binary,0,10,0.0,0.0,0.2775327998628892,"Wilson 95%, environment-seed episodes",
visuotactile_margin_seed0_rl,primary,44,id,intervention_force_budget_exceeded,binary,0,10,0.0,0.0,0.2775327998628892,"Wilson 95%, environment-seed episodes",
visuotactile_margin_seed0_rl,primary,44,id,sustained_10cm_lift_success,binary,0,10,0.0,0.0,0.2775327998628892,"Wilson 95%, environment-seed episodes",
visuotactile_margin_seed0_rl,primary,44,id,sustained_10cm_lift_within_force_budget,binary,0,10,0.0,0.0,0.2775327998628892,"Wilson 95%, environment-seed episodes",
visuotactile_margin_seed0_rl,primary,44,id,full_episode_peak_normal_N,continuous,,10,0.2721346139907837,0.0,0.816403841972351,whole-environment-seed bootstrap 95%,
visuotactile_margin_seed0_rl,primary,44,id,setup_peak_normal_N,continuous,,10,0.0,0.0,0.0,whole-environment-seed bootstrap 95%,
visuotactile_margin_seed0_rl,primary,44,id,intervention_peak_normal_N,continuous,,10,0.2721346139907837,0.0,0.816403841972351,whole-environment-seed bootstrap 95%,
visuotactile_margin_seed0_rl,primary,44,id,max_relative_height_m,continuous,,10,0.0038367923349142074,0.0,0.011510377004742622,whole-environment-seed bootstrap 95%,
visuotactile_margin_seed0_rl,primary,44,id,native_shaped_return,continuous,,10,51.32033557049825,49.78443759156426,52.478507600182716,whole-environment-seed bootstrap 95%,
visuotactile_margin_seed0_rl,primary,44,id,native_success_given_setup_within_budget,conditional_binary,0,10,0.0,0.0,0.2775327998628892,"Wilson 95%; explicitly conditioned, not overall success",10
visuotactile_margin_seed0_rl,primary,44,ood,sustained_native_success,binary,0,10,0.0,0.0,0.2775327998628892,"Wilson 95%, environment-seed episodes",
visuotactile_margin_seed0_rl,primary,44,ood,sustained_success_within_force_budget,binary,0,10,0.0,0.0,0.2775327998628892,"Wilson 95%, environment-seed episodes",
visuotactile_margin_seed0_rl,primary,44,ood,any_native_success,binary,0,10,0.0,0.0,0.2775327998628892,"Wilson 95%, environment-seed episodes",
visuotactile_margin_seed0_rl,primary,44,ood,final_native_success,binary,0,10,0.0,0.0,0.2775327998628892,"Wilson 95%, environment-seed episodes",
visuotactile_margin_seed0_rl,primary,44,ood,force_budget_exceeded,binary,0,10,0.0,0.0,0.2775327998628892,"Wilson 95%, environment-seed episodes",
visuotactile_margin_seed0_rl,primary,44,ood,setup_force_budget_exceeded,binary,0,10,0.0,0.0,0.2775327998628892,"Wilson 95%, environment-seed episodes",
visuotactile_margin_seed0_rl,primary,44,ood,bilateral_contact_at_takeover,binary,0,10,0.0,0.0,0.2775327998628892,"Wilson 95%, environment-seed episodes",
visuotactile_margin_seed0_rl,primary,44,ood,intervention_force_budget_exceeded,binary,0,10,0.0,0.0,0.2775327998628892,"Wilson 95%, environment-seed episodes",
visuotactile_margin_seed0_rl,primary,44,ood,sustained_10cm_lift_success,binary,0,10,0.0,0.0,0.2775327998628892,"Wilson 95%, environment-seed episodes",
visuotactile_margin_seed0_rl,primary,44,ood,sustained_10cm_lift_within_force_budget,binary,0,10,0.0,0.0,0.2775327998628892,"Wilson 95%, environment-seed episodes",
visuotactile_margin_seed0_rl,primary,44,ood,full_episode_peak_normal_N,continuous,,10,2.6635434865951537,1.0514748573303223,4.500745983719826,whole-environment-seed bootstrap 95%,
visuotactile_margin_seed0_rl,primary,44,ood,setup_peak_normal_N,continuous,,10,0.0,0.0,0.0,whole-environment-seed bootstrap 95%,
visuotactile_margin_seed0_rl,primary,44,ood,intervention_peak_normal_N,continuous,,10,2.6635434865951537,0.9864272099733352,4.501093712449072,whole-environment-seed bootstrap 95%,
visuotactile_margin_seed0_rl,primary,44,ood,max_relative_height_m,continuous,,10,0.0,0.0,0.0,whole-environment-seed bootstrap 95%,
visuotactile_margin_seed0_rl,primary,44,ood,native_shaped_return,continuous,,10,51.08841693927967,49.272453086339944,52.370802294503385,whole-environment-seed bootstrap 95%,
visuotactile_margin_seed0_rl,primary,44,ood,native_success_given_setup_within_budget,conditional_binary,0,10,0.0,0.0,0.2775327998628892,"Wilson 95%; explicitly conditioned, not overall success",10
visuotactile_margin_seed1_rl,primary,44,all,sustained_native_success,binary,4,20,0.2,0.08065766257979806,0.41601743225189364,"Wilson 95%, environment-seed episodes",
visuotactile_margin_seed1_rl,primary,44,all,sustained_success_within_force_budget,binary,4,20,0.2,0.08065766257979806,0.41601743225189364,"Wilson 95%, environment-seed episodes",
visuotactile_margin_seed1_rl,primary,44,all,any_native_success,binary,4,20,0.2,0.08065766257979806,0.41601743225189364,"Wilson 95%, environment-seed episodes",
visuotactile_margin_seed1_rl,primary,44,all,final_native_success,binary,3,20,0.15,0.052368745896216595,0.36041886474075696,"Wilson 95%, environment-seed episodes",
visuotactile_margin_seed1_rl,primary,44,all,force_budget_exceeded,binary,5,20,0.25,0.11186170140766569,0.468700877618744,"Wilson 95%, environment-seed episodes",
visuotactile_margin_seed1_rl,primary,44,all,setup_force_budget_exceeded,binary,0,20,0.0,0.0,0.16112515805281938,"Wilson 95%, environment-seed episodes",
visuotactile_margin_seed1_rl,primary,44,all,bilateral_contact_at_takeover,binary,0,20,0.0,0.0,0.16112515805281938,"Wilson 95%, environment-seed episodes",
visuotactile_margin_seed1_rl,primary,44,all,intervention_force_budget_exceeded,binary,5,20,0.25,0.11186170140766569,0.468700877618744,"Wilson 95%, environment-seed episodes",
visuotactile_margin_seed1_rl,primary,44,all,sustained_10cm_lift_success,binary,3,20,0.15,0.052368745896216595,0.36041886474075696,"Wilson 95%, environment-seed episodes",
visuotactile_margin_seed1_rl,primary,44,all,sustained_10cm_lift_within_force_budget,binary,3,20,0.15,0.052368745896216595,0.36041886474075696,"Wilson 95%, environment-seed episodes",
visuotactile_margin_seed1_rl,primary,44,all,full_episode_peak_normal_N,continuous,,20,6.817421561479568,5.364027526527643,8.162902251034975,whole-environment-seed bootstrap 95%,
visuotactile_margin_seed1_rl,primary,44,all,setup_peak_normal_N,continuous,,20,0.0,0.0,0.0,whole-environment-seed bootstrap 95%,
visuotactile_margin_seed1_rl,primary,44,all,intervention_peak_normal_N,continuous,,20,6.721943372488022,5.363518224358558,8.1875145123899,whole-environment-seed bootstrap 95%,
visuotactile_margin_seed1_rl,primary,44,all,max_relative_height_m,continuous,,20,0.06334986088024834,0.008442190027327002,0.1262852159041125,whole-environment-seed bootstrap 95%,
visuotactile_margin_seed1_rl,primary,44,all,native_shaped_return,continuous,,20,53.211898155322615,44.340594946885986,64.19721147344126,whole-environment-seed bootstrap 95%,
visuotactile_margin_seed1_rl,primary,44,all,native_success_given_setup_within_budget,conditional_binary,4,20,0.2,0.08065766257979806,0.41601743225189364,"Wilson 95%; explicitly conditioned, not overall success",20
visuotactile_margin_seed1_rl,primary,44,id,sustained_native_success,binary,4,10,0.4,0.16818032970623614,0.6873262302663417,"Wilson 95%, environment-seed episodes",
visuotactile_margin_seed1_rl,primary,44,id,sustained_success_within_force_budget,binary,4,10,0.4,0.16818032970623614,0.6873262302663417,"Wilson 95%, environment-seed episodes",
visuotactile_margin_seed1_rl,primary,44,id,any_native_success,binary,4,10,0.4,0.16818032970623614,0.6873262302663417,"Wilson 95%, environment-seed episodes",
visuotactile_margin_seed1_rl,primary,44,id,final_native_success,binary,3,10,0.3,0.10779126740630099,0.6032218525388546,"Wilson 95%, environment-seed episodes",
visuotactile_margin_seed1_rl,primary,44,id,force_budget_exceeded,binary,2,10,0.2,0.05668215145437519,0.5098375284633583,"Wilson 95%, environment-seed episodes",
visuotactile_margin_seed1_rl,primary,44,id,setup_force_budget_exceeded,binary,0,10,0.0,0.0,0.2775327998628892,"Wilson 95%, environment-seed episodes",
visuotactile_margin_seed1_rl,primary,44,id,bilateral_contact_at_takeover,binary,0,10,0.0,0.0,0.2775327998628892,"Wilson 95%, environment-seed episodes",
visuotactile_margin_seed1_rl,primary,44,id,intervention_force_budget_exceeded,binary,2,10,0.2,0.05668215145437519,0.5098375284633583,"Wilson 95%, environment-seed episodes",
visuotactile_margin_seed1_rl,primary,44,id,sustained_10cm_lift_success,binary,3,10,0.3,0.10779126740630099,0.6032218525388546,"Wilson 95%, environment-seed episodes",
visuotactile_margin_seed1_rl,primary,44,id,sustained_10cm_lift_within_force_budget,binary,3,10,0.3,0.10779126740630099,0.6032218525388546,"Wilson 95%, environment-seed episodes",
visuotactile_margin_seed1_rl,primary,44,id,full_episode_peak_normal_N,continuous,,10,6.003956687450409,4.168513415753841,7.955424851179123,whole-environment-seed bootstrap 95%,
visuotactile_margin_seed1_rl,primary,44,id,setup_peak_normal_N,continuous,,10,0.0,0.0,0.0,whole-environment-seed bootstrap 95%,
visuotactile_margin_seed1_rl,primary,44,id,intervention_peak_normal_N,continuous,,10,5.8130003094673155,3.9421515917778014,7.766980669200417,whole-environment-seed bootstrap 95%,
visuotactile_margin_seed1_rl,primary,44,id,max_relative_height_m,continuous,,10,0.12669972176049668,0.02374583443944175,0.23967821774056458,whole-environment-seed bootstrap 95%,
visuotactile_margin_seed1_rl,primary,44,id,native_shaped_return,continuous,,10,63.132325286446985,46.80138557553227,81.57775976753811,whole-environment-seed bootstrap 95%,
visuotactile_margin_seed1_rl,primary,44,id,native_success_given_setup_within_budget,conditional_binary,4,10,0.4,0.16818032970623614,0.6873262302663417,"Wilson 95%; explicitly conditioned, not overall success",10
visuotactile_margin_seed1_rl,primary,44,ood,sustained_native_success,binary,0,10,0.0,0.0,0.2775327998628892,"Wilson 95%, environment-seed episodes",
visuotactile_margin_seed1_rl,primary,44,ood,sustained_success_within_force_budget,binary,0,10,0.0,0.0,0.2775327998628892,"Wilson 95%, environment-seed episodes",
visuotactile_margin_seed1_rl,primary,44,ood,any_native_success,binary,0,10,0.0,0.0,0.2775327998628892,"Wilson 95%, environment-seed episodes",
visuotactile_margin_seed1_rl,primary,44,ood,final_native_success,binary,0,10,0.0,0.0,0.2775327998628892,"Wilson 95%, environment-seed episodes",
visuotactile_margin_seed1_rl,primary,44,ood,force_budget_exceeded,binary,3,10,0.3,0.10779126740630099,0.6032218525388546,"Wilson 95%, environment-seed episodes",
visuotactile_margin_seed1_rl,primary,44,ood,setup_force_budget_exceeded,binary,0,10,0.0,0.0,0.2775327998628892,"Wilson 95%, environment-seed episodes",
visuotactile_margin_seed1_rl,primary,44,ood,bilateral_contact_at_takeover,binary,0,10,0.0,0.0,0.2775327998628892,"Wilson 95%, environment-seed episodes",
visuotactile_margin_seed1_rl,primary,44,ood,intervention_force_budget_exceeded,binary,3,10,0.3,0.10779126740630099,0.6032218525388546,"Wilson 95%, environment-seed episodes",
visuotactile_margin_seed1_rl,primary,44,ood,sustained_10cm_lift_success,binary,0,10,0.0,0.0,0.2775327998628892,"Wilson 95%, environment-seed episodes",
visuotactile_margin_seed1_rl,primary,44,ood,sustained_10cm_lift_within_force_budget,binary,0,10,0.0,0.0,0.2775327998628892,"Wilson 95%, environment-seed episodes",
visuotactile_margin_seed1_rl,primary,44,ood,full_episode_peak_normal_N,continuous,,10,7.630886435508728,5.6727294909954065,9.527807148694992,whole-environment-seed bootstrap 95%,
visuotactile_margin_seed1_rl,primary,44,ood,setup_peak_normal_N,continuous,,10,0.0,0.0,0.0,whole-environment-seed bootstrap 95%,
visuotactile_margin_seed1_rl,primary,44,ood,intervention_peak_normal_N,continuous,,10,7.630886435508728,5.664875127673149,9.51021156609058,whole-environment-seed bootstrap 95%,
visuotactile_margin_seed1_rl,primary,44,ood,max_relative_height_m,continuous,,10,0.0,0.0,0.0,whole-environment-seed bootstrap 95%,
visuotactile_margin_seed1_rl,primary,44,ood,native_shaped_return,continuous,,10,43.291471024198245,41.87026526989348,45.4992660664787,whole-environment-seed bootstrap 95%,
visuotactile_margin_seed1_rl,primary,44,ood,native_success_given_setup_within_budget,conditional_binary,0,10,0.0,0.0,0.2775327998628892,"Wilson 95%; explicitly conditioned, not overall success",10
visuotactile_margin_seed2_rl,primary,44,all,sustained_native_success,binary,0,20,0.0,0.0,0.16112515805281938,"Wilson 95%, environment-seed episodes",
visuotactile_margin_seed2_rl,primary,44,all,sustained_success_within_force_budget,binary,0,20,0.0,0.0,0.16112515805281938,"Wilson 95%, environment-seed episodes",
visuotactile_margin_seed2_rl,primary,44,all,any_native_success,binary,0,20,0.0,0.0,0.16112515805281938,"Wilson 95%, environment-seed episodes",
visuotactile_margin_seed2_rl,primary,44,all,final_native_success,binary,0,20,0.0,0.0,0.16112515805281938,"Wilson 95%, environment-seed episodes",
visuotactile_margin_seed2_rl,primary,44,all,force_budget_exceeded,binary,0,20,0.0,0.0,0.16112515805281938,"Wilson 95%, environment-seed episodes",
visuotactile_margin_seed2_rl,primary,44,all,setup_force_budget_exceeded,binary,0,20,0.0,0.0,0.16112515805281938,"Wilson 95%, environment-seed episodes",
visuotactile_margin_seed2_rl,primary,44,all,bilateral_contact_at_takeover,binary,0,20,0.0,0.0,0.16112515805281938,"Wilson 95%, environment-seed episodes",
visuotactile_margin_seed2_rl,primary,44,all,intervention_force_budget_exceeded,binary,0,20,0.0,0.0,0.16112515805281938,"Wilson 95%, environment-seed episodes",
visuotactile_margin_seed2_rl,primary,44,all,sustained_10cm_lift_success,binary,0,20,0.0,0.0,0.16112515805281938,"Wilson 95%, environment-seed episodes",
visuotactile_margin_seed2_rl,primary,44,all,sustained_10cm_lift_within_force_budget,binary,0,20,0.0,0.0,0.16112515805281938,"Wilson 95%, environment-seed episodes",
visuotactile_margin_seed2_rl,primary,44,all,full_episode_peak_normal_N,continuous,,20,1.3438566684722901,0.42323765754699705,2.4659403145313257,whole-environment-seed bootstrap 95%,
visuotactile_margin_seed2_rl,primary,44,all,setup_peak_normal_N,continuous,,20,0.0,0.0,0.0,whole-environment-seed bootstrap 95%,
visuotactile_margin_seed2_rl,primary,44,all,intervention_peak_normal_N,continuous,,20,1.3438566684722901,0.33612565994262694,2.477046475410461,whole-environment-seed bootstrap 95%,
visuotactile_margin_seed2_rl,primary,44,all,max_relative_height_m,continuous,,20,0.0,0.0,0.0,whole-environment-seed bootstrap 95%,
visuotactile_margin_seed2_rl,primary,44,all,native_shaped_return,continuous,,20,49.074919540648054,47.244641825980466,50.96344030016499,whole-environment-seed bootstrap 95%,
visuotactile_margin_seed2_rl,primary,44,all,native_success_given_setup_within_budget,conditional_binary,0,20,0.0,0.0,0.16112515805281938,"Wilson 95%; explicitly conditioned, not overall success",20
visuotactile_margin_seed2_rl,primary,44,id,sustained_native_success,binary,0,10,0.0,0.0,0.2775327998628892,"Wilson 95%, environment-seed episodes",
visuotactile_margin_seed2_rl,primary,44,id,sustained_success_within_force_budget,binary,0,10,0.0,0.0,0.2775327998628892,"Wilson 95%, environment-seed episodes",
visuotactile_margin_seed2_rl,primary,44,id,any_native_success,binary,0,10,0.0,0.0,0.2775327998628892,"Wilson 95%, environment-seed episodes",
visuotactile_margin_seed2_rl,primary,44,id,final_native_success,binary,0,10,0.0,0.0,0.2775327998628892,"Wilson 95%, environment-seed episodes",
visuotactile_margin_seed2_rl,primary,44,id,force_budget_exceeded,binary,0,10,0.0,0.0,0.2775327998628892,"Wilson 95%, environment-seed episodes",
visuotactile_margin_seed2_rl,primary,44,id,setup_force_budget_exceeded,binary,0,10,0.0,0.0,0.2775327998628892,"Wilson 95%, environment-seed episodes",
visuotactile_margin_seed2_rl,primary,44,id,bilateral_contact_at_takeover,binary,0,10,0.0,0.0,0.2775327998628892,"Wilson 95%, environment-seed episodes",
visuotactile_margin_seed2_rl,primary,44,id,intervention_force_budget_exceeded,binary,0,10,0.0,0.0,0.2775327998628892,"Wilson 95%, environment-seed episodes",
visuotactile_margin_seed2_rl,primary,44,id,sustained_10cm_lift_success,binary,0,10,0.0,0.0,0.2775327998628892,"Wilson 95%, environment-seed episodes",
visuotactile_margin_seed2_rl,primary,44,id,sustained_10cm_lift_within_force_budget,binary,0,10,0.0,0.0,0.2775327998628892,"Wilson 95%, environment-seed episodes",
visuotactile_margin_seed2_rl,primary,44,id,full_episode_peak_normal_N,continuous,,10,0.0,0.0,0.0,whole-environment-seed bootstrap 95%,
visuotactile_margin_seed2_rl,primary,44,id,setup_peak_normal_N,continuous,,10,0.0,0.0,0.0,whole-environment-seed bootstrap 95%,
visuotactile_margin_seed2_rl,primary,44,id,intervention_peak_normal_N,continuous,,10,0.0,0.0,0.0,whole-environment-seed bootstrap 95%,
visuotactile_margin_seed2_rl,primary,44,id,max_relative_height_m,continuous,,10,0.0,0.0,0.0,whole-environment-seed bootstrap 95%,
visuotactile_margin_seed2_rl,primary,44,id,native_shaped_return,continuous,,10,50.73288911746103,48.692975704129935,52.4817613373558,whole-environment-seed bootstrap 95%,
visuotactile_margin_seed2_rl,primary,44,id,native_success_given_setup_within_budget,conditional_binary,0,10,0.0,0.0,0.2775327998628892,"Wilson 95%; explicitly conditioned, not overall success",10
visuotactile_margin_seed2_rl,primary,44,ood,sustained_native_success,binary,0,10,0.0,0.0,0.2775327998628892,"Wilson 95%, environment-seed episodes",
visuotactile_margin_seed2_rl,primary,44,ood,sustained_success_within_force_budget,binary,0,10,0.0,0.0,0.2775327998628892,"Wilson 95%, environment-seed episodes",
visuotactile_margin_seed2_rl,primary,44,ood,any_native_success,binary,0,10,0.0,0.0,0.2775327998628892,"Wilson 95%, environment-seed episodes",
visuotactile_margin_seed2_rl,primary,44,ood,final_native_success,binary,0,10,0.0,0.0,0.2775327998628892,"Wilson 95%, environment-seed episodes",
visuotactile_margin_seed2_rl,primary,44,ood,force_budget_exceeded,binary,0,10,0.0,0.0,0.2775327998628892,"Wilson 95%, environment-seed episodes",
visuotactile_margin_seed2_rl,primary,44,ood,setup_force_budget_exceeded,binary,0,10,0.0,0.0,0.2775327998628892,"Wilson 95%, environment-seed episodes",
visuotactile_margin_seed2_rl,primary,44,ood,bilateral_contact_at_takeover,binary,0,10,0.0,0.0,0.2775327998628892,"Wilson 95%, environment-seed episodes",
visuotactile_margin_seed2_rl,primary,44,ood,intervention_force_budget_exceeded,binary,0,10,0.0,0.0,0.2775327998628892,"Wilson 95%, environment-seed episodes",
visuotactile_margin_seed2_rl,primary,44,ood,sustained_10cm_lift_success,binary,0,10,0.0,0.0,0.2775327998628892,"Wilson 95%, environment-seed episodes",
visuotactile_margin_seed2_rl,primary,44,ood,sustained_10cm_lift_within_force_budget,binary,0,10,0.0,0.0,0.2775327998628892,"Wilson 95%, environment-seed episodes",
visuotactile_margin_seed2_rl,primary,44,ood,full_episode_peak_normal_N,continuous,,10,2.6877133369445803,0.9600612640380859,4.397332744598388,whole-environment-seed bootstrap 95%,
visuotactile_margin_seed2_rl,primary,44,ood,setup_peak_normal_N,continuous,,10,0.0,0.0,0.0,whole-environment-seed bootstrap 95%,
visuotactile_margin_seed2_rl,primary,44,ood,intervention_peak_normal_N,continuous,,10,2.6877133369445803,0.8869823455810547,4.415397708415985,whole-environment-seed bootstrap 95%,
visuotactile_margin_seed2_rl,primary,44,ood,max_relative_height_m,continuous,,10,0.0,0.0,0.0,whole-environment-seed bootstrap 95%,
visuotactile_margin_seed2_rl,primary,44,ood,native_shaped_return,continuous,,10,47.41694996383507,44.51267998416989,50.28794535567402,whole-environment-seed bootstrap 95%,
visuotactile_margin_seed2_rl,primary,44,ood,native_success_given_setup_within_budget,conditional_binary,0,10,0.0,0.0,0.2775327998628892,"Wilson 95%; explicitly conditioned, not overall success",10
visuotactile_seed0_bc,primary,44,all,sustained_native_success,binary,2,20,0.1,0.027866481213768224,0.3010336452284873,"Wilson 95%, environment-seed episodes",
visuotactile_seed0_bc,primary,44,all,sustained_success_within_force_budget,binary,1,20,0.05,0.008881448800795402,0.23613119344674205,"Wilson 95%, environment-seed episodes",
visuotactile_seed0_bc,primary,44,all,any_native_success,binary,5,20,0.25,0.11186170140766569,0.468700877618744,"Wilson 95%, environment-seed episodes",
visuotactile_seed0_bc,primary,44,all,final_native_success,binary,5,20,0.25,0.11186170140766569,0.468700877618744,"Wilson 95%, environment-seed episodes",
visuotactile_seed0_bc,primary,44,all,force_budget_exceeded,binary,9,20,0.45,0.2581978582556243,0.6579146575496577,"Wilson 95%, environment-seed episodes",
visuotactile_seed0_bc,primary,44,all,setup_force_budget_exceeded,binary,0,20,0.0,0.0,0.16112515805281938,"Wilson 95%, environment-seed episodes",
visuotactile_seed0_bc,primary,44,all,bilateral_contact_at_takeover,binary,0,20,0.0,0.0,0.16112515805281938,"Wilson 95%, environment-seed episodes",
visuotactile_seed0_bc,primary,44,all,intervention_force_budget_exceeded,binary,9,20,0.45,0.2581978582556243,0.6579146575496577,"Wilson 95%, environment-seed episodes",
visuotactile_seed0_bc,primary,44,all,sustained_10cm_lift_success,binary,2,20,0.1,0.027866481213768224,0.3010336452284873,"Wilson 95%, environment-seed episodes",
visuotactile_seed0_bc,primary,44,all,sustained_10cm_lift_within_force_budget,binary,1,20,0.05,0.008881448800795402,0.23613119344674205,"Wilson 95%, environment-seed episodes",
visuotactile_seed0_bc,primary,44,all,full_episode_peak_normal_N,continuous,,20,9.473047995567322,6.029116292893887,13.020778084695339,whole-environment-seed bootstrap 95%,
visuotactile_seed0_bc,primary,44,all,setup_peak_normal_N,continuous,,20,0.0,0.0,0.0,whole-environment-seed bootstrap 95%,
visuotactile_seed0_bc,primary,44,all,intervention_peak_normal_N,continuous,,20,8.753309857845306,5.644538958966732,11.712766192555426,whole-environment-seed bootstrap 95%,
visuotactile_seed0_bc,primary,44,all,max_relative_height_m,continuous,,20,0.02561725378036499,0.0057517003268003465,0.04924968617036937,whole-environment-seed bootstrap 95%,
visuotactile_seed0_bc,primary,44,all,native_shaped_return,continuous,,20,49.07355034166919,39.44293170255529,60.13481100089812,whole-environment-seed bootstrap 95%,
visuotactile_seed0_bc,primary,44,all,native_success_given_setup_within_budget,conditional_binary,2,20,0.1,0.027866481213768224,0.3010336452284873,"Wilson 95%; explicitly conditioned, not overall success",20
visuotactile_seed0_bc,primary,44,id,sustained_native_success,binary,2,10,0.2,0.05668215145437519,0.5098375284633583,"Wilson 95%, environment-seed episodes",
visuotactile_seed0_bc,primary,44,id,sustained_success_within_force_budget,binary,1,10,0.1,0.017876213095072896,0.4041500267952385,"Wilson 95%, environment-seed episodes",
visuotactile_seed0_bc,primary,44,id,any_native_success,binary,5,10,0.5,0.236593090512564,0.7634069094874361,"Wilson 95%, environment-seed episodes",
visuotactile_seed0_bc,primary,44,id,final_native_success,binary,5,10,0.5,0.236593090512564,0.7634069094874361,"Wilson 95%, environment-seed episodes",
visuotactile_seed0_bc,primary,44,id,force_budget_exceeded,binary,4,10,0.4,0.16818032970623614,0.6873262302663417,"Wilson 95%, environment-seed episodes",
visuotactile_seed0_bc,primary,44,id,setup_force_budget_exceeded,binary,0,10,0.0,0.0,0.2775327998628892,"Wilson 95%, environment-seed episodes",
visuotactile_seed0_bc,primary,44,id,bilateral_contact_at_takeover,binary,0,10,0.0,0.0,0.2775327998628892,"Wilson 95%, environment-seed episodes",
visuotactile_seed0_bc,primary,44,id,intervention_force_budget_exceeded,binary,4,10,0.4,0.16818032970623614,0.6873262302663417,"Wilson 95%, environment-seed episodes",
visuotactile_seed0_bc,primary,44,id,sustained_10cm_lift_success,binary,2,10,0.2,0.05668215145437519,0.5098375284633583,"Wilson 95%, environment-seed episodes",
visuotactile_seed0_bc,primary,44,id,sustained_10cm_lift_within_force_budget,binary,1,10,0.1,0.017876213095072896,0.4041500267952385,"Wilson 95%, environment-seed episodes",
visuotactile_seed0_bc,primary,44,id,full_episode_peak_normal_N,continuous,,10,8.339008998870849,3.438937020301819,13.245644378662107,whole-environment-seed bootstrap 95%,
visuotactile_seed0_bc,primary,44,id,setup_peak_normal_N,continuous,,10,0.0,0.0,0.0,whole-environment-seed bootstrap 95%,
visuotactile_seed0_bc,primary,44,id,intervention_peak_normal_N,continuous,,10,8.232998013496399,3.5760950624942778,13.374289193153382,whole-environment-seed bootstrap 95%,
visuotactile_seed0_bc,primary,44,id,max_relative_height_m,continuous,,10,0.05123450756072998,0.01688428446650505,0.09288824234157798,whole-environment-seed bootstrap 95%,
visuotactile_seed0_bc,primary,44,id,native_shaped_return,continuous,,10,56.85017891168777,38.62927411864411,75.28883174337358,whole-environment-seed bootstrap 95%,
visuotactile_seed0_bc,primary,44,id,native_success_given_setup_within_budget,conditional_binary,2,10,0.2,0.05668215145437519,0.5098375284633583,"Wilson 95%; explicitly conditioned, not overall success",10
visuotactile_seed0_bc,primary,44,ood,sustained_native_success,binary,0,10,0.0,0.0,0.2775327998628892,"Wilson 95%, environment-seed episodes",
visuotactile_seed0_bc,primary,44,ood,sustained_success_within_force_budget,binary,0,10,0.0,0.0,0.2775327998628892,"Wilson 95%, environment-seed episodes",
visuotactile_seed0_bc,primary,44,ood,any_native_success,binary,0,10,0.0,0.0,0.2775327998628892,"Wilson 95%, environment-seed episodes",
visuotactile_seed0_bc,primary,44,ood,final_native_success,binary,0,10,0.0,0.0,0.2775327998628892,"Wilson 95%, environment-seed episodes",
visuotactile_seed0_bc,primary,44,ood,force_budget_exceeded,binary,5,10,0.5,0.236593090512564,0.7634069094874361,"Wilson 95%, environment-seed episodes",
visuotactile_seed0_bc,primary,44,ood,setup_force_budget_exceeded,binary,0,10,0.0,0.0,0.2775327998628892,"Wilson 95%, environment-seed episodes",
visuotactile_seed0_bc,primary,44,ood,bilateral_contact_at_takeover,binary,0,10,0.0,0.0,0.2775327998628892,"Wilson 95%, environment-seed episodes",
visuotactile_seed0_bc,primary,44,ood,intervention_force_budget_exceeded,binary,5,10,0.5,0.236593090512564,0.7634069094874361,"Wilson 95%, environment-seed episodes",
visuotactile_seed0_bc,primary,44,ood,sustained_10cm_lift_success,binary,0,10,0.0,0.0,0.2775327998628892,"Wilson 95%, environment-seed episodes",
visuotactile_seed0_bc,primary,44,ood,sustained_10cm_lift_within_force_budget,binary,0,10,0.0,0.0,0.2775327998628892,"Wilson 95%, environment-seed episodes",
visuotactile_seed0_bc,primary,44,ood,full_episode_peak_normal_N,continuous,,10,10.607086992263794,6.561585237979889,15.068178018331524,whole-environment-seed bootstrap 95%,
visuotactile_seed0_bc,primary,44,ood,setup_peak_normal_N,continuous,,10,0.0,0.0,0.0,whole-environment-seed bootstrap 95%,
visuotactile_seed0_bc,primary,44,ood,intervention_peak_normal_N,continuous,,10,9.273621702194214,6.041018294095993,12.733344218730926,whole-environment-seed bootstrap 95%,
visuotactile_seed0_bc,primary,44,ood,max_relative_height_m,continuous,,10,0.0,0.0,0.0,whole-environment-seed bootstrap 95%,
visuotactile_seed0_bc,primary,44,ood,native_shaped_return,continuous,,10,41.29692177165061,33.5094197892497,50.455959681934736,whole-environment-seed bootstrap 95%,
visuotactile_seed0_bc,primary,44,ood,native_success_given_setup_within_budget,conditional_binary,0,10,0.0,0.0,0.2775327998628892,"Wilson 95%; explicitly conditioned, not overall success",10
visuotactile_seed0_rl,primary,44,all,sustained_native_success,binary,8,20,0.4,0.21880653237281705,0.6134184992377469,"Wilson 95%, environment-seed episodes",
visuotactile_seed0_rl,primary,44,all,sustained_success_within_force_budget,binary,5,20,0.25,0.11186170140766569,0.468700877618744,"Wilson 95%, environment-seed episodes",
visuotactile_seed0_rl,primary,44,all,any_native_success,binary,9,20,0.45,0.2581978582556243,0.6579146575496577,"Wilson 95%, environment-seed episodes",
visuotactile_seed0_rl,primary,44,all,final_native_success,binary,7,20,0.35,0.18119182410108206,0.5671457233147638,"Wilson 95%, environment-seed episodes",
visuotactile_seed0_rl,primary,44,all,force_budget_exceeded,binary,9,20,0.45,0.2581978582556243,0.6579146575496577,"Wilson 95%, environment-seed episodes",
visuotactile_seed0_rl,primary,44,all,setup_force_budget_exceeded,binary,0,20,0.0,0.0,0.16112515805281938,"Wilson 95%, environment-seed episodes",
visuotactile_seed0_rl,primary,44,all,bilateral_contact_at_takeover,binary,0,20,0.0,0.0,0.16112515805281938,"Wilson 95%, environment-seed episodes",
visuotactile_seed0_rl,primary,44,all,intervention_force_budget_exceeded,binary,9,20,0.45,0.2581978582556243,0.6579146575496577,"Wilson 95%, environment-seed episodes",
visuotactile_seed0_rl,primary,44,all,sustained_10cm_lift_success,binary,3,20,0.15,0.052368745896216595,0.36041886474075696,"Wilson 95%, environment-seed episodes",
visuotactile_seed0_rl,primary,44,all,sustained_10cm_lift_within_force_budget,binary,1,20,0.05,0.008881448800795402,0.23613119344674205,"Wilson 95%, environment-seed episodes",
visuotactile_seed0_rl,primary,44,all,full_episode_peak_normal_N,continuous,,20,8.235865986347198,6.938508186340332,9.684754960834978,whole-environment-seed bootstrap 95%,
visuotactile_seed0_rl,primary,44,all,setup_peak_normal_N,continuous,,20,0.0,0.0,0.0,whole-environment-seed bootstrap 95%,
visuotactile_seed0_rl,primary,44,all,intervention_peak_normal_N,continuous,,20,8.234512412548066,6.905304742455482,9.649495632052421,whole-environment-seed bootstrap 95%,
visuotactile_seed0_rl,primary,44,all,max_relative_height_m,continuous,,20,0.04433772044721991,0.02154648227675352,0.06821736047568264,whole-environment-seed bootstrap 95%,
visuotactile_seed0_rl,primary,44,all,native_shaped_return,continuous,,20,69.733811782549,56.867786643267806,82.92967833923521,whole-environment-seed bootstrap 95%,
visuotactile_seed0_rl,primary,44,all,native_success_given_setup_within_budget,conditional_binary,8,20,0.4,0.21880653237281705,0.6134184992377469,"Wilson 95%; explicitly conditioned, not overall success",20
visuotactile_seed0_rl,primary,44,id,sustained_native_success,binary,8,10,0.8,0.49016247153664183,0.9433178485456247,"Wilson 95%, environment-seed episodes",
visuotactile_seed0_rl,primary,44,id,sustained_success_within_force_budget,binary,5,10,0.5,0.236593090512564,0.7634069094874361,"Wilson 95%, environment-seed episodes",
visuotactile_seed0_rl,primary,44,id,any_native_success,binary,9,10,0.9,0.5958499732047615,0.9821237869049271,"Wilson 95%, environment-seed episodes",
visuotactile_seed0_rl,primary,44,id,final_native_success,binary,7,10,0.7,0.39677814746114537,0.8922087325936989,"Wilson 95%, environment-seed episodes",
visuotactile_seed0_rl,primary,44,id,force_budget_exceeded,binary,4,10,0.4,0.16818032970623614,0.6873262302663417,"Wilson 95%, environment-seed episodes",
visuotactile_seed0_rl,primary,44,id,setup_force_budget_exceeded,binary,0,10,0.0,0.0,0.2775327998628892,"Wilson 95%, environment-seed episodes",
visuotactile_seed0_rl,primary,44,id,bilateral_contact_at_takeover,binary,0,10,0.0,0.0,0.2775327998628892,"Wilson 95%, environment-seed episodes",
visuotactile_seed0_rl,primary,44,id,intervention_force_budget_exceeded,binary,4,10,0.4,0.16818032970623614,0.6873262302663417,"Wilson 95%, environment-seed episodes",
visuotactile_seed0_rl,primary,44,id,sustained_10cm_lift_success,binary,3,10,0.3,0.10779126740630099,0.6032218525388546,"Wilson 95%, environment-seed episodes",
visuotactile_seed0_rl,primary,44,id,sustained_10cm_lift_within_force_budget,binary,1,10,0.1,0.017876213095072896,0.4041500267952385,"Wilson 95%, environment-seed episodes",
visuotactile_seed0_rl,primary,44,id,full_episode_peak_normal_N,continuous,,10,7.56633198261261,5.839391016364098,9.372876367568967,whole-environment-seed bootstrap 95%,
visuotactile_seed0_rl,primary,44,id,setup_peak_normal_N,continuous,,10,0.0,0.0,0.0,whole-environment-seed bootstrap 95%,
visuotactile_seed0_rl,primary,44,id,intervention_peak_normal_N,continuous,,10,7.565894341468811,5.841580569148064,9.380019162297248,whole-environment-seed bootstrap 95%,
visuotactile_seed0_rl,primary,44,id,max_relative_height_m,continuous,,10,0.08867544089443982,0.060617684519384055,0.11123035343829543,whole-environment-seed bootstrap 95%,
visuotactile_seed0_rl,primary,44,id,native_shaped_return,continuous,,10,94.4007462919726,76.93966256500438,107.22980989574266,whole-environment-seed bootstrap 95%,
visuotactile_seed0_rl,primary,44,id,native_success_given_setup_within_budget,conditional_binary,8,10,0.8,0.49016247153664183,0.9433178485456247,"Wilson 95%; explicitly conditioned, not overall success",10
visuotactile_seed0_rl,primary,44,ood,sustained_native_success,binary,0,10,0.0,0.0,0.2775327998628892,"Wilson 95%, environment-seed episodes",
visuotactile_seed0_rl,primary,44,ood,sustained_success_within_force_budget,binary,0,10,0.0,0.0,0.2775327998628892,"Wilson 95%, environment-seed episodes",
visuotactile_seed0_rl,primary,44,ood,any_native_success,binary,0,10,0.0,0.0,0.2775327998628892,"Wilson 95%, environment-seed episodes",
visuotactile_seed0_rl,primary,44,ood,final_native_success,binary,0,10,0.0,0.0,0.2775327998628892,"Wilson 95%, environment-seed episodes",
visuotactile_seed0_rl,primary,44,ood,force_budget_exceeded,binary,5,10,0.5,0.236593090512564,0.7634069094874361,"Wilson 95%, environment-seed episodes",
visuotactile_seed0_rl,primary,44,ood,setup_force_budget_exceeded,binary,0,10,0.0,0.0,0.2775327998628892,"Wilson 95%, environment-seed episodes",
visuotactile_seed0_rl,primary,44,ood,bilateral_contact_at_takeover,binary,0,10,0.0,0.0,0.2775327998628892,"Wilson 95%, environment-seed episodes",
visuotactile_seed0_rl,primary,44,ood,intervention_force_budget_exceeded,binary,5,10,0.5,0.236593090512564,0.7634069094874361,"Wilson 95%, environment-seed episodes",
visuotactile_seed0_rl,primary,44,ood,sustained_10cm_lift_success,binary,0,10,0.0,0.0,0.2775327998628892,"Wilson 95%, environment-seed episodes",
visuotactile_seed0_rl,primary,44,ood,sustained_10cm_lift_within_force_budget,binary,0,10,0.0,0.0,0.2775327998628892,"Wilson 95%, environment-seed episodes",
visuotactile_seed0_rl,primary,44,ood,full_episode_peak_normal_N,continuous,,10,8.905399990081786,7.033050459623337,11.063505576848979,whole-environment-seed bootstrap 95%,
visuotactile_seed0_rl,primary,44,ood,setup_peak_normal_N,continuous,,10,0.0,0.0,0.0,whole-environment-seed bootstrap 95%,
visuotactile_seed0_rl,primary,44,ood,intervention_peak_normal_N,continuous,,10,8.903130483627319,6.943007447719574,10.984650692939757,whole-environment-seed bootstrap 95%,
visuotactile_seed0_rl,primary,44,ood,max_relative_height_m,continuous,,10,0.0,0.0,0.0,whole-environment-seed bootstrap 95%,
visuotactile_seed0_rl,primary,44,ood,native_shaped_return,continuous,,10,45.066877273125385,43.1437922415906,47.32083649396662,whole-environment-seed bootstrap 95%,
visuotactile_seed0_rl,primary,44,ood,native_success_given_setup_within_budget,conditional_binary,0,10,0.0,0.0,0.2775327998628892,"Wilson 95%; explicitly conditioned, not overall success",10
visuotactile_seed1_bc,primary,44,all,sustained_native_success,binary,5,20,0.25,0.11186170140766569,0.468700877618744,"Wilson 95%, environment-seed episodes",
visuotactile_seed1_bc,primary,44,all,sustained_success_within_force_budget,binary,1,20,0.05,0.008881448800795402,0.23613119344674205,"Wilson 95%, environment-seed episodes",
visuotactile_seed1_bc,primary,44,all,any_native_success,binary,6,20,0.3,0.1454772448676043,0.5189728183535235,"Wilson 95%, environment-seed episodes",
visuotactile_seed1_bc,primary,44,all,final_native_success,binary,6,20,0.3,0.1454772448676043,0.5189728183535235,"Wilson 95%, environment-seed episodes",
visuotactile_seed1_bc,primary,44,all,force_budget_exceeded,binary,12,20,0.6,0.3865815007622531,0.781193467627183,"Wilson 95%, environment-seed episodes",
visuotactile_seed1_bc,primary,44,all,setup_force_budget_exceeded,binary,0,20,0.0,0.0,0.16112515805281938,"Wilson 95%, environment-seed episodes",
visuotactile_seed1_bc,primary,44,all,bilateral_contact_at_takeover,binary,0,20,0.0,0.0,0.16112515805281938,"Wilson 95%, environment-seed episodes",
visuotactile_seed1_bc,primary,44,all,intervention_force_budget_exceeded,binary,10,20,0.5,0.2992980081982123,0.7007019918017877,"Wilson 95%, environment-seed episodes",
visuotactile_seed1_bc,primary,44,all,sustained_10cm_lift_success,binary,5,20,0.25,0.11186170140766569,0.468700877618744,"Wilson 95%, environment-seed episodes",
visuotactile_seed1_bc,primary,44,all,sustained_10cm_lift_within_force_budget,binary,1,20,0.05,0.008881448800795402,0.23613119344674205,"Wilson 95%, environment-seed episodes",
visuotactile_seed1_bc,primary,44,all,full_episode_peak_normal_N,continuous,,20,10.43591050505638,7.266895807981491,13.567182580828666,whole-environment-seed bootstrap 95%,
visuotactile_seed1_bc,primary,44,all,setup_peak_normal_N,continuous,,20,0.0,0.0,0.0,whole-environment-seed bootstrap 95%,
visuotactile_seed1_bc,primary,44,all,intervention_peak_normal_N,continuous,,20,8.734615010023116,5.884555593580008,11.683356581181286,whole-environment-seed bootstrap 95%,
visuotactile_seed1_bc,primary,44,all,max_relative_height_m,continuous,,20,0.04105856288224459,0.015215583890676499,0.07246084345504641,whole-environment-seed bootstrap 95%,
visuotactile_seed1_bc,primary,44,all,native_shaped_return,continuous,,20,61.943957290972264,50.662094923413406,72.93227796186417,whole-environment-seed bootstrap 95%,
visuotactile_seed1_bc,primary,44,all,native_success_given_setup_within_budget,conditional_binary,5,20,0.25,0.11186170140766569,0.468700877618744,"Wilson 95%; explicitly conditioned, not overall success",20
visuotactile_seed1_bc,primary,44,id,sustained_native_success,binary,5,10,0.5,0.236593090512564,0.7634069094874361,"Wilson 95%, environment-seed episodes",
visuotactile_seed1_bc,primary,44,id,sustained_success_within_force_budget,binary,1,10,0.1,0.017876213095072896,0.4041500267952385,"Wilson 95%, environment-seed episodes",
visuotactile_seed1_bc,primary,44,id,any_native_success,binary,6,10,0.6,0.31267376973365824,0.8318196702937638,"Wilson 95%, environment-seed episodes",
visuotactile_seed1_bc,primary,44,id,final_native_success,binary,6,10,0.6,0.31267376973365824,0.8318196702937638,"Wilson 95%, environment-seed episodes",
visuotactile_seed1_bc,primary,44,id,force_budget_exceeded,binary,5,10,0.5,0.236593090512564,0.7634069094874361,"Wilson 95%, environment-seed episodes",
visuotactile_seed1_bc,primary,44,id,setup_force_budget_exceeded,binary,0,10,0.0,0.0,0.2775327998628892,"Wilson 95%, environment-seed episodes",
visuotactile_seed1_bc,primary,44,id,bilateral_contact_at_takeover,binary,0,10,0.0,0.0,0.2775327998628892,"Wilson 95%, environment-seed episodes",
visuotactile_seed1_bc,primary,44,id,intervention_force_budget_exceeded,binary,5,10,0.5,0.236593090512564,0.7634069094874361,"Wilson 95%, environment-seed episodes",
visuotactile_seed1_bc,primary,44,id,sustained_10cm_lift_success,binary,5,10,0.5,0.236593090512564,0.7634069094874361,"Wilson 95%, environment-seed episodes",
visuotactile_seed1_bc,primary,44,id,sustained_10cm_lift_within_force_budget,binary,1,10,0.1,0.017876213095072896,0.4041500267952385,"Wilson 95%, environment-seed episodes",
visuotactile_seed1_bc,primary,44,id,full_episode_peak_normal_N,continuous,,10,8.651807558536529,3.9823860010504726,13.571355181634424,whole-environment-seed bootstrap 95%,
visuotactile_seed1_bc,primary,44,id,setup_peak_normal_N,continuous,,10,0.0,0.0,0.0,whole-environment-seed bootstrap 95%,
visuotactile_seed1_bc,primary,44,id,intervention_peak_normal_N,continuous,,10,8.096725142002105,3.597246051430702,13.097632568180558,whole-environment-seed bootstrap 95%,
visuotactile_seed1_bc,primary,44,id,max_relative_height_m,continuous,,10,0.08211712576448918,0.03703504391014576,0.12660300362855195,whole-environment-seed bootstrap 95%,
visuotactile_seed1_bc,primary,44,id,native_shaped_return,continuous,,10,68.28512543536627,47.415753979177296,90.00073058772954,whole-environment-seed bootstrap 95%,
visuotactile_seed1_bc,primary,44,id,native_success_given_setup_within_budget,conditional_binary,5,10,0.5,0.236593090512564,0.7634069094874361,"Wilson 95%; explicitly conditioned, not overall success",10
visuotactile_seed1_bc,primary,44,ood,sustained_native_success,binary,0,10,0.0,0.0,0.2775327998628892,"Wilson 95%, environment-seed episodes",
visuotactile_seed1_bc,primary,44,ood,sustained_success_within_force_budget,binary,0,10,0.0,0.0,0.2775327998628892,"Wilson 95%, environment-seed episodes",
visuotactile_seed1_bc,primary,44,ood,any_native_success,binary,0,10,0.0,0.0,0.2775327998628892,"Wilson 95%, environment-seed episodes",
visuotactile_seed1_bc,primary,44,ood,final_native_success,binary,0,10,0.0,0.0,0.2775327998628892,"Wilson 95%, environment-seed episodes",
visuotactile_seed1_bc,primary,44,ood,force_budget_exceeded,binary,7,10,0.7,0.39677814746114537,0.8922087325936989,"Wilson 95%, environment-seed episodes",
visuotactile_seed1_bc,primary,44,ood,setup_force_budget_exceeded,binary,0,10,0.0,0.0,0.2775327998628892,"Wilson 95%, environment-seed episodes",
visuotactile_seed1_bc,primary,44,ood,bilateral_contact_at_takeover,binary,0,10,0.0,0.0,0.2775327998628892,"Wilson 95%, environment-seed episodes",
visuotactile_seed1_bc,primary,44,ood,intervention_force_budget_exceeded,binary,5,10,0.5,0.236593090512564,0.7634069094874361,"Wilson 95%, environment-seed episodes",
visuotactile_seed1_bc,primary,44,ood,sustained_10cm_lift_success,binary,0,10,0.0,0.0,0.2775327998628892,"Wilson 95%, environment-seed episodes",
visuotactile_seed1_bc,primary,44,ood,sustained_10cm_lift_within_force_budget,binary,0,10,0.0,0.0,0.2775327998628892,"Wilson 95%, environment-seed episodes",
visuotactile_seed1_bc,primary,44,ood,full_episode_peak_normal_N,continuous,,10,12.220013451576232,8.63946502864361,16.08171265304088,whole-environment-seed bootstrap 95%,
visuotactile_seed1_bc,primary,44,ood,setup_peak_normal_N,continuous,,10,0.0,0.0,0.0,whole-environment-seed bootstrap 95%,
visuotactile_seed1_bc,primary,44,ood,intervention_peak_normal_N,continuous,,10,9.37250487804413,6.456452032923698,12.500216469764707,whole-environment-seed bootstrap 95%,
visuotactile_seed1_bc,primary,44,ood,max_relative_height_m,continuous,,10,0.0,0.0,0.0,whole-environment-seed bootstrap 95%,
visuotactile_seed1_bc,primary,44,ood,native_shaped_return,continuous,,10,55.602789146578246,49.22983134843245,60.82552339938085,whole-environment-seed bootstrap 95%,
visuotactile_seed1_bc,primary,44,ood,native_success_given_setup_within_budget,conditional_binary,0,10,0.0,0.0,0.2775327998628892,"Wilson 95%; explicitly conditioned, not overall success",10
visuotactile_seed1_rl,primary,44,all,sustained_native_success,binary,7,20,0.35,0.18119182410108206,0.5671457233147638,"Wilson 95%, environment-seed episodes",
visuotactile_seed1_rl,primary,44,all,sustained_success_within_force_budget,binary,4,20,0.2,0.08065766257979806,0.41601743225189364,"Wilson 95%, environment-seed episodes",
visuotactile_seed1_rl,primary,44,all,any_native_success,binary,7,20,0.35,0.18119182410108206,0.5671457233147638,"Wilson 95%, environment-seed episodes",
visuotactile_seed1_rl,primary,44,all,final_native_success,binary,5,20,0.25,0.11186170140766569,0.468700877618744,"Wilson 95%, environment-seed episodes",
visuotactile_seed1_rl,primary,44,all,force_budget_exceeded,binary,11,20,0.55,0.34208534245034233,0.7418021417443759,"Wilson 95%, environment-seed episodes",
visuotactile_seed1_rl,primary,44,all,setup_force_budget_exceeded,binary,0,20,0.0,0.0,0.16112515805281938,"Wilson 95%, environment-seed episodes",
visuotactile_seed1_rl,primary,44,all,bilateral_contact_at_takeover,binary,0,20,0.0,0.0,0.16112515805281938,"Wilson 95%, environment-seed episodes",
visuotactile_seed1_rl,primary,44,all,intervention_force_budget_exceeded,binary,11,20,0.55,0.34208534245034233,0.7418021417443759,"Wilson 95%, environment-seed episodes",
visuotactile_seed1_rl,primary,44,all,sustained_10cm_lift_success,binary,1,20,0.05,0.008881448800795402,0.23613119344674205,"Wilson 95%, environment-seed episodes",
visuotactile_seed1_rl,primary,44,all,sustained_10cm_lift_within_force_budget,binary,1,20,0.05,0.008881448800795402,0.23613119344674205,"Wilson 95%, environment-seed episodes",
visuotactile_seed1_rl,primary,44,all,full_episode_peak_normal_N,continuous,,20,9.342516386508942,8.13085103482008,10.68253460854292,whole-environment-seed bootstrap 95%,
visuotactile_seed1_rl,primary,44,all,setup_peak_normal_N,continuous,,20,0.0,0.0,0.0,whole-environment-seed bootstrap 95%,
visuotactile_seed1_rl,primary,44,all,intervention_peak_normal_N,continuous,,20,9.227527630329131,7.856288021504879,10.5536272919178,whole-environment-seed bootstrap 95%,
visuotactile_seed1_rl,primary,44,all,max_relative_height_m,continuous,,20,0.0340649236459285,0.01505388433812186,0.05337633185321465,whole-environment-seed bootstrap 95%,
visuotactile_seed1_rl,primary,44,all,native_shaped_return,continuous,,20,60.43065389471135,49.99032256857208,72.05332763133067,whole-environment-seed bootstrap 95%,
visuotactile_seed1_rl,primary,44,all,native_success_given_setup_within_budget,conditional_binary,7,20,0.35,0.18119182410108206,0.5671457233147638,"Wilson 95%; explicitly conditioned, not overall success",20
visuotactile_seed1_rl,primary,44,id,sustained_native_success,binary,7,10,0.7,0.39677814746114537,0.8922087325936989,"Wilson 95%, environment-seed episodes",
visuotactile_seed1_rl,primary,44,id,sustained_success_within_force_budget,binary,4,10,0.4,0.16818032970623614,0.6873262302663417,"Wilson 95%, environment-seed episodes",
visuotactile_seed1_rl,primary,44,id,any_native_success,binary,7,10,0.7,0.39677814746114537,0.8922087325936989,"Wilson 95%, environment-seed episodes",
visuotactile_seed1_rl,primary,44,id,final_native_success,binary,5,10,0.5,0.236593090512564,0.7634069094874361,"Wilson 95%, environment-seed episodes",
visuotactile_seed1_rl,primary,44,id,force_budget_exceeded,binary,4,10,0.4,0.16818032970623614,0.6873262302663417,"Wilson 95%, environment-seed episodes",
visuotactile_seed1_rl,primary,44,id,setup_force_budget_exceeded,binary,0,10,0.0,0.0,0.2775327998628892,"Wilson 95%, environment-seed episodes",
visuotactile_seed1_rl,primary,44,id,bilateral_contact_at_takeover,binary,0,10,0.0,0.0,0.2775327998628892,"Wilson 95%, environment-seed episodes",
visuotactile_seed1_rl,primary,44,id,intervention_force_budget_exceeded,binary,4,10,0.4,0.16818032970623614,0.6873262302663417,"Wilson 95%, environment-seed episodes",
visuotactile_seed1_rl,primary,44,id,sustained_10cm_lift_success,binary,1,10,0.1,0.017876213095072896,0.4041500267952385,"Wilson 95%, environment-seed episodes",
visuotactile_seed1_rl,primary,44,id,sustained_10cm_lift_within_force_budget,binary,1,10,0.1,0.017876213095072896,0.4041500267952385,"Wilson 95%, environment-seed episodes",
visuotactile_seed1_rl,primary,44,id,full_episode_peak_normal_N,continuous,,10,8.528534054756165,6.749587290287018,10.31463228046894,whole-environment-seed bootstrap 95%,
visuotactile_seed1_rl,primary,44,id,setup_peak_normal_N,continuous,,10,0.0,0.0,0.0,whole-environment-seed bootstrap 95%,
visuotactile_seed1_rl,primary,44,id,intervention_peak_normal_N,continuous,,10,8.52850091457367,6.7298635840415955,10.3885098695755,whole-environment-seed bootstrap 95%,
visuotactile_seed1_rl,primary,44,id,max_relative_height_m,continuous,,10,0.068129847291857,0.04383635842008516,0.09106728907208889,whole-environment-seed bootstrap 95%,
visuotactile_seed1_rl,primary,44,id,native_shaped_return,continuous,,10,76.22045884987395,59.4061927905289,93.01233391697988,whole-environment-seed bootstrap 95%,
visuotactile_seed1_rl,primary,44,id,native_success_given_setup_within_budget,conditional_binary,7,10,0.7,0.39677814746114537,0.8922087325936989,"Wilson 95%; explicitly conditioned, not overall success",10
visuotactile_seed1_rl,primary,44,ood,sustained_native_success,binary,0,10,0.0,0.0,0.2775327998628892,"Wilson 95%, environment-seed episodes",
visuotactile_seed1_rl,primary,44,ood,sustained_success_within_force_budget,binary,0,10,0.0,0.0,0.2775327998628892,"Wilson 95%, environment-seed episodes",
visuotactile_seed1_rl,primary,44,ood,any_native_success,binary,0,10,0.0,0.0,0.2775327998628892,"Wilson 95%, environment-seed episodes",
visuotactile_seed1_rl,primary,44,ood,final_native_success,binary,0,10,0.0,0.0,0.2775327998628892,"Wilson 95%, environment-seed episodes",
visuotactile_seed1_rl,primary,44,ood,force_budget_exceeded,binary,7,10,0.7,0.39677814746114537,0.8922087325936989,"Wilson 95%, environment-seed episodes",
visuotactile_seed1_rl,primary,44,ood,setup_force_budget_exceeded,binary,0,10,0.0,0.0,0.2775327998628892,"Wilson 95%, environment-seed episodes",
visuotactile_seed1_rl,primary,44,ood,bilateral_contact_at_takeover,binary,0,10,0.0,0.0,0.2775327998628892,"Wilson 95%, environment-seed episodes",
visuotactile_seed1_rl,primary,44,ood,intervention_force_budget_exceeded,binary,7,10,0.7,0.39677814746114537,0.8922087325936989,"Wilson 95%, environment-seed episodes",
visuotactile_seed1_rl,primary,44,ood,sustained_10cm_lift_success,binary,0,10,0.0,0.0,0.2775327998628892,"Wilson 95%, environment-seed episodes",
visuotactile_seed1_rl,primary,44,ood,sustained_10cm_lift_within_force_budget,binary,0,10,0.0,0.0,0.2775327998628892,"Wilson 95%, environment-seed episodes",
visuotactile_seed1_rl,primary,44,ood,full_episode_peak_normal_N,continuous,,10,10.15649871826172,8.549817190170288,11.972921812534333,whole-environment-seed bootstrap 95%,
visuotactile_seed1_rl,primary,44,ood,setup_peak_normal_N,continuous,,10,0.0,0.0,0.0,whole-environment-seed bootstrap 95%,
visuotactile_seed1_rl,primary,44,ood,intervention_peak_normal_N,continuous,,10,9.926554346084595,8.030572295188904,11.819481239318847,whole-environment-seed bootstrap 95%,
visuotactile_seed1_rl,primary,44,ood,max_relative_height_m,continuous,,10,0.0,0.0,0.0,whole-environment-seed bootstrap 95%,
visuotactile_seed1_rl,primary,44,ood,native_shaped_return,continuous,,10,44.640848939548775,42.511121608337014,47.785039480743606,whole-environment-seed bootstrap 95%,
visuotactile_seed1_rl,primary,44,ood,native_success_given_setup_within_budget,conditional_binary,0,10,0.0,0.0,0.2775327998628892,"Wilson 95%; explicitly conditioned, not overall success",10
visuotactile_seed2_bc,primary,44,all,sustained_native_success,binary,2,20,0.1,0.027866481213768224,0.3010336452284873,"Wilson 95%, environment-seed episodes",
visuotactile_seed2_bc,primary,44,all,sustained_success_within_force_budget,binary,1,20,0.05,0.008881448800795402,0.23613119344674205,"Wilson 95%, environment-seed episodes",
visuotactile_seed2_bc,primary,44,all,any_native_success,binary,5,20,0.25,0.11186170140766569,0.468700877618744,"Wilson 95%, environment-seed episodes",
visuotactile_seed2_bc,primary,44,all,final_native_success,binary,5,20,0.25,0.11186170140766569,0.468700877618744,"Wilson 95%, environment-seed episodes",
visuotactile_seed2_bc,primary,44,all,force_budget_exceeded,binary,13,20,0.65,0.43285427668523624,0.818808175898918,"Wilson 95%, environment-seed episodes",
visuotactile_seed2_bc,primary,44,all,setup_force_budget_exceeded,binary,0,20,0.0,0.0,0.16112515805281938,"Wilson 95%, environment-seed episodes",
visuotactile_seed2_bc,primary,44,all,bilateral_contact_at_takeover,binary,0,20,0.0,0.0,0.16112515805281938,"Wilson 95%, environment-seed episodes",
visuotactile_seed2_bc,primary,44,all,intervention_force_budget_exceeded,binary,9,20,0.45,0.2581978582556243,0.6579146575496577,"Wilson 95%, environment-seed episodes",
visuotactile_seed2_bc,primary,44,all,sustained_10cm_lift_success,binary,2,20,0.1,0.027866481213768224,0.3010336452284873,"Wilson 95%, environment-seed episodes",
visuotactile_seed2_bc,primary,44,all,sustained_10cm_lift_within_force_budget,binary,1,20,0.05,0.008881448800795402,0.23613119344674205,"Wilson 95%, environment-seed episodes",
visuotactile_seed2_bc,primary,44,all,full_episode_peak_normal_N,continuous,,20,9.95688853263855,6.892696157693863,13.05699339210987,whole-environment-seed bootstrap 95%,
visuotactile_seed2_bc,primary,44,all,setup_peak_normal_N,continuous,,20,0.0,0.0,0.0,whole-environment-seed bootstrap 95%,
visuotactile_seed2_bc,primary,44,all,intervention_peak_normal_N,continuous,,20,8.418517458438874,5.629698405861855,11.283845110833644,whole-environment-seed bootstrap 95%,
visuotactile_seed2_bc,primary,44,all,max_relative_height_m,continuous,,20,0.028794863116490887,0.006796299662109959,0.0559664822505146,whole-environment-seed bootstrap 95%,
visuotactile_seed2_bc,primary,44,all,native_shaped_return,continuous,,20,56.81026562966699,47.67423718001926,66.17024928027166,whole-environment-seed bootstrap 95%,
visuotactile_seed2_bc,primary,44,all,native_success_given_setup_within_budget,conditional_binary,2,20,0.1,0.027866481213768224,0.3010336452284873,"Wilson 95%; explicitly conditioned, not overall success",20
visuotactile_seed2_bc,primary,44,id,sustained_native_success,binary,2,10,0.2,0.05668215145437519,0.5098375284633583,"Wilson 95%, environment-seed episodes",
visuotactile_seed2_bc,primary,44,id,sustained_success_within_force_budget,binary,1,10,0.1,0.017876213095072896,0.4041500267952385,"Wilson 95%, environment-seed episodes",
visuotactile_seed2_bc,primary,44,id,any_native_success,binary,5,10,0.5,0.236593090512564,0.7634069094874361,"Wilson 95%, environment-seed episodes",
visuotactile_seed2_bc,primary,44,id,final_native_success,binary,5,10,0.5,0.236593090512564,0.7634069094874361,"Wilson 95%, environment-seed episodes",
visuotactile_seed2_bc,primary,44,id,force_budget_exceeded,binary,5,10,0.5,0.236593090512564,0.7634069094874361,"Wilson 95%, environment-seed episodes",
visuotactile_seed2_bc,primary,44,id,setup_force_budget_exceeded,binary,0,10,0.0,0.0,0.2775327998628892,"Wilson 95%, environment-seed episodes",
visuotactile_seed2_bc,primary,44,id,bilateral_contact_at_takeover,binary,0,10,0.0,0.0,0.2775327998628892,"Wilson 95%, environment-seed episodes",
visuotactile_seed2_bc,primary,44,id,intervention_force_budget_exceeded,binary,4,10,0.4,0.16818032970623614,0.6873262302663417,"Wilson 95%, environment-seed episodes",
visuotactile_seed2_bc,primary,44,id,sustained_10cm_lift_success,binary,2,10,0.2,0.05668215145437519,0.5098375284633583,"Wilson 95%, environment-seed episodes",
visuotactile_seed2_bc,primary,44,id,sustained_10cm_lift_within_force_budget,binary,1,10,0.1,0.017876213095072896,0.4041500267952385,"Wilson 95%, environment-seed episodes",
visuotactile_seed2_bc,primary,44,id,full_episode_peak_normal_N,continuous,,10,7.894741344451904,3.7437252032756807,12.799147641658783,whole-environment-seed bootstrap 95%,
visuotactile_seed2_bc,primary,44,id,setup_peak_normal_N,continuous,,10,0.0,0.0,0.0,whole-environment-seed bootstrap 95%,
visuotactile_seed2_bc,primary,44,id,intervention_peak_normal_N,continuous,,10,7.696737456321716,3.5218174785375598,12.418998780846595,whole-environment-seed bootstrap 95%,
visuotactile_seed2_bc,primary,44,id,max_relative_height_m,continuous,,10,0.057589726232981774,0.0200466407890417,0.10116044190712273,whole-environment-seed bootstrap 95%,
visuotactile_seed2_bc,primary,44,id,native_shaped_return,continuous,,10,56.0012326328731,39.239510583247686,74.05763999285995,whole-environment-seed bootstrap 95%,
visuotactile_seed2_bc,primary,44,id,native_success_given_setup_within_budget,conditional_binary,2,10,0.2,0.05668215145437519,0.5098375284633583,"Wilson 95%; explicitly conditioned, not overall success",10
visuotactile_seed2_bc,primary,44,ood,sustained_native_success,binary,0,10,0.0,0.0,0.2775327998628892,"Wilson 95%, environment-seed episodes",
visuotactile_seed2_bc,primary,44,ood,sustained_success_within_force_budget,binary,0,10,0.0,0.0,0.2775327998628892,"Wilson 95%, environment-seed episodes",
visuotactile_seed2_bc,primary,44,ood,any_native_success,binary,0,10,0.0,0.0,0.2775327998628892,"Wilson 95%, environment-seed episodes",
visuotactile_seed2_bc,primary,44,ood,final_native_success,binary,0,10,0.0,0.0,0.2775327998628892,"Wilson 95%, environment-seed episodes",
visuotactile_seed2_bc,primary,44,ood,force_budget_exceeded,binary,8,10,0.8,0.49016247153664183,0.9433178485456247,"Wilson 95%, environment-seed episodes",
visuotactile_seed2_bc,primary,44,ood,setup_force_budget_exceeded,binary,0,10,0.0,0.0,0.2775327998628892,"Wilson 95%, environment-seed episodes",
visuotactile_seed2_bc,primary,44,ood,bilateral_contact_at_takeover,binary,0,10,0.0,0.0,0.2775327998628892,"Wilson 95%, environment-seed episodes",
visuotactile_seed2_bc,primary,44,ood,intervention_force_budget_exceeded,binary,5,10,0.5,0.236593090512564,0.7634069094874361,"Wilson 95%, environment-seed episodes",
visuotactile_seed2_bc,primary,44,ood,sustained_10cm_lift_success,binary,0,10,0.0,0.0,0.2775327998628892,"Wilson 95%, environment-seed episodes",
visuotactile_seed2_bc,primary,44,ood,sustained_10cm_lift_within_force_budget,binary,0,10,0.0,0.0,0.2775327998628892,"Wilson 95%, environment-seed episodes",
visuotactile_seed2_bc,primary,44,ood,full_episode_peak_normal_N,continuous,,10,12.019035720825196,8.193347964286804,15.936035368442532,whole-environment-seed bootstrap 95%,
visuotactile_seed2_bc,primary,44,ood,setup_peak_normal_N,continuous,,10,0.0,0.0,0.0,whole-environment-seed bootstrap 95%,
visuotactile_seed2_bc,primary,44,ood,intervention_peak_normal_N,continuous,,10,9.140297460556031,5.773208657503129,12.575322242975231,whole-environment-seed bootstrap 95%,
visuotactile_seed2_bc,primary,44,ood,max_relative_height_m,continuous,,10,0.0,0.0,0.0,whole-environment-seed bootstrap 95%,
visuotactile_seed2_bc,primary,44,ood,native_shaped_return,continuous,,10,57.619298626460875,50.938818530927975,61.396019203143865,whole-environment-seed bootstrap 95%,
visuotactile_seed2_bc,primary,44,ood,native_success_given_setup_within_budget,conditional_binary,0,10,0.0,0.0,0.2775327998628892,"Wilson 95%; explicitly conditioned, not overall success",10
visuotactile_seed2_rl,primary,44,all,sustained_native_success,binary,6,20,0.3,0.1454772448676043,0.5189728183535235,"Wilson 95%, environment-seed episodes",
visuotactile_seed2_rl,primary,44,all,sustained_success_within_force_budget,binary,2,20,0.1,0.027866481213768224,0.3010336452284873,"Wilson 95%, environment-seed episodes",
visuotactile_seed2_rl,primary,44,all,any_native_success,binary,9,20,0.45,0.2581978582556243,0.6579146575496577,"Wilson 95%, environment-seed episodes",
visuotactile_seed2_rl,primary,44,all,final_native_success,binary,3,20,0.15,0.052368745896216595,0.36041886474075696,"Wilson 95%, environment-seed episodes",
visuotactile_seed2_rl,primary,44,all,force_budget_exceeded,binary,17,20,0.85,0.6395811352592431,0.9476312541037835,"Wilson 95%, environment-seed episodes",
visuotactile_seed2_rl,primary,44,all,setup_force_budget_exceeded,binary,0,20,0.0,0.0,0.16112515805281938,"Wilson 95%, environment-seed episodes",
visuotactile_seed2_rl,primary,44,all,bilateral_contact_at_takeover,binary,0,20,0.0,0.0,0.16112515805281938,"Wilson 95%, environment-seed episodes",
visuotactile_seed2_rl,primary,44,all,intervention_force_budget_exceeded,binary,14,20,0.7,0.4810271816464765,0.8545227551323956,"Wilson 95%, environment-seed episodes",
visuotactile_seed2_rl,primary,44,all,sustained_10cm_lift_success,binary,0,20,0.0,0.0,0.16112515805281938,"Wilson 95%, environment-seed episodes",
visuotactile_seed2_rl,primary,44,all,sustained_10cm_lift_within_force_budget,binary,0,20,0.0,0.0,0.16112515805281938,"Wilson 95%, environment-seed episodes",
visuotactile_seed2_rl,primary,44,all,full_episode_peak_normal_N,continuous,,20,10.854475021362305,9.430429072976112,12.230092821121216,whole-environment-seed bootstrap 95%,
visuotactile_seed2_rl,primary,44,all,setup_peak_normal_N,continuous,,20,0.0,0.0,0.0,whole-environment-seed bootstrap 95%,
visuotactile_seed2_rl,primary,44,all,intervention_peak_normal_N,continuous,,20,10.228199243545532,8.62678887963295,11.92827187538147,whole-environment-seed bootstrap 95%,
visuotactile_seed2_rl,primary,44,all,max_relative_height_m,continuous,,20,0.031262515950948,0.014569059591740369,0.0491796199022792,whole-environment-seed bootstrap 95%,
visuotactile_seed2_rl,primary,44,all,native_shaped_return,continuous,,20,53.93083022485214,45.142328115094884,65.27090697044308,whole-environment-seed bootstrap 95%,
visuotactile_seed2_rl,primary,44,all,native_success_given_setup_within_budget,conditional_binary,6,20,0.3,0.1454772448676043,0.5189728183535235,"Wilson 95%; explicitly conditioned, not overall success",20
visuotactile_seed2_rl,primary,44,id,sustained_native_success,binary,6,10,0.6,0.31267376973365824,0.8318196702937638,"Wilson 95%, environment-seed episodes",
visuotactile_seed2_rl,primary,44,id,sustained_success_within_force_budget,binary,2,10,0.2,0.05668215145437519,0.5098375284633583,"Wilson 95%, environment-seed episodes",
visuotactile_seed2_rl,primary,44,id,any_native_success,binary,9,10,0.9,0.5958499732047615,0.9821237869049271,"Wilson 95%, environment-seed episodes",
visuotactile_seed2_rl,primary,44,id,final_native_success,binary,3,10,0.3,0.10779126740630099,0.6032218525388546,"Wilson 95%, environment-seed episodes",
visuotactile_seed2_rl,primary,44,id,force_budget_exceeded,binary,8,10,0.8,0.49016247153664183,0.9433178485456247,"Wilson 95%, environment-seed episodes",
visuotactile_seed2_rl,primary,44,id,setup_force_budget_exceeded,binary,0,10,0.0,0.0,0.2775327998628892,"Wilson 95%, environment-seed episodes",
visuotactile_seed2_rl,primary,44,id,bilateral_contact_at_takeover,binary,0,10,0.0,0.0,0.2775327998628892,"Wilson 95%, environment-seed episodes",
visuotactile_seed2_rl,primary,44,id,intervention_force_budget_exceeded,binary,7,10,0.7,0.39677814746114537,0.8922087325936989,"Wilson 95%, environment-seed episodes",
visuotactile_seed2_rl,primary,44,id,sustained_10cm_lift_success,binary,0,10,0.0,0.0,0.2775327998628892,"Wilson 95%, environment-seed episodes",
visuotactile_seed2_rl,primary,44,id,sustained_10cm_lift_within_force_budget,binary,0,10,0.0,0.0,0.2775327998628892,"Wilson 95%, environment-seed episodes",
visuotactile_seed2_rl,primary,44,id,full_episode_peak_normal_N,continuous,,10,10.220058965682984,7.991904480457306,12.154667387008667,whole-environment-seed bootstrap 95%,
visuotactile_seed2_rl,primary,44,id,setup_peak_normal_N,continuous,,10,0.0,0.0,0.0,whole-environment-seed bootstrap 95%,
visuotactile_seed2_rl,primary,44,id,intervention_peak_normal_N,continuous,,10,10.086233043670655,7.955617443323136,12.120465539693827,whole-environment-seed bootstrap 95%,
visuotactile_seed2_rl,primary,44,id,max_relative_height_m,continuous,,10,0.062525031901896,0.04325237348210067,0.081225989414379,whole-environment-seed bootstrap 95%,
visuotactile_seed2_rl,primary,44,id,native_shaped_return,continuous,,10,62.39303997220687,45.02179686695529,81.95781849753976,whole-environment-seed bootstrap 95%,
visuotactile_seed2_rl,primary,44,id,native_success_given_setup_within_budget,conditional_binary,6,10,0.6,0.31267376973365824,0.8318196702937638,"Wilson 95%; explicitly conditioned, not overall success",10
visuotactile_seed2_rl,primary,44,ood,sustained_native_success,binary,0,10,0.0,0.0,0.2775327998628892,"Wilson 95%, environment-seed episodes",
visuotactile_seed2_rl,primary,44,ood,sustained_success_within_force_budget,binary,0,10,0.0,0.0,0.2775327998628892,"Wilson 95%, environment-seed episodes",
visuotactile_seed2_rl,primary,44,ood,any_native_success,binary,0,10,0.0,0.0,0.2775327998628892,"Wilson 95%, environment-seed episodes",
visuotactile_seed2_rl,primary,44,ood,final_native_success,binary,0,10,0.0,0.0,0.2775327998628892,"Wilson 95%, environment-seed episodes",
visuotactile_seed2_rl,primary,44,ood,force_budget_exceeded,binary,9,10,0.9,0.5958499732047615,0.9821237869049271,"Wilson 95%, environment-seed episodes",
visuotactile_seed2_rl,primary,44,ood,setup_force_budget_exceeded,binary,0,10,0.0,0.0,0.2775327998628892,"Wilson 95%, environment-seed episodes",
visuotactile_seed2_rl,primary,44,ood,bilateral_contact_at_takeover,binary,0,10,0.0,0.0,0.2775327998628892,"Wilson 95%, environment-seed episodes",
visuotactile_seed2_rl,primary,44,ood,intervention_force_budget_exceeded,binary,7,10,0.7,0.39677814746114537,0.8922087325936989,"Wilson 95%, environment-seed episodes",
visuotactile_seed2_rl,primary,44,ood,sustained_10cm_lift_success,binary,0,10,0.0,0.0,0.2775327998628892,"Wilson 95%, environment-seed episodes",
visuotactile_seed2_rl,primary,44,ood,sustained_10cm_lift_within_force_budget,binary,0,10,0.0,0.0,0.2775327998628892,"Wilson 95%, environment-seed episodes",
visuotactile_seed2_rl,primary,44,ood,full_episode_peak_normal_N,continuous,,10,11.488891077041625,9.852700523138047,13.1652632856369,whole-environment-seed bootstrap 95%,
visuotactile_seed2_rl,primary,44,ood,setup_peak_normal_N,continuous,,10,0.0,0.0,0.0,whole-environment-seed bootstrap 95%,
visuotactile_seed2_rl,primary,44,ood,intervention_peak_normal_N,continuous,,10,10.37016544342041,7.9076491129398345,12.883822560310362,whole-environment-seed bootstrap 95%,
visuotactile_seed2_rl,primary,44,ood,max_relative_height_m,continuous,,10,0.0,0.0,0.0,whole-environment-seed bootstrap 95%,
visuotactile_seed2_rl,primary,44,ood,native_shaped_return,continuous,,10,45.468620477497396,40.23853380247381,51.39719647564,whole-environment-seed bootstrap 95%,
visuotactile_seed2_rl,primary,44,ood,native_success_given_setup_within_budget,conditional_binary,0,10,0.0,0.0,0.2775327998628892,"Wilson 95%; explicitly conditioned, not overall success",10
