run,status,takeover,domain,metric,kind,count,n,estimate,ci_low,ci_high,ci_method,all_episode_n
force_feedback,primary,44,all,sustained_native_success,binary,10,20,0.5,0.2992980081982123,0.7007019918017877,"Wilson 95%, environment-seed episodes",
force_feedback,primary,44,all,sustained_success_within_force_budget,binary,7,20,0.35,0.18119182410108206,0.5671457233147638,"Wilson 95%, environment-seed episodes",
force_feedback,primary,44,all,any_native_success,binary,10,20,0.5,0.2992980081982123,0.7007019918017877,"Wilson 95%, environment-seed episodes",
force_feedback,primary,44,all,final_native_success,binary,10,20,0.5,0.2992980081982123,0.7007019918017877,"Wilson 95%, environment-seed episodes",
force_feedback,primary,44,all,force_budget_exceeded,binary,4,20,0.2,0.08065766257979806,0.41601743225189364,"Wilson 95%, environment-seed episodes",
force_feedback,primary,44,all,setup_force_budget_exceeded,binary,0,20,0.0,0.0,0.16112515805281938,"Wilson 95%, environment-seed episodes",
force_feedback,primary,44,all,bilateral_contact_at_takeover,binary,0,20,0.0,0.0,0.16112515805281938,"Wilson 95%, environment-seed episodes",
force_feedback,primary,44,all,intervention_force_budget_exceeded,binary,1,20,0.05,0.008881448800795402,0.23613119344674205,"Wilson 95%, environment-seed episodes",
force_feedback,primary,44,all,sustained_10cm_lift_success,binary,10,20,0.5,0.2992980081982123,0.7007019918017877,"Wilson 95%, environment-seed episodes",
force_feedback,primary,44,all,sustained_10cm_lift_within_force_budget,binary,7,20,0.35,0.18119182410108206,0.5671457233147638,"Wilson 95%, environment-seed episodes",
force_feedback,primary,44,all,full_episode_peak_normal_N,continuous,,20,7.173574674129486,6.378182092308998,8.009797846078873,whole-environment-seed bootstrap 95%,
force_feedback,primary,44,all,setup_peak_normal_N,continuous,,20,0.0,0.0,0.0,whole-environment-seed bootstrap 95%,
force_feedback,primary,44,all,intervention_peak_normal_N,continuous,,20,6.1344364285469055,5.566976700723171,6.708055836558342,whole-environment-seed bootstrap 95%,
force_feedback,primary,44,all,max_relative_height_m,continuous,,20,0.07213585413992404,0.04019542772322893,0.10426910169422626,whole-environment-seed bootstrap 95%,
force_feedback,primary,44,all,native_shaped_return,continuous,,20,65.071275409384,53.21303272199683,76.96905335942886,whole-environment-seed bootstrap 95%,
force_feedback,primary,44,all,native_success_given_setup_within_budget,conditional_binary,10,20,0.5,0.2992980081982123,0.7007019918017877,"Wilson 95%; explicitly conditioned, not overall success",20
force_feedback,primary,44,id,sustained_native_success,binary,10,10,1.0,0.7224672001371107,0.9999999999999999,"Wilson 95%, environment-seed episodes",
force_feedback,primary,44,id,sustained_success_within_force_budget,binary,7,10,0.7,0.39677814746114537,0.8922087325936989,"Wilson 95%, environment-seed episodes",
force_feedback,primary,44,id,any_native_success,binary,10,10,1.0,0.7224672001371107,0.9999999999999999,"Wilson 95%, environment-seed episodes",
force_feedback,primary,44,id,final_native_success,binary,10,10,1.0,0.7224672001371107,0.9999999999999999,"Wilson 95%, environment-seed episodes",
force_feedback,primary,44,id,force_budget_exceeded,binary,3,10,0.3,0.10779126740630099,0.6032218525388546,"Wilson 95%, environment-seed episodes",
force_feedback,primary,44,id,setup_force_budget_exceeded,binary,0,10,0.0,0.0,0.2775327998628892,"Wilson 95%, environment-seed episodes",
force_feedback,primary,44,id,bilateral_contact_at_takeover,binary,0,10,0.0,0.0,0.2775327998628892,"Wilson 95%, environment-seed episodes",
force_feedback,primary,44,id,intervention_force_budget_exceeded,binary,0,10,0.0,0.0,0.2775327998628892,"Wilson 95%, environment-seed episodes",
force_feedback,primary,44,id,sustained_10cm_lift_success,binary,10,10,1.0,0.7224672001371107,0.9999999999999999,"Wilson 95%, environment-seed episodes",
force_feedback,primary,44,id,sustained_10cm_lift_within_force_budget,binary,7,10,0.7,0.39677814746114537,0.8922087325936989,"Wilson 95%, environment-seed episodes",
force_feedback,primary,44,id,full_episode_peak_normal_N,continuous,,10,7.311024832725525,5.984859191775322,8.765179708003997,whole-environment-seed bootstrap 95%,
force_feedback,primary,44,id,setup_peak_normal_N,continuous,,10,0.0,0.0,0.0,whole-environment-seed bootstrap 95%,
force_feedback,primary,44,id,intervention_peak_normal_N,continuous,,10,5.232748341560364,4.719861800670624,5.608377417325973,whole-environment-seed bootstrap 95%,
force_feedback,primary,44,id,max_relative_height_m,continuous,,10,0.1442717082798481,0.1336842330917716,0.15541910696774722,whole-environment-seed bootstrap 95%,
force_feedback,primary,44,id,native_shaped_return,continuous,,10,94.31317730313177,93.979142573239,94.62404091044306,whole-environment-seed bootstrap 95%,
force_feedback,primary,44,id,native_success_given_setup_within_budget,conditional_binary,10,10,1.0,0.7224672001371107,0.9999999999999999,"Wilson 95%; explicitly conditioned, not overall success",10
force_feedback,primary,44,ood,sustained_native_success,binary,0,10,0.0,0.0,0.2775327998628892,"Wilson 95%, environment-seed episodes",
force_feedback,primary,44,ood,sustained_success_within_force_budget,binary,0,10,0.0,0.0,0.2775327998628892,"Wilson 95%, environment-seed episodes",
force_feedback,primary,44,ood,any_native_success,binary,0,10,0.0,0.0,0.2775327998628892,"Wilson 95%, environment-seed episodes",
force_feedback,primary,44,ood,final_native_success,binary,0,10,0.0,0.0,0.2775327998628892,"Wilson 95%, environment-seed episodes",
force_feedback,primary,44,ood,force_budget_exceeded,binary,1,10,0.1,0.017876213095072896,0.4041500267952385,"Wilson 95%, environment-seed episodes",
force_feedback,primary,44,ood,setup_force_budget_exceeded,binary,0,10,0.0,0.0,0.2775327998628892,"Wilson 95%, environment-seed episodes",
force_feedback,primary,44,ood,bilateral_contact_at_takeover,binary,0,10,0.0,0.0,0.2775327998628892,"Wilson 95%, environment-seed episodes",
force_feedback,primary,44,ood,intervention_force_budget_exceeded,binary,1,10,0.1,0.017876213095072896,0.4041500267952385,"Wilson 95%, environment-seed episodes",
force_feedback,primary,44,ood,sustained_10cm_lift_success,binary,0,10,0.0,0.0,0.2775327998628892,"Wilson 95%, environment-seed episodes",
force_feedback,primary,44,ood,sustained_10cm_lift_within_force_budget,binary,0,10,0.0,0.0,0.2775327998628892,"Wilson 95%, environment-seed episodes",
force_feedback,primary,44,ood,full_episode_peak_normal_N,continuous,,10,7.036124515533447,6.263850154876709,7.820791192054748,whole-environment-seed bootstrap 95%,
force_feedback,primary,44,ood,setup_peak_normal_N,continuous,,10,0.0,0.0,0.0,whole-environment-seed bootstrap 95%,
force_feedback,primary,44,ood,intervention_peak_normal_N,continuous,,10,7.036124515533447,6.227089626789093,7.813351792097091,whole-environment-seed bootstrap 95%,
force_feedback,primary,44,ood,max_relative_height_m,continuous,,10,0.0,0.0,0.0,whole-environment-seed bootstrap 95%,
force_feedback,primary,44,ood,native_shaped_return,continuous,,10,35.82937351563622,35.18755619103974,36.420843937383154,whole-environment-seed bootstrap 95%,
force_feedback,primary,44,ood,native_success_given_setup_within_budget,conditional_binary,0,10,0.0,0.0,0.2775327998628892,"Wilson 95%; explicitly conditioned, not overall success",10
script,primary,44,all,sustained_native_success,binary,10,20,0.5,0.2992980081982123,0.7007019918017877,"Wilson 95%, environment-seed episodes",
script,primary,44,all,sustained_success_within_force_budget,binary,2,20,0.1,0.027866481213768224,0.3010336452284873,"Wilson 95%, environment-seed episodes",
script,primary,44,all,any_native_success,binary,10,20,0.5,0.2992980081982123,0.7007019918017877,"Wilson 95%, environment-seed episodes",
script,primary,44,all,final_native_success,binary,10,20,0.5,0.2992980081982123,0.7007019918017877,"Wilson 95%, environment-seed episodes",
script,primary,44,all,force_budget_exceeded,binary,13,20,0.65,0.43285427668523624,0.818808175898918,"Wilson 95%, environment-seed episodes",
script,primary,44,all,setup_force_budget_exceeded,binary,0,20,0.0,0.0,0.16112515805281938,"Wilson 95%, environment-seed episodes",
script,primary,44,all,bilateral_contact_at_takeover,binary,0,20,0.0,0.0,0.16112515805281938,"Wilson 95%, environment-seed episodes",
script,primary,44,all,intervention_force_budget_exceeded,binary,13,20,0.65,0.43285427668523624,0.818808175898918,"Wilson 95%, environment-seed episodes",
script,primary,44,all,sustained_10cm_lift_success,binary,10,20,0.5,0.2992980081982123,0.7007019918017877,"Wilson 95%, environment-seed episodes",
script,primary,44,all,sustained_10cm_lift_within_force_budget,binary,2,20,0.1,0.027866481213768224,0.3010336452284873,"Wilson 95%, environment-seed episodes",
script,primary,44,all,full_episode_peak_normal_N,continuous,,20,11.341131222248077,8.527446175217628,14.343038543462754,whole-environment-seed bootstrap 95%,
script,primary,44,all,setup_peak_normal_N,continuous,,20,0.0,0.0,0.0,whole-environment-seed bootstrap 95%,
script,primary,44,all,intervention_peak_normal_N,continuous,,20,11.340756475925446,8.575326803028583,14.558802384138106,whole-environment-seed bootstrap 95%,
script,primary,44,all,max_relative_height_m,continuous,,20,0.07284987133461981,0.04230616482323967,0.10543142014474141,whole-environment-seed bootstrap 95%,
script,primary,44,all,native_shaped_return,continuous,,20,65.54670448976209,53.5220984614237,77.71398333442968,whole-environment-seed bootstrap 95%,
script,primary,44,all,native_success_given_setup_within_budget,conditional_binary,10,20,0.5,0.2992980081982123,0.7007019918017877,"Wilson 95%; explicitly conditioned, not overall success",20
script,primary,44,id,sustained_native_success,binary,10,10,1.0,0.7224672001371107,0.9999999999999999,"Wilson 95%, environment-seed episodes",
script,primary,44,id,sustained_success_within_force_budget,binary,2,10,0.2,0.05668215145437519,0.5098375284633583,"Wilson 95%, environment-seed episodes",
script,primary,44,id,any_native_success,binary,10,10,1.0,0.7224672001371107,0.9999999999999999,"Wilson 95%, environment-seed episodes",
script,primary,44,id,final_native_success,binary,10,10,1.0,0.7224672001371107,0.9999999999999999,"Wilson 95%, environment-seed episodes",
script,primary,44,id,force_budget_exceeded,binary,8,10,0.8,0.49016247153664183,0.9433178485456247,"Wilson 95%, environment-seed episodes",
script,primary,44,id,setup_force_budget_exceeded,binary,0,10,0.0,0.0,0.2775327998628892,"Wilson 95%, environment-seed episodes",
script,primary,44,id,bilateral_contact_at_takeover,binary,0,10,0.0,0.0,0.2775327998628892,"Wilson 95%, environment-seed episodes",
script,primary,44,id,intervention_force_budget_exceeded,binary,8,10,0.8,0.49016247153664183,0.9433178485456247,"Wilson 95%, environment-seed episodes",
script,primary,44,id,sustained_10cm_lift_success,binary,10,10,1.0,0.7224672001371107,0.9999999999999999,"Wilson 95%, environment-seed episodes",
script,primary,44,id,sustained_10cm_lift_within_force_budget,binary,2,10,0.2,0.05668215145437519,0.5098375284633583,"Wilson 95%, environment-seed episodes",
script,primary,44,id,full_episode_peak_normal_N,continuous,,10,11.410485672950745,8.421685943007468,14.744310625791549,whole-environment-seed bootstrap 95%,
script,primary,44,id,setup_peak_normal_N,continuous,,10,0.0,0.0,0.0,whole-environment-seed bootstrap 95%,
script,primary,44,id,intervention_peak_normal_N,continuous,,10,11.409736180305481,8.310431147217752,14.721011598110199,whole-environment-seed bootstrap 95%,
script,primary,44,id,max_relative_height_m,continuous,,10,0.14429461285471917,0.1335829212144017,0.15464049441739913,whole-environment-seed bootstrap 95%,
script,primary,44,id,native_shaped_return,continuous,,10,94.91714367106098,94.4527482393411,95.3667889827464,whole-environment-seed bootstrap 95%,
script,primary,44,id,native_success_given_setup_within_budget,conditional_binary,10,10,1.0,0.7224672001371107,0.9999999999999999,"Wilson 95%; explicitly conditioned, not overall success",10
script,primary,44,ood,sustained_native_success,binary,0,10,0.0,0.0,0.2775327998628892,"Wilson 95%, environment-seed episodes",
script,primary,44,ood,sustained_success_within_force_budget,binary,0,10,0.0,0.0,0.2775327998628892,"Wilson 95%, environment-seed episodes",
script,primary,44,ood,any_native_success,binary,0,10,0.0,0.0,0.2775327998628892,"Wilson 95%, environment-seed episodes",
script,primary,44,ood,final_native_success,binary,0,10,0.0,0.0,0.2775327998628892,"Wilson 95%, environment-seed episodes",
script,primary,44,ood,force_budget_exceeded,binary,5,10,0.5,0.236593090512564,0.7634069094874361,"Wilson 95%, environment-seed episodes",
script,primary,44,ood,setup_force_budget_exceeded,binary,0,10,0.0,0.0,0.2775327998628892,"Wilson 95%, environment-seed episodes",
script,primary,44,ood,bilateral_contact_at_takeover,binary,0,10,0.0,0.0,0.2775327998628892,"Wilson 95%, environment-seed episodes",
script,primary,44,ood,intervention_force_budget_exceeded,binary,5,10,0.5,0.236593090512564,0.7634069094874361,"Wilson 95%, environment-seed episodes",
script,primary,44,ood,sustained_10cm_lift_success,binary,0,10,0.0,0.0,0.2775327998628892,"Wilson 95%, environment-seed episodes",
script,primary,44,ood,sustained_10cm_lift_within_force_budget,binary,0,10,0.0,0.0,0.2775327998628892,"Wilson 95%, environment-seed episodes",
script,primary,44,ood,full_episode_peak_normal_N,continuous,,10,11.27177677154541,6.607116039991379,16.654277812242505,whole-environment-seed bootstrap 95%,
script,primary,44,ood,setup_peak_normal_N,continuous,,10,0.0,0.0,0.0,whole-environment-seed bootstrap 95%,
script,primary,44,ood,intervention_peak_normal_N,continuous,,10,11.27177677154541,6.349458397626877,16.71603045463562,whole-environment-seed bootstrap 95%,
script,primary,44,ood,max_relative_height_m,continuous,,10,0.0014051298145204782,0.0,0.004039530176669359,whole-environment-seed bootstrap 95%,
script,primary,44,ood,native_shaped_return,continuous,,10,36.176265308463186,35.11788159771568,37.043133153656534,whole-environment-seed bootstrap 95%,
script,primary,44,ood,native_success_given_setup_within_budget,conditional_binary,0,10,0.0,0.0,0.2775327998628892,"Wilson 95%; explicitly conditioned, not overall success",10
visuotactile_height_seed0_rl,primary,44,all,sustained_native_success,binary,10,20,0.5,0.2992980081982123,0.7007019918017877,"Wilson 95%, environment-seed episodes",
visuotactile_height_seed0_rl,primary,44,all,sustained_success_within_force_budget,binary,5,20,0.25,0.11186170140766569,0.468700877618744,"Wilson 95%, environment-seed episodes",
visuotactile_height_seed0_rl,primary,44,all,any_native_success,binary,10,20,0.5,0.2992980081982123,0.7007019918017877,"Wilson 95%, environment-seed episodes",
visuotactile_height_seed0_rl,primary,44,all,final_native_success,binary,7,20,0.35,0.18119182410108206,0.5671457233147638,"Wilson 95%, environment-seed episodes",
visuotactile_height_seed0_rl,primary,44,all,force_budget_exceeded,binary,11,20,0.55,0.34208534245034233,0.7418021417443759,"Wilson 95%, environment-seed episodes",
visuotactile_height_seed0_rl,primary,44,all,setup_force_budget_exceeded,binary,0,20,0.0,0.0,0.16112515805281938,"Wilson 95%, environment-seed episodes",
visuotactile_height_seed0_rl,primary,44,all,bilateral_contact_at_takeover,binary,0,20,0.0,0.0,0.16112515805281938,"Wilson 95%, environment-seed episodes",
visuotactile_height_seed0_rl,primary,44,all,intervention_force_budget_exceeded,binary,11,20,0.55,0.34208534245034233,0.7418021417443759,"Wilson 95%, environment-seed episodes",
visuotactile_height_seed0_rl,primary,44,all,sustained_10cm_lift_success,binary,9,20,0.45,0.2581978582556243,0.6579146575496577,"Wilson 95%, environment-seed episodes",
visuotactile_height_seed0_rl,primary,44,all,sustained_10cm_lift_within_force_budget,binary,4,20,0.2,0.08065766257979806,0.41601743225189364,"Wilson 95%, environment-seed episodes",
visuotactile_height_seed0_rl,primary,44,all,full_episode_peak_normal_N,continuous,,20,9.491885459423065,7.726635745465756,11.509549315571784,whole-environment-seed bootstrap 95%,
visuotactile_height_seed0_rl,primary,44,all,setup_peak_normal_N,continuous,,20,0.0,0.0,0.0,whole-environment-seed bootstrap 95%,
visuotactile_height_seed0_rl,primary,44,all,intervention_peak_normal_N,continuous,,20,9.491885459423065,7.75141274780035,11.662738731205462,whole-environment-seed bootstrap 95%,
visuotactile_height_seed0_rl,primary,44,all,max_relative_height_m,continuous,,20,0.067874601110816,0.03777800804004073,0.09894534434191882,whole-environment-seed bootstrap 95%,
visuotactile_height_seed0_rl,primary,44,all,native_shaped_return,continuous,,20,72.79932542303133,59.61604878871213,86.77020158547948,whole-environment-seed bootstrap 95%,
visuotactile_height_seed0_rl,primary,44,all,native_success_given_setup_within_budget,conditional_binary,10,20,0.5,0.2992980081982123,0.7007019918017877,"Wilson 95%; explicitly conditioned, not overall success",20
visuotactile_height_seed0_rl,primary,44,id,sustained_native_success,binary,10,10,1.0,0.7224672001371107,0.9999999999999999,"Wilson 95%, environment-seed episodes",
visuotactile_height_seed0_rl,primary,44,id,sustained_success_within_force_budget,binary,5,10,0.5,0.236593090512564,0.7634069094874361,"Wilson 95%, environment-seed episodes",
visuotactile_height_seed0_rl,primary,44,id,any_native_success,binary,10,10,1.0,0.7224672001371107,0.9999999999999999,"Wilson 95%, environment-seed episodes",
visuotactile_height_seed0_rl,primary,44,id,final_native_success,binary,7,10,0.7,0.39677814746114537,0.8922087325936989,"Wilson 95%, environment-seed episodes",
visuotactile_height_seed0_rl,primary,44,id,force_budget_exceeded,binary,5,10,0.5,0.236593090512564,0.7634069094874361,"Wilson 95%, environment-seed episodes",
visuotactile_height_seed0_rl,primary,44,id,setup_force_budget_exceeded,binary,0,10,0.0,0.0,0.2775327998628892,"Wilson 95%, environment-seed episodes",
visuotactile_height_seed0_rl,primary,44,id,bilateral_contact_at_takeover,binary,0,10,0.0,0.0,0.2775327998628892,"Wilson 95%, environment-seed episodes",
visuotactile_height_seed0_rl,primary,44,id,intervention_force_budget_exceeded,binary,5,10,0.5,0.236593090512564,0.7634069094874361,"Wilson 95%, environment-seed episodes",
visuotactile_height_seed0_rl,primary,44,id,sustained_10cm_lift_success,binary,9,10,0.9,0.5958499732047615,0.9821237869049271,"Wilson 95%, environment-seed episodes",
visuotactile_height_seed0_rl,primary,44,id,sustained_10cm_lift_within_force_budget,binary,4,10,0.4,0.16818032970623614,0.6873262302663417,"Wilson 95%, environment-seed episodes",
visuotactile_height_seed0_rl,primary,44,id,full_episode_peak_normal_N,continuous,,10,8.356877732276917,6.6964195275306695,9.835997017621994,whole-environment-seed bootstrap 95%,
visuotactile_height_seed0_rl,primary,44,id,setup_peak_normal_N,continuous,,10,0.0,0.0,0.0,whole-environment-seed bootstrap 95%,
visuotactile_height_seed0_rl,primary,44,id,intervention_peak_normal_N,continuous,,10,8.356877732276917,6.760510421991348,9.772040535211561,whole-environment-seed bootstrap 95%,
visuotactile_height_seed0_rl,primary,44,id,max_relative_height_m,continuous,,10,0.135749202221632,0.12124561365693808,0.1519641040638089,whole-environment-seed bootstrap 95%,
visuotactile_height_seed0_rl,primary,44,id,native_shaped_return,continuous,,10,102.79229152318275,97.02070557015608,107.91613179081462,whole-environment-seed bootstrap 95%,
visuotactile_height_seed0_rl,primary,44,id,native_success_given_setup_within_budget,conditional_binary,10,10,1.0,0.7224672001371107,0.9999999999999999,"Wilson 95%; explicitly conditioned, not overall success",10
visuotactile_height_seed0_rl,primary,44,ood,sustained_native_success,binary,0,10,0.0,0.0,0.2775327998628892,"Wilson 95%, environment-seed episodes",
visuotactile_height_seed0_rl,primary,44,ood,sustained_success_within_force_budget,binary,0,10,0.0,0.0,0.2775327998628892,"Wilson 95%, environment-seed episodes",
visuotactile_height_seed0_rl,primary,44,ood,any_native_success,binary,0,10,0.0,0.0,0.2775327998628892,"Wilson 95%, environment-seed episodes",
visuotactile_height_seed0_rl,primary,44,ood,final_native_success,binary,0,10,0.0,0.0,0.2775327998628892,"Wilson 95%, environment-seed episodes",
visuotactile_height_seed0_rl,primary,44,ood,force_budget_exceeded,binary,6,10,0.6,0.31267376973365824,0.8318196702937638,"Wilson 95%, environment-seed episodes",
visuotactile_height_seed0_rl,primary,44,ood,setup_force_budget_exceeded,binary,0,10,0.0,0.0,0.2775327998628892,"Wilson 95%, environment-seed episodes",
visuotactile_height_seed0_rl,primary,44,ood,bilateral_contact_at_takeover,binary,0,10,0.0,0.0,0.2775327998628892,"Wilson 95%, environment-seed episodes",
visuotactile_height_seed0_rl,primary,44,ood,intervention_force_budget_exceeded,binary,6,10,0.6,0.31267376973365824,0.8318196702937638,"Wilson 95%, environment-seed episodes",
visuotactile_height_seed0_rl,primary,44,ood,sustained_10cm_lift_success,binary,0,10,0.0,0.0,0.2775327998628892,"Wilson 95%, environment-seed episodes",
visuotactile_height_seed0_rl,primary,44,ood,sustained_10cm_lift_within_force_budget,binary,0,10,0.0,0.0,0.2775327998628892,"Wilson 95%, environment-seed episodes",
visuotactile_height_seed0_rl,primary,44,ood,full_episode_peak_normal_N,continuous,,10,10.626893186569214,7.453664504289628,14.288697510957716,whole-environment-seed bootstrap 95%,
visuotactile_height_seed0_rl,primary,44,ood,setup_peak_normal_N,continuous,,10,0.0,0.0,0.0,whole-environment-seed bootstrap 95%,
visuotactile_height_seed0_rl,primary,44,ood,intervention_peak_normal_N,continuous,,10,10.626893186569214,7.597986656427383,14.433263634443284,whole-environment-seed bootstrap 95%,
visuotactile_height_seed0_rl,primary,44,ood,max_relative_height_m,continuous,,10,0.0,0.0,0.0,whole-environment-seed bootstrap 95%,
visuotactile_height_seed0_rl,primary,44,ood,native_shaped_return,continuous,,10,42.8063593228799,41.64882734226547,43.99378161155933,whole-environment-seed bootstrap 95%,
visuotactile_height_seed0_rl,primary,44,ood,native_success_given_setup_within_budget,conditional_binary,0,10,0.0,0.0,0.2775327998628892,"Wilson 95%; explicitly conditioned, not overall success",10
visuotactile_height_seed1_rl,primary,44,all,sustained_native_success,binary,10,20,0.5,0.2992980081982123,0.7007019918017877,"Wilson 95%, environment-seed episodes",
visuotactile_height_seed1_rl,primary,44,all,sustained_success_within_force_budget,binary,3,20,0.15,0.052368745896216595,0.36041886474075696,"Wilson 95%, environment-seed episodes",
visuotactile_height_seed1_rl,primary,44,all,any_native_success,binary,10,20,0.5,0.2992980081982123,0.7007019918017877,"Wilson 95%, environment-seed episodes",
visuotactile_height_seed1_rl,primary,44,all,final_native_success,binary,10,20,0.5,0.2992980081982123,0.7007019918017877,"Wilson 95%, environment-seed episodes",
visuotactile_height_seed1_rl,primary,44,all,force_budget_exceeded,binary,14,20,0.7,0.4810271816464765,0.8545227551323956,"Wilson 95%, environment-seed episodes",
visuotactile_height_seed1_rl,primary,44,all,setup_force_budget_exceeded,binary,0,20,0.0,0.0,0.16112515805281938,"Wilson 95%, environment-seed episodes",
visuotactile_height_seed1_rl,primary,44,all,bilateral_contact_at_takeover,binary,0,20,0.0,0.0,0.16112515805281938,"Wilson 95%, environment-seed episodes",
visuotactile_height_seed1_rl,primary,44,all,intervention_force_budget_exceeded,binary,13,20,0.65,0.43285427668523624,0.818808175898918,"Wilson 95%, environment-seed episodes",
visuotactile_height_seed1_rl,primary,44,all,sustained_10cm_lift_success,binary,10,20,0.5,0.2992980081982123,0.7007019918017877,"Wilson 95%, environment-seed episodes",
visuotactile_height_seed1_rl,primary,44,all,sustained_10cm_lift_within_force_budget,binary,3,20,0.15,0.052368745896216595,0.36041886474075696,"Wilson 95%, environment-seed episodes",
visuotactile_height_seed1_rl,primary,44,all,full_episode_peak_normal_N,continuous,,20,9.825377178192138,8.268373863697052,11.244668751358986,whole-environment-seed bootstrap 95%,
visuotactile_height_seed1_rl,primary,44,all,setup_peak_normal_N,continuous,,20,0.0,0.0,0.0,whole-environment-seed bootstrap 95%,
visuotactile_height_seed1_rl,primary,44,all,intervention_peak_normal_N,continuous,,20,8.984216833114624,7.582213374376297,10.388827069997786,whole-environment-seed bootstrap 95%,
visuotactile_height_seed1_rl,primary,44,all,max_relative_height_m,continuous,,20,0.06894156150519848,0.038697811709716916,0.1009018720500171,whole-environment-seed bootstrap 95%,
visuotactile_height_seed1_rl,primary,44,all,native_shaped_return,continuous,,20,77.17104292879907,62.33102667153688,90.88668281703164,whole-environment-seed bootstrap 95%,
visuotactile_height_seed1_rl,primary,44,all,native_success_given_setup_within_budget,conditional_binary,10,20,0.5,0.2992980081982123,0.7007019918017877,"Wilson 95%; explicitly conditioned, not overall success",20
visuotactile_height_seed1_rl,primary,44,id,sustained_native_success,binary,10,10,1.0,0.7224672001371107,0.9999999999999999,"Wilson 95%, environment-seed episodes",
visuotactile_height_seed1_rl,primary,44,id,sustained_success_within_force_budget,binary,3,10,0.3,0.10779126740630099,0.6032218525388546,"Wilson 95%, environment-seed episodes",
visuotactile_height_seed1_rl,primary,44,id,any_native_success,binary,10,10,1.0,0.7224672001371107,0.9999999999999999,"Wilson 95%, environment-seed episodes",
visuotactile_height_seed1_rl,primary,44,id,final_native_success,binary,10,10,1.0,0.7224672001371107,0.9999999999999999,"Wilson 95%, environment-seed episodes",
visuotactile_height_seed1_rl,primary,44,id,force_budget_exceeded,binary,7,10,0.7,0.39677814746114537,0.8922087325936989,"Wilson 95%, environment-seed episodes",
visuotactile_height_seed1_rl,primary,44,id,setup_force_budget_exceeded,binary,0,10,0.0,0.0,0.2775327998628892,"Wilson 95%, environment-seed episodes",
visuotactile_height_seed1_rl,primary,44,id,bilateral_contact_at_takeover,binary,0,10,0.0,0.0,0.2775327998628892,"Wilson 95%, environment-seed episodes",
visuotactile_height_seed1_rl,primary,44,id,intervention_force_budget_exceeded,binary,7,10,0.7,0.39677814746114537,0.8922087325936989,"Wilson 95%, environment-seed episodes",
visuotactile_height_seed1_rl,primary,44,id,sustained_10cm_lift_success,binary,10,10,1.0,0.7224672001371107,0.9999999999999999,"Wilson 95%, environment-seed episodes",
visuotactile_height_seed1_rl,primary,44,id,sustained_10cm_lift_within_force_budget,binary,3,10,0.3,0.10779126740630099,0.6032218525388546,"Wilson 95%, environment-seed episodes",
visuotactile_height_seed1_rl,primary,44,id,full_episode_peak_normal_N,continuous,,10,9.223506689071655,7.229660153388977,11.280414690971373,whole-environment-seed bootstrap 95%,
visuotactile_height_seed1_rl,primary,44,id,setup_peak_normal_N,continuous,,10,0.0,0.0,0.0,whole-environment-seed bootstrap 95%,
visuotactile_height_seed1_rl,primary,44,id,intervention_peak_normal_N,continuous,,10,8.233630037307739,6.825399985313415,9.528687987327574,whole-environment-seed bootstrap 95%,
visuotactile_height_seed1_rl,primary,44,id,max_relative_height_m,continuous,,10,0.13788312301039696,0.12599812258034945,0.14833261715248228,whole-environment-seed bootstrap 95%,
visuotactile_height_seed1_rl,primary,44,id,native_shaped_return,continuous,,10,108.64873608708668,106.34922378233705,109.90716378081801,whole-environment-seed bootstrap 95%,
visuotactile_height_seed1_rl,primary,44,id,native_success_given_setup_within_budget,conditional_binary,10,10,1.0,0.7224672001371107,0.9999999999999999,"Wilson 95%; explicitly conditioned, not overall success",10
visuotactile_height_seed1_rl,primary,44,ood,sustained_native_success,binary,0,10,0.0,0.0,0.2775327998628892,"Wilson 95%, environment-seed episodes",
visuotactile_height_seed1_rl,primary,44,ood,sustained_success_within_force_budget,binary,0,10,0.0,0.0,0.2775327998628892,"Wilson 95%, environment-seed episodes",
visuotactile_height_seed1_rl,primary,44,ood,any_native_success,binary,0,10,0.0,0.0,0.2775327998628892,"Wilson 95%, environment-seed episodes",
visuotactile_height_seed1_rl,primary,44,ood,final_native_success,binary,0,10,0.0,0.0,0.2775327998628892,"Wilson 95%, environment-seed episodes",
visuotactile_height_seed1_rl,primary,44,ood,force_budget_exceeded,binary,7,10,0.7,0.39677814746114537,0.8922087325936989,"Wilson 95%, environment-seed episodes",
visuotactile_height_seed1_rl,primary,44,ood,setup_force_budget_exceeded,binary,0,10,0.0,0.0,0.2775327998628892,"Wilson 95%, environment-seed episodes",
visuotactile_height_seed1_rl,primary,44,ood,bilateral_contact_at_takeover,binary,0,10,0.0,0.0,0.2775327998628892,"Wilson 95%, environment-seed episodes",
visuotactile_height_seed1_rl,primary,44,ood,intervention_force_budget_exceeded,binary,6,10,0.6,0.31267376973365824,0.8318196702937638,"Wilson 95%, environment-seed episodes",
visuotactile_height_seed1_rl,primary,44,ood,sustained_10cm_lift_success,binary,0,10,0.0,0.0,0.2775327998628892,"Wilson 95%, environment-seed episodes",
visuotactile_height_seed1_rl,primary,44,ood,sustained_10cm_lift_within_force_budget,binary,0,10,0.0,0.0,0.2775327998628892,"Wilson 95%, environment-seed episodes",
visuotactile_height_seed1_rl,primary,44,ood,full_episode_peak_normal_N,continuous,,10,10.427247667312622,8.478189635276793,12.387749239206315,whole-environment-seed bootstrap 95%,
visuotactile_height_seed1_rl,primary,44,ood,setup_peak_normal_N,continuous,,10,0.0,0.0,0.0,whole-environment-seed bootstrap 95%,
visuotactile_height_seed1_rl,primary,44,ood,intervention_peak_normal_N,continuous,,10,9.734803628921508,7.406433532238006,12.164480264186858,whole-environment-seed bootstrap 95%,
visuotactile_height_seed1_rl,primary,44,ood,max_relative_height_m,continuous,,10,0.0,0.0,0.0,whole-environment-seed bootstrap 95%,
visuotactile_height_seed1_rl,primary,44,ood,native_shaped_return,continuous,,10,45.69334977051151,41.96607846785793,50.62362365466115,whole-environment-seed bootstrap 95%,
visuotactile_height_seed1_rl,primary,44,ood,native_success_given_setup_within_budget,conditional_binary,0,10,0.0,0.0,0.2775327998628892,"Wilson 95%; explicitly conditioned, not overall success",10
visuotactile_height_seed2_rl,primary,44,all,sustained_native_success,binary,9,20,0.45,0.2581978582556243,0.6579146575496577,"Wilson 95%, environment-seed episodes",
visuotactile_height_seed2_rl,primary,44,all,sustained_success_within_force_budget,binary,3,20,0.15,0.052368745896216595,0.36041886474075696,"Wilson 95%, environment-seed episodes",
visuotactile_height_seed2_rl,primary,44,all,any_native_success,binary,10,20,0.5,0.2992980081982123,0.7007019918017877,"Wilson 95%, environment-seed episodes",
visuotactile_height_seed2_rl,primary,44,all,final_native_success,binary,10,20,0.5,0.2992980081982123,0.7007019918017877,"Wilson 95%, environment-seed episodes",
visuotactile_height_seed2_rl,primary,44,all,force_budget_exceeded,binary,14,20,0.7,0.4810271816464765,0.8545227551323956,"Wilson 95%, environment-seed episodes",
visuotactile_height_seed2_rl,primary,44,all,setup_force_budget_exceeded,binary,0,20,0.0,0.0,0.16112515805281938,"Wilson 95%, environment-seed episodes",
visuotactile_height_seed2_rl,primary,44,all,bilateral_contact_at_takeover,binary,0,20,0.0,0.0,0.16112515805281938,"Wilson 95%, environment-seed episodes",
visuotactile_height_seed2_rl,primary,44,all,intervention_force_budget_exceeded,binary,12,20,0.6,0.3865815007622531,0.781193467627183,"Wilson 95%, environment-seed episodes",
visuotactile_height_seed2_rl,primary,44,all,sustained_10cm_lift_success,binary,9,20,0.45,0.2581978582556243,0.6579146575496577,"Wilson 95%, environment-seed episodes",
visuotactile_height_seed2_rl,primary,44,all,sustained_10cm_lift_within_force_budget,binary,3,20,0.15,0.052368745896216595,0.36041886474075696,"Wilson 95%, environment-seed episodes",
visuotactile_height_seed2_rl,primary,44,all,full_episode_peak_normal_N,continuous,,20,10.561324560642243,9.063084038197994,12.048305691778658,whole-environment-seed bootstrap 95%,
visuotactile_height_seed2_rl,primary,44,all,setup_peak_normal_N,continuous,,20,0.0,0.0,0.0,whole-environment-seed bootstrap 95%,
visuotactile_height_seed2_rl,primary,44,all,intervention_peak_normal_N,continuous,,20,9.672634112834931,7.979433092176914,11.344758425056934,whole-environment-seed bootstrap 95%,
visuotactile_height_seed2_rl,primary,44,all,max_relative_height_m,continuous,,20,0.05789494700729847,0.03306390386074782,0.08514504021964968,whole-environment-seed bootstrap 95%,
visuotactile_height_seed2_rl,primary,44,all,native_shaped_return,continuous,,20,78.74248984433856,65.8991559520068,91.45230816529148,whole-environment-seed bootstrap 95%,
visuotactile_height_seed2_rl,primary,44,all,native_success_given_setup_within_budget,conditional_binary,9,20,0.45,0.2581978582556243,0.6579146575496577,"Wilson 95%; explicitly conditioned, not overall success",20
visuotactile_height_seed2_rl,primary,44,id,sustained_native_success,binary,9,10,0.9,0.5958499732047615,0.9821237869049271,"Wilson 95%, environment-seed episodes",
visuotactile_height_seed2_rl,primary,44,id,sustained_success_within_force_budget,binary,3,10,0.3,0.10779126740630099,0.6032218525388546,"Wilson 95%, environment-seed episodes",
visuotactile_height_seed2_rl,primary,44,id,any_native_success,binary,10,10,1.0,0.7224672001371107,0.9999999999999999,"Wilson 95%, environment-seed episodes",
visuotactile_height_seed2_rl,primary,44,id,final_native_success,binary,10,10,1.0,0.7224672001371107,0.9999999999999999,"Wilson 95%, environment-seed episodes",
visuotactile_height_seed2_rl,primary,44,id,force_budget_exceeded,binary,6,10,0.6,0.31267376973365824,0.8318196702937638,"Wilson 95%, environment-seed episodes",
visuotactile_height_seed2_rl,primary,44,id,setup_force_budget_exceeded,binary,0,10,0.0,0.0,0.2775327998628892,"Wilson 95%, environment-seed episodes",
visuotactile_height_seed2_rl,primary,44,id,bilateral_contact_at_takeover,binary,0,10,0.0,0.0,0.2775327998628892,"Wilson 95%, environment-seed episodes",
visuotactile_height_seed2_rl,primary,44,id,intervention_force_budget_exceeded,binary,6,10,0.6,0.31267376973365824,0.8318196702937638,"Wilson 95%, environment-seed episodes",
visuotactile_height_seed2_rl,primary,44,id,sustained_10cm_lift_success,binary,9,10,0.9,0.5958499732047615,0.9821237869049271,"Wilson 95%, environment-seed episodes",
visuotactile_height_seed2_rl,primary,44,id,sustained_10cm_lift_within_force_budget,binary,3,10,0.3,0.10779126740630099,0.6032218525388546,"Wilson 95%, environment-seed episodes",
visuotactile_height_seed2_rl,primary,44,id,full_episode_peak_normal_N,continuous,,10,9.541350960731506,7.640095503330231,11.250008794665334,whole-environment-seed bootstrap 95%,
visuotactile_height_seed2_rl,primary,44,id,setup_peak_normal_N,continuous,,10,0.0,0.0,0.0,whole-environment-seed bootstrap 95%,
visuotactile_height_seed2_rl,primary,44,id,intervention_peak_normal_N,continuous,,10,9.541350960731506,7.579106223583222,11.255133142471314,whole-environment-seed bootstrap 95%,
visuotactile_height_seed2_rl,primary,44,id,max_relative_height_m,continuous,,10,0.11578989401459694,0.10126910693943501,0.1261311326175928,whole-environment-seed bootstrap 95%,
visuotactile_height_seed2_rl,primary,44,id,native_shaped_return,continuous,,10,104.91756323056418,96.82622520281282,109.22488317997664,whole-environment-seed bootstrap 95%,
visuotactile_height_seed2_rl,primary,44,id,native_success_given_setup_within_budget,conditional_binary,9,10,0.9,0.5958499732047615,0.9821237869049271,"Wilson 95%; explicitly conditioned, not overall success",10
visuotactile_height_seed2_rl,primary,44,ood,sustained_native_success,binary,0,10,0.0,0.0,0.2775327998628892,"Wilson 95%, environment-seed episodes",
visuotactile_height_seed2_rl,primary,44,ood,sustained_success_within_force_budget,binary,0,10,0.0,0.0,0.2775327998628892,"Wilson 95%, environment-seed episodes",
visuotactile_height_seed2_rl,primary,44,ood,any_native_success,binary,0,10,0.0,0.0,0.2775327998628892,"Wilson 95%, environment-seed episodes",
visuotactile_height_seed2_rl,primary,44,ood,final_native_success,binary,0,10,0.0,0.0,0.2775327998628892,"Wilson 95%, environment-seed episodes",
visuotactile_height_seed2_rl,primary,44,ood,force_budget_exceeded,binary,8,10,0.8,0.49016247153664183,0.9433178485456247,"Wilson 95%, environment-seed episodes",
visuotactile_height_seed2_rl,primary,44,ood,setup_force_budget_exceeded,binary,0,10,0.0,0.0,0.2775327998628892,"Wilson 95%, environment-seed episodes",
visuotactile_height_seed2_rl,primary,44,ood,bilateral_contact_at_takeover,binary,0,10,0.0,0.0,0.2775327998628892,"Wilson 95%, environment-seed episodes",
visuotactile_height_seed2_rl,primary,44,ood,intervention_force_budget_exceeded,binary,6,10,0.6,0.31267376973365824,0.8318196702937638,"Wilson 95%, environment-seed episodes",
visuotactile_height_seed2_rl,primary,44,ood,sustained_10cm_lift_success,binary,0,10,0.0,0.0,0.2775327998628892,"Wilson 95%, environment-seed episodes",
visuotactile_height_seed2_rl,primary,44,ood,sustained_10cm_lift_within_force_budget,binary,0,10,0.0,0.0,0.2775327998628892,"Wilson 95%, environment-seed episodes",
visuotactile_height_seed2_rl,primary,44,ood,full_episode_peak_normal_N,continuous,,10,11.58129816055298,9.430063936710358,13.835420293807983,whole-environment-seed bootstrap 95%,
visuotactile_height_seed2_rl,primary,44,ood,setup_peak_normal_N,continuous,,10,0.0,0.0,0.0,whole-environment-seed bootstrap 95%,
visuotactile_height_seed2_rl,primary,44,ood,intervention_peak_normal_N,continuous,,10,9.803917264938354,6.975880575180053,12.611396740674971,whole-environment-seed bootstrap 95%,
visuotactile_height_seed2_rl,primary,44,ood,max_relative_height_m,continuous,,10,0.0,0.0,0.0,whole-environment-seed bootstrap 95%,
visuotactile_height_seed2_rl,primary,44,ood,native_shaped_return,continuous,,10,52.56741645811294,46.335983246394186,58.54049828717369,whole-environment-seed bootstrap 95%,
visuotactile_height_seed2_rl,primary,44,ood,native_success_given_setup_within_budget,conditional_binary,0,10,0.0,0.0,0.2775327998628892,"Wilson 95%; explicitly conditioned, not overall success",10
visuotactile_margin_height_seed0_rl,primary,44,all,sustained_native_success,binary,1,20,0.05,0.008881448800795402,0.23613119344674205,"Wilson 95%, environment-seed episodes",
visuotactile_margin_height_seed0_rl,primary,44,all,sustained_success_within_force_budget,binary,1,20,0.05,0.008881448800795402,0.23613119344674205,"Wilson 95%, environment-seed episodes",
visuotactile_margin_height_seed0_rl,primary,44,all,any_native_success,binary,1,20,0.05,0.008881448800795402,0.23613119344674205,"Wilson 95%, environment-seed episodes",
visuotactile_margin_height_seed0_rl,primary,44,all,final_native_success,binary,0,20,0.0,0.0,0.16112515805281938,"Wilson 95%, environment-seed episodes",
visuotactile_margin_height_seed0_rl,primary,44,all,force_budget_exceeded,binary,0,20,0.0,0.0,0.16112515805281938,"Wilson 95%, environment-seed episodes",
visuotactile_margin_height_seed0_rl,primary,44,all,setup_force_budget_exceeded,binary,0,20,0.0,0.0,0.16112515805281938,"Wilson 95%, environment-seed episodes",
visuotactile_margin_height_seed0_rl,primary,44,all,bilateral_contact_at_takeover,binary,0,20,0.0,0.0,0.16112515805281938,"Wilson 95%, environment-seed episodes",
visuotactile_margin_height_seed0_rl,primary,44,all,intervention_force_budget_exceeded,binary,0,20,0.0,0.0,0.16112515805281938,"Wilson 95%, environment-seed episodes",
visuotactile_margin_height_seed0_rl,primary,44,all,sustained_10cm_lift_success,binary,0,20,0.0,0.0,0.16112515805281938,"Wilson 95%, environment-seed episodes",
visuotactile_margin_height_seed0_rl,primary,44,all,sustained_10cm_lift_within_force_budget,binary,0,20,0.0,0.0,0.16112515805281938,"Wilson 95%, environment-seed episodes",
visuotactile_margin_height_seed0_rl,primary,44,all,full_episode_peak_normal_N,continuous,,20,3.7389110922813416,2.584007294625044,4.905454745590687,whole-environment-seed bootstrap 95%,
visuotactile_margin_height_seed0_rl,primary,44,all,setup_peak_normal_N,continuous,,20,0.0,0.0,0.0,whole-environment-seed bootstrap 95%,
visuotactile_margin_height_seed0_rl,primary,44,all,intervention_peak_normal_N,continuous,,20,3.7389110922813416,2.5635889177024365,4.920045488625763,whole-environment-seed bootstrap 95%,
visuotactile_margin_height_seed0_rl,primary,44,all,max_relative_height_m,continuous,,20,0.005609475448727608,0.0,0.016828426346182822,whole-environment-seed bootstrap 95%,
visuotactile_margin_height_seed0_rl,primary,44,all,native_shaped_return,continuous,,20,48.337352518312784,46.94996505867899,49.73803717019251,whole-environment-seed bootstrap 95%,
visuotactile_margin_height_seed0_rl,primary,44,all,native_success_given_setup_within_budget,conditional_binary,1,20,0.05,0.008881448800795402,0.23613119344674205,"Wilson 95%; explicitly conditioned, not overall success",20
visuotactile_margin_height_seed0_rl,primary,44,id,sustained_native_success,binary,1,10,0.1,0.017876213095072896,0.4041500267952385,"Wilson 95%, environment-seed episodes",
visuotactile_margin_height_seed0_rl,primary,44,id,sustained_success_within_force_budget,binary,1,10,0.1,0.017876213095072896,0.4041500267952385,"Wilson 95%, environment-seed episodes",
visuotactile_margin_height_seed0_rl,primary,44,id,any_native_success,binary,1,10,0.1,0.017876213095072896,0.4041500267952385,"Wilson 95%, environment-seed episodes",
visuotactile_margin_height_seed0_rl,primary,44,id,final_native_success,binary,0,10,0.0,0.0,0.2775327998628892,"Wilson 95%, environment-seed episodes",
visuotactile_margin_height_seed0_rl,primary,44,id,force_budget_exceeded,binary,0,10,0.0,0.0,0.2775327998628892,"Wilson 95%, environment-seed episodes",
visuotactile_margin_height_seed0_rl,primary,44,id,setup_force_budget_exceeded,binary,0,10,0.0,0.0,0.2775327998628892,"Wilson 95%, environment-seed episodes",
visuotactile_margin_height_seed0_rl,primary,44,id,bilateral_contact_at_takeover,binary,0,10,0.0,0.0,0.2775327998628892,"Wilson 95%, environment-seed episodes",
visuotactile_margin_height_seed0_rl,primary,44,id,intervention_force_budget_exceeded,binary,0,10,0.0,0.0,0.2775327998628892,"Wilson 95%, environment-seed episodes",
visuotactile_margin_height_seed0_rl,primary,44,id,sustained_10cm_lift_success,binary,0,10,0.0,0.0,0.2775327998628892,"Wilson 95%, environment-seed episodes",
visuotactile_margin_height_seed0_rl,primary,44,id,sustained_10cm_lift_within_force_budget,binary,0,10,0.0,0.0,0.2775327998628892,"Wilson 95%, environment-seed episodes",
visuotactile_margin_height_seed0_rl,primary,44,id,full_episode_peak_normal_N,continuous,,10,1.2827220678329467,0.5318329930305481,2.062649059295654,whole-environment-seed bootstrap 95%,
visuotactile_margin_height_seed0_rl,primary,44,id,setup_peak_normal_N,continuous,,10,0.0,0.0,0.0,whole-environment-seed bootstrap 95%,
visuotactile_margin_height_seed0_rl,primary,44,id,intervention_peak_normal_N,continuous,,10,1.2827220678329467,0.5271571701765061,2.0981680750846863,whole-environment-seed bootstrap 95%,
visuotactile_margin_height_seed0_rl,primary,44,id,max_relative_height_m,continuous,,10,0.011218950897455216,0.0,0.033656852692365645,whole-environment-seed bootstrap 95%,
visuotactile_margin_height_seed0_rl,primary,44,id,native_shaped_return,continuous,,10,49.84919770755458,48.20558142072677,51.46245618707588,whole-environment-seed bootstrap 95%,
visuotactile_margin_height_seed0_rl,primary,44,id,native_success_given_setup_within_budget,conditional_binary,1,10,0.1,0.017876213095072896,0.4041500267952385,"Wilson 95%; explicitly conditioned, not overall success",10
visuotactile_margin_height_seed0_rl,primary,44,ood,sustained_native_success,binary,0,10,0.0,0.0,0.2775327998628892,"Wilson 95%, environment-seed episodes",
visuotactile_margin_height_seed0_rl,primary,44,ood,sustained_success_within_force_budget,binary,0,10,0.0,0.0,0.2775327998628892,"Wilson 95%, environment-seed episodes",
visuotactile_margin_height_seed0_rl,primary,44,ood,any_native_success,binary,0,10,0.0,0.0,0.2775327998628892,"Wilson 95%, environment-seed episodes",
visuotactile_margin_height_seed0_rl,primary,44,ood,final_native_success,binary,0,10,0.0,0.0,0.2775327998628892,"Wilson 95%, environment-seed episodes",
visuotactile_margin_height_seed0_rl,primary,44,ood,force_budget_exceeded,binary,0,10,0.0,0.0,0.2775327998628892,"Wilson 95%, environment-seed episodes",
visuotactile_margin_height_seed0_rl,primary,44,ood,setup_force_budget_exceeded,binary,0,10,0.0,0.0,0.2775327998628892,"Wilson 95%, environment-seed episodes",
visuotactile_margin_height_seed0_rl,primary,44,ood,bilateral_contact_at_takeover,binary,0,10,0.0,0.0,0.2775327998628892,"Wilson 95%, environment-seed episodes",
visuotactile_margin_height_seed0_rl,primary,44,ood,intervention_force_budget_exceeded,binary,0,10,0.0,0.0,0.2775327998628892,"Wilson 95%, environment-seed episodes",
visuotactile_margin_height_seed0_rl,primary,44,ood,sustained_10cm_lift_success,binary,0,10,0.0,0.0,0.2775327998628892,"Wilson 95%, environment-seed episodes",
visuotactile_margin_height_seed0_rl,primary,44,ood,sustained_10cm_lift_within_force_budget,binary,0,10,0.0,0.0,0.2775327998628892,"Wilson 95%, environment-seed episodes",
visuotactile_margin_height_seed0_rl,primary,44,ood,full_episode_peak_normal_N,continuous,,10,6.195100116729736,5.449706262350083,6.8885142099857335,whole-environment-seed bootstrap 95%,
visuotactile_margin_height_seed0_rl,primary,44,ood,setup_peak_normal_N,continuous,,10,0.0,0.0,0.0,whole-environment-seed bootstrap 95%,
visuotactile_margin_height_seed0_rl,primary,44,ood,intervention_peak_normal_N,continuous,,10,6.195100116729736,5.432295949459076,6.888056375980376,whole-environment-seed bootstrap 95%,
visuotactile_margin_height_seed0_rl,primary,44,ood,max_relative_height_m,continuous,,10,0.0,0.0,0.0,whole-environment-seed bootstrap 95%,
visuotactile_margin_height_seed0_rl,primary,44,ood,native_shaped_return,continuous,,10,46.82550732907099,44.928603667277734,48.902713561050966,whole-environment-seed bootstrap 95%,
visuotactile_margin_height_seed0_rl,primary,44,ood,native_success_given_setup_within_budget,conditional_binary,0,10,0.0,0.0,0.2775327998628892,"Wilson 95%; explicitly conditioned, not overall success",10
visuotactile_margin_height_seed1_rl,primary,44,all,sustained_native_success,binary,6,20,0.3,0.1454772448676043,0.5189728183535235,"Wilson 95%, environment-seed episodes",
visuotactile_margin_height_seed1_rl,primary,44,all,sustained_success_within_force_budget,binary,4,20,0.2,0.08065766257979806,0.41601743225189364,"Wilson 95%, environment-seed episodes",
visuotactile_margin_height_seed1_rl,primary,44,all,any_native_success,binary,9,20,0.45,0.2581978582556243,0.6579146575496577,"Wilson 95%, environment-seed episodes",
visuotactile_margin_height_seed1_rl,primary,44,all,final_native_success,binary,6,20,0.3,0.1454772448676043,0.5189728183535235,"Wilson 95%, environment-seed episodes",
visuotactile_margin_height_seed1_rl,primary,44,all,force_budget_exceeded,binary,6,20,0.3,0.1454772448676043,0.5189728183535235,"Wilson 95%, environment-seed episodes",
visuotactile_margin_height_seed1_rl,primary,44,all,setup_force_budget_exceeded,binary,0,20,0.0,0.0,0.16112515805281938,"Wilson 95%, environment-seed episodes",
visuotactile_margin_height_seed1_rl,primary,44,all,bilateral_contact_at_takeover,binary,0,20,0.0,0.0,0.16112515805281938,"Wilson 95%, environment-seed episodes",
visuotactile_margin_height_seed1_rl,primary,44,all,intervention_force_budget_exceeded,binary,4,20,0.2,0.08065766257979806,0.41601743225189364,"Wilson 95%, environment-seed episodes",
visuotactile_margin_height_seed1_rl,primary,44,all,sustained_10cm_lift_success,binary,6,20,0.3,0.1454772448676043,0.5189728183535235,"Wilson 95%, environment-seed episodes",
visuotactile_margin_height_seed1_rl,primary,44,all,sustained_10cm_lift_within_force_budget,binary,4,20,0.2,0.08065766257979806,0.41601743225189364,"Wilson 95%, environment-seed episodes",
visuotactile_margin_height_seed1_rl,primary,44,all,full_episode_peak_normal_N,continuous,,20,7.12887419462204,6.053883114457131,8.054329321682452,whole-environment-seed bootstrap 95%,
visuotactile_margin_height_seed1_rl,primary,44,all,setup_peak_normal_N,continuous,,20,0.0,0.0,0.0,whole-environment-seed bootstrap 95%,
visuotactile_margin_height_seed1_rl,primary,44,all,intervention_peak_normal_N,continuous,,20,6.493832981586456,5.5248732259869575,7.411343529522419,whole-environment-seed bootstrap 95%,
visuotactile_margin_height_seed1_rl,primary,44,all,max_relative_height_m,continuous,,20,0.13321811370551587,0.04901834335178137,0.21901445248629897,whole-environment-seed bootstrap 95%,
visuotactile_margin_height_seed1_rl,primary,44,all,native_shaped_return,continuous,,20,62.46566921243421,50.03773687370559,76.03435304241104,whole-environment-seed bootstrap 95%,
visuotactile_margin_height_seed1_rl,primary,44,all,native_success_given_setup_within_budget,conditional_binary,6,20,0.3,0.1454772448676043,0.5189728183535235,"Wilson 95%; explicitly conditioned, not overall success",20
visuotactile_margin_height_seed1_rl,primary,44,id,sustained_native_success,binary,6,10,0.6,0.31267376973365824,0.8318196702937638,"Wilson 95%, environment-seed episodes",
visuotactile_margin_height_seed1_rl,primary,44,id,sustained_success_within_force_budget,binary,4,10,0.4,0.16818032970623614,0.6873262302663417,"Wilson 95%, environment-seed episodes",
visuotactile_margin_height_seed1_rl,primary,44,id,any_native_success,binary,9,10,0.9,0.5958499732047615,0.9821237869049271,"Wilson 95%, environment-seed episodes",
visuotactile_margin_height_seed1_rl,primary,44,id,final_native_success,binary,6,10,0.6,0.31267376973365824,0.8318196702937638,"Wilson 95%, environment-seed episodes",
visuotactile_margin_height_seed1_rl,primary,44,id,force_budget_exceeded,binary,2,10,0.2,0.05668215145437519,0.5098375284633583,"Wilson 95%, environment-seed episodes",
visuotactile_margin_height_seed1_rl,primary,44,id,setup_force_budget_exceeded,binary,0,10,0.0,0.0,0.2775327998628892,"Wilson 95%, environment-seed episodes",
visuotactile_margin_height_seed1_rl,primary,44,id,bilateral_contact_at_takeover,binary,0,10,0.0,0.0,0.2775327998628892,"Wilson 95%, environment-seed episodes",
visuotactile_margin_height_seed1_rl,primary,44,id,intervention_force_budget_exceeded,binary,0,10,0.0,0.0,0.2775327998628892,"Wilson 95%, environment-seed episodes",
visuotactile_margin_height_seed1_rl,primary,44,id,sustained_10cm_lift_success,binary,6,10,0.6,0.31267376973365824,0.8318196702937638,"Wilson 95%, environment-seed episodes",
visuotactile_margin_height_seed1_rl,primary,44,id,sustained_10cm_lift_within_force_budget,binary,4,10,0.4,0.16818032970623614,0.6873262302663417,"Wilson 95%, environment-seed episodes",
visuotactile_margin_height_seed1_rl,primary,44,id,full_episode_peak_normal_N,continuous,,10,6.6276874303817745,4.795028758049011,8.162026360630989,whole-environment-seed bootstrap 95%,
visuotactile_margin_height_seed1_rl,primary,44,id,setup_peak_normal_N,continuous,,10,0.0,0.0,0.0,whole-environment-seed bootstrap 95%,
visuotactile_margin_height_seed1_rl,primary,44,id,intervention_peak_normal_N,continuous,,10,5.357605004310608,4.030545064210892,6.643656301498413,whole-environment-seed bootstrap 95%,
visuotactile_margin_height_seed1_rl,primary,44,id,max_relative_height_m,continuous,,10,0.26643622741103173,0.1412441150750965,0.39220508038066326,whole-environment-seed bootstrap 95%,
visuotactile_margin_height_seed1_rl,primary,44,id,native_shaped_return,continuous,,10,82.19511856123667,61.672363148846614,101.80579451436054,whole-environment-seed bootstrap 95%,
visuotactile_margin_height_seed1_rl,primary,44,id,native_success_given_setup_within_budget,conditional_binary,6,10,0.6,0.31267376973365824,0.8318196702937638,"Wilson 95%; explicitly conditioned, not overall success",10
visuotactile_margin_height_seed1_rl,primary,44,ood,sustained_native_success,binary,0,10,0.0,0.0,0.2775327998628892,"Wilson 95%, environment-seed episodes",
visuotactile_margin_height_seed1_rl,primary,44,ood,sustained_success_within_force_budget,binary,0,10,0.0,0.0,0.2775327998628892,"Wilson 95%, environment-seed episodes",
visuotactile_margin_height_seed1_rl,primary,44,ood,any_native_success,binary,0,10,0.0,0.0,0.2775327998628892,"Wilson 95%, environment-seed episodes",
visuotactile_margin_height_seed1_rl,primary,44,ood,final_native_success,binary,0,10,0.0,0.0,0.2775327998628892,"Wilson 95%, environment-seed episodes",
visuotactile_margin_height_seed1_rl,primary,44,ood,force_budget_exceeded,binary,4,10,0.4,0.16818032970623614,0.6873262302663417,"Wilson 95%, environment-seed episodes",
visuotactile_margin_height_seed1_rl,primary,44,ood,setup_force_budget_exceeded,binary,0,10,0.0,0.0,0.2775327998628892,"Wilson 95%, environment-seed episodes",
visuotactile_margin_height_seed1_rl,primary,44,ood,bilateral_contact_at_takeover,binary,0,10,0.0,0.0,0.2775327998628892,"Wilson 95%, environment-seed episodes",
visuotactile_margin_height_seed1_rl,primary,44,ood,intervention_force_budget_exceeded,binary,4,10,0.4,0.16818032970623614,0.6873262302663417,"Wilson 95%, environment-seed episodes",
visuotactile_margin_height_seed1_rl,primary,44,ood,sustained_10cm_lift_success,binary,0,10,0.0,0.0,0.2775327998628892,"Wilson 95%, environment-seed episodes",
visuotactile_margin_height_seed1_rl,primary,44,ood,sustained_10cm_lift_within_force_budget,binary,0,10,0.0,0.0,0.2775327998628892,"Wilson 95%, environment-seed episodes",
visuotactile_margin_height_seed1_rl,primary,44,ood,full_episode_peak_normal_N,continuous,,10,7.6300609588623045,6.591413742303849,8.560668197870255,whole-environment-seed bootstrap 95%,
visuotactile_margin_height_seed1_rl,primary,44,ood,setup_peak_normal_N,continuous,,10,0.0,0.0,0.0,whole-environment-seed bootstrap 95%,
visuotactile_margin_height_seed1_rl,primary,44,ood,intervention_peak_normal_N,continuous,,10,7.6300609588623045,6.60377498626709,8.610745674371717,whole-environment-seed bootstrap 95%,
visuotactile_margin_height_seed1_rl,primary,44,ood,max_relative_height_m,continuous,,10,0.0,0.0,0.0,whole-environment-seed bootstrap 95%,
visuotactile_margin_height_seed1_rl,primary,44,ood,native_shaped_return,continuous,,10,42.73621986363174,40.93658818894343,45.04788559220082,whole-environment-seed bootstrap 95%,
visuotactile_margin_height_seed1_rl,primary,44,ood,native_success_given_setup_within_budget,conditional_binary,0,10,0.0,0.0,0.2775327998628892,"Wilson 95%; explicitly conditioned, not overall success",10
visuotactile_margin_height_seed2_rl,primary,44,all,sustained_native_success,binary,0,20,0.0,0.0,0.16112515805281938,"Wilson 95%, environment-seed episodes",
visuotactile_margin_height_seed2_rl,primary,44,all,sustained_success_within_force_budget,binary,0,20,0.0,0.0,0.16112515805281938,"Wilson 95%, environment-seed episodes",
visuotactile_margin_height_seed2_rl,primary,44,all,any_native_success,binary,0,20,0.0,0.0,0.16112515805281938,"Wilson 95%, environment-seed episodes",
visuotactile_margin_height_seed2_rl,primary,44,all,final_native_success,binary,0,20,0.0,0.0,0.16112515805281938,"Wilson 95%, environment-seed episodes",
visuotactile_margin_height_seed2_rl,primary,44,all,force_budget_exceeded,binary,0,20,0.0,0.0,0.16112515805281938,"Wilson 95%, environment-seed episodes",
visuotactile_margin_height_seed2_rl,primary,44,all,setup_force_budget_exceeded,binary,0,20,0.0,0.0,0.16112515805281938,"Wilson 95%, environment-seed episodes",
visuotactile_margin_height_seed2_rl,primary,44,all,bilateral_contact_at_takeover,binary,0,20,0.0,0.0,0.16112515805281938,"Wilson 95%, environment-seed episodes",
visuotactile_margin_height_seed2_rl,primary,44,all,intervention_force_budget_exceeded,binary,0,20,0.0,0.0,0.16112515805281938,"Wilson 95%, environment-seed episodes",
visuotactile_margin_height_seed2_rl,primary,44,all,sustained_10cm_lift_success,binary,0,20,0.0,0.0,0.16112515805281938,"Wilson 95%, environment-seed episodes",
visuotactile_margin_height_seed2_rl,primary,44,all,sustained_10cm_lift_within_force_budget,binary,0,20,0.0,0.0,0.16112515805281938,"Wilson 95%, environment-seed episodes",
visuotactile_margin_height_seed2_rl,primary,44,all,full_episode_peak_normal_N,continuous,,20,1.8096602499485015,0.7634552392363548,2.974716805666685,whole-environment-seed bootstrap 95%,
visuotactile_margin_height_seed2_rl,primary,44,all,setup_peak_normal_N,continuous,,20,0.0,0.0,0.0,whole-environment-seed bootstrap 95%,
visuotactile_margin_height_seed2_rl,primary,44,all,intervention_peak_normal_N,continuous,,20,1.8096602499485015,0.7492061778903008,2.94300008997321,whole-environment-seed bootstrap 95%,
visuotactile_margin_height_seed2_rl,primary,44,all,max_relative_height_m,continuous,,20,0.0004876053273619618,0.0,0.0014597706656786613,whole-environment-seed bootstrap 95%,
visuotactile_margin_height_seed2_rl,primary,44,all,native_shaped_return,continuous,,20,26.187442349097477,22.98474041750744,30.52677165192959,whole-environment-seed bootstrap 95%,
visuotactile_margin_height_seed2_rl,primary,44,all,native_success_given_setup_within_budget,conditional_binary,0,20,0.0,0.0,0.16112515805281938,"Wilson 95%; explicitly conditioned, not overall success",20
visuotactile_margin_height_seed2_rl,primary,44,id,sustained_native_success,binary,0,10,0.0,0.0,0.2775327998628892,"Wilson 95%, environment-seed episodes",
visuotactile_margin_height_seed2_rl,primary,44,id,sustained_success_within_force_budget,binary,0,10,0.0,0.0,0.2775327998628892,"Wilson 95%, environment-seed episodes",
visuotactile_margin_height_seed2_rl,primary,44,id,any_native_success,binary,0,10,0.0,0.0,0.2775327998628892,"Wilson 95%, environment-seed episodes",
visuotactile_margin_height_seed2_rl,primary,44,id,final_native_success,binary,0,10,0.0,0.0,0.2775327998628892,"Wilson 95%, environment-seed episodes",
visuotactile_margin_height_seed2_rl,primary,44,id,force_budget_exceeded,binary,0,10,0.0,0.0,0.2775327998628892,"Wilson 95%, environment-seed episodes",
visuotactile_margin_height_seed2_rl,primary,44,id,setup_force_budget_exceeded,binary,0,10,0.0,0.0,0.2775327998628892,"Wilson 95%, environment-seed episodes",
visuotactile_margin_height_seed2_rl,primary,44,id,bilateral_contact_at_takeover,binary,0,10,0.0,0.0,0.2775327998628892,"Wilson 95%, environment-seed episodes",
visuotactile_margin_height_seed2_rl,primary,44,id,intervention_force_budget_exceeded,binary,0,10,0.0,0.0,0.2775327998628892,"Wilson 95%, environment-seed episodes",
visuotactile_margin_height_seed2_rl,primary,44,id,sustained_10cm_lift_success,binary,0,10,0.0,0.0,0.2775327998628892,"Wilson 95%, environment-seed episodes",
visuotactile_margin_height_seed2_rl,primary,44,id,sustained_10cm_lift_within_force_budget,binary,0,10,0.0,0.0,0.2775327998628892,"Wilson 95%, environment-seed episodes",
visuotactile_margin_height_seed2_rl,primary,44,id,full_episode_peak_normal_N,continuous,,10,0.7889775156974792,0.13396899700164794,1.577442786693573,whole-environment-seed bootstrap 95%,
visuotactile_margin_height_seed2_rl,primary,44,id,setup_peak_normal_N,continuous,,10,0.0,0.0,0.0,whole-environment-seed bootstrap 95%,
visuotactile_margin_height_seed2_rl,primary,44,id,intervention_peak_normal_N,continuous,,10,0.7889775156974792,0.14227917194366455,1.5781627857685077,whole-environment-seed bootstrap 95%,
visuotactile_margin_height_seed2_rl,primary,44,id,max_relative_height_m,continuous,,10,0.0009752106547239236,0.0,0.0029136029643632346,whole-environment-seed bootstrap 95%,
visuotactile_margin_height_seed2_rl,primary,44,id,native_shaped_return,continuous,,10,26.414092080055962,22.80341149462231,32.27692698511258,whole-environment-seed bootstrap 95%,
visuotactile_margin_height_seed2_rl,primary,44,id,native_success_given_setup_within_budget,conditional_binary,0,10,0.0,0.0,0.2775327998628892,"Wilson 95%; explicitly conditioned, not overall success",10
visuotactile_margin_height_seed2_rl,primary,44,ood,sustained_native_success,binary,0,10,0.0,0.0,0.2775327998628892,"Wilson 95%, environment-seed episodes",
visuotactile_margin_height_seed2_rl,primary,44,ood,sustained_success_within_force_budget,binary,0,10,0.0,0.0,0.2775327998628892,"Wilson 95%, environment-seed episodes",
visuotactile_margin_height_seed2_rl,primary,44,ood,any_native_success,binary,0,10,0.0,0.0,0.2775327998628892,"Wilson 95%, environment-seed episodes",
visuotactile_margin_height_seed2_rl,primary,44,ood,final_native_success,binary,0,10,0.0,0.0,0.2775327998628892,"Wilson 95%, environment-seed episodes",
visuotactile_margin_height_seed2_rl,primary,44,ood,force_budget_exceeded,binary,0,10,0.0,0.0,0.2775327998628892,"Wilson 95%, environment-seed episodes",
visuotactile_margin_height_seed2_rl,primary,44,ood,setup_force_budget_exceeded,binary,0,10,0.0,0.0,0.2775327998628892,"Wilson 95%, environment-seed episodes",
visuotactile_margin_height_seed2_rl,primary,44,ood,bilateral_contact_at_takeover,binary,0,10,0.0,0.0,0.2775327998628892,"Wilson 95%, environment-seed episodes",
visuotactile_margin_height_seed2_rl,primary,44,ood,intervention_force_budget_exceeded,binary,0,10,0.0,0.0,0.2775327998628892,"Wilson 95%, environment-seed episodes",
visuotactile_margin_height_seed2_rl,primary,44,ood,sustained_10cm_lift_success,binary,0,10,0.0,0.0,0.2775327998628892,"Wilson 95%, environment-seed episodes",
visuotactile_margin_height_seed2_rl,primary,44,ood,sustained_10cm_lift_within_force_budget,binary,0,10,0.0,0.0,0.2775327998628892,"Wilson 95%, environment-seed episodes",
visuotactile_margin_height_seed2_rl,primary,44,ood,full_episode_peak_normal_N,continuous,,10,2.830342984199524,1.0567507982254027,4.758380962610244,whole-environment-seed bootstrap 95%,
visuotactile_margin_height_seed2_rl,primary,44,ood,setup_peak_normal_N,continuous,,10,0.0,0.0,0.0,whole-environment-seed bootstrap 95%,
visuotactile_margin_height_seed2_rl,primary,44,ood,intervention_peak_normal_N,continuous,,10,2.830342984199524,1.0164589166641236,4.680364894866943,whole-environment-seed bootstrap 95%,
visuotactile_margin_height_seed2_rl,primary,44,ood,max_relative_height_m,continuous,,10,0.0,0.0,0.0,whole-environment-seed bootstrap 95%,
visuotactile_margin_height_seed2_rl,primary,44,ood,native_shaped_return,continuous,,10,25.960792618138992,22.092672986547903,32.233278917486636,whole-environment-seed bootstrap 95%,
visuotactile_margin_height_seed2_rl,primary,44,ood,native_success_given_setup_within_budget,conditional_binary,0,10,0.0,0.0,0.2775327998628892,"Wilson 95%; explicitly conditioned, not overall success",10
visuotactile_margin_native_seed0_rl,primary,44,all,sustained_native_success,binary,1,20,0.05,0.008881448800795402,0.23613119344674205,"Wilson 95%, environment-seed episodes",
visuotactile_margin_native_seed0_rl,primary,44,all,sustained_success_within_force_budget,binary,1,20,0.05,0.008881448800795402,0.23613119344674205,"Wilson 95%, environment-seed episodes",
visuotactile_margin_native_seed0_rl,primary,44,all,any_native_success,binary,2,20,0.1,0.027866481213768224,0.3010336452284873,"Wilson 95%, environment-seed episodes",
visuotactile_margin_native_seed0_rl,primary,44,all,final_native_success,binary,1,20,0.05,0.008881448800795402,0.23613119344674205,"Wilson 95%, environment-seed episodes",
visuotactile_margin_native_seed0_rl,primary,44,all,force_budget_exceeded,binary,0,20,0.0,0.0,0.16112515805281938,"Wilson 95%, environment-seed episodes",
visuotactile_margin_native_seed0_rl,primary,44,all,setup_force_budget_exceeded,binary,0,20,0.0,0.0,0.16112515805281938,"Wilson 95%, environment-seed episodes",
visuotactile_margin_native_seed0_rl,primary,44,all,bilateral_contact_at_takeover,binary,0,20,0.0,0.0,0.16112515805281938,"Wilson 95%, environment-seed episodes",
visuotactile_margin_native_seed0_rl,primary,44,all,intervention_force_budget_exceeded,binary,0,20,0.0,0.0,0.16112515805281938,"Wilson 95%, environment-seed episodes",
visuotactile_margin_native_seed0_rl,primary,44,all,sustained_10cm_lift_success,binary,0,20,0.0,0.0,0.16112515805281938,"Wilson 95%, environment-seed episodes",
visuotactile_margin_native_seed0_rl,primary,44,all,sustained_10cm_lift_within_force_budget,binary,0,20,0.0,0.0,0.16112515805281938,"Wilson 95%, environment-seed episodes",
visuotactile_margin_native_seed0_rl,primary,44,all,full_episode_peak_normal_N,continuous,,20,2.760492515563965,1.754055462181568,3.7471244585514047,whole-environment-seed bootstrap 95%,
visuotactile_margin_native_seed0_rl,primary,44,all,setup_peak_normal_N,continuous,,20,0.0,0.0,0.0,whole-environment-seed bootstrap 95%,
visuotactile_margin_native_seed0_rl,primary,44,all,intervention_peak_normal_N,continuous,,20,2.7051623940467833,1.6835211819410325,3.7476880070567113,whole-environment-seed bootstrap 95%,
visuotactile_margin_native_seed0_rl,primary,44,all,max_relative_height_m,continuous,,20,0.00788535682950169,0.0006491749081760645,0.019012683652108536,whole-environment-seed bootstrap 95%,
visuotactile_margin_native_seed0_rl,primary,44,all,native_shaped_return,continuous,,20,48.92289602446346,47.038513317278415,50.90057895480392,whole-environment-seed bootstrap 95%,
visuotactile_margin_native_seed0_rl,primary,44,all,native_success_given_setup_within_budget,conditional_binary,1,20,0.05,0.008881448800795402,0.23613119344674205,"Wilson 95%; explicitly conditioned, not overall success",20
visuotactile_margin_native_seed0_rl,primary,44,id,sustained_native_success,binary,1,10,0.1,0.017876213095072896,0.4041500267952385,"Wilson 95%, environment-seed episodes",
visuotactile_margin_native_seed0_rl,primary,44,id,sustained_success_within_force_budget,binary,1,10,0.1,0.017876213095072896,0.4041500267952385,"Wilson 95%, environment-seed episodes",
visuotactile_margin_native_seed0_rl,primary,44,id,any_native_success,binary,2,10,0.2,0.05668215145437519,0.5098375284633583,"Wilson 95%, environment-seed episodes",
visuotactile_margin_native_seed0_rl,primary,44,id,final_native_success,binary,1,10,0.1,0.017876213095072896,0.4041500267952385,"Wilson 95%, environment-seed episodes",
visuotactile_margin_native_seed0_rl,primary,44,id,force_budget_exceeded,binary,0,10,0.0,0.0,0.2775327998628892,"Wilson 95%, environment-seed episodes",
visuotactile_margin_native_seed0_rl,primary,44,id,setup_force_budget_exceeded,binary,0,10,0.0,0.0,0.2775327998628892,"Wilson 95%, environment-seed episodes",
visuotactile_margin_native_seed0_rl,primary,44,id,bilateral_contact_at_takeover,binary,0,10,0.0,0.0,0.2775327998628892,"Wilson 95%, environment-seed episodes",
visuotactile_margin_native_seed0_rl,primary,44,id,intervention_force_budget_exceeded,binary,0,10,0.0,0.0,0.2775327998628892,"Wilson 95%, environment-seed episodes",
visuotactile_margin_native_seed0_rl,primary,44,id,sustained_10cm_lift_success,binary,0,10,0.0,0.0,0.2775327998628892,"Wilson 95%, environment-seed episodes",
visuotactile_margin_native_seed0_rl,primary,44,id,sustained_10cm_lift_within_force_budget,binary,0,10,0.0,0.0,0.2775327998628892,"Wilson 95%, environment-seed episodes",
visuotactile_margin_native_seed0_rl,primary,44,id,full_episode_peak_normal_N,continuous,,10,1.8281399726867675,0.6575419425964355,2.9987380027771,whole-environment-seed bootstrap 95%,
visuotactile_margin_native_seed0_rl,primary,44,id,setup_peak_normal_N,continuous,,10,0.0,0.0,0.0,whole-environment-seed bootstrap 95%,
visuotactile_margin_native_seed0_rl,primary,44,id,intervention_peak_normal_N,continuous,,10,1.7174797296524047,0.6595395946502686,2.767622542381287,whole-environment-seed bootstrap 95%,
visuotactile_margin_native_seed0_rl,primary,44,id,max_relative_height_m,continuous,,10,0.01577071365900338,0.0010567224584519864,0.03557165618985891,whole-environment-seed bootstrap 95%,
visuotactile_margin_native_seed0_rl,primary,44,id,native_shaped_return,continuous,,10,50.7896661354499,47.924464027680536,53.32039866615201,whole-environment-seed bootstrap 95%,
visuotactile_margin_native_seed0_rl,primary,44,id,native_success_given_setup_within_budget,conditional_binary,1,10,0.1,0.017876213095072896,0.4041500267952385,"Wilson 95%; explicitly conditioned, not overall success",10
visuotactile_margin_native_seed0_rl,primary,44,ood,sustained_native_success,binary,0,10,0.0,0.0,0.2775327998628892,"Wilson 95%, environment-seed episodes",
visuotactile_margin_native_seed0_rl,primary,44,ood,sustained_success_within_force_budget,binary,0,10,0.0,0.0,0.2775327998628892,"Wilson 95%, environment-seed episodes",
visuotactile_margin_native_seed0_rl,primary,44,ood,any_native_success,binary,0,10,0.0,0.0,0.2775327998628892,"Wilson 95%, environment-seed episodes",
visuotactile_margin_native_seed0_rl,primary,44,ood,final_native_success,binary,0,10,0.0,0.0,0.2775327998628892,"Wilson 95%, environment-seed episodes",
visuotactile_margin_native_seed0_rl,primary,44,ood,force_budget_exceeded,binary,0,10,0.0,0.0,0.2775327998628892,"Wilson 95%, environment-seed episodes",
visuotactile_margin_native_seed0_rl,primary,44,ood,setup_force_budget_exceeded,binary,0,10,0.0,0.0,0.2775327998628892,"Wilson 95%, environment-seed episodes",
visuotactile_margin_native_seed0_rl,primary,44,ood,bilateral_contact_at_takeover,binary,0,10,0.0,0.0,0.2775327998628892,"Wilson 95%, environment-seed episodes",
visuotactile_margin_native_seed0_rl,primary,44,ood,intervention_force_budget_exceeded,binary,0,10,0.0,0.0,0.2775327998628892,"Wilson 95%, environment-seed episodes",
visuotactile_margin_native_seed0_rl,primary,44,ood,sustained_10cm_lift_success,binary,0,10,0.0,0.0,0.2775327998628892,"Wilson 95%, environment-seed episodes",
visuotactile_margin_native_seed0_rl,primary,44,ood,sustained_10cm_lift_within_force_budget,binary,0,10,0.0,0.0,0.2775327998628892,"Wilson 95%, environment-seed episodes",
visuotactile_margin_native_seed0_rl,primary,44,ood,full_episode_peak_normal_N,continuous,,10,3.6928450584411623,2.016778659820557,5.096881257295609,whole-environment-seed bootstrap 95%,
visuotactile_margin_native_seed0_rl,primary,44,ood,setup_peak_normal_N,continuous,,10,0.0,0.0,0.0,whole-environment-seed bootstrap 95%,
visuotactile_margin_native_seed0_rl,primary,44,ood,intervention_peak_normal_N,continuous,,10,3.6928450584411623,2.0920747208595274,5.089644912481307,whole-environment-seed bootstrap 95%,
visuotactile_margin_native_seed0_rl,primary,44,ood,max_relative_height_m,continuous,,10,0.0,0.0,0.0,whole-environment-seed bootstrap 95%,
visuotactile_margin_native_seed0_rl,primary,44,ood,native_shaped_return,continuous,,10,47.05612591347701,44.811314215353235,49.288896469562445,whole-environment-seed bootstrap 95%,
visuotactile_margin_native_seed0_rl,primary,44,ood,native_success_given_setup_within_budget,conditional_binary,0,10,0.0,0.0,0.2775327998628892,"Wilson 95%; explicitly conditioned, not overall success",10
visuotactile_margin_native_seed1_rl,primary,44,all,sustained_native_success,binary,8,20,0.4,0.21880653237281705,0.6134184992377469,"Wilson 95%, environment-seed episodes",
visuotactile_margin_native_seed1_rl,primary,44,all,sustained_success_within_force_budget,binary,6,20,0.3,0.1454772448676043,0.5189728183535235,"Wilson 95%, environment-seed episodes",
visuotactile_margin_native_seed1_rl,primary,44,all,any_native_success,binary,9,20,0.45,0.2581978582556243,0.6579146575496577,"Wilson 95%, environment-seed episodes",
visuotactile_margin_native_seed1_rl,primary,44,all,final_native_success,binary,7,20,0.35,0.18119182410108206,0.5671457233147638,"Wilson 95%, environment-seed episodes",
visuotactile_margin_native_seed1_rl,primary,44,all,force_budget_exceeded,binary,6,20,0.3,0.1454772448676043,0.5189728183535235,"Wilson 95%, environment-seed episodes",
visuotactile_margin_native_seed1_rl,primary,44,all,setup_force_budget_exceeded,binary,0,20,0.0,0.0,0.16112515805281938,"Wilson 95%, environment-seed episodes",
visuotactile_margin_native_seed1_rl,primary,44,all,bilateral_contact_at_takeover,binary,0,20,0.0,0.0,0.16112515805281938,"Wilson 95%, environment-seed episodes",
visuotactile_margin_native_seed1_rl,primary,44,all,intervention_force_budget_exceeded,binary,5,20,0.25,0.11186170140766569,0.468700877618744,"Wilson 95%, environment-seed episodes",
visuotactile_margin_native_seed1_rl,primary,44,all,sustained_10cm_lift_success,binary,7,20,0.35,0.18119182410108206,0.5671457233147638,"Wilson 95%, environment-seed episodes",
visuotactile_margin_native_seed1_rl,primary,44,all,sustained_10cm_lift_within_force_budget,binary,6,20,0.3,0.1454772448676043,0.5189728183535235,"Wilson 95%, environment-seed episodes",
visuotactile_margin_native_seed1_rl,primary,44,all,full_episode_peak_normal_N,continuous,,20,6.564804244041443,5.48801736086607,7.473764429688454,whole-environment-seed bootstrap 95%,
visuotactile_margin_native_seed1_rl,primary,44,all,setup_peak_normal_N,continuous,,20,0.0,0.0,0.0,whole-environment-seed bootstrap 95%,
visuotactile_margin_native_seed1_rl,primary,44,all,intervention_peak_normal_N,continuous,,20,6.019241285324097,5.001639035642148,6.9339566576480856,whole-environment-seed bootstrap 95%,
visuotactile_margin_native_seed1_rl,primary,44,all,max_relative_height_m,continuous,,20,0.1509073327295482,0.06853881282499061,0.23675968843279405,whole-environment-seed bootstrap 95%,
visuotactile_margin_native_seed1_rl,primary,44,all,native_shaped_return,continuous,,20,66.5395942765562,54.17269698628388,79.51422596435631,whole-environment-seed bootstrap 95%,
visuotactile_margin_native_seed1_rl,primary,44,all,native_success_given_setup_within_budget,conditional_binary,8,20,0.4,0.21880653237281705,0.6134184992377469,"Wilson 95%; explicitly conditioned, not overall success",20
visuotactile_margin_native_seed1_rl,primary,44,id,sustained_native_success,binary,8,10,0.8,0.49016247153664183,0.9433178485456247,"Wilson 95%, environment-seed episodes",
visuotactile_margin_native_seed1_rl,primary,44,id,sustained_success_within_force_budget,binary,6,10,0.6,0.31267376973365824,0.8318196702937638,"Wilson 95%, environment-seed episodes",
visuotactile_margin_native_seed1_rl,primary,44,id,any_native_success,binary,9,10,0.9,0.5958499732047615,0.9821237869049271,"Wilson 95%, environment-seed episodes",
visuotactile_margin_native_seed1_rl,primary,44,id,final_native_success,binary,7,10,0.7,0.39677814746114537,0.8922087325936989,"Wilson 95%, environment-seed episodes",
visuotactile_margin_native_seed1_rl,primary,44,id,force_budget_exceeded,binary,2,10,0.2,0.05668215145437519,0.5098375284633583,"Wilson 95%, environment-seed episodes",
visuotactile_margin_native_seed1_rl,primary,44,id,setup_force_budget_exceeded,binary,0,10,0.0,0.0,0.2775327998628892,"Wilson 95%, environment-seed episodes",
visuotactile_margin_native_seed1_rl,primary,44,id,bilateral_contact_at_takeover,binary,0,10,0.0,0.0,0.2775327998628892,"Wilson 95%, environment-seed episodes",
visuotactile_margin_native_seed1_rl,primary,44,id,intervention_force_budget_exceeded,binary,1,10,0.1,0.017876213095072896,0.4041500267952385,"Wilson 95%, environment-seed episodes",
visuotactile_margin_native_seed1_rl,primary,44,id,sustained_10cm_lift_success,binary,7,10,0.7,0.39677814746114537,0.8922087325936989,"Wilson 95%, environment-seed episodes",
visuotactile_margin_native_seed1_rl,primary,44,id,sustained_10cm_lift_within_force_budget,binary,6,10,0.6,0.31267376973365824,0.8318196702937638,"Wilson 95%, environment-seed episodes",
visuotactile_margin_native_seed1_rl,primary,44,id,full_episode_peak_normal_N,continuous,,10,6.183433699607849,4.341801126599312,7.6992695456743245,whole-environment-seed bootstrap 95%,
visuotactile_margin_native_seed1_rl,primary,44,id,setup_peak_normal_N,continuous,,10,0.0,0.0,0.0,whole-environment-seed bootstrap 95%,
visuotactile_margin_native_seed1_rl,primary,44,id,intervention_peak_normal_N,continuous,,10,5.092307782173156,3.581008951663971,6.333377462029456,whole-environment-seed bootstrap 95%,
visuotactile_margin_native_seed1_rl,primary,44,id,max_relative_height_m,continuous,,10,0.3018146654590964,0.18359082127921283,0.40981889501214025,whole-environment-seed bootstrap 95%,
visuotactile_margin_native_seed1_rl,primary,44,id,native_shaped_return,continuous,,10,87.54690082903748,68.10802402415459,105.92619386230314,whole-environment-seed bootstrap 95%,
visuotactile_margin_native_seed1_rl,primary,44,id,native_success_given_setup_within_budget,conditional_binary,8,10,0.8,0.49016247153664183,0.9433178485456247,"Wilson 95%; explicitly conditioned, not overall success",10
visuotactile_margin_native_seed1_rl,primary,44,ood,sustained_native_success,binary,0,10,0.0,0.0,0.2775327998628892,"Wilson 95%, environment-seed episodes",
visuotactile_margin_native_seed1_rl,primary,44,ood,sustained_success_within_force_budget,binary,0,10,0.0,0.0,0.2775327998628892,"Wilson 95%, environment-seed episodes",
visuotactile_margin_native_seed1_rl,primary,44,ood,any_native_success,binary,0,10,0.0,0.0,0.2775327998628892,"Wilson 95%, environment-seed episodes",
visuotactile_margin_native_seed1_rl,primary,44,ood,final_native_success,binary,0,10,0.0,0.0,0.2775327998628892,"Wilson 95%, environment-seed episodes",
visuotactile_margin_native_seed1_rl,primary,44,ood,force_budget_exceeded,binary,4,10,0.4,0.16818032970623614,0.6873262302663417,"Wilson 95%, environment-seed episodes",
visuotactile_margin_native_seed1_rl,primary,44,ood,setup_force_budget_exceeded,binary,0,10,0.0,0.0,0.2775327998628892,"Wilson 95%, environment-seed episodes",
visuotactile_margin_native_seed1_rl,primary,44,ood,bilateral_contact_at_takeover,binary,0,10,0.0,0.0,0.2775327998628892,"Wilson 95%, environment-seed episodes",
visuotactile_margin_native_seed1_rl,primary,44,ood,intervention_force_budget_exceeded,binary,4,10,0.4,0.16818032970623614,0.6873262302663417,"Wilson 95%, environment-seed episodes",
visuotactile_margin_native_seed1_rl,primary,44,ood,sustained_10cm_lift_success,binary,0,10,0.0,0.0,0.2775327998628892,"Wilson 95%, environment-seed episodes",
visuotactile_margin_native_seed1_rl,primary,44,ood,sustained_10cm_lift_within_force_budget,binary,0,10,0.0,0.0,0.2775327998628892,"Wilson 95%, environment-seed episodes",
visuotactile_margin_native_seed1_rl,primary,44,ood,full_episode_peak_normal_N,continuous,,10,6.946174788475036,5.638073849081993,7.89667270898819,whole-environment-seed bootstrap 95%,
visuotactile_margin_native_seed1_rl,primary,44,ood,setup_peak_normal_N,continuous,,10,0.0,0.0,0.0,whole-environment-seed bootstrap 95%,
visuotactile_margin_native_seed1_rl,primary,44,ood,intervention_peak_normal_N,continuous,,10,6.946174788475036,5.727214726805687,7.897043557167053,whole-environment-seed bootstrap 95%,
visuotactile_margin_native_seed1_rl,primary,44,ood,max_relative_height_m,continuous,,10,0.0,0.0,0.0,whole-environment-seed bootstrap 95%,
visuotactile_margin_native_seed1_rl,primary,44,ood,native_shaped_return,continuous,,10,45.532287724074926,43.32817411799081,48.05121289131862,whole-environment-seed bootstrap 95%,
visuotactile_margin_native_seed1_rl,primary,44,ood,native_success_given_setup_within_budget,conditional_binary,0,10,0.0,0.0,0.2775327998628892,"Wilson 95%; explicitly conditioned, not overall success",10
visuotactile_margin_native_seed2_rl,primary,44,all,sustained_native_success,binary,0,20,0.0,0.0,0.16112515805281938,"Wilson 95%, environment-seed episodes",
visuotactile_margin_native_seed2_rl,primary,44,all,sustained_success_within_force_budget,binary,0,20,0.0,0.0,0.16112515805281938,"Wilson 95%, environment-seed episodes",
visuotactile_margin_native_seed2_rl,primary,44,all,any_native_success,binary,0,20,0.0,0.0,0.16112515805281938,"Wilson 95%, environment-seed episodes",
visuotactile_margin_native_seed2_rl,primary,44,all,final_native_success,binary,0,20,0.0,0.0,0.16112515805281938,"Wilson 95%, environment-seed episodes",
visuotactile_margin_native_seed2_rl,primary,44,all,force_budget_exceeded,binary,0,20,0.0,0.0,0.16112515805281938,"Wilson 95%, environment-seed episodes",
visuotactile_margin_native_seed2_rl,primary,44,all,setup_force_budget_exceeded,binary,0,20,0.0,0.0,0.16112515805281938,"Wilson 95%, environment-seed episodes",
visuotactile_margin_native_seed2_rl,primary,44,all,bilateral_contact_at_takeover,binary,0,20,0.0,0.0,0.16112515805281938,"Wilson 95%, environment-seed episodes",
visuotactile_margin_native_seed2_rl,primary,44,all,intervention_force_budget_exceeded,binary,0,20,0.0,0.0,0.16112515805281938,"Wilson 95%, environment-seed episodes",
visuotactile_margin_native_seed2_rl,primary,44,all,sustained_10cm_lift_success,binary,0,20,0.0,0.0,0.16112515805281938,"Wilson 95%, environment-seed episodes",
visuotactile_margin_native_seed2_rl,primary,44,all,sustained_10cm_lift_within_force_budget,binary,0,20,0.0,0.0,0.16112515805281938,"Wilson 95%, environment-seed episodes",
visuotactile_margin_native_seed2_rl,primary,44,all,full_episode_peak_normal_N,continuous,,20,1.6250872045755387,0.5513822852820158,2.812709327116609,whole-environment-seed bootstrap 95%,
visuotactile_margin_native_seed2_rl,primary,44,all,setup_peak_normal_N,continuous,,20,0.0,0.0,0.0,whole-environment-seed bootstrap 95%,
visuotactile_margin_native_seed2_rl,primary,44,all,intervention_peak_normal_N,continuous,,20,1.6250872045755387,0.5711721897125244,2.766752263084054,whole-environment-seed bootstrap 95%,
visuotactile_margin_native_seed2_rl,primary,44,all,max_relative_height_m,continuous,,20,0.0,0.0,0.0,whole-environment-seed bootstrap 95%,
visuotactile_margin_native_seed2_rl,primary,44,all,native_shaped_return,continuous,,20,47.67492724568899,45.723329923609235,49.609258727917904,whole-environment-seed bootstrap 95%,
visuotactile_margin_native_seed2_rl,primary,44,all,native_success_given_setup_within_budget,conditional_binary,0,20,0.0,0.0,0.16112515805281938,"Wilson 95%; explicitly conditioned, not overall success",20
visuotactile_margin_native_seed2_rl,primary,44,id,sustained_native_success,binary,0,10,0.0,0.0,0.2775327998628892,"Wilson 95%, environment-seed episodes",
visuotactile_margin_native_seed2_rl,primary,44,id,sustained_success_within_force_budget,binary,0,10,0.0,0.0,0.2775327998628892,"Wilson 95%, environment-seed episodes",
visuotactile_margin_native_seed2_rl,primary,44,id,any_native_success,binary,0,10,0.0,0.0,0.2775327998628892,"Wilson 95%, environment-seed episodes",
visuotactile_margin_native_seed2_rl,primary,44,id,final_native_success,binary,0,10,0.0,0.0,0.2775327998628892,"Wilson 95%, environment-seed episodes",
visuotactile_margin_native_seed2_rl,primary,44,id,force_budget_exceeded,binary,0,10,0.0,0.0,0.2775327998628892,"Wilson 95%, environment-seed episodes",
visuotactile_margin_native_seed2_rl,primary,44,id,setup_force_budget_exceeded,binary,0,10,0.0,0.0,0.2775327998628892,"Wilson 95%, environment-seed episodes",
visuotactile_margin_native_seed2_rl,primary,44,id,bilateral_contact_at_takeover,binary,0,10,0.0,0.0,0.2775327998628892,"Wilson 95%, environment-seed episodes",
visuotactile_margin_native_seed2_rl,primary,44,id,intervention_force_budget_exceeded,binary,0,10,0.0,0.0,0.2775327998628892,"Wilson 95%, environment-seed episodes",
visuotactile_margin_native_seed2_rl,primary,44,id,sustained_10cm_lift_success,binary,0,10,0.0,0.0,0.2775327998628892,"Wilson 95%, environment-seed episodes",
visuotactile_margin_native_seed2_rl,primary,44,id,sustained_10cm_lift_within_force_budget,binary,0,10,0.0,0.0,0.2775327998628892,"Wilson 95%, environment-seed episodes",
visuotactile_margin_native_seed2_rl,primary,44,id,full_episode_peak_normal_N,continuous,,10,0.044637614488601686,0.0,0.13391284346580506,whole-environment-seed bootstrap 95%,
visuotactile_margin_native_seed2_rl,primary,44,id,setup_peak_normal_N,continuous,,10,0.0,0.0,0.0,whole-environment-seed bootstrap 95%,
visuotactile_margin_native_seed2_rl,primary,44,id,intervention_peak_normal_N,continuous,,10,0.044637614488601686,0.0,0.13391284346580506,whole-environment-seed bootstrap 95%,
visuotactile_margin_native_seed2_rl,primary,44,id,max_relative_height_m,continuous,,10,0.0,0.0,0.0,whole-environment-seed bootstrap 95%,
visuotactile_margin_native_seed2_rl,primary,44,id,native_shaped_return,continuous,,10,49.69569227569415,47.10416960486412,52.015325285949245,whole-environment-seed bootstrap 95%,
visuotactile_margin_native_seed2_rl,primary,44,id,native_success_given_setup_within_budget,conditional_binary,0,10,0.0,0.0,0.2775327998628892,"Wilson 95%; explicitly conditioned, not overall success",10
visuotactile_margin_native_seed2_rl,primary,44,ood,sustained_native_success,binary,0,10,0.0,0.0,0.2775327998628892,"Wilson 95%, environment-seed episodes",
visuotactile_margin_native_seed2_rl,primary,44,ood,sustained_success_within_force_budget,binary,0,10,0.0,0.0,0.2775327998628892,"Wilson 95%, environment-seed episodes",
visuotactile_margin_native_seed2_rl,primary,44,ood,any_native_success,binary,0,10,0.0,0.0,0.2775327998628892,"Wilson 95%, environment-seed episodes",
visuotactile_margin_native_seed2_rl,primary,44,ood,final_native_success,binary,0,10,0.0,0.0,0.2775327998628892,"Wilson 95%, environment-seed episodes",
visuotactile_margin_native_seed2_rl,primary,44,ood,force_budget_exceeded,binary,0,10,0.0,0.0,0.2775327998628892,"Wilson 95%, environment-seed episodes",
visuotactile_margin_native_seed2_rl,primary,44,ood,setup_force_budget_exceeded,binary,0,10,0.0,0.0,0.2775327998628892,"Wilson 95%, environment-seed episodes",
visuotactile_margin_native_seed2_rl,primary,44,ood,bilateral_contact_at_takeover,binary,0,10,0.0,0.0,0.2775327998628892,"Wilson 95%, environment-seed episodes",
visuotactile_margin_native_seed2_rl,primary,44,ood,intervention_force_budget_exceeded,binary,0,10,0.0,0.0,0.2775327998628892,"Wilson 95%, environment-seed episodes",
visuotactile_margin_native_seed2_rl,primary,44,ood,sustained_10cm_lift_success,binary,0,10,0.0,0.0,0.2775327998628892,"Wilson 95%, environment-seed episodes",
visuotactile_margin_native_seed2_rl,primary,44,ood,sustained_10cm_lift_within_force_budget,binary,0,10,0.0,0.0,0.2775327998628892,"Wilson 95%, environment-seed episodes",
visuotactile_margin_native_seed2_rl,primary,44,ood,full_episode_peak_normal_N,continuous,,10,3.2055367946624758,1.5162739276885986,5.021393407583235,whole-environment-seed bootstrap 95%,
visuotactile_margin_native_seed2_rl,primary,44,ood,setup_peak_normal_N,continuous,,10,0.0,0.0,0.0,whole-environment-seed bootstrap 95%,
visuotactile_margin_native_seed2_rl,primary,44,ood,intervention_peak_normal_N,continuous,,10,3.2055367946624758,1.370520386695862,4.9278944432735425,whole-environment-seed bootstrap 95%,
visuotactile_margin_native_seed2_rl,primary,44,ood,max_relative_height_m,continuous,,10,0.0,0.0,0.0,whole-environment-seed bootstrap 95%,
visuotactile_margin_native_seed2_rl,primary,44,ood,native_shaped_return,continuous,,10,45.65416221568383,43.232471760583685,48.271950023728444,whole-environment-seed bootstrap 95%,
visuotactile_margin_native_seed2_rl,primary,44,ood,native_success_given_setup_within_budget,conditional_binary,0,10,0.0,0.0,0.2775327998628892,"Wilson 95%; explicitly conditioned, not overall success",10
visuotactile_native_seed0_rl,primary,44,all,sustained_native_success,binary,10,20,0.5,0.2992980081982123,0.7007019918017877,"Wilson 95%, environment-seed episodes",
visuotactile_native_seed0_rl,primary,44,all,sustained_success_within_force_budget,binary,6,20,0.3,0.1454772448676043,0.5189728183535235,"Wilson 95%, environment-seed episodes",
visuotactile_native_seed0_rl,primary,44,all,any_native_success,binary,10,20,0.5,0.2992980081982123,0.7007019918017877,"Wilson 95%, environment-seed episodes",
visuotactile_native_seed0_rl,primary,44,all,final_native_success,binary,10,20,0.5,0.2992980081982123,0.7007019918017877,"Wilson 95%, environment-seed episodes",
visuotactile_native_seed0_rl,primary,44,all,force_budget_exceeded,binary,9,20,0.45,0.2581978582556243,0.6579146575496577,"Wilson 95%, environment-seed episodes",
visuotactile_native_seed0_rl,primary,44,all,setup_force_budget_exceeded,binary,0,20,0.0,0.0,0.16112515805281938,"Wilson 95%, environment-seed episodes",
visuotactile_native_seed0_rl,primary,44,all,bilateral_contact_at_takeover,binary,0,20,0.0,0.0,0.16112515805281938,"Wilson 95%, environment-seed episodes",
visuotactile_native_seed0_rl,primary,44,all,intervention_force_budget_exceeded,binary,9,20,0.45,0.2581978582556243,0.6579146575496577,"Wilson 95%, environment-seed episodes",
visuotactile_native_seed0_rl,primary,44,all,sustained_10cm_lift_success,binary,2,20,0.1,0.027866481213768224,0.3010336452284873,"Wilson 95%, environment-seed episodes",
visuotactile_native_seed0_rl,primary,44,all,sustained_10cm_lift_within_force_budget,binary,1,20,0.05,0.008881448800795402,0.23613119344674205,"Wilson 95%, environment-seed episodes",
visuotactile_native_seed0_rl,primary,44,all,full_episode_peak_normal_N,continuous,,20,8.563297879695892,7.083807653486729,10.068679606318474,whole-environment-seed bootstrap 95%,
visuotactile_native_seed0_rl,primary,44,all,setup_peak_normal_N,continuous,,20,0.0,0.0,0.0,whole-environment-seed bootstrap 95%,
visuotactile_native_seed0_rl,primary,44,all,intervention_peak_normal_N,continuous,,20,8.474420917034148,7.056681858301163,10.013159889578818,whole-environment-seed bootstrap 95%,
visuotactile_native_seed0_rl,primary,44,all,max_relative_height_m,continuous,,20,0.05201252140104771,0.028842525295913222,0.07535862152464687,whole-environment-seed bootstrap 95%,
visuotactile_native_seed0_rl,primary,44,all,native_shaped_return,continuous,,20,76.69751180498898,63.51272116274181,90.30824272530155,whole-environment-seed bootstrap 95%,
visuotactile_native_seed0_rl,primary,44,all,native_success_given_setup_within_budget,conditional_binary,10,20,0.5,0.2992980081982123,0.7007019918017877,"Wilson 95%; explicitly conditioned, not overall success",20
visuotactile_native_seed0_rl,primary,44,id,sustained_native_success,binary,10,10,1.0,0.7224672001371107,0.9999999999999999,"Wilson 95%, environment-seed episodes",
visuotactile_native_seed0_rl,primary,44,id,sustained_success_within_force_budget,binary,6,10,0.6,0.31267376973365824,0.8318196702937638,"Wilson 95%, environment-seed episodes",
visuotactile_native_seed0_rl,primary,44,id,any_native_success,binary,10,10,1.0,0.7224672001371107,0.9999999999999999,"Wilson 95%, environment-seed episodes",
visuotactile_native_seed0_rl,primary,44,id,final_native_success,binary,10,10,1.0,0.7224672001371107,0.9999999999999999,"Wilson 95%, environment-seed episodes",
visuotactile_native_seed0_rl,primary,44,id,force_budget_exceeded,binary,4,10,0.4,0.16818032970623614,0.6873262302663417,"Wilson 95%, environment-seed episodes",
visuotactile_native_seed0_rl,primary,44,id,setup_force_budget_exceeded,binary,0,10,0.0,0.0,0.2775327998628892,"Wilson 95%, environment-seed episodes",
visuotactile_native_seed0_rl,primary,44,id,bilateral_contact_at_takeover,binary,0,10,0.0,0.0,0.2775327998628892,"Wilson 95%, environment-seed episodes",
visuotactile_native_seed0_rl,primary,44,id,intervention_force_budget_exceeded,binary,4,10,0.4,0.16818032970623614,0.6873262302663417,"Wilson 95%, environment-seed episodes",
visuotactile_native_seed0_rl,primary,44,id,sustained_10cm_lift_success,binary,2,10,0.2,0.05668215145437519,0.5098375284633583,"Wilson 95%, environment-seed episodes",
visuotactile_native_seed0_rl,primary,44,id,sustained_10cm_lift_within_force_budget,binary,1,10,0.1,0.017876213095072896,0.4041500267952385,"Wilson 95%, environment-seed episodes",
visuotactile_native_seed0_rl,primary,44,id,full_episode_peak_normal_N,continuous,,10,7.240024161338806,5.943495242595673,8.458432675004005,whole-environment-seed bootstrap 95%,
visuotactile_native_seed0_rl,primary,44,id,setup_peak_normal_N,continuous,,10,0.0,0.0,0.0,whole-environment-seed bootstrap 95%,
visuotactile_native_seed0_rl,primary,44,id,intervention_peak_normal_N,continuous,,10,7.214219498634338,5.862986925840378,8.457474710941314,whole-environment-seed bootstrap 95%,
visuotactile_native_seed0_rl,primary,44,id,max_relative_height_m,continuous,,10,0.10402504280209542,0.09863343961536884,0.10983255533501506,whole-environment-seed bootstrap 95%,
visuotactile_native_seed0_rl,primary,44,id,native_shaped_return,continuous,,10,108.03119604673438,106.27805914686243,109.20474167490887,whole-environment-seed bootstrap 95%,
visuotactile_native_seed0_rl,primary,44,id,native_success_given_setup_within_budget,conditional_binary,10,10,1.0,0.7224672001371107,0.9999999999999999,"Wilson 95%; explicitly conditioned, not overall success",10
visuotactile_native_seed0_rl,primary,44,ood,sustained_native_success,binary,0,10,0.0,0.0,0.2775327998628892,"Wilson 95%, environment-seed episodes",
visuotactile_native_seed0_rl,primary,44,ood,sustained_success_within_force_budget,binary,0,10,0.0,0.0,0.2775327998628892,"Wilson 95%, environment-seed episodes",
visuotactile_native_seed0_rl,primary,44,ood,any_native_success,binary,0,10,0.0,0.0,0.2775327998628892,"Wilson 95%, environment-seed episodes",
visuotactile_native_seed0_rl,primary,44,ood,final_native_success,binary,0,10,0.0,0.0,0.2775327998628892,"Wilson 95%, environment-seed episodes",
visuotactile_native_seed0_rl,primary,44,ood,force_budget_exceeded,binary,5,10,0.5,0.236593090512564,0.7634069094874361,"Wilson 95%, environment-seed episodes",
visuotactile_native_seed0_rl,primary,44,ood,setup_force_budget_exceeded,binary,0,10,0.0,0.0,0.2775327998628892,"Wilson 95%, environment-seed episodes",
visuotactile_native_seed0_rl,primary,44,ood,bilateral_contact_at_takeover,binary,0,10,0.0,0.0,0.2775327998628892,"Wilson 95%, environment-seed episodes",
visuotactile_native_seed0_rl,primary,44,ood,intervention_force_budget_exceeded,binary,5,10,0.5,0.236593090512564,0.7634069094874361,"Wilson 95%, environment-seed episodes",
visuotactile_native_seed0_rl,primary,44,ood,sustained_10cm_lift_success,binary,0,10,0.0,0.0,0.2775327998628892,"Wilson 95%, environment-seed episodes",
visuotactile_native_seed0_rl,primary,44,ood,sustained_10cm_lift_within_force_budget,binary,0,10,0.0,0.0,0.2775327998628892,"Wilson 95%, environment-seed episodes",
visuotactile_native_seed0_rl,primary,44,ood,full_episode_peak_normal_N,continuous,,10,9.886571598052978,7.598254237174988,12.396750082969664,whole-environment-seed bootstrap 95%,
visuotactile_native_seed0_rl,primary,44,ood,setup_peak_normal_N,continuous,,10,0.0,0.0,0.0,whole-environment-seed bootstrap 95%,
visuotactile_native_seed0_rl,primary,44,ood,intervention_peak_normal_N,continuous,,10,9.73462233543396,7.362633957862854,12.309482439756394,whole-environment-seed bootstrap 95%,
visuotactile_native_seed0_rl,primary,44,ood,max_relative_height_m,continuous,,10,0.0,0.0,0.0,whole-environment-seed bootstrap 95%,
visuotactile_native_seed0_rl,primary,44,ood,native_shaped_return,continuous,,10,45.36382756324359,42.7637229944246,48.7522881113116,whole-environment-seed bootstrap 95%,
visuotactile_native_seed0_rl,primary,44,ood,native_success_given_setup_within_budget,conditional_binary,0,10,0.0,0.0,0.2775327998628892,"Wilson 95%; explicitly conditioned, not overall success",10
visuotactile_native_seed1_rl,primary,44,all,sustained_native_success,binary,9,20,0.45,0.2581978582556243,0.6579146575496577,"Wilson 95%, environment-seed episodes",
visuotactile_native_seed1_rl,primary,44,all,sustained_success_within_force_budget,binary,4,20,0.2,0.08065766257979806,0.41601743225189364,"Wilson 95%, environment-seed episodes",
visuotactile_native_seed1_rl,primary,44,all,any_native_success,binary,10,20,0.5,0.2992980081982123,0.7007019918017877,"Wilson 95%, environment-seed episodes",
visuotactile_native_seed1_rl,primary,44,all,final_native_success,binary,8,20,0.4,0.21880653237281705,0.6134184992377469,"Wilson 95%, environment-seed episodes",
visuotactile_native_seed1_rl,primary,44,all,force_budget_exceeded,binary,12,20,0.6,0.3865815007622531,0.781193467627183,"Wilson 95%, environment-seed episodes",
visuotactile_native_seed1_rl,primary,44,all,setup_force_budget_exceeded,binary,0,20,0.0,0.0,0.16112515805281938,"Wilson 95%, environment-seed episodes",
visuotactile_native_seed1_rl,primary,44,all,bilateral_contact_at_takeover,binary,0,20,0.0,0.0,0.16112515805281938,"Wilson 95%, environment-seed episodes",
visuotactile_native_seed1_rl,primary,44,all,intervention_force_budget_exceeded,binary,12,20,0.6,0.3865815007622531,0.781193467627183,"Wilson 95%, environment-seed episodes",
visuotactile_native_seed1_rl,primary,44,all,sustained_10cm_lift_success,binary,4,20,0.2,0.08065766257979806,0.41601743225189364,"Wilson 95%, environment-seed episodes",
visuotactile_native_seed1_rl,primary,44,all,sustained_10cm_lift_within_force_budget,binary,2,20,0.1,0.027866481213768224,0.3010336452284873,"Wilson 95%, environment-seed episodes",
visuotactile_native_seed1_rl,primary,44,all,full_episode_peak_normal_N,continuous,,20,9.32849873304367,7.993663964867592,10.692494094669817,whole-environment-seed bootstrap 95%,
visuotactile_native_seed1_rl,primary,44,all,setup_peak_normal_N,continuous,,20,0.0,0.0,0.0,whole-environment-seed bootstrap 95%,
visuotactile_native_seed1_rl,primary,44,all,intervention_peak_normal_N,continuous,,20,8.738980495929718,7.622821676731109,9.879162454009055,whole-environment-seed bootstrap 95%,
visuotactile_native_seed1_rl,primary,44,all,max_relative_height_m,continuous,,20,0.056880684662610294,0.02774014585185796,0.0905215688771568,whole-environment-seed bootstrap 95%,
visuotactile_native_seed1_rl,primary,44,all,native_shaped_return,continuous,,20,69.88672087229205,56.39930792858989,84.10110192203697,whole-environment-seed bootstrap 95%,
visuotactile_native_seed1_rl,primary,44,all,native_success_given_setup_within_budget,conditional_binary,9,20,0.45,0.2581978582556243,0.6579146575496577,"Wilson 95%; explicitly conditioned, not overall success",20
visuotactile_native_seed1_rl,primary,44,id,sustained_native_success,binary,9,10,0.9,0.5958499732047615,0.9821237869049271,"Wilson 95%, environment-seed episodes",
visuotactile_native_seed1_rl,primary,44,id,sustained_success_within_force_budget,binary,4,10,0.4,0.16818032970623614,0.6873262302663417,"Wilson 95%, environment-seed episodes",
visuotactile_native_seed1_rl,primary,44,id,any_native_success,binary,10,10,1.0,0.7224672001371107,0.9999999999999999,"Wilson 95%, environment-seed episodes",
visuotactile_native_seed1_rl,primary,44,id,final_native_success,binary,8,10,0.8,0.49016247153664183,0.9433178485456247,"Wilson 95%, environment-seed episodes",
visuotactile_native_seed1_rl,primary,44,id,force_budget_exceeded,binary,6,10,0.6,0.31267376973365824,0.8318196702937638,"Wilson 95%, environment-seed episodes",
visuotactile_native_seed1_rl,primary,44,id,setup_force_budget_exceeded,binary,0,10,0.0,0.0,0.2775327998628892,"Wilson 95%, environment-seed episodes",
visuotactile_native_seed1_rl,primary,44,id,bilateral_contact_at_takeover,binary,0,10,0.0,0.0,0.2775327998628892,"Wilson 95%, environment-seed episodes",
visuotactile_native_seed1_rl,primary,44,id,intervention_force_budget_exceeded,binary,6,10,0.6,0.31267376973365824,0.8318196702937638,"Wilson 95%, environment-seed episodes",
visuotactile_native_seed1_rl,primary,44,id,sustained_10cm_lift_success,binary,4,10,0.4,0.16818032970623614,0.6873262302663417,"Wilson 95%, environment-seed episodes",
visuotactile_native_seed1_rl,primary,44,id,sustained_10cm_lift_within_force_budget,binary,2,10,0.2,0.05668215145437519,0.5098375284633583,"Wilson 95%, environment-seed episodes",
visuotactile_native_seed1_rl,primary,44,id,full_episode_peak_normal_N,continuous,,10,9.158183789253235,7.138437158465385,11.467523047924042,whole-environment-seed bootstrap 95%,
visuotactile_native_seed1_rl,primary,44,id,setup_peak_normal_N,continuous,,10,0.0,0.0,0.0,whole-environment-seed bootstrap 95%,
visuotactile_native_seed1_rl,primary,44,id,intervention_peak_normal_N,continuous,,10,8.248214745521546,6.70266081571579,9.703747346401215,whole-environment-seed bootstrap 95%,
visuotactile_native_seed1_rl,primary,44,id,max_relative_height_m,continuous,,10,0.11376136932522059,0.08078795510344207,0.15667499252595007,whole-environment-seed bootstrap 95%,
visuotactile_native_seed1_rl,primary,44,id,native_shaped_return,continuous,,10,95.02016226151021,75.16755740604674,109.12270524713614,whole-environment-seed bootstrap 95%,
visuotactile_native_seed1_rl,primary,44,id,native_success_given_setup_within_budget,conditional_binary,9,10,0.9,0.5958499732047615,0.9821237869049271,"Wilson 95%; explicitly conditioned, not overall success",10
visuotactile_native_seed1_rl,primary,44,ood,sustained_native_success,binary,0,10,0.0,0.0,0.2775327998628892,"Wilson 95%, environment-seed episodes",
visuotactile_native_seed1_rl,primary,44,ood,sustained_success_within_force_budget,binary,0,10,0.0,0.0,0.2775327998628892,"Wilson 95%, environment-seed episodes",
visuotactile_native_seed1_rl,primary,44,ood,any_native_success,binary,0,10,0.0,0.0,0.2775327998628892,"Wilson 95%, environment-seed episodes",
visuotactile_native_seed1_rl,primary,44,ood,final_native_success,binary,0,10,0.0,0.0,0.2775327998628892,"Wilson 95%, environment-seed episodes",
visuotactile_native_seed1_rl,primary,44,ood,force_budget_exceeded,binary,6,10,0.6,0.31267376973365824,0.8318196702937638,"Wilson 95%, environment-seed episodes",
visuotactile_native_seed1_rl,primary,44,ood,setup_force_budget_exceeded,binary,0,10,0.0,0.0,0.2775327998628892,"Wilson 95%, environment-seed episodes",
visuotactile_native_seed1_rl,primary,44,ood,bilateral_contact_at_takeover,binary,0,10,0.0,0.0,0.2775327998628892,"Wilson 95%, environment-seed episodes",
visuotactile_native_seed1_rl,primary,44,ood,intervention_force_budget_exceeded,binary,6,10,0.6,0.31267376973365824,0.8318196702937638,"Wilson 95%, environment-seed episodes",
visuotactile_native_seed1_rl,primary,44,ood,sustained_10cm_lift_success,binary,0,10,0.0,0.0,0.2775327998628892,"Wilson 95%, environment-seed episodes",
visuotactile_native_seed1_rl,primary,44,ood,sustained_10cm_lift_within_force_budget,binary,0,10,0.0,0.0,0.2775327998628892,"Wilson 95%, environment-seed episodes",
visuotactile_native_seed1_rl,primary,44,ood,full_episode_peak_normal_N,continuous,,10,9.498813676834107,8.094129800796509,10.918204700946806,whole-environment-seed bootstrap 95%,
visuotactile_native_seed1_rl,primary,44,ood,setup_peak_normal_N,continuous,,10,0.0,0.0,0.0,whole-environment-seed bootstrap 95%,
visuotactile_native_seed1_rl,primary,44,ood,intervention_peak_normal_N,continuous,,10,9.229746246337891,7.496630855798721,10.806879036426542,whole-environment-seed bootstrap 95%,
visuotactile_native_seed1_rl,primary,44,ood,max_relative_height_m,continuous,,10,0.0,0.0,0.0,whole-environment-seed bootstrap 95%,
visuotactile_native_seed1_rl,primary,44,ood,native_shaped_return,continuous,,10,44.7532794830739,41.98980538167618,48.77899279471168,whole-environment-seed bootstrap 95%,
visuotactile_native_seed1_rl,primary,44,ood,native_success_given_setup_within_budget,conditional_binary,0,10,0.0,0.0,0.2775327998628892,"Wilson 95%; explicitly conditioned, not overall success",10
visuotactile_native_seed2_rl,primary,44,all,sustained_native_success,binary,8,20,0.4,0.21880653237281705,0.6134184992377469,"Wilson 95%, environment-seed episodes",
visuotactile_native_seed2_rl,primary,44,all,sustained_success_within_force_budget,binary,2,20,0.1,0.027866481213768224,0.3010336452284873,"Wilson 95%, environment-seed episodes",
visuotactile_native_seed2_rl,primary,44,all,any_native_success,binary,10,20,0.5,0.2992980081982123,0.7007019918017877,"Wilson 95%, environment-seed episodes",
visuotactile_native_seed2_rl,primary,44,all,final_native_success,binary,7,20,0.35,0.18119182410108206,0.5671457233147638,"Wilson 95%, environment-seed episodes",
visuotactile_native_seed2_rl,primary,44,all,force_budget_exceeded,binary,14,20,0.7,0.4810271816464765,0.8545227551323956,"Wilson 95%, environment-seed episodes",
visuotactile_native_seed2_rl,primary,44,all,setup_force_budget_exceeded,binary,0,20,0.0,0.0,0.16112515805281938,"Wilson 95%, environment-seed episodes",
visuotactile_native_seed2_rl,primary,44,all,bilateral_contact_at_takeover,binary,0,20,0.0,0.0,0.16112515805281938,"Wilson 95%, environment-seed episodes",
visuotactile_native_seed2_rl,primary,44,all,intervention_force_budget_exceeded,binary,13,20,0.65,0.43285427668523624,0.818808175898918,"Wilson 95%, environment-seed episodes",
visuotactile_native_seed2_rl,primary,44,all,sustained_10cm_lift_success,binary,0,20,0.0,0.0,0.16112515805281938,"Wilson 95%, environment-seed episodes",
visuotactile_native_seed2_rl,primary,44,all,sustained_10cm_lift_within_force_budget,binary,0,20,0.0,0.0,0.16112515805281938,"Wilson 95%, environment-seed episodes",
visuotactile_native_seed2_rl,primary,44,all,full_episode_peak_normal_N,continuous,,20,10.137353241443634,8.852971466481685,11.387383601665496,whole-environment-seed bootstrap 95%,
visuotactile_native_seed2_rl,primary,44,all,setup_peak_normal_N,continuous,,20,0.0,0.0,0.0,whole-environment-seed bootstrap 95%,
visuotactile_native_seed2_rl,primary,44,all,intervention_peak_normal_N,continuous,,20,9.625131404399871,8.087797953486444,11.13778281867504,whole-environment-seed bootstrap 95%,
visuotactile_native_seed2_rl,primary,44,all,max_relative_height_m,continuous,,20,0.04492217395454645,0.02386556503828615,0.06498547099996356,whole-environment-seed bootstrap 95%,
visuotactile_native_seed2_rl,primary,44,all,native_shaped_return,continuous,,20,68.77562368825654,56.980825105886666,81.2173720290835,whole-environment-seed bootstrap 95%,
visuotactile_native_seed2_rl,primary,44,all,native_success_given_setup_within_budget,conditional_binary,8,20,0.4,0.21880653237281705,0.6134184992377469,"Wilson 95%; explicitly conditioned, not overall success",20
visuotactile_native_seed2_rl,primary,44,id,sustained_native_success,binary,8,10,0.8,0.49016247153664183,0.9433178485456247,"Wilson 95%, environment-seed episodes",
visuotactile_native_seed2_rl,primary,44,id,sustained_success_within_force_budget,binary,2,10,0.2,0.05668215145437519,0.5098375284633583,"Wilson 95%, environment-seed episodes",
visuotactile_native_seed2_rl,primary,44,id,any_native_success,binary,10,10,1.0,0.7224672001371107,0.9999999999999999,"Wilson 95%, environment-seed episodes",
visuotactile_native_seed2_rl,primary,44,id,final_native_success,binary,7,10,0.7,0.39677814746114537,0.8922087325936989,"Wilson 95%, environment-seed episodes",
visuotactile_native_seed2_rl,primary,44,id,force_budget_exceeded,binary,7,10,0.7,0.39677814746114537,0.8922087325936989,"Wilson 95%, environment-seed episodes",
visuotactile_native_seed2_rl,primary,44,id,setup_force_budget_exceeded,binary,0,10,0.0,0.0,0.2775327998628892,"Wilson 95%, environment-seed episodes",
visuotactile_native_seed2_rl,primary,44,id,bilateral_contact_at_takeover,binary,0,10,0.0,0.0,0.2775327998628892,"Wilson 95%, environment-seed episodes",
visuotactile_native_seed2_rl,primary,44,id,intervention_force_budget_exceeded,binary,7,10,0.7,0.39677814746114537,0.8922087325936989,"Wilson 95%, environment-seed episodes",
visuotactile_native_seed2_rl,primary,44,id,sustained_10cm_lift_success,binary,0,10,0.0,0.0,0.2775327998628892,"Wilson 95%, environment-seed episodes",
visuotactile_native_seed2_rl,primary,44,id,sustained_10cm_lift_within_force_budget,binary,0,10,0.0,0.0,0.2775327998628892,"Wilson 95%, environment-seed episodes",
visuotactile_native_seed2_rl,primary,44,id,full_episode_peak_normal_N,continuous,,10,9.426193881034852,7.649034737944603,11.054520326256752,whole-environment-seed bootstrap 95%,
visuotactile_native_seed2_rl,primary,44,id,setup_peak_normal_N,continuous,,10,0.0,0.0,0.0,whole-environment-seed bootstrap 95%,
visuotactile_native_seed2_rl,primary,44,id,intervention_peak_normal_N,continuous,,10,9.426193881034852,7.609445865750312,11.07337753176689,whole-environment-seed bootstrap 95%,
visuotactile_native_seed2_rl,primary,44,id,max_relative_height_m,continuous,,10,0.0898443479090929,0.07709486591629684,0.10202102007344366,whole-environment-seed bootstrap 95%,
visuotactile_native_seed2_rl,primary,44,id,native_shaped_return,continuous,,10,88.61158594596913,72.01014414535761,103.85378163337548,whole-environment-seed bootstrap 95%,
visuotactile_native_seed2_rl,primary,44,id,native_success_given_setup_within_budget,conditional_binary,8,10,0.8,0.49016247153664183,0.9433178485456247,"Wilson 95%; explicitly conditioned, not overall success",10
visuotactile_native_seed2_rl,primary,44,ood,sustained_native_success,binary,0,10,0.0,0.0,0.2775327998628892,"Wilson 95%, environment-seed episodes",
visuotactile_native_seed2_rl,primary,44,ood,sustained_success_within_force_budget,binary,0,10,0.0,0.0,0.2775327998628892,"Wilson 95%, environment-seed episodes",
visuotactile_native_seed2_rl,primary,44,ood,any_native_success,binary,0,10,0.0,0.0,0.2775327998628892,"Wilson 95%, environment-seed episodes",
visuotactile_native_seed2_rl,primary,44,ood,final_native_success,binary,0,10,0.0,0.0,0.2775327998628892,"Wilson 95%, environment-seed episodes",
visuotactile_native_seed2_rl,primary,44,ood,force_budget_exceeded,binary,7,10,0.7,0.39677814746114537,0.8922087325936989,"Wilson 95%, environment-seed episodes",
visuotactile_native_seed2_rl,primary,44,ood,setup_force_budget_exceeded,binary,0,10,0.0,0.0,0.2775327998628892,"Wilson 95%, environment-seed episodes",
visuotactile_native_seed2_rl,primary,44,ood,bilateral_contact_at_takeover,binary,0,10,0.0,0.0,0.2775327998628892,"Wilson 95%, environment-seed episodes",
visuotactile_native_seed2_rl,primary,44,ood,intervention_force_budget_exceeded,binary,6,10,0.6,0.31267376973365824,0.8318196702937638,"Wilson 95%, environment-seed episodes",
visuotactile_native_seed2_rl,primary,44,ood,sustained_10cm_lift_success,binary,0,10,0.0,0.0,0.2775327998628892,"Wilson 95%, environment-seed episodes",
visuotactile_native_seed2_rl,primary,44,ood,sustained_10cm_lift_within_force_budget,binary,0,10,0.0,0.0,0.2775327998628892,"Wilson 95%, environment-seed episodes",
visuotactile_native_seed2_rl,primary,44,ood,full_episode_peak_normal_N,continuous,,10,10.848512601852416,9.138701891899109,12.628942439556122,whole-environment-seed bootstrap 95%,
visuotactile_native_seed2_rl,primary,44,ood,setup_peak_normal_N,continuous,,10,0.0,0.0,0.0,whole-environment-seed bootstrap 95%,
visuotactile_native_seed2_rl,primary,44,ood,intervention_peak_normal_N,continuous,,10,9.824068927764893,7.321267476081848,12.397070188522338,whole-environment-seed bootstrap 95%,
visuotactile_native_seed2_rl,primary,44,ood,max_relative_height_m,continuous,,10,0.0,0.0,0.0,whole-environment-seed bootstrap 95%,
visuotactile_native_seed2_rl,primary,44,ood,native_shaped_return,continuous,,10,48.939661430543985,43.34909551086122,55.05563990641146,whole-environment-seed bootstrap 95%,
visuotactile_native_seed2_rl,primary,44,ood,native_success_given_setup_within_budget,conditional_binary,0,10,0.0,0.0,0.2775327998628892,"Wilson 95%; explicitly conditioned, not overall success",10
visuotactile_seed0_bc,primary,44,all,sustained_native_success,binary,2,20,0.1,0.027866481213768224,0.3010336452284873,"Wilson 95%, environment-seed episodes",
visuotactile_seed0_bc,primary,44,all,sustained_success_within_force_budget,binary,1,20,0.05,0.008881448800795402,0.23613119344674205,"Wilson 95%, environment-seed episodes",
visuotactile_seed0_bc,primary,44,all,any_native_success,binary,8,20,0.4,0.21880653237281705,0.6134184992377469,"Wilson 95%, environment-seed episodes",
visuotactile_seed0_bc,primary,44,all,final_native_success,binary,8,20,0.4,0.21880653237281705,0.6134184992377469,"Wilson 95%, environment-seed episodes",
visuotactile_seed0_bc,primary,44,all,force_budget_exceeded,binary,8,20,0.4,0.21880653237281705,0.6134184992377469,"Wilson 95%, environment-seed episodes",
visuotactile_seed0_bc,primary,44,all,setup_force_budget_exceeded,binary,0,20,0.0,0.0,0.16112515805281938,"Wilson 95%, environment-seed episodes",
visuotactile_seed0_bc,primary,44,all,bilateral_contact_at_takeover,binary,0,20,0.0,0.0,0.16112515805281938,"Wilson 95%, environment-seed episodes",
visuotactile_seed0_bc,primary,44,all,intervention_force_budget_exceeded,binary,7,20,0.35,0.18119182410108206,0.5671457233147638,"Wilson 95%, environment-seed episodes",
visuotactile_seed0_bc,primary,44,all,sustained_10cm_lift_success,binary,1,20,0.05,0.008881448800795402,0.23613119344674205,"Wilson 95%, environment-seed episodes",
visuotactile_seed0_bc,primary,44,all,sustained_10cm_lift_within_force_budget,binary,1,20,0.05,0.008881448800795402,0.23613119344674205,"Wilson 95%, environment-seed episodes",
visuotactile_seed0_bc,primary,44,all,full_episode_peak_normal_N,continuous,,20,10.558683800697327,7.51138868033886,13.796245062053204,whole-environment-seed bootstrap 95%,
visuotactile_seed0_bc,primary,44,all,setup_peak_normal_N,continuous,,20,0.0,0.0,0.0,whole-environment-seed bootstrap 95%,
visuotactile_seed0_bc,primary,44,all,intervention_peak_normal_N,continuous,,20,9.550552916526794,6.797542852461338,12.337206616699694,whole-environment-seed bootstrap 95%,
visuotactile_seed0_bc,primary,44,all,max_relative_height_m,continuous,,20,0.02955338009633124,0.013475587903521954,0.049020263768034054,whole-environment-seed bootstrap 95%,
visuotactile_seed0_bc,primary,44,all,native_shaped_return,continuous,,20,55.79965556016735,46.92067244724212,64.34411678472028,whole-environment-seed bootstrap 95%,
visuotactile_seed0_bc,primary,44,all,native_success_given_setup_within_budget,conditional_binary,2,20,0.1,0.027866481213768224,0.3010336452284873,"Wilson 95%; explicitly conditioned, not overall success",20
visuotactile_seed0_bc,primary,44,id,sustained_native_success,binary,2,10,0.2,0.05668215145437519,0.5098375284633583,"Wilson 95%, environment-seed episodes",
visuotactile_seed0_bc,primary,44,id,sustained_success_within_force_budget,binary,1,10,0.1,0.017876213095072896,0.4041500267952385,"Wilson 95%, environment-seed episodes",
visuotactile_seed0_bc,primary,44,id,any_native_success,binary,8,10,0.8,0.49016247153664183,0.9433178485456247,"Wilson 95%, environment-seed episodes",
visuotactile_seed0_bc,primary,44,id,final_native_success,binary,8,10,0.8,0.49016247153664183,0.9433178485456247,"Wilson 95%, environment-seed episodes",
visuotactile_seed0_bc,primary,44,id,force_budget_exceeded,binary,3,10,0.3,0.10779126740630099,0.6032218525388546,"Wilson 95%, environment-seed episodes",
visuotactile_seed0_bc,primary,44,id,setup_force_budget_exceeded,binary,0,10,0.0,0.0,0.2775327998628892,"Wilson 95%, environment-seed episodes",
visuotactile_seed0_bc,primary,44,id,bilateral_contact_at_takeover,binary,0,10,0.0,0.0,0.2775327998628892,"Wilson 95%, environment-seed episodes",
visuotactile_seed0_bc,primary,44,id,intervention_force_budget_exceeded,binary,3,10,0.3,0.10779126740630099,0.6032218525388546,"Wilson 95%, environment-seed episodes",
visuotactile_seed0_bc,primary,44,id,sustained_10cm_lift_success,binary,1,10,0.1,0.017876213095072896,0.4041500267952385,"Wilson 95%, environment-seed episodes",
visuotactile_seed0_bc,primary,44,id,sustained_10cm_lift_within_force_budget,binary,1,10,0.1,0.017876213095072896,0.4041500267952385,"Wilson 95%, environment-seed episodes",
visuotactile_seed0_bc,primary,44,id,full_episode_peak_normal_N,continuous,,10,8.769240689277648,5.05044953405857,13.188276226520534,whole-environment-seed bootstrap 95%,
visuotactile_seed0_bc,primary,44,id,setup_peak_normal_N,continuous,,10,0.0,0.0,0.0,whole-environment-seed bootstrap 95%,
visuotactile_seed0_bc,primary,44,id,intervention_peak_normal_N,continuous,,10,8.769088292121888,4.879679828882217,12.791843588948245,whole-environment-seed bootstrap 95%,
visuotactile_seed0_bc,primary,44,id,max_relative_height_m,continuous,,10,0.05796486027538776,0.03449591151438653,0.08503684657625853,whole-environment-seed bootstrap 95%,
visuotactile_seed0_bc,primary,44,id,native_shaped_return,continuous,,10,65.96505393889977,52.52740039500547,77.63937219229385,whole-environment-seed bootstrap 95%,
visuotactile_seed0_bc,primary,44,id,native_success_given_setup_within_budget,conditional_binary,2,10,0.2,0.05668215145437519,0.5098375284633583,"Wilson 95%; explicitly conditioned, not overall success",10
visuotactile_seed0_bc,primary,44,ood,sustained_native_success,binary,0,10,0.0,0.0,0.2775327998628892,"Wilson 95%, environment-seed episodes",
visuotactile_seed0_bc,primary,44,ood,sustained_success_within_force_budget,binary,0,10,0.0,0.0,0.2775327998628892,"Wilson 95%, environment-seed episodes",
visuotactile_seed0_bc,primary,44,ood,any_native_success,binary,0,10,0.0,0.0,0.2775327998628892,"Wilson 95%, environment-seed episodes",
visuotactile_seed0_bc,primary,44,ood,final_native_success,binary,0,10,0.0,0.0,0.2775327998628892,"Wilson 95%, environment-seed episodes",
visuotactile_seed0_bc,primary,44,ood,force_budget_exceeded,binary,5,10,0.5,0.236593090512564,0.7634069094874361,"Wilson 95%, environment-seed episodes",
visuotactile_seed0_bc,primary,44,ood,setup_force_budget_exceeded,binary,0,10,0.0,0.0,0.2775327998628892,"Wilson 95%, environment-seed episodes",
visuotactile_seed0_bc,primary,44,ood,bilateral_contact_at_takeover,binary,0,10,0.0,0.0,0.2775327998628892,"Wilson 95%, environment-seed episodes",
visuotactile_seed0_bc,primary,44,ood,intervention_force_budget_exceeded,binary,4,10,0.4,0.16818032970623614,0.6873262302663417,"Wilson 95%, environment-seed episodes",
visuotactile_seed0_bc,primary,44,ood,sustained_10cm_lift_success,binary,0,10,0.0,0.0,0.2775327998628892,"Wilson 95%, environment-seed episodes",
visuotactile_seed0_bc,primary,44,ood,sustained_10cm_lift_within_force_budget,binary,0,10,0.0,0.0,0.2775327998628892,"Wilson 95%, environment-seed episodes",
visuotactile_seed0_bc,primary,44,ood,full_episode_peak_normal_N,continuous,,10,12.348126912117005,7.873806536793708,17.121939298510547,whole-environment-seed bootstrap 95%,
visuotactile_seed0_bc,primary,44,ood,setup_peak_normal_N,continuous,,10,0.0,0.0,0.0,whole-environment-seed bootstrap 95%,
visuotactile_seed0_bc,primary,44,ood,intervention_peak_normal_N,continuous,,10,10.332017540931702,6.5595643794536596,14.61115069031715,whole-environment-seed bootstrap 95%,
visuotactile_seed0_bc,primary,44,ood,max_relative_height_m,continuous,,10,0.0011418999172747135,0.0,0.0034256997518241406,whole-environment-seed bootstrap 95%,
visuotactile_seed0_bc,primary,44,ood,native_shaped_return,continuous,,10,45.63425718143494,36.85093795853717,54.26549200501817,whole-environment-seed bootstrap 95%,
visuotactile_seed0_bc,primary,44,ood,native_success_given_setup_within_budget,conditional_binary,0,10,0.0,0.0,0.2775327998628892,"Wilson 95%; explicitly conditioned, not overall success",10
visuotactile_seed1_bc,primary,44,all,sustained_native_success,binary,6,20,0.3,0.1454772448676043,0.5189728183535235,"Wilson 95%, environment-seed episodes",
visuotactile_seed1_bc,primary,44,all,sustained_success_within_force_budget,binary,4,20,0.2,0.08065766257979806,0.41601743225189364,"Wilson 95%, environment-seed episodes",
visuotactile_seed1_bc,primary,44,all,any_native_success,binary,8,20,0.4,0.21880653237281705,0.6134184992377469,"Wilson 95%, environment-seed episodes",
visuotactile_seed1_bc,primary,44,all,final_native_success,binary,8,20,0.4,0.21880653237281705,0.6134184992377469,"Wilson 95%, environment-seed episodes",
visuotactile_seed1_bc,primary,44,all,force_budget_exceeded,binary,10,20,0.5,0.2992980081982123,0.7007019918017877,"Wilson 95%, environment-seed episodes",
visuotactile_seed1_bc,primary,44,all,setup_force_budget_exceeded,binary,0,20,0.0,0.0,0.16112515805281938,"Wilson 95%, environment-seed episodes",
visuotactile_seed1_bc,primary,44,all,bilateral_contact_at_takeover,binary,0,20,0.0,0.0,0.16112515805281938,"Wilson 95%, environment-seed episodes",
visuotactile_seed1_bc,primary,44,all,intervention_force_budget_exceeded,binary,8,20,0.4,0.21880653237281705,0.6134184992377469,"Wilson 95%, environment-seed episodes",
visuotactile_seed1_bc,primary,44,all,sustained_10cm_lift_success,binary,6,20,0.3,0.1454772448676043,0.5189728183535235,"Wilson 95%, environment-seed episodes",
visuotactile_seed1_bc,primary,44,all,sustained_10cm_lift_within_force_budget,binary,4,20,0.2,0.08065766257979806,0.41601743225189364,"Wilson 95%, environment-seed episodes",
visuotactile_seed1_bc,primary,44,all,full_episode_peak_normal_N,continuous,,20,10.98004682660103,7.704174443632364,14.576526217609642,whole-environment-seed bootstrap 95%,
visuotactile_seed1_bc,primary,44,all,setup_peak_normal_N,continuous,,20,0.0,0.0,0.0,whole-environment-seed bootstrap 95%,
visuotactile_seed1_bc,primary,44,all,intervention_peak_normal_N,continuous,,20,9.300633174180984,6.632608789205551,12.348145074695346,whole-environment-seed bootstrap 95%,
visuotactile_seed1_bc,primary,44,all,max_relative_height_m,continuous,,20,0.05416870042681694,0.022737231310456994,0.08667133593931793,whole-environment-seed bootstrap 95%,
visuotactile_seed1_bc,primary,44,all,native_shaped_return,continuous,,20,67.56173113958292,56.68795663800113,78.69387955207267,whole-environment-seed bootstrap 95%,
visuotactile_seed1_bc,primary,44,all,native_success_given_setup_within_budget,conditional_binary,6,20,0.3,0.1454772448676043,0.5189728183535235,"Wilson 95%; explicitly conditioned, not overall success",20
visuotactile_seed1_bc,primary,44,id,sustained_native_success,binary,6,10,0.6,0.31267376973365824,0.8318196702937638,"Wilson 95%, environment-seed episodes",
visuotactile_seed1_bc,primary,44,id,sustained_success_within_force_budget,binary,4,10,0.4,0.16818032970623614,0.6873262302663417,"Wilson 95%, environment-seed episodes",
visuotactile_seed1_bc,primary,44,id,any_native_success,binary,8,10,0.8,0.49016247153664183,0.9433178485456247,"Wilson 95%, environment-seed episodes",
visuotactile_seed1_bc,primary,44,id,final_native_success,binary,8,10,0.8,0.49016247153664183,0.9433178485456247,"Wilson 95%, environment-seed episodes",
visuotactile_seed1_bc,primary,44,id,force_budget_exceeded,binary,4,10,0.4,0.16818032970623614,0.6873262302663417,"Wilson 95%, environment-seed episodes",
visuotactile_seed1_bc,primary,44,id,setup_force_budget_exceeded,binary,0,10,0.0,0.0,0.2775327998628892,"Wilson 95%, environment-seed episodes",
visuotactile_seed1_bc,primary,44,id,bilateral_contact_at_takeover,binary,0,10,0.0,0.0,0.2775327998628892,"Wilson 95%, environment-seed episodes",
visuotactile_seed1_bc,primary,44,id,intervention_force_budget_exceeded,binary,4,10,0.4,0.16818032970623614,0.6873262302663417,"Wilson 95%, environment-seed episodes",
visuotactile_seed1_bc,primary,44,id,sustained_10cm_lift_success,binary,6,10,0.6,0.31267376973365824,0.8318196702937638,"Wilson 95%, environment-seed episodes",
visuotactile_seed1_bc,primary,44,id,sustained_10cm_lift_within_force_budget,binary,4,10,0.4,0.16818032970623614,0.6873262302663417,"Wilson 95%, environment-seed episodes",
visuotactile_seed1_bc,primary,44,id,full_episode_peak_normal_N,continuous,,10,8.763173592090606,4.9151904487609865,12.801396693885316,whole-environment-seed bootstrap 95%,
visuotactile_seed1_bc,primary,44,id,setup_peak_normal_N,continuous,,10,0.0,0.0,0.0,whole-environment-seed bootstrap 95%,
visuotactile_seed1_bc,primary,44,id,intervention_peak_normal_N,continuous,,10,8.76118084192276,4.9046938157081605,13.092248741090298,whole-environment-seed bootstrap 95%,
visuotactile_seed1_bc,primary,44,id,max_relative_height_m,continuous,,10,0.10763676464557648,0.0662228824943304,0.14686631770804523,whole-environment-seed bootstrap 95%,
visuotactile_seed1_bc,primary,44,id,native_shaped_return,continuous,,10,79.75373899925717,61.059174496643536,96.06535316339553,whole-environment-seed bootstrap 95%,
visuotactile_seed1_bc,primary,44,id,native_success_given_setup_within_budget,conditional_binary,6,10,0.6,0.31267376973365824,0.8318196702937638,"Wilson 95%; explicitly conditioned, not overall success",10
visuotactile_seed1_bc,primary,44,ood,sustained_native_success,binary,0,10,0.0,0.0,0.2775327998628892,"Wilson 95%, environment-seed episodes",
visuotactile_seed1_bc,primary,44,ood,sustained_success_within_force_budget,binary,0,10,0.0,0.0,0.2775327998628892,"Wilson 95%, environment-seed episodes",
visuotactile_seed1_bc,primary,44,ood,any_native_success,binary,0,10,0.0,0.0,0.2775327998628892,"Wilson 95%, environment-seed episodes",
visuotactile_seed1_bc,primary,44,ood,final_native_success,binary,0,10,0.0,0.0,0.2775327998628892,"Wilson 95%, environment-seed episodes",
visuotactile_seed1_bc,primary,44,ood,force_budget_exceeded,binary,6,10,0.6,0.31267376973365824,0.8318196702937638,"Wilson 95%, environment-seed episodes",
visuotactile_seed1_bc,primary,44,ood,setup_force_budget_exceeded,binary,0,10,0.0,0.0,0.2775327998628892,"Wilson 95%, environment-seed episodes",
visuotactile_seed1_bc,primary,44,ood,bilateral_contact_at_takeover,binary,0,10,0.0,0.0,0.2775327998628892,"Wilson 95%, environment-seed episodes",
visuotactile_seed1_bc,primary,44,ood,intervention_force_budget_exceeded,binary,4,10,0.4,0.16818032970623614,0.6873262302663417,"Wilson 95%, environment-seed episodes",
visuotactile_seed1_bc,primary,44,ood,sustained_10cm_lift_success,binary,0,10,0.0,0.0,0.2775327998628892,"Wilson 95%, environment-seed episodes",
visuotactile_seed1_bc,primary,44,ood,sustained_10cm_lift_within_force_budget,binary,0,10,0.0,0.0,0.2775327998628892,"Wilson 95%, environment-seed episodes",
visuotactile_seed1_bc,primary,44,ood,full_episode_peak_normal_N,continuous,,10,13.19692006111145,8.407666720151902,18.332509808540344,whole-environment-seed bootstrap 95%,
visuotactile_seed1_bc,primary,44,ood,setup_peak_normal_N,continuous,,10,0.0,0.0,0.0,whole-environment-seed bootstrap 95%,
visuotactile_seed1_bc,primary,44,ood,intervention_peak_normal_N,continuous,,10,9.840085506439209,6.10753427863121,13.692658083438872,whole-environment-seed bootstrap 95%,
visuotactile_seed1_bc,primary,44,ood,max_relative_height_m,continuous,,10,0.0007006362080574036,0.0,0.002101908624172211,whole-environment-seed bootstrap 95%,
visuotactile_seed1_bc,primary,44,ood,native_shaped_return,continuous,,10,55.369723279908634,47.482758254272525,60.996228472592854,whole-environment-seed bootstrap 95%,
visuotactile_seed1_bc,primary,44,ood,native_success_given_setup_within_budget,conditional_binary,0,10,0.0,0.0,0.2775327998628892,"Wilson 95%; explicitly conditioned, not overall success",10
visuotactile_seed2_bc,primary,44,all,sustained_native_success,binary,2,20,0.1,0.027866481213768224,0.3010336452284873,"Wilson 95%, environment-seed episodes",
visuotactile_seed2_bc,primary,44,all,sustained_success_within_force_budget,binary,1,20,0.05,0.008881448800795402,0.23613119344674205,"Wilson 95%, environment-seed episodes",
visuotactile_seed2_bc,primary,44,all,any_native_success,binary,8,20,0.4,0.21880653237281705,0.6134184992377469,"Wilson 95%, environment-seed episodes",
visuotactile_seed2_bc,primary,44,all,final_native_success,binary,8,20,0.4,0.21880653237281705,0.6134184992377469,"Wilson 95%, environment-seed episodes",
visuotactile_seed2_bc,primary,44,all,force_budget_exceeded,binary,11,20,0.55,0.34208534245034233,0.7418021417443759,"Wilson 95%, environment-seed episodes",
visuotactile_seed2_bc,primary,44,all,setup_force_budget_exceeded,binary,0,20,0.0,0.0,0.16112515805281938,"Wilson 95%, environment-seed episodes",
visuotactile_seed2_bc,primary,44,all,bilateral_contact_at_takeover,binary,0,20,0.0,0.0,0.16112515805281938,"Wilson 95%, environment-seed episodes",
visuotactile_seed2_bc,primary,44,all,intervention_force_budget_exceeded,binary,8,20,0.4,0.21880653237281705,0.6134184992377469,"Wilson 95%, environment-seed episodes",
visuotactile_seed2_bc,primary,44,all,sustained_10cm_lift_success,binary,1,20,0.05,0.008881448800795402,0.23613119344674205,"Wilson 95%, environment-seed episodes",
visuotactile_seed2_bc,primary,44,all,sustained_10cm_lift_within_force_budget,binary,1,20,0.05,0.008881448800795402,0.23613119344674205,"Wilson 95%, environment-seed episodes",
visuotactile_seed2_bc,primary,44,all,full_episode_peak_normal_N,continuous,,20,11.723578023910523,8.750846380591392,14.86840899825096,whole-environment-seed bootstrap 95%,
visuotactile_seed2_bc,primary,44,all,setup_peak_normal_N,continuous,,20,0.0,0.0,0.0,whole-environment-seed bootstrap 95%,
visuotactile_seed2_bc,primary,44,all,intervention_peak_normal_N,continuous,,20,9.691451811790467,7.080788756608963,12.480765555500982,whole-environment-seed bootstrap 95%,
visuotactile_seed2_bc,primary,44,all,max_relative_height_m,continuous,,20,0.030534684052690865,0.01350691351108253,0.050251633501611645,whole-environment-seed bootstrap 95%,
visuotactile_seed2_bc,primary,44,all,native_shaped_return,continuous,,20,63.57579974519715,57.48669859030519,69.76665790703935,whole-environment-seed bootstrap 95%,
visuotactile_seed2_bc,primary,44,all,native_success_given_setup_within_budget,conditional_binary,2,20,0.1,0.027866481213768224,0.3010336452284873,"Wilson 95%; explicitly conditioned, not overall success",20
visuotactile_seed2_bc,primary,44,id,sustained_native_success,binary,2,10,0.2,0.05668215145437519,0.5098375284633583,"Wilson 95%, environment-seed episodes",
visuotactile_seed2_bc,primary,44,id,sustained_success_within_force_budget,binary,1,10,0.1,0.017876213095072896,0.4041500267952385,"Wilson 95%, environment-seed episodes",
visuotactile_seed2_bc,primary,44,id,any_native_success,binary,8,10,0.8,0.49016247153664183,0.9433178485456247,"Wilson 95%, environment-seed episodes",
visuotactile_seed2_bc,primary,44,id,final_native_success,binary,8,10,0.8,0.49016247153664183,0.9433178485456247,"Wilson 95%, environment-seed episodes",
visuotactile_seed2_bc,primary,44,id,force_budget_exceeded,binary,3,10,0.3,0.10779126740630099,0.6032218525388546,"Wilson 95%, environment-seed episodes",
visuotactile_seed2_bc,primary,44,id,setup_force_budget_exceeded,binary,0,10,0.0,0.0,0.2775327998628892,"Wilson 95%, environment-seed episodes",
visuotactile_seed2_bc,primary,44,id,bilateral_contact_at_takeover,binary,0,10,0.0,0.0,0.2775327998628892,"Wilson 95%, environment-seed episodes",
visuotactile_seed2_bc,primary,44,id,intervention_force_budget_exceeded,binary,3,10,0.3,0.10779126740630099,0.6032218525388546,"Wilson 95%, environment-seed episodes",
visuotactile_seed2_bc,primary,44,id,sustained_10cm_lift_success,binary,1,10,0.1,0.017876213095072896,0.4041500267952385,"Wilson 95%, environment-seed episodes",
visuotactile_seed2_bc,primary,44,id,sustained_10cm_lift_within_force_budget,binary,1,10,0.1,0.017876213095072896,0.4041500267952385,"Wilson 95%, environment-seed episodes",
visuotactile_seed2_bc,primary,44,id,full_episode_peak_normal_N,continuous,,10,9.191172552108764,5.646966451406478,13.093455572128295,whole-environment-seed bootstrap 95%,
visuotactile_seed2_bc,primary,44,id,setup_peak_normal_N,continuous,,10,0.0,0.0,0.0,whole-environment-seed bootstrap 95%,
visuotactile_seed2_bc,primary,44,id,intervention_peak_normal_N,continuous,,10,9.191172552108764,5.628368257284165,13.393585633039475,whole-environment-seed bootstrap 95%,
visuotactile_seed2_bc,primary,44,id,max_relative_height_m,continuous,,10,0.06034845523536205,0.034605923900380725,0.08898472665809089,whole-environment-seed bootstrap 95%,
visuotactile_seed2_bc,primary,44,id,native_shaped_return,continuous,,10,66.59969436450447,54.17448333659659,77.9379489294327,whole-environment-seed bootstrap 95%,
visuotactile_seed2_bc,primary,44,id,native_success_given_setup_within_budget,conditional_binary,2,10,0.2,0.05668215145437519,0.5098375284633583,"Wilson 95%; explicitly conditioned, not overall success",10
visuotactile_seed2_bc,primary,44,ood,sustained_native_success,binary,0,10,0.0,0.0,0.2775327998628892,"Wilson 95%, environment-seed episodes",
visuotactile_seed2_bc,primary,44,ood,sustained_success_within_force_budget,binary,0,10,0.0,0.0,0.2775327998628892,"Wilson 95%, environment-seed episodes",
visuotactile_seed2_bc,primary,44,ood,any_native_success,binary,0,10,0.0,0.0,0.2775327998628892,"Wilson 95%, environment-seed episodes",
visuotactile_seed2_bc,primary,44,ood,final_native_success,binary,0,10,0.0,0.0,0.2775327998628892,"Wilson 95%, environment-seed episodes",
visuotactile_seed2_bc,primary,44,ood,force_budget_exceeded,binary,8,10,0.8,0.49016247153664183,0.9433178485456247,"Wilson 95%, environment-seed episodes",
visuotactile_seed2_bc,primary,44,ood,setup_force_budget_exceeded,binary,0,10,0.0,0.0,0.2775327998628892,"Wilson 95%, environment-seed episodes",
visuotactile_seed2_bc,primary,44,ood,bilateral_contact_at_takeover,binary,0,10,0.0,0.0,0.2775327998628892,"Wilson 95%, environment-seed episodes",
visuotactile_seed2_bc,primary,44,ood,intervention_force_budget_exceeded,binary,5,10,0.5,0.236593090512564,0.7634069094874361,"Wilson 95%, environment-seed episodes",
visuotactile_seed2_bc,primary,44,ood,sustained_10cm_lift_success,binary,0,10,0.0,0.0,0.2775327998628892,"Wilson 95%, environment-seed episodes",
visuotactile_seed2_bc,primary,44,ood,sustained_10cm_lift_within_force_budget,binary,0,10,0.0,0.0,0.2775327998628892,"Wilson 95%, environment-seed episodes",
visuotactile_seed2_bc,primary,44,ood,full_episode_peak_normal_N,continuous,,10,14.25598349571228,10.463736319541932,18.734581400156014,whole-environment-seed bootstrap 95%,
visuotactile_seed2_bc,primary,44,ood,setup_peak_normal_N,continuous,,10,0.0,0.0,0.0,whole-environment-seed bootstrap 95%,
visuotactile_seed2_bc,primary,44,ood,intervention_peak_normal_N,continuous,,10,10.191731071472168,6.690557802915573,14.125733425617216,whole-environment-seed bootstrap 95%,
visuotactile_seed2_bc,primary,44,ood,max_relative_height_m,continuous,,10,0.0007209128700196743,0.0,0.002162738610059023,whole-environment-seed bootstrap 95%,
visuotactile_seed2_bc,primary,44,ood,native_shaped_return,continuous,,10,60.55190512588981,59.5414799624359,61.32261344100439,whole-environment-seed bootstrap 95%,
visuotactile_seed2_bc,primary,44,ood,native_success_given_setup_within_budget,conditional_binary,0,10,0.0,0.0,0.2775327998628892,"Wilson 95%; explicitly conditioned, not overall success",10
