run,baseline,status,takeover,domain,metric,paired_n,run_minus_baseline,ci_low,ci_high,ci_method,higher,ties,lower,positive_is_better
force_feedback,script,primary,44,all,any_native_success,20,0.0,0.0,0.0,"paired environment-seed bootstrap 95%, identical recorded physical parameters",0,20,0,True
force_feedback,script,primary,44,all,bilateral_contact_at_takeover,20,0.0,0.0,0.0,"paired environment-seed bootstrap 95%, identical recorded physical parameters",0,20,0,False
force_feedback,script,primary,44,all,final_native_success,20,0.0,0.0,0.0,"paired environment-seed bootstrap 95%, identical recorded physical parameters",0,20,0,True
force_feedback,script,primary,44,all,force_budget_exceeded,20,-0.45,-0.65,-0.25,"paired environment-seed bootstrap 95%, identical recorded physical parameters",0,11,9,False
force_feedback,script,primary,44,all,full_episode_peak_normal_N,20,-4.167556548118592,-6.788946282863616,-1.7127826768159873,"paired environment-seed bootstrap 95%, identical recorded physical parameters",4,1,15,False
force_feedback,script,primary,44,all,intervention_force_budget_exceeded,20,-0.6,-0.8,-0.4,"paired environment-seed bootstrap 95%, identical recorded physical parameters",0,8,12,False
force_feedback,script,primary,44,all,intervention_peak_normal_N,20,-5.20632004737854,-8.091252467632293,-2.54906032204628,"paired environment-seed bootstrap 95%, identical recorded physical parameters",4,1,15,False
force_feedback,script,primary,44,all,native_shaped_return,20,-0.47542908037808723,-0.8548118638358659,-0.02307382882867918,"paired environment-seed bootstrap 95%, identical recorded physical parameters",2,0,18,True
force_feedback,script,primary,44,all,setup_force_budget_exceeded,20,0.0,0.0,0.0,"paired environment-seed bootstrap 95%, identical recorded physical parameters",0,20,0,False
force_feedback,script,primary,44,all,setup_peak_normal_N,20,0.0,0.0,0.0,"paired environment-seed bootstrap 95%, identical recorded physical parameters",0,20,0,False
force_feedback,script,primary,44,all,sustained_10cm_lift_success,20,0.0,0.0,0.0,"paired environment-seed bootstrap 95%, identical recorded physical parameters",0,20,0,True
force_feedback,script,primary,44,all,sustained_10cm_lift_within_force_budget,20,0.25,0.1,0.45,"paired environment-seed bootstrap 95%, identical recorded physical parameters",5,15,0,True
force_feedback,script,primary,44,all,sustained_native_success,20,0.0,0.0,0.0,"paired environment-seed bootstrap 95%, identical recorded physical parameters",0,20,0,True
force_feedback,script,primary,44,all,sustained_success_within_force_budget,20,0.25,0.1,0.45,"paired environment-seed bootstrap 95%, identical recorded physical parameters",5,15,0,True
force_feedback,script,primary,44,id,any_native_success,10,0.0,0.0,0.0,"paired environment-seed bootstrap 95%, identical recorded physical parameters",0,10,0,True
force_feedback,script,primary,44,id,bilateral_contact_at_takeover,10,0.0,0.0,0.0,"paired environment-seed bootstrap 95%, identical recorded physical parameters",0,10,0,False
force_feedback,script,primary,44,id,final_native_success,10,0.0,0.0,0.0,"paired environment-seed bootstrap 95%, identical recorded physical parameters",0,10,0,True
force_feedback,script,primary,44,id,force_budget_exceeded,10,-0.5,-0.8,-0.2,"paired environment-seed bootstrap 95%, identical recorded physical parameters",0,5,5,False
force_feedback,script,primary,44,id,full_episode_peak_normal_N,10,-4.09946084022522,-5.950085591077804,-2.2970534682273867,"paired environment-seed bootstrap 95%, identical recorded physical parameters",0,0,10,False
force_feedback,script,primary,44,id,intervention_force_budget_exceeded,10,-0.8,-1.0,-0.5,"paired environment-seed bootstrap 95%, identical recorded physical parameters",0,2,8,False
force_feedback,script,primary,44,id,intervention_peak_normal_N,10,-6.176987838745117,-9.391638637781144,-3.4143374288082176,"paired environment-seed bootstrap 95%, identical recorded physical parameters",0,0,10,False
force_feedback,script,primary,44,id,native_shaped_return,10,-0.6039663679292062,-0.8371166962412075,-0.361371457969574,"paired environment-seed bootstrap 95%, identical recorded physical parameters",0,0,10,True
force_feedback,script,primary,44,id,setup_force_budget_exceeded,10,0.0,0.0,0.0,"paired environment-seed bootstrap 95%, identical recorded physical parameters",0,10,0,False
force_feedback,script,primary,44,id,setup_peak_normal_N,10,0.0,0.0,0.0,"paired environment-seed bootstrap 95%, identical recorded physical parameters",0,10,0,False
force_feedback,script,primary,44,id,sustained_10cm_lift_success,10,0.0,0.0,0.0,"paired environment-seed bootstrap 95%, identical recorded physical parameters",0,10,0,True
force_feedback,script,primary,44,id,sustained_10cm_lift_within_force_budget,10,0.5,0.2,0.8,"paired environment-seed bootstrap 95%, identical recorded physical parameters",5,5,0,True
force_feedback,script,primary,44,id,sustained_native_success,10,0.0,0.0,0.0,"paired environment-seed bootstrap 95%, identical recorded physical parameters",0,10,0,True
force_feedback,script,primary,44,id,sustained_success_within_force_budget,10,0.5,0.2,0.8,"paired environment-seed bootstrap 95%, identical recorded physical parameters",5,5,0,True
force_feedback,script,primary,44,ood,any_native_success,10,0.0,0.0,0.0,"paired environment-seed bootstrap 95%, identical recorded physical parameters",0,10,0,True
force_feedback,script,primary,44,ood,bilateral_contact_at_takeover,10,0.0,0.0,0.0,"paired environment-seed bootstrap 95%, identical recorded physical parameters",0,10,0,False
force_feedback,script,primary,44,ood,final_native_success,10,0.0,0.0,0.0,"paired environment-seed bootstrap 95%, identical recorded physical parameters",0,10,0,True
force_feedback,script,primary,44,ood,force_budget_exceeded,10,-0.4,-0.7,-0.1,"paired environment-seed bootstrap 95%, identical recorded physical parameters",0,6,4,False
force_feedback,script,primary,44,ood,full_episode_peak_normal_N,10,-4.235652256011963,-9.021802992820739,0.5694631707668302,"paired environment-seed bootstrap 95%, identical recorded physical parameters",4,1,5,False
force_feedback,script,primary,44,ood,intervention_force_budget_exceeded,10,-0.4,-0.7,-0.1,"paired environment-seed bootstrap 95%, identical recorded physical parameters",0,6,4,False
force_feedback,script,primary,44,ood,intervention_peak_normal_N,10,-4.235652256011963,-9.08201542377472,-0.07607597231865029,"paired environment-seed bootstrap 95%, identical recorded physical parameters",4,1,5,False
force_feedback,script,primary,44,ood,native_shaped_return,10,-0.34689179282696825,-1.048512688737624,0.502324507765389,"paired environment-seed bootstrap 95%, identical recorded physical parameters",2,0,8,True
force_feedback,script,primary,44,ood,setup_force_budget_exceeded,10,0.0,0.0,0.0,"paired environment-seed bootstrap 95%, identical recorded physical parameters",0,10,0,False
force_feedback,script,primary,44,ood,setup_peak_normal_N,10,0.0,0.0,0.0,"paired environment-seed bootstrap 95%, identical recorded physical parameters",0,10,0,False
force_feedback,script,primary,44,ood,sustained_10cm_lift_success,10,0.0,0.0,0.0,"paired environment-seed bootstrap 95%, identical recorded physical parameters",0,10,0,True
force_feedback,script,primary,44,ood,sustained_10cm_lift_within_force_budget,10,0.0,0.0,0.0,"paired environment-seed bootstrap 95%, identical recorded physical parameters",0,10,0,True
force_feedback,script,primary,44,ood,sustained_native_success,10,0.0,0.0,0.0,"paired environment-seed bootstrap 95%, identical recorded physical parameters",0,10,0,True
force_feedback,script,primary,44,ood,sustained_success_within_force_budget,10,0.0,0.0,0.0,"paired environment-seed bootstrap 95%, identical recorded physical parameters",0,10,0,True
script,force_feedback,primary,44,all,any_native_success,20,0.0,0.0,0.0,"paired environment-seed bootstrap 95%, identical recorded physical parameters",0,20,0,True
script,force_feedback,primary,44,all,bilateral_contact_at_takeover,20,0.0,0.0,0.0,"paired environment-seed bootstrap 95%, identical recorded physical parameters",0,20,0,False
script,force_feedback,primary,44,all,final_native_success,20,0.0,0.0,0.0,"paired environment-seed bootstrap 95%, identical recorded physical parameters",0,20,0,True
script,force_feedback,primary,44,all,force_budget_exceeded,20,0.45,0.25,0.65,"paired environment-seed bootstrap 95%, identical recorded physical parameters",9,11,0,False
script,force_feedback,primary,44,all,full_episode_peak_normal_N,20,4.167556548118592,1.7221445447206498,6.569855046272275,"paired environment-seed bootstrap 95%, identical recorded physical parameters",15,1,4,False
script,force_feedback,primary,44,all,intervention_force_budget_exceeded,20,0.6,0.4,0.8,"paired environment-seed bootstrap 95%, identical recorded physical parameters",12,8,0,False
script,force_feedback,primary,44,all,intervention_peak_normal_N,20,5.20632004737854,2.3859466058015824,8.123948841094972,"paired environment-seed bootstrap 95%, identical recorded physical parameters",15,1,4,False
script,force_feedback,primary,44,all,native_shaped_return,20,0.47542908037808723,0.041918698762535844,0.8308633018862083,"paired environment-seed bootstrap 95%, identical recorded physical parameters",18,0,2,True
script,force_feedback,primary,44,all,setup_force_budget_exceeded,20,0.0,0.0,0.0,"paired environment-seed bootstrap 95%, identical recorded physical parameters",0,20,0,False
script,force_feedback,primary,44,all,setup_peak_normal_N,20,0.0,0.0,0.0,"paired environment-seed bootstrap 95%, identical recorded physical parameters",0,20,0,False
script,force_feedback,primary,44,all,sustained_10cm_lift_success,20,0.0,0.0,0.0,"paired environment-seed bootstrap 95%, identical recorded physical parameters",0,20,0,True
script,force_feedback,primary,44,all,sustained_10cm_lift_within_force_budget,20,-0.25,-0.45,-0.05,"paired environment-seed bootstrap 95%, identical recorded physical parameters",0,15,5,True
script,force_feedback,primary,44,all,sustained_native_success,20,0.0,0.0,0.0,"paired environment-seed bootstrap 95%, identical recorded physical parameters",0,20,0,True
script,force_feedback,primary,44,all,sustained_success_within_force_budget,20,-0.25,-0.45,-0.05,"paired environment-seed bootstrap 95%, identical recorded physical parameters",0,15,5,True
script,force_feedback,primary,44,id,any_native_success,10,0.0,0.0,0.0,"paired environment-seed bootstrap 95%, identical recorded physical parameters",0,10,0,True
script,force_feedback,primary,44,id,bilateral_contact_at_takeover,10,0.0,0.0,0.0,"paired environment-seed bootstrap 95%, identical recorded physical parameters",0,10,0,False
script,force_feedback,primary,44,id,final_native_success,10,0.0,0.0,0.0,"paired environment-seed bootstrap 95%, identical recorded physical parameters",0,10,0,True
script,force_feedback,primary,44,id,force_budget_exceeded,10,0.5,0.2,0.8,"paired environment-seed bootstrap 95%, identical recorded physical parameters",5,5,0,False
script,force_feedback,primary,44,id,full_episode_peak_normal_N,10,4.09946084022522,2.361464738845825,6.243740528821945,"paired environment-seed bootstrap 95%, identical recorded physical parameters",10,0,0,False
script,force_feedback,primary,44,id,intervention_force_budget_exceeded,10,0.8,0.5,1.0,"paired environment-seed bootstrap 95%, identical recorded physical parameters",8,2,0,False
script,force_feedback,primary,44,id,intervention_peak_normal_N,10,6.176987838745117,3.3439963257312773,9.311931658983227,"paired environment-seed bootstrap 95%, identical recorded physical parameters",10,0,0,False
script,force_feedback,primary,44,id,native_shaped_return,10,0.6039663679292062,0.35112923229637494,0.8234067559655575,"paired environment-seed bootstrap 95%, identical recorded physical parameters",10,0,0,True
script,force_feedback,primary,44,id,setup_force_budget_exceeded,10,0.0,0.0,0.0,"paired environment-seed bootstrap 95%, identical recorded physical parameters",0,10,0,False
script,force_feedback,primary,44,id,setup_peak_normal_N,10,0.0,0.0,0.0,"paired environment-seed bootstrap 95%, identical recorded physical parameters",0,10,0,False
script,force_feedback,primary,44,id,sustained_10cm_lift_success,10,0.0,0.0,0.0,"paired environment-seed bootstrap 95%, identical recorded physical parameters",0,10,0,True
script,force_feedback,primary,44,id,sustained_10cm_lift_within_force_budget,10,-0.5,-0.8,-0.2,"paired environment-seed bootstrap 95%, identical recorded physical parameters",0,5,5,True
script,force_feedback,primary,44,id,sustained_native_success,10,0.0,0.0,0.0,"paired environment-seed bootstrap 95%, identical recorded physical parameters",0,10,0,True
script,force_feedback,primary,44,id,sustained_success_within_force_budget,10,-0.5,-0.8,-0.2,"paired environment-seed bootstrap 95%, identical recorded physical parameters",0,5,5,True
script,force_feedback,primary,44,ood,any_native_success,10,0.0,0.0,0.0,"paired environment-seed bootstrap 95%, identical recorded physical parameters",0,10,0,True
script,force_feedback,primary,44,ood,bilateral_contact_at_takeover,10,0.0,0.0,0.0,"paired environment-seed bootstrap 95%, identical recorded physical parameters",0,10,0,False
script,force_feedback,primary,44,ood,final_native_success,10,0.0,0.0,0.0,"paired environment-seed bootstrap 95%, identical recorded physical parameters",0,10,0,True
script,force_feedback,primary,44,ood,force_budget_exceeded,10,0.4,0.1,0.7,"paired environment-seed bootstrap 95%, identical recorded physical parameters",4,6,0,False
script,force_feedback,primary,44,ood,full_episode_peak_normal_N,10,4.235652256011963,-0.458355153799057,9.102176988124848,"paired environment-seed bootstrap 95%, identical recorded physical parameters",5,1,4,False
script,force_feedback,primary,44,ood,intervention_force_budget_exceeded,10,0.4,0.1,0.7,"paired environment-seed bootstrap 95%, identical recorded physical parameters",4,6,0,False
script,force_feedback,primary,44,ood,intervention_peak_normal_N,10,4.235652256011963,0.021004742383956925,8.92483825087547,"paired environment-seed bootstrap 95%, identical recorded physical parameters",5,1,4,False
script,force_feedback,primary,44,ood,native_shaped_return,10,0.34689179282696825,-0.4887482340884148,1.0520068703610248,"paired environment-seed bootstrap 95%, identical recorded physical parameters",8,0,2,True
script,force_feedback,primary,44,ood,setup_force_budget_exceeded,10,0.0,0.0,0.0,"paired environment-seed bootstrap 95%, identical recorded physical parameters",0,10,0,False
script,force_feedback,primary,44,ood,setup_peak_normal_N,10,0.0,0.0,0.0,"paired environment-seed bootstrap 95%, identical recorded physical parameters",0,10,0,False
script,force_feedback,primary,44,ood,sustained_10cm_lift_success,10,0.0,0.0,0.0,"paired environment-seed bootstrap 95%, identical recorded physical parameters",0,10,0,True
script,force_feedback,primary,44,ood,sustained_10cm_lift_within_force_budget,10,0.0,0.0,0.0,"paired environment-seed bootstrap 95%, identical recorded physical parameters",0,10,0,True
script,force_feedback,primary,44,ood,sustained_native_success,10,0.0,0.0,0.0,"paired environment-seed bootstrap 95%, identical recorded physical parameters",0,10,0,True
script,force_feedback,primary,44,ood,sustained_success_within_force_budget,10,0.0,0.0,0.0,"paired environment-seed bootstrap 95%, identical recorded physical parameters",0,10,0,True
visuotactile_height_seed0_rl,force_feedback,primary,44,all,any_native_success,20,0.0,0.0,0.0,"paired environment-seed bootstrap 95%, identical recorded physical parameters",0,20,0,True
visuotactile_height_seed0_rl,force_feedback,primary,44,all,bilateral_contact_at_takeover,20,0.0,0.0,0.0,"paired environment-seed bootstrap 95%, identical recorded physical parameters",0,20,0,False
visuotactile_height_seed0_rl,force_feedback,primary,44,all,final_native_success,20,-0.15,-0.3,0.0,"paired environment-seed bootstrap 95%, identical recorded physical parameters",0,17,3,True
visuotactile_height_seed0_rl,force_feedback,primary,44,all,force_budget_exceeded,20,0.35,0.15,0.55,"paired environment-seed bootstrap 95%, identical recorded physical parameters",7,13,0,False
visuotactile_height_seed0_rl,force_feedback,primary,44,all,full_episode_peak_normal_N,20,2.318310785293579,0.9979258346557617,3.9888272351026517,"paired environment-seed bootstrap 95%, identical recorded physical parameters",18,0,2,False
visuotactile_height_seed0_rl,force_feedback,primary,44,all,intervention_force_budget_exceeded,20,0.5,0.3,0.7,"paired environment-seed bootstrap 95%, identical recorded physical parameters",10,10,0,False
visuotactile_height_seed0_rl,force_feedback,primary,44,all,intervention_peak_normal_N,20,3.3574490308761598,1.9219525247812272,4.937834179997444,"paired environment-seed bootstrap 95%, identical recorded physical parameters",19,0,1,False
visuotactile_height_seed0_rl,force_feedback,primary,44,all,native_shaped_return,20,7.728050013647328,4.768938803102476,10.66961519982955,"paired environment-seed bootstrap 95%, identical recorded physical parameters",17,0,3,True
visuotactile_height_seed0_rl,force_feedback,primary,44,all,setup_force_budget_exceeded,20,0.0,0.0,0.0,"paired environment-seed bootstrap 95%, identical recorded physical parameters",0,20,0,False
visuotactile_height_seed0_rl,force_feedback,primary,44,all,setup_peak_normal_N,20,0.0,0.0,0.0,"paired environment-seed bootstrap 95%, identical recorded physical parameters",0,20,0,False
visuotactile_height_seed0_rl,force_feedback,primary,44,all,sustained_10cm_lift_success,20,-0.05,-0.15,0.0,"paired environment-seed bootstrap 95%, identical recorded physical parameters",0,19,1,True
visuotactile_height_seed0_rl,force_feedback,primary,44,all,sustained_10cm_lift_within_force_budget,20,-0.15,-0.3,0.0,"paired environment-seed bootstrap 95%, identical recorded physical parameters",0,17,3,True
visuotactile_height_seed0_rl,force_feedback,primary,44,all,sustained_native_success,20,0.0,0.0,0.0,"paired environment-seed bootstrap 95%, identical recorded physical parameters",0,20,0,True
visuotactile_height_seed0_rl,force_feedback,primary,44,all,sustained_success_within_force_budget,20,-0.1,-0.25,0.0,"paired environment-seed bootstrap 95%, identical recorded physical parameters",0,18,2,True
visuotactile_height_seed0_rl,force_feedback,primary,44,id,any_native_success,10,0.0,0.0,0.0,"paired environment-seed bootstrap 95%, identical recorded physical parameters",0,10,0,True
visuotactile_height_seed0_rl,force_feedback,primary,44,id,bilateral_contact_at_takeover,10,0.0,0.0,0.0,"paired environment-seed bootstrap 95%, identical recorded physical parameters",0,10,0,False
visuotactile_height_seed0_rl,force_feedback,primary,44,id,final_native_success,10,-0.3,-0.6,0.0,"paired environment-seed bootstrap 95%, identical recorded physical parameters",0,7,3,True
visuotactile_height_seed0_rl,force_feedback,primary,44,id,force_budget_exceeded,10,0.2,0.0,0.5,"paired environment-seed bootstrap 95%, identical recorded physical parameters",2,8,0,False
visuotactile_height_seed0_rl,force_feedback,primary,44,id,full_episode_peak_normal_N,10,1.0458528995513916,0.3987203013896942,1.787690068483352,"paired environment-seed bootstrap 95%, identical recorded physical parameters",8,0,2,False
visuotactile_height_seed0_rl,force_feedback,primary,44,id,intervention_force_budget_exceeded,10,0.5,0.2,0.8,"paired environment-seed bootstrap 95%, identical recorded physical parameters",5,5,0,False
visuotactile_height_seed0_rl,force_feedback,primary,44,id,intervention_peak_normal_N,10,3.124129390716553,1.903604769706726,4.398163821697235,"paired environment-seed bootstrap 95%, identical recorded physical parameters",9,0,1,False
visuotactile_height_seed0_rl,force_feedback,primary,44,id,native_shaped_return,10,8.479114220050983,2.5013572176786742,13.678227930105328,"paired environment-seed bootstrap 95%, identical recorded physical parameters",7,0,3,True
visuotactile_height_seed0_rl,force_feedback,primary,44,id,setup_force_budget_exceeded,10,0.0,0.0,0.0,"paired environment-seed bootstrap 95%, identical recorded physical parameters",0,10,0,False
visuotactile_height_seed0_rl,force_feedback,primary,44,id,setup_peak_normal_N,10,0.0,0.0,0.0,"paired environment-seed bootstrap 95%, identical recorded physical parameters",0,10,0,False
visuotactile_height_seed0_rl,force_feedback,primary,44,id,sustained_10cm_lift_success,10,-0.1,-0.3,0.0,"paired environment-seed bootstrap 95%, identical recorded physical parameters",0,9,1,True
visuotactile_height_seed0_rl,force_feedback,primary,44,id,sustained_10cm_lift_within_force_budget,10,-0.3,-0.6,-0.1,"paired environment-seed bootstrap 95%, identical recorded physical parameters",0,7,3,True
visuotactile_height_seed0_rl,force_feedback,primary,44,id,sustained_native_success,10,0.0,0.0,0.0,"paired environment-seed bootstrap 95%, identical recorded physical parameters",0,10,0,True
visuotactile_height_seed0_rl,force_feedback,primary,44,id,sustained_success_within_force_budget,10,-0.2,-0.5,0.0,"paired environment-seed bootstrap 95%, identical recorded physical parameters",0,8,2,True
visuotactile_height_seed0_rl,force_feedback,primary,44,ood,any_native_success,10,0.0,0.0,0.0,"paired environment-seed bootstrap 95%, identical recorded physical parameters",0,10,0,True
visuotactile_height_seed0_rl,force_feedback,primary,44,ood,bilateral_contact_at_takeover,10,0.0,0.0,0.0,"paired environment-seed bootstrap 95%, identical recorded physical parameters",0,10,0,False
visuotactile_height_seed0_rl,force_feedback,primary,44,ood,final_native_success,10,0.0,0.0,0.0,"paired environment-seed bootstrap 95%, identical recorded physical parameters",0,10,0,True
visuotactile_height_seed0_rl,force_feedback,primary,44,ood,force_budget_exceeded,10,0.5,0.2,0.8,"paired environment-seed bootstrap 95%, identical recorded physical parameters",5,5,0,False
visuotactile_height_seed0_rl,force_feedback,primary,44,ood,full_episode_peak_normal_N,10,3.5907686710357667,0.9982158923149109,6.737222838401791,"paired environment-seed bootstrap 95%, identical recorded physical parameters",10,0,0,False
visuotactile_height_seed0_rl,force_feedback,primary,44,ood,intervention_force_budget_exceeded,10,0.5,0.2,0.8,"paired environment-seed bootstrap 95%, identical recorded physical parameters",5,5,0,False
visuotactile_height_seed0_rl,force_feedback,primary,44,ood,intervention_peak_normal_N,10,3.5907686710357667,1.1236966276168825,6.858390144109724,"paired environment-seed bootstrap 95%, identical recorded physical parameters",10,0,0,False
visuotactile_height_seed0_rl,force_feedback,primary,44,ood,native_shaped_return,10,6.97698580724367,5.910611965005293,8.096597451857768,"paired environment-seed bootstrap 95%, identical recorded physical parameters",10,0,0,True
visuotactile_height_seed0_rl,force_feedback,primary,44,ood,setup_force_budget_exceeded,10,0.0,0.0,0.0,"paired environment-seed bootstrap 95%, identical recorded physical parameters",0,10,0,False
visuotactile_height_seed0_rl,force_feedback,primary,44,ood,setup_peak_normal_N,10,0.0,0.0,0.0,"paired environment-seed bootstrap 95%, identical recorded physical parameters",0,10,0,False
visuotactile_height_seed0_rl,force_feedback,primary,44,ood,sustained_10cm_lift_success,10,0.0,0.0,0.0,"paired environment-seed bootstrap 95%, identical recorded physical parameters",0,10,0,True
visuotactile_height_seed0_rl,force_feedback,primary,44,ood,sustained_10cm_lift_within_force_budget,10,0.0,0.0,0.0,"paired environment-seed bootstrap 95%, identical recorded physical parameters",0,10,0,True
visuotactile_height_seed0_rl,force_feedback,primary,44,ood,sustained_native_success,10,0.0,0.0,0.0,"paired environment-seed bootstrap 95%, identical recorded physical parameters",0,10,0,True
visuotactile_height_seed0_rl,force_feedback,primary,44,ood,sustained_success_within_force_budget,10,0.0,0.0,0.0,"paired environment-seed bootstrap 95%, identical recorded physical parameters",0,10,0,True
visuotactile_height_seed0_rl,script,primary,44,all,any_native_success,20,0.0,0.0,0.0,"paired environment-seed bootstrap 95%, identical recorded physical parameters",0,20,0,True
visuotactile_height_seed0_rl,script,primary,44,all,bilateral_contact_at_takeover,20,0.0,0.0,0.0,"paired environment-seed bootstrap 95%, identical recorded physical parameters",0,20,0,False
visuotactile_height_seed0_rl,script,primary,44,all,final_native_success,20,-0.15,-0.3,0.0,"paired environment-seed bootstrap 95%, identical recorded physical parameters",0,17,3,True
visuotactile_height_seed0_rl,script,primary,44,all,force_budget_exceeded,20,-0.1,-0.3,0.1,"paired environment-seed bootstrap 95%, identical recorded physical parameters",1,16,3,False
visuotactile_height_seed0_rl,script,primary,44,all,full_episode_peak_normal_N,20,-1.8492457628250123,-3.6010634928941725,-0.021526312232019135,"paired environment-seed bootstrap 95%, identical recorded physical parameters",6,0,14,False
visuotactile_height_seed0_rl,script,primary,44,all,intervention_force_budget_exceeded,20,-0.1,-0.3,0.1,"paired environment-seed bootstrap 95%, identical recorded physical parameters",1,16,3,False
visuotactile_height_seed0_rl,script,primary,44,all,intervention_peak_normal_N,20,-1.8488710165023803,-3.578252086639404,0.09084559559822034,"paired environment-seed bootstrap 95%, identical recorded physical parameters",6,0,14,False
visuotactile_height_seed0_rl,script,primary,44,all,native_shaped_return,20,7.252620933269239,4.133472750748183,10.078291707108574,"paired environment-seed bootstrap 95%, identical recorded physical parameters",17,0,3,True
visuotactile_height_seed0_rl,script,primary,44,all,setup_force_budget_exceeded,20,0.0,0.0,0.0,"paired environment-seed bootstrap 95%, identical recorded physical parameters",0,20,0,False
visuotactile_height_seed0_rl,script,primary,44,all,setup_peak_normal_N,20,0.0,0.0,0.0,"paired environment-seed bootstrap 95%, identical recorded physical parameters",0,20,0,False
visuotactile_height_seed0_rl,script,primary,44,all,sustained_10cm_lift_success,20,-0.05,-0.15,0.0,"paired environment-seed bootstrap 95%, identical recorded physical parameters",0,19,1,True
visuotactile_height_seed0_rl,script,primary,44,all,sustained_10cm_lift_within_force_budget,20,0.1,0.0,0.25,"paired environment-seed bootstrap 95%, identical recorded physical parameters",2,18,0,True
visuotactile_height_seed0_rl,script,primary,44,all,sustained_native_success,20,0.0,0.0,0.0,"paired environment-seed bootstrap 95%, identical recorded physical parameters",0,20,0,True
visuotactile_height_seed0_rl,script,primary,44,all,sustained_success_within_force_budget,20,0.15,0.0,0.3,"paired environment-seed bootstrap 95%, identical recorded physical parameters",3,17,0,True
visuotactile_height_seed0_rl,script,primary,44,id,any_native_success,10,0.0,0.0,0.0,"paired environment-seed bootstrap 95%, identical recorded physical parameters",0,10,0,True
visuotactile_height_seed0_rl,script,primary,44,id,bilateral_contact_at_takeover,10,0.0,0.0,0.0,"paired environment-seed bootstrap 95%, identical recorded physical parameters",0,10,0,False
visuotactile_height_seed0_rl,script,primary,44,id,final_native_success,10,-0.3,-0.6,0.0,"paired environment-seed bootstrap 95%, identical recorded physical parameters",0,7,3,True
visuotactile_height_seed0_rl,script,primary,44,id,force_budget_exceeded,10,-0.3,-0.6,0.0,"paired environment-seed bootstrap 95%, identical recorded physical parameters",0,7,3,False
visuotactile_height_seed0_rl,script,primary,44,id,full_episode_peak_normal_N,10,-3.053607940673828,-5.37031771659851,-1.1061150360107421,"paired environment-seed bootstrap 95%, identical recorded physical parameters",0,0,10,False
visuotactile_height_seed0_rl,script,primary,44,id,intervention_force_budget_exceeded,10,-0.3,-0.6,0.0,"paired environment-seed bootstrap 95%, identical recorded physical parameters",0,7,3,False
visuotactile_height_seed0_rl,script,primary,44,id,intervention_peak_normal_N,10,-3.0528584480285645,-5.468120781183243,-1.1506167066097268,"paired environment-seed bootstrap 95%, identical recorded physical parameters",0,0,10,False
visuotactile_height_seed0_rl,script,primary,44,id,native_shaped_return,10,7.875147852121776,1.6535511728958228,13.050513428966315,"paired environment-seed bootstrap 95%, identical recorded physical parameters",7,0,3,True
visuotactile_height_seed0_rl,script,primary,44,id,setup_force_budget_exceeded,10,0.0,0.0,0.0,"paired environment-seed bootstrap 95%, identical recorded physical parameters",0,10,0,False
visuotactile_height_seed0_rl,script,primary,44,id,setup_peak_normal_N,10,0.0,0.0,0.0,"paired environment-seed bootstrap 95%, identical recorded physical parameters",0,10,0,False
visuotactile_height_seed0_rl,script,primary,44,id,sustained_10cm_lift_success,10,-0.1,-0.3,0.0,"paired environment-seed bootstrap 95%, identical recorded physical parameters",0,9,1,True
visuotactile_height_seed0_rl,script,primary,44,id,sustained_10cm_lift_within_force_budget,10,0.2,0.0,0.5,"paired environment-seed bootstrap 95%, identical recorded physical parameters",2,8,0,True
visuotactile_height_seed0_rl,script,primary,44,id,sustained_native_success,10,0.0,0.0,0.0,"paired environment-seed bootstrap 95%, identical recorded physical parameters",0,10,0,True
visuotactile_height_seed0_rl,script,primary,44,id,sustained_success_within_force_budget,10,0.3,0.0,0.6,"paired environment-seed bootstrap 95%, identical recorded physical parameters",3,7,0,True
visuotactile_height_seed0_rl,script,primary,44,ood,any_native_success,10,0.0,0.0,0.0,"paired environment-seed bootstrap 95%, identical recorded physical parameters",0,10,0,True
visuotactile_height_seed0_rl,script,primary,44,ood,bilateral_contact_at_takeover,10,0.0,0.0,0.0,"paired environment-seed bootstrap 95%, identical recorded physical parameters",0,10,0,False
visuotactile_height_seed0_rl,script,primary,44,ood,final_native_success,10,0.0,0.0,0.0,"paired environment-seed bootstrap 95%, identical recorded physical parameters",0,10,0,True
visuotactile_height_seed0_rl,script,primary,44,ood,force_budget_exceeded,10,0.1,0.0,0.3,"paired environment-seed bootstrap 95%, identical recorded physical parameters",1,9,0,False
visuotactile_height_seed0_rl,script,primary,44,ood,full_episode_peak_normal_N,10,-0.6448835849761962,-3.340292918682098,2.396743750572199,"paired environment-seed bootstrap 95%, identical recorded physical parameters",6,0,4,False
visuotactile_height_seed0_rl,script,primary,44,ood,intervention_force_budget_exceeded,10,0.1,0.0,0.3,"paired environment-seed bootstrap 95%, identical recorded physical parameters",1,9,0,False
visuotactile_height_seed0_rl,script,primary,44,ood,intervention_peak_normal_N,10,-0.6448835849761962,-3.1599335157871247,2.2106503033637948,"paired environment-seed bootstrap 95%, identical recorded physical parameters",6,0,4,False
visuotactile_height_seed0_rl,script,primary,44,ood,native_shaped_return,10,6.630094014416703,5.060685435924206,8.259585255184824,"paired environment-seed bootstrap 95%, identical recorded physical parameters",10,0,0,True
visuotactile_height_seed0_rl,script,primary,44,ood,setup_force_budget_exceeded,10,0.0,0.0,0.0,"paired environment-seed bootstrap 95%, identical recorded physical parameters",0,10,0,False
visuotactile_height_seed0_rl,script,primary,44,ood,setup_peak_normal_N,10,0.0,0.0,0.0,"paired environment-seed bootstrap 95%, identical recorded physical parameters",0,10,0,False
visuotactile_height_seed0_rl,script,primary,44,ood,sustained_10cm_lift_success,10,0.0,0.0,0.0,"paired environment-seed bootstrap 95%, identical recorded physical parameters",0,10,0,True
visuotactile_height_seed0_rl,script,primary,44,ood,sustained_10cm_lift_within_force_budget,10,0.0,0.0,0.0,"paired environment-seed bootstrap 95%, identical recorded physical parameters",0,10,0,True
visuotactile_height_seed0_rl,script,primary,44,ood,sustained_native_success,10,0.0,0.0,0.0,"paired environment-seed bootstrap 95%, identical recorded physical parameters",0,10,0,True
visuotactile_height_seed0_rl,script,primary,44,ood,sustained_success_within_force_budget,10,0.0,0.0,0.0,"paired environment-seed bootstrap 95%, identical recorded physical parameters",0,10,0,True
visuotactile_height_seed0_rl,visuotactile_native_seed0_rl,primary,44,all,any_native_success,20,0.0,0.0,0.0,"paired environment-seed bootstrap 95%, identical recorded physical parameters",0,20,0,True
visuotactile_height_seed0_rl,visuotactile_native_seed0_rl,primary,44,all,bilateral_contact_at_takeover,20,0.0,0.0,0.0,"paired environment-seed bootstrap 95%, identical recorded physical parameters",0,20,0,False
visuotactile_height_seed0_rl,visuotactile_native_seed0_rl,primary,44,all,final_native_success,20,-0.15,-0.3012499999999999,0.0,"paired environment-seed bootstrap 95%, identical recorded physical parameters",0,17,3,True
visuotactile_height_seed0_rl,visuotactile_native_seed0_rl,primary,44,all,force_budget_exceeded,20,0.1,0.0,0.25,"paired environment-seed bootstrap 95%, identical recorded physical parameters",2,18,0,False
visuotactile_height_seed0_rl,visuotactile_native_seed0_rl,primary,44,all,full_episode_peak_normal_N,20,0.9285875797271729,-0.18724427938461305,1.9907296997308725,"paired environment-seed bootstrap 95%, identical recorded physical parameters",14,0,6,False
visuotactile_height_seed0_rl,visuotactile_native_seed0_rl,primary,44,all,intervention_force_budget_exceeded,20,0.1,0.0,0.25,"paired environment-seed bootstrap 95%, identical recorded physical parameters",2,18,0,False
visuotactile_height_seed0_rl,visuotactile_native_seed0_rl,primary,44,all,intervention_peak_normal_N,20,1.017464542388916,-0.1202943992614746,2.0443269509077053,"paired environment-seed bootstrap 95%, identical recorded physical parameters",15,0,5,False
visuotactile_height_seed0_rl,visuotactile_native_seed0_rl,primary,44,all,native_shaped_return,20,-3.898186381957663,-7.077956385493941,-1.1266709188550257,"paired environment-seed bootstrap 95%, identical recorded physical parameters",7,0,13,True
visuotactile_height_seed0_rl,visuotactile_native_seed0_rl,primary,44,all,setup_force_budget_exceeded,20,0.0,0.0,0.0,"paired environment-seed bootstrap 95%, identical recorded physical parameters",0,20,0,False
visuotactile_height_seed0_rl,visuotactile_native_seed0_rl,primary,44,all,setup_peak_normal_N,20,0.0,0.0,0.0,"paired environment-seed bootstrap 95%, identical recorded physical parameters",0,20,0,False
visuotactile_height_seed0_rl,visuotactile_native_seed0_rl,primary,44,all,sustained_10cm_lift_success,20,0.35,0.15,0.55,"paired environment-seed bootstrap 95%, identical recorded physical parameters",7,13,0,True
visuotactile_height_seed0_rl,visuotactile_native_seed0_rl,primary,44,all,sustained_10cm_lift_within_force_budget,20,0.15,-0.05,0.35,"paired environment-seed bootstrap 95%, identical recorded physical parameters",4,15,1,True
visuotactile_height_seed0_rl,visuotactile_native_seed0_rl,primary,44,all,sustained_native_success,20,0.0,0.0,0.0,"paired environment-seed bootstrap 95%, identical recorded physical parameters",0,20,0,True
visuotactile_height_seed0_rl,visuotactile_native_seed0_rl,primary,44,all,sustained_success_within_force_budget,20,-0.05,-0.15,0.0,"paired environment-seed bootstrap 95%, identical recorded physical parameters",0,19,1,True
visuotactile_height_seed0_rl,visuotactile_native_seed0_rl,primary,44,id,any_native_success,10,0.0,0.0,0.0,"paired environment-seed bootstrap 95%, identical recorded physical parameters",0,10,0,True
visuotactile_height_seed0_rl,visuotactile_native_seed0_rl,primary,44,id,bilateral_contact_at_takeover,10,0.0,0.0,0.0,"paired environment-seed bootstrap 95%, identical recorded physical parameters",0,10,0,False
visuotactile_height_seed0_rl,visuotactile_native_seed0_rl,primary,44,id,final_native_success,10,-0.3,-0.6,0.0,"paired environment-seed bootstrap 95%, identical recorded physical parameters",0,7,3,True
visuotactile_height_seed0_rl,visuotactile_native_seed0_rl,primary,44,id,force_budget_exceeded,10,0.1,0.0,0.3,"paired environment-seed bootstrap 95%, identical recorded physical parameters",1,9,0,False
visuotactile_height_seed0_rl,visuotactile_native_seed0_rl,primary,44,id,full_episode_peak_normal_N,10,1.1168535709381104,0.49357533097267153,1.7484907960891722,"paired environment-seed bootstrap 95%, identical recorded physical parameters",7,0,3,False
visuotactile_height_seed0_rl,visuotactile_native_seed0_rl,primary,44,id,intervention_force_budget_exceeded,10,0.1,0.0,0.3,"paired environment-seed bootstrap 95%, identical recorded physical parameters",1,9,0,False
visuotactile_height_seed0_rl,visuotactile_native_seed0_rl,primary,44,id,intervention_peak_normal_N,10,1.1426582336425781,0.4912676870822907,1.8015864646434778,"paired environment-seed bootstrap 95%, identical recorded physical parameters",7,0,3,False
visuotactile_height_seed0_rl,visuotactile_native_seed0_rl,primary,44,id,native_shaped_return,10,-5.238904523551627,-11.020036398538958,0.2684988895560174,"paired environment-seed bootstrap 95%, identical recorded physical parameters",6,0,4,True
visuotactile_height_seed0_rl,visuotactile_native_seed0_rl,primary,44,id,setup_force_budget_exceeded,10,0.0,0.0,0.0,"paired environment-seed bootstrap 95%, identical recorded physical parameters",0,10,0,False
visuotactile_height_seed0_rl,visuotactile_native_seed0_rl,primary,44,id,setup_peak_normal_N,10,0.0,0.0,0.0,"paired environment-seed bootstrap 95%, identical recorded physical parameters",0,10,0,False
visuotactile_height_seed0_rl,visuotactile_native_seed0_rl,primary,44,id,sustained_10cm_lift_success,10,0.7,0.4,1.0,"paired environment-seed bootstrap 95%, identical recorded physical parameters",7,3,0,True
visuotactile_height_seed0_rl,visuotactile_native_seed0_rl,primary,44,id,sustained_10cm_lift_within_force_budget,10,0.3,-0.1,0.7,"paired environment-seed bootstrap 95%, identical recorded physical parameters",4,5,1,True
visuotactile_height_seed0_rl,visuotactile_native_seed0_rl,primary,44,id,sustained_native_success,10,0.0,0.0,0.0,"paired environment-seed bootstrap 95%, identical recorded physical parameters",0,10,0,True
visuotactile_height_seed0_rl,visuotactile_native_seed0_rl,primary,44,id,sustained_success_within_force_budget,10,-0.1,-0.3,0.0,"paired environment-seed bootstrap 95%, identical recorded physical parameters",0,9,1,True
visuotactile_height_seed0_rl,visuotactile_native_seed0_rl,primary,44,ood,any_native_success,10,0.0,0.0,0.0,"paired environment-seed bootstrap 95%, identical recorded physical parameters",0,10,0,True
visuotactile_height_seed0_rl,visuotactile_native_seed0_rl,primary,44,ood,bilateral_contact_at_takeover,10,0.0,0.0,0.0,"paired environment-seed bootstrap 95%, identical recorded physical parameters",0,10,0,False
visuotactile_height_seed0_rl,visuotactile_native_seed0_rl,primary,44,ood,final_native_success,10,0.0,0.0,0.0,"paired environment-seed bootstrap 95%, identical recorded physical parameters",0,10,0,True
visuotactile_height_seed0_rl,visuotactile_native_seed0_rl,primary,44,ood,force_budget_exceeded,10,0.1,0.0,0.3,"paired environment-seed bootstrap 95%, identical recorded physical parameters",1,9,0,False
visuotactile_height_seed0_rl,visuotactile_native_seed0_rl,primary,44,ood,full_episode_peak_normal_N,10,0.7403215885162353,-1.417800374031067,2.788145191669463,"paired environment-seed bootstrap 95%, identical recorded physical parameters",7,0,3,False
visuotactile_height_seed0_rl,visuotactile_native_seed0_rl,primary,44,ood,intervention_force_budget_exceeded,10,0.1,0.0,0.3,"paired environment-seed bootstrap 95%, identical recorded physical parameters",1,9,0,False
visuotactile_height_seed0_rl,visuotactile_native_seed0_rl,primary,44,ood,intervention_peak_normal_N,10,0.892270851135254,-1.4001180255413055,2.929226367473601,"paired environment-seed bootstrap 95%, identical recorded physical parameters",8,0,2,False
visuotactile_height_seed0_rl,visuotactile_native_seed0_rl,primary,44,ood,native_shaped_return,10,-2.5574682403636992,-4.9095161368140054,-0.8414804769123484,"paired environment-seed bootstrap 95%, identical recorded physical parameters",1,0,9,True
visuotactile_height_seed0_rl,visuotactile_native_seed0_rl,primary,44,ood,setup_force_budget_exceeded,10,0.0,0.0,0.0,"paired environment-seed bootstrap 95%, identical recorded physical parameters",0,10,0,False
visuotactile_height_seed0_rl,visuotactile_native_seed0_rl,primary,44,ood,setup_peak_normal_N,10,0.0,0.0,0.0,"paired environment-seed bootstrap 95%, identical recorded physical parameters",0,10,0,False
visuotactile_height_seed0_rl,visuotactile_native_seed0_rl,primary,44,ood,sustained_10cm_lift_success,10,0.0,0.0,0.0,"paired environment-seed bootstrap 95%, identical recorded physical parameters",0,10,0,True
visuotactile_height_seed0_rl,visuotactile_native_seed0_rl,primary,44,ood,sustained_10cm_lift_within_force_budget,10,0.0,0.0,0.0,"paired environment-seed bootstrap 95%, identical recorded physical parameters",0,10,0,True
visuotactile_height_seed0_rl,visuotactile_native_seed0_rl,primary,44,ood,sustained_native_success,10,0.0,0.0,0.0,"paired environment-seed bootstrap 95%, identical recorded physical parameters",0,10,0,True
visuotactile_height_seed0_rl,visuotactile_native_seed0_rl,primary,44,ood,sustained_success_within_force_budget,10,0.0,0.0,0.0,"paired environment-seed bootstrap 95%, identical recorded physical parameters",0,10,0,True
visuotactile_height_seed0_rl,visuotactile_seed0_bc,primary,44,all,any_native_success,20,0.1,0.0,0.25,"paired environment-seed bootstrap 95%, identical recorded physical parameters",2,18,0,True
visuotactile_height_seed0_rl,visuotactile_seed0_bc,primary,44,all,bilateral_contact_at_takeover,20,0.0,0.0,0.0,"paired environment-seed bootstrap 95%, identical recorded physical parameters",0,20,0,False
visuotactile_height_seed0_rl,visuotactile_seed0_bc,primary,44,all,final_native_success,20,-0.05,-0.25,0.1,"paired environment-seed bootstrap 95%, identical recorded physical parameters",1,17,2,True
visuotactile_height_seed0_rl,visuotactile_seed0_bc,primary,44,all,force_budget_exceeded,20,0.15,0.0,0.3,"paired environment-seed bootstrap 95%, identical recorded physical parameters",3,17,0,False
visuotactile_height_seed0_rl,visuotactile_seed0_bc,primary,44,all,full_episode_peak_normal_N,20,-1.0667983412742614,-3.2347988685965534,1.0562054571509354,"paired environment-seed bootstrap 95%, identical recorded physical parameters",7,0,13,False
visuotactile_height_seed0_rl,visuotactile_seed0_bc,primary,44,all,intervention_force_budget_exceeded,20,0.2,0.05,0.4,"paired environment-seed bootstrap 95%, identical recorded physical parameters",4,16,0,False
visuotactile_height_seed0_rl,visuotactile_seed0_bc,primary,44,all,intervention_peak_normal_N,20,-0.05866745710372925,-2.1335950595140454,1.8660150653123853,"paired environment-seed bootstrap 95%, identical recorded physical parameters",11,0,9,False
visuotactile_height_seed0_rl,visuotactile_seed0_bc,primary,44,all,native_shaped_return,20,16.99966986286398,5.043126296801906,29.494996449201892,"paired environment-seed bootstrap 95%, identical recorded physical parameters",15,0,5,True
visuotactile_height_seed0_rl,visuotactile_seed0_bc,primary,44,all,setup_force_budget_exceeded,20,0.0,0.0,0.0,"paired environment-seed bootstrap 95%, identical recorded physical parameters",0,20,0,False
visuotactile_height_seed0_rl,visuotactile_seed0_bc,primary,44,all,setup_peak_normal_N,20,0.0,0.0,0.0,"paired environment-seed bootstrap 95%, identical recorded physical parameters",0,20,0,False
visuotactile_height_seed0_rl,visuotactile_seed0_bc,primary,44,all,sustained_10cm_lift_success,20,0.4,0.2,0.6,"paired environment-seed bootstrap 95%, identical recorded physical parameters",8,12,0,True
visuotactile_height_seed0_rl,visuotactile_seed0_bc,primary,44,all,sustained_10cm_lift_within_force_budget,20,0.15,-0.05,0.35,"paired environment-seed bootstrap 95%, identical recorded physical parameters",4,15,1,True
visuotactile_height_seed0_rl,visuotactile_seed0_bc,primary,44,all,sustained_native_success,20,0.4,0.2,0.6,"paired environment-seed bootstrap 95%, identical recorded physical parameters",8,12,0,True
visuotactile_height_seed0_rl,visuotactile_seed0_bc,primary,44,all,sustained_success_within_force_budget,20,0.2,0.0,0.45,"paired environment-seed bootstrap 95%, identical recorded physical parameters",5,14,1,True
visuotactile_height_seed0_rl,visuotactile_seed0_bc,primary,44,id,any_native_success,10,0.2,0.0,0.5,"paired environment-seed bootstrap 95%, identical recorded physical parameters",2,8,0,True
visuotactile_height_seed0_rl,visuotactile_seed0_bc,primary,44,id,bilateral_contact_at_takeover,10,0.0,0.0,0.0,"paired environment-seed bootstrap 95%, identical recorded physical parameters",0,10,0,False
visuotactile_height_seed0_rl,visuotactile_seed0_bc,primary,44,id,final_native_success,10,-0.1,-0.4,0.2,"paired environment-seed bootstrap 95%, identical recorded physical parameters",1,7,2,True
visuotactile_height_seed0_rl,visuotactile_seed0_bc,primary,44,id,force_budget_exceeded,10,0.2,0.0,0.5,"paired environment-seed bootstrap 95%, identical recorded physical parameters",2,8,0,False
visuotactile_height_seed0_rl,visuotactile_seed0_bc,primary,44,id,full_episode_peak_normal_N,10,-0.41236295700073244,-3.8057634830474854,3.0859395062923407,"paired environment-seed bootstrap 95%, identical recorded physical parameters",3,0,7,False
visuotactile_height_seed0_rl,visuotactile_seed0_bc,primary,44,id,intervention_force_budget_exceeded,10,0.2,0.0,0.5,"paired environment-seed bootstrap 95%, identical recorded physical parameters",2,8,0,False
visuotactile_height_seed0_rl,visuotactile_seed0_bc,primary,44,id,intervention_peak_normal_N,10,-0.4122105598449707,-3.8454044049978258,3.0846874582767474,"paired environment-seed bootstrap 95%, identical recorded physical parameters",3,0,7,False
visuotactile_height_seed0_rl,visuotactile_seed0_bc,primary,44,id,native_shaped_return,10,36.827237584283,24.326518406219048,49.64314475085914,"paired environment-seed bootstrap 95%, identical recorded physical parameters",10,0,0,True
visuotactile_height_seed0_rl,visuotactile_seed0_bc,primary,44,id,setup_force_budget_exceeded,10,0.0,0.0,0.0,"paired environment-seed bootstrap 95%, identical recorded physical parameters",0,10,0,False
visuotactile_height_seed0_rl,visuotactile_seed0_bc,primary,44,id,setup_peak_normal_N,10,0.0,0.0,0.0,"paired environment-seed bootstrap 95%, identical recorded physical parameters",0,10,0,False
visuotactile_height_seed0_rl,visuotactile_seed0_bc,primary,44,id,sustained_10cm_lift_success,10,0.8,0.5,1.0,"paired environment-seed bootstrap 95%, identical recorded physical parameters",8,2,0,True
visuotactile_height_seed0_rl,visuotactile_seed0_bc,primary,44,id,sustained_10cm_lift_within_force_budget,10,0.3,-0.1,0.7,"paired environment-seed bootstrap 95%, identical recorded physical parameters",4,5,1,True
visuotactile_height_seed0_rl,visuotactile_seed0_bc,primary,44,id,sustained_native_success,10,0.8,0.5,1.0,"paired environment-seed bootstrap 95%, identical recorded physical parameters",8,2,0,True
visuotactile_height_seed0_rl,visuotactile_seed0_bc,primary,44,id,sustained_success_within_force_budget,10,0.4,0.0,0.8,"paired environment-seed bootstrap 95%, identical recorded physical parameters",5,4,1,True
visuotactile_height_seed0_rl,visuotactile_seed0_bc,primary,44,ood,any_native_success,10,0.0,0.0,0.0,"paired environment-seed bootstrap 95%, identical recorded physical parameters",0,10,0,True
visuotactile_height_seed0_rl,visuotactile_seed0_bc,primary,44,ood,bilateral_contact_at_takeover,10,0.0,0.0,0.0,"paired environment-seed bootstrap 95%, identical recorded physical parameters",0,10,0,False
visuotactile_height_seed0_rl,visuotactile_seed0_bc,primary,44,ood,final_native_success,10,0.0,0.0,0.0,"paired environment-seed bootstrap 95%, identical recorded physical parameters",0,10,0,True
visuotactile_height_seed0_rl,visuotactile_seed0_bc,primary,44,ood,force_budget_exceeded,10,0.1,0.0,0.3,"paired environment-seed bootstrap 95%, identical recorded physical parameters",1,9,0,False
visuotactile_height_seed0_rl,visuotactile_seed0_bc,primary,44,ood,full_episode_peak_normal_N,10,-1.7212337255477905,-4.135630649924278,0.5962584602832791,"paired environment-seed bootstrap 95%, identical recorded physical parameters",4,0,6,False
visuotactile_height_seed0_rl,visuotactile_seed0_bc,primary,44,ood,intervention_force_budget_exceeded,10,0.2,0.0,0.5,"paired environment-seed bootstrap 95%, identical recorded physical parameters",2,8,0,False
visuotactile_height_seed0_rl,visuotactile_seed0_bc,primary,44,ood,intervention_peak_normal_N,10,0.29487564563751223,-1.4209574896097181,1.9671130192279813,"paired environment-seed bootstrap 95%, identical recorded physical parameters",8,0,2,False
visuotactile_height_seed0_rl,visuotactile_seed0_bc,primary,44,ood,native_shaped_return,10,-2.827897858555042,-12.243848319113617,6.794890310289134,"paired environment-seed bootstrap 95%, identical recorded physical parameters",5,0,5,True
visuotactile_height_seed0_rl,visuotactile_seed0_bc,primary,44,ood,setup_force_budget_exceeded,10,0.0,0.0,0.0,"paired environment-seed bootstrap 95%, identical recorded physical parameters",0,10,0,False
visuotactile_height_seed0_rl,visuotactile_seed0_bc,primary,44,ood,setup_peak_normal_N,10,0.0,0.0,0.0,"paired environment-seed bootstrap 95%, identical recorded physical parameters",0,10,0,False
visuotactile_height_seed0_rl,visuotactile_seed0_bc,primary,44,ood,sustained_10cm_lift_success,10,0.0,0.0,0.0,"paired environment-seed bootstrap 95%, identical recorded physical parameters",0,10,0,True
visuotactile_height_seed0_rl,visuotactile_seed0_bc,primary,44,ood,sustained_10cm_lift_within_force_budget,10,0.0,0.0,0.0,"paired environment-seed bootstrap 95%, identical recorded physical parameters",0,10,0,True
visuotactile_height_seed0_rl,visuotactile_seed0_bc,primary,44,ood,sustained_native_success,10,0.0,0.0,0.0,"paired environment-seed bootstrap 95%, identical recorded physical parameters",0,10,0,True
visuotactile_height_seed0_rl,visuotactile_seed0_bc,primary,44,ood,sustained_success_within_force_budget,10,0.0,0.0,0.0,"paired environment-seed bootstrap 95%, identical recorded physical parameters",0,10,0,True
visuotactile_height_seed1_rl,force_feedback,primary,44,all,any_native_success,20,0.0,0.0,0.0,"paired environment-seed bootstrap 95%, identical recorded physical parameters",0,20,0,True
visuotactile_height_seed1_rl,force_feedback,primary,44,all,bilateral_contact_at_takeover,20,0.0,0.0,0.0,"paired environment-seed bootstrap 95%, identical recorded physical parameters",0,20,0,False
visuotactile_height_seed1_rl,force_feedback,primary,44,all,final_native_success,20,0.0,0.0,0.0,"paired environment-seed bootstrap 95%, identical recorded physical parameters",0,20,0,True
visuotactile_height_seed1_rl,force_feedback,primary,44,all,force_budget_exceeded,20,0.5,0.3,0.7,"paired environment-seed bootstrap 95%, identical recorded physical parameters",10,10,0,False
visuotactile_height_seed1_rl,force_feedback,primary,44,all,full_episode_peak_normal_N,20,2.6518025040626525,1.8229558083415032,3.610292466878891,"paired environment-seed bootstrap 95%, identical recorded physical parameters",19,0,1,False
visuotactile_height_seed1_rl,force_feedback,primary,44,all,intervention_force_budget_exceeded,20,0.6,0.4,0.8,"paired environment-seed bootstrap 95%, identical recorded physical parameters",12,8,0,False
visuotactile_height_seed1_rl,force_feedback,primary,44,all,intervention_peak_normal_N,20,2.8497804045677184,1.7443898767232895,3.9538292819261547,"paired environment-seed bootstrap 95%, identical recorded physical parameters",17,0,3,False
visuotactile_height_seed1_rl,force_feedback,primary,44,all,native_shaped_return,20,12.099767519415085,9.455156285041546,14.888395155878746,"paired environment-seed bootstrap 95%, identical recorded physical parameters",20,0,0,True
visuotactile_height_seed1_rl,force_feedback,primary,44,all,setup_force_budget_exceeded,20,0.0,0.0,0.0,"paired environment-seed bootstrap 95%, identical recorded physical parameters",0,20,0,False
visuotactile_height_seed1_rl,force_feedback,primary,44,all,setup_peak_normal_N,20,0.0,0.0,0.0,"paired environment-seed bootstrap 95%, identical recorded physical parameters",0,20,0,False
visuotactile_height_seed1_rl,force_feedback,primary,44,all,sustained_10cm_lift_success,20,0.0,0.0,0.0,"paired environment-seed bootstrap 95%, identical recorded physical parameters",0,20,0,True
visuotactile_height_seed1_rl,force_feedback,primary,44,all,sustained_10cm_lift_within_force_budget,20,-0.2,-0.4,-0.05,"paired environment-seed bootstrap 95%, identical recorded physical parameters",0,16,4,True
visuotactile_height_seed1_rl,force_feedback,primary,44,all,sustained_native_success,20,0.0,0.0,0.0,"paired environment-seed bootstrap 95%, identical recorded physical parameters",0,20,0,True
visuotactile_height_seed1_rl,force_feedback,primary,44,all,sustained_success_within_force_budget,20,-0.2,-0.4,-0.05,"paired environment-seed bootstrap 95%, identical recorded physical parameters",0,16,4,True
visuotactile_height_seed1_rl,force_feedback,primary,44,id,any_native_success,10,0.0,0.0,0.0,"paired environment-seed bootstrap 95%, identical recorded physical parameters",0,10,0,True
visuotactile_height_seed1_rl,force_feedback,primary,44,id,bilateral_contact_at_takeover,10,0.0,0.0,0.0,"paired environment-seed bootstrap 95%, identical recorded physical parameters",0,10,0,False
visuotactile_height_seed1_rl,force_feedback,primary,44,id,final_native_success,10,0.0,0.0,0.0,"paired environment-seed bootstrap 95%, identical recorded physical parameters",0,10,0,True
visuotactile_height_seed1_rl,force_feedback,primary,44,id,force_budget_exceeded,10,0.4,0.1,0.7,"paired environment-seed bootstrap 95%, identical recorded physical parameters",4,6,0,False
visuotactile_height_seed1_rl,force_feedback,primary,44,id,full_episode_peak_normal_N,10,1.9124818563461303,1.2046657145023345,2.6203013247251508,"paired environment-seed bootstrap 95%, identical recorded physical parameters",9,0,1,False
visuotactile_height_seed1_rl,force_feedback,primary,44,id,intervention_force_budget_exceeded,10,0.7,0.4,1.0,"paired environment-seed bootstrap 95%, identical recorded physical parameters",7,3,0,False
visuotactile_height_seed1_rl,force_feedback,primary,44,id,intervention_peak_normal_N,10,3.0008816957473754,1.9815166622400284,4.208654282093048,"paired environment-seed bootstrap 95%, identical recorded physical parameters",9,0,1,False
visuotactile_height_seed1_rl,force_feedback,primary,44,id,native_shaped_return,10,14.335558783954886,12.236740097949538,15.641629401848075,"paired environment-seed bootstrap 95%, identical recorded physical parameters",10,0,0,True
visuotactile_height_seed1_rl,force_feedback,primary,44,id,setup_force_budget_exceeded,10,0.0,0.0,0.0,"paired environment-seed bootstrap 95%, identical recorded physical parameters",0,10,0,False
visuotactile_height_seed1_rl,force_feedback,primary,44,id,setup_peak_normal_N,10,0.0,0.0,0.0,"paired environment-seed bootstrap 95%, identical recorded physical parameters",0,10,0,False
visuotactile_height_seed1_rl,force_feedback,primary,44,id,sustained_10cm_lift_success,10,0.0,0.0,0.0,"paired environment-seed bootstrap 95%, identical recorded physical parameters",0,10,0,True
visuotactile_height_seed1_rl,force_feedback,primary,44,id,sustained_10cm_lift_within_force_budget,10,-0.4,-0.7,-0.1,"paired environment-seed bootstrap 95%, identical recorded physical parameters",0,6,4,True
visuotactile_height_seed1_rl,force_feedback,primary,44,id,sustained_native_success,10,0.0,0.0,0.0,"paired environment-seed bootstrap 95%, identical recorded physical parameters",0,10,0,True
visuotactile_height_seed1_rl,force_feedback,primary,44,id,sustained_success_within_force_budget,10,-0.4,-0.7,-0.1,"paired environment-seed bootstrap 95%, identical recorded physical parameters",0,6,4,True
visuotactile_height_seed1_rl,force_feedback,primary,44,ood,any_native_success,10,0.0,0.0,0.0,"paired environment-seed bootstrap 95%, identical recorded physical parameters",0,10,0,True
visuotactile_height_seed1_rl,force_feedback,primary,44,ood,bilateral_contact_at_takeover,10,0.0,0.0,0.0,"paired environment-seed bootstrap 95%, identical recorded physical parameters",0,10,0,False
visuotactile_height_seed1_rl,force_feedback,primary,44,ood,final_native_success,10,0.0,0.0,0.0,"paired environment-seed bootstrap 95%, identical recorded physical parameters",0,10,0,True
visuotactile_height_seed1_rl,force_feedback,primary,44,ood,force_budget_exceeded,10,0.6,0.3,0.9,"paired environment-seed bootstrap 95%, identical recorded physical parameters",6,4,0,False
visuotactile_height_seed1_rl,force_feedback,primary,44,ood,full_episode_peak_normal_N,10,3.391123151779175,1.9414662051200868,5.021680891513824,"paired environment-seed bootstrap 95%, identical recorded physical parameters",10,0,0,False
visuotactile_height_seed1_rl,force_feedback,primary,44,ood,intervention_force_budget_exceeded,10,0.5,0.2,0.8,"paired environment-seed bootstrap 95%, identical recorded physical parameters",5,5,0,False
visuotactile_height_seed1_rl,force_feedback,primary,44,ood,intervention_peak_normal_N,10,2.6986791133880614,0.8298359560966492,4.629053027629852,"paired environment-seed bootstrap 95%, identical recorded physical parameters",8,0,2,False
visuotactile_height_seed1_rl,force_feedback,primary,44,ood,native_shaped_return,10,9.863976254875283,5.969547273312863,15.228102056654665,"paired environment-seed bootstrap 95%, identical recorded physical parameters",10,0,0,True
visuotactile_height_seed1_rl,force_feedback,primary,44,ood,setup_force_budget_exceeded,10,0.0,0.0,0.0,"paired environment-seed bootstrap 95%, identical recorded physical parameters",0,10,0,False
visuotactile_height_seed1_rl,force_feedback,primary,44,ood,setup_peak_normal_N,10,0.0,0.0,0.0,"paired environment-seed bootstrap 95%, identical recorded physical parameters",0,10,0,False
visuotactile_height_seed1_rl,force_feedback,primary,44,ood,sustained_10cm_lift_success,10,0.0,0.0,0.0,"paired environment-seed bootstrap 95%, identical recorded physical parameters",0,10,0,True
visuotactile_height_seed1_rl,force_feedback,primary,44,ood,sustained_10cm_lift_within_force_budget,10,0.0,0.0,0.0,"paired environment-seed bootstrap 95%, identical recorded physical parameters",0,10,0,True
visuotactile_height_seed1_rl,force_feedback,primary,44,ood,sustained_native_success,10,0.0,0.0,0.0,"paired environment-seed bootstrap 95%, identical recorded physical parameters",0,10,0,True
visuotactile_height_seed1_rl,force_feedback,primary,44,ood,sustained_success_within_force_budget,10,0.0,0.0,0.0,"paired environment-seed bootstrap 95%, identical recorded physical parameters",0,10,0,True
visuotactile_height_seed1_rl,script,primary,44,all,any_native_success,20,0.0,0.0,0.0,"paired environment-seed bootstrap 95%, identical recorded physical parameters",0,20,0,True
visuotactile_height_seed1_rl,script,primary,44,all,bilateral_contact_at_takeover,20,0.0,0.0,0.0,"paired environment-seed bootstrap 95%, identical recorded physical parameters",0,20,0,False
visuotactile_height_seed1_rl,script,primary,44,all,final_native_success,20,0.0,0.0,0.0,"paired environment-seed bootstrap 95%, identical recorded physical parameters",0,20,0,True
visuotactile_height_seed1_rl,script,primary,44,all,force_budget_exceeded,20,0.05,-0.1,0.2,"paired environment-seed bootstrap 95%, identical recorded physical parameters",2,17,1,False
visuotactile_height_seed1_rl,script,primary,44,all,full_episode_peak_normal_N,20,-1.5157540440559387,-3.407212727963924,0.45462564527988414,"paired environment-seed bootstrap 95%, identical recorded physical parameters",7,0,13,False
visuotactile_height_seed1_rl,script,primary,44,all,intervention_force_budget_exceeded,20,0.0,-0.15,0.15,"paired environment-seed bootstrap 95%, identical recorded physical parameters",1,18,1,False
visuotactile_height_seed1_rl,script,primary,44,all,intervention_peak_normal_N,20,-2.3565396428108216,-4.495432173013687,-0.28418012917041857,"paired environment-seed bootstrap 95%, identical recorded physical parameters",5,0,15,False
visuotactile_height_seed1_rl,script,primary,44,all,native_shaped_return,20,11.624338439036995,9.065400782180921,14.434933760469306,"paired environment-seed bootstrap 95%, identical recorded physical parameters",20,0,0,True
visuotactile_height_seed1_rl,script,primary,44,all,setup_force_budget_exceeded,20,0.0,0.0,0.0,"paired environment-seed bootstrap 95%, identical recorded physical parameters",0,20,0,False
visuotactile_height_seed1_rl,script,primary,44,all,setup_peak_normal_N,20,0.0,0.0,0.0,"paired environment-seed bootstrap 95%, identical recorded physical parameters",0,20,0,False
visuotactile_height_seed1_rl,script,primary,44,all,sustained_10cm_lift_success,20,0.0,0.0,0.0,"paired environment-seed bootstrap 95%, identical recorded physical parameters",0,20,0,True
visuotactile_height_seed1_rl,script,primary,44,all,sustained_10cm_lift_within_force_budget,20,0.05,0.0,0.15,"paired environment-seed bootstrap 95%, identical recorded physical parameters",1,19,0,True
visuotactile_height_seed1_rl,script,primary,44,all,sustained_native_success,20,0.0,0.0,0.0,"paired environment-seed bootstrap 95%, identical recorded physical parameters",0,20,0,True
visuotactile_height_seed1_rl,script,primary,44,all,sustained_success_within_force_budget,20,0.05,0.0,0.15,"paired environment-seed bootstrap 95%, identical recorded physical parameters",1,19,0,True
visuotactile_height_seed1_rl,script,primary,44,id,any_native_success,10,0.0,0.0,0.0,"paired environment-seed bootstrap 95%, identical recorded physical parameters",0,10,0,True
visuotactile_height_seed1_rl,script,primary,44,id,bilateral_contact_at_takeover,10,0.0,0.0,0.0,"paired environment-seed bootstrap 95%, identical recorded physical parameters",0,10,0,False
visuotactile_height_seed1_rl,script,primary,44,id,final_native_success,10,0.0,0.0,0.0,"paired environment-seed bootstrap 95%, identical recorded physical parameters",0,10,0,True
visuotactile_height_seed1_rl,script,primary,44,id,force_budget_exceeded,10,-0.1,-0.3,0.0,"paired environment-seed bootstrap 95%, identical recorded physical parameters",0,9,1,False
visuotactile_height_seed1_rl,script,primary,44,id,full_episode_peak_normal_N,10,-2.186978983879089,-3.548660635352135,-0.886396139264107,"paired environment-seed bootstrap 95%, identical recorded physical parameters",1,0,9,False
visuotactile_height_seed1_rl,script,primary,44,id,intervention_force_budget_exceeded,10,-0.1,-0.3,0.0,"paired environment-seed bootstrap 95%, identical recorded physical parameters",0,9,1,False
visuotactile_height_seed1_rl,script,primary,44,id,intervention_peak_normal_N,10,-3.1761061429977415,-5.39472397506237,-1.1531620299816152,"paired environment-seed bootstrap 95%, identical recorded physical parameters",1,0,9,False
visuotactile_height_seed1_rl,script,primary,44,id,native_shaped_return,10,13.731592416025677,11.717923856810634,15.024850137811661,"paired environment-seed bootstrap 95%, identical recorded physical parameters",10,0,0,True
visuotactile_height_seed1_rl,script,primary,44,id,setup_force_budget_exceeded,10,0.0,0.0,0.0,"paired environment-seed bootstrap 95%, identical recorded physical parameters",0,10,0,False
visuotactile_height_seed1_rl,script,primary,44,id,setup_peak_normal_N,10,0.0,0.0,0.0,"paired environment-seed bootstrap 95%, identical recorded physical parameters",0,10,0,False
visuotactile_height_seed1_rl,script,primary,44,id,sustained_10cm_lift_success,10,0.0,0.0,0.0,"paired environment-seed bootstrap 95%, identical recorded physical parameters",0,10,0,True
visuotactile_height_seed1_rl,script,primary,44,id,sustained_10cm_lift_within_force_budget,10,0.1,0.0,0.3,"paired environment-seed bootstrap 95%, identical recorded physical parameters",1,9,0,True
visuotactile_height_seed1_rl,script,primary,44,id,sustained_native_success,10,0.0,0.0,0.0,"paired environment-seed bootstrap 95%, identical recorded physical parameters",0,10,0,True
visuotactile_height_seed1_rl,script,primary,44,id,sustained_success_within_force_budget,10,0.1,0.0,0.3,"paired environment-seed bootstrap 95%, identical recorded physical parameters",1,9,0,True
visuotactile_height_seed1_rl,script,primary,44,ood,any_native_success,10,0.0,0.0,0.0,"paired environment-seed bootstrap 95%, identical recorded physical parameters",0,10,0,True
visuotactile_height_seed1_rl,script,primary,44,ood,bilateral_contact_at_takeover,10,0.0,0.0,0.0,"paired environment-seed bootstrap 95%, identical recorded physical parameters",0,10,0,False
visuotactile_height_seed1_rl,script,primary,44,ood,final_native_success,10,0.0,0.0,0.0,"paired environment-seed bootstrap 95%, identical recorded physical parameters",0,10,0,True
visuotactile_height_seed1_rl,script,primary,44,ood,force_budget_exceeded,10,0.2,0.0,0.5,"paired environment-seed bootstrap 95%, identical recorded physical parameters",2,8,0,False
visuotactile_height_seed1_rl,script,primary,44,ood,full_episode_peak_normal_N,10,-0.844529104232788,-4.526421233415603,2.8377371299266816,"paired environment-seed bootstrap 95%, identical recorded physical parameters",6,0,4,False
visuotactile_height_seed1_rl,script,primary,44,ood,intervention_force_budget_exceeded,10,0.1,0.0,0.3,"paired environment-seed bootstrap 95%, identical recorded physical parameters",1,9,0,False
visuotactile_height_seed1_rl,script,primary,44,ood,intervention_peak_normal_N,10,-1.5369731426239013,-5.104864515066147,2.0488774311542506,"paired environment-seed bootstrap 95%, identical recorded physical parameters",4,0,6,False
visuotactile_height_seed1_rl,script,primary,44,ood,native_shaped_return,10,9.517084462048313,5.306324814486157,14.768914600568221,"paired environment-seed bootstrap 95%, identical recorded physical parameters",10,0,0,True
visuotactile_height_seed1_rl,script,primary,44,ood,setup_force_budget_exceeded,10,0.0,0.0,0.0,"paired environment-seed bootstrap 95%, identical recorded physical parameters",0,10,0,False
visuotactile_height_seed1_rl,script,primary,44,ood,setup_peak_normal_N,10,0.0,0.0,0.0,"paired environment-seed bootstrap 95%, identical recorded physical parameters",0,10,0,False
visuotactile_height_seed1_rl,script,primary,44,ood,sustained_10cm_lift_success,10,0.0,0.0,0.0,"paired environment-seed bootstrap 95%, identical recorded physical parameters",0,10,0,True
visuotactile_height_seed1_rl,script,primary,44,ood,sustained_10cm_lift_within_force_budget,10,0.0,0.0,0.0,"paired environment-seed bootstrap 95%, identical recorded physical parameters",0,10,0,True
visuotactile_height_seed1_rl,script,primary,44,ood,sustained_native_success,10,0.0,0.0,0.0,"paired environment-seed bootstrap 95%, identical recorded physical parameters",0,10,0,True
visuotactile_height_seed1_rl,script,primary,44,ood,sustained_success_within_force_budget,10,0.0,0.0,0.0,"paired environment-seed bootstrap 95%, identical recorded physical parameters",0,10,0,True
visuotactile_height_seed1_rl,visuotactile_native_seed1_rl,primary,44,all,any_native_success,20,0.0,0.0,0.0,"paired environment-seed bootstrap 95%, identical recorded physical parameters",0,20,0,True
visuotactile_height_seed1_rl,visuotactile_native_seed1_rl,primary,44,all,bilateral_contact_at_takeover,20,0.0,0.0,0.0,"paired environment-seed bootstrap 95%, identical recorded physical parameters",0,20,0,False
visuotactile_height_seed1_rl,visuotactile_native_seed1_rl,primary,44,all,final_native_success,20,0.1,0.0,0.25,"paired environment-seed bootstrap 95%, identical recorded physical parameters",2,18,0,True
visuotactile_height_seed1_rl,visuotactile_native_seed1_rl,primary,44,all,force_budget_exceeded,20,0.1,0.0,0.25,"paired environment-seed bootstrap 95%, identical recorded physical parameters",2,18,0,False
visuotactile_height_seed1_rl,visuotactile_native_seed1_rl,primary,44,all,full_episode_peak_normal_N,20,0.496878445148468,-0.2974159428477287,1.4306150865554808,"paired environment-seed bootstrap 95%, identical recorded physical parameters",10,0,10,False
visuotactile_height_seed1_rl,visuotactile_native_seed1_rl,primary,44,all,intervention_force_budget_exceeded,20,0.05,0.0,0.15,"paired environment-seed bootstrap 95%, identical recorded physical parameters",1,19,0,False
visuotactile_height_seed1_rl,visuotactile_native_seed1_rl,primary,44,all,intervention_peak_normal_N,20,0.245236337184906,-0.44116333574056626,1.1355502834916107,"paired environment-seed bootstrap 95%, identical recorded physical parameters",9,0,11,False
visuotactile_height_seed1_rl,visuotactile_native_seed1_rl,primary,44,all,native_shaped_return,20,7.284322056507024,0.08292217935250817,17.46132351076477,"paired environment-seed bootstrap 95%, identical recorded physical parameters",12,0,8,True
visuotactile_height_seed1_rl,visuotactile_native_seed1_rl,primary,44,all,setup_force_budget_exceeded,20,0.0,0.0,0.0,"paired environment-seed bootstrap 95%, identical recorded physical parameters",0,20,0,False
visuotactile_height_seed1_rl,visuotactile_native_seed1_rl,primary,44,all,setup_peak_normal_N,20,0.0,0.0,0.0,"paired environment-seed bootstrap 95%, identical recorded physical parameters",0,20,0,False
visuotactile_height_seed1_rl,visuotactile_native_seed1_rl,primary,44,all,sustained_10cm_lift_success,20,0.3,0.1,0.5,"paired environment-seed bootstrap 95%, identical recorded physical parameters",6,14,0,True
visuotactile_height_seed1_rl,visuotactile_native_seed1_rl,primary,44,all,sustained_10cm_lift_within_force_budget,20,0.05,-0.1,0.2,"paired environment-seed bootstrap 95%, identical recorded physical parameters",2,17,1,True
visuotactile_height_seed1_rl,visuotactile_native_seed1_rl,primary,44,all,sustained_native_success,20,0.05,0.0,0.15,"paired environment-seed bootstrap 95%, identical recorded physical parameters",1,19,0,True
visuotactile_height_seed1_rl,visuotactile_native_seed1_rl,primary,44,all,sustained_success_within_force_budget,20,-0.05,-0.15,0.0,"paired environment-seed bootstrap 95%, identical recorded physical parameters",0,19,1,True
visuotactile_height_seed1_rl,visuotactile_native_seed1_rl,primary,44,id,any_native_success,10,0.0,0.0,0.0,"paired environment-seed bootstrap 95%, identical recorded physical parameters",0,10,0,True
visuotactile_height_seed1_rl,visuotactile_native_seed1_rl,primary,44,id,bilateral_contact_at_takeover,10,0.0,0.0,0.0,"paired environment-seed bootstrap 95%, identical recorded physical parameters",0,10,0,False
visuotactile_height_seed1_rl,visuotactile_native_seed1_rl,primary,44,id,final_native_success,10,0.2,0.0,0.5,"paired environment-seed bootstrap 95%, identical recorded physical parameters",2,8,0,True
visuotactile_height_seed1_rl,visuotactile_native_seed1_rl,primary,44,id,force_budget_exceeded,10,0.1,0.0,0.3,"paired environment-seed bootstrap 95%, identical recorded physical parameters",1,9,0,False
visuotactile_height_seed1_rl,visuotactile_native_seed1_rl,primary,44,id,full_episode_peak_normal_N,10,0.0653228998184204,-0.6872138571739197,0.8264654797315593,"paired environment-seed bootstrap 95%, identical recorded physical parameters",5,0,5,False
visuotactile_height_seed1_rl,visuotactile_native_seed1_rl,primary,44,id,intervention_force_budget_exceeded,10,0.1,0.0,0.3,"paired environment-seed bootstrap 95%, identical recorded physical parameters",1,9,0,False
visuotactile_height_seed1_rl,visuotactile_native_seed1_rl,primary,44,id,intervention_peak_normal_N,10,-0.014584708213806152,-0.5619016975164414,0.5385617005825042,"paired environment-seed bootstrap 95%, identical recorded physical parameters",5,0,5,False
visuotactile_height_seed1_rl,visuotactile_native_seed1_rl,primary,44,id,native_shaped_return,10,13.628573825576444,-0.5267332931809061,33.540852080501125,"paired environment-seed bootstrap 95%, identical recorded physical parameters",7,0,3,True
visuotactile_height_seed1_rl,visuotactile_native_seed1_rl,primary,44,id,setup_force_budget_exceeded,10,0.0,0.0,0.0,"paired environment-seed bootstrap 95%, identical recorded physical parameters",0,10,0,False
visuotactile_height_seed1_rl,visuotactile_native_seed1_rl,primary,44,id,setup_peak_normal_N,10,0.0,0.0,0.0,"paired environment-seed bootstrap 95%, identical recorded physical parameters",0,10,0,False
visuotactile_height_seed1_rl,visuotactile_native_seed1_rl,primary,44,id,sustained_10cm_lift_success,10,0.6,0.3,0.9,"paired environment-seed bootstrap 95%, identical recorded physical parameters",6,4,0,True
visuotactile_height_seed1_rl,visuotactile_native_seed1_rl,primary,44,id,sustained_10cm_lift_within_force_budget,10,0.1,-0.2,0.4,"paired environment-seed bootstrap 95%, identical recorded physical parameters",2,7,1,True
visuotactile_height_seed1_rl,visuotactile_native_seed1_rl,primary,44,id,sustained_native_success,10,0.1,0.0,0.3,"paired environment-seed bootstrap 95%, identical recorded physical parameters",1,9,0,True
visuotactile_height_seed1_rl,visuotactile_native_seed1_rl,primary,44,id,sustained_success_within_force_budget,10,-0.1,-0.3,0.0,"paired environment-seed bootstrap 95%, identical recorded physical parameters",0,9,1,True
visuotactile_height_seed1_rl,visuotactile_native_seed1_rl,primary,44,ood,any_native_success,10,0.0,0.0,0.0,"paired environment-seed bootstrap 95%, identical recorded physical parameters",0,10,0,True
visuotactile_height_seed1_rl,visuotactile_native_seed1_rl,primary,44,ood,bilateral_contact_at_takeover,10,0.0,0.0,0.0,"paired environment-seed bootstrap 95%, identical recorded physical parameters",0,10,0,False
visuotactile_height_seed1_rl,visuotactile_native_seed1_rl,primary,44,ood,final_native_success,10,0.0,0.0,0.0,"paired environment-seed bootstrap 95%, identical recorded physical parameters",0,10,0,True
visuotactile_height_seed1_rl,visuotactile_native_seed1_rl,primary,44,ood,force_budget_exceeded,10,0.1,0.0,0.3,"paired environment-seed bootstrap 95%, identical recorded physical parameters",1,9,0,False
visuotactile_height_seed1_rl,visuotactile_native_seed1_rl,primary,44,ood,full_episode_peak_normal_N,10,0.9284339904785156,-0.36719722986221315,2.5100622248649564,"paired environment-seed bootstrap 95%, identical recorded physical parameters",5,0,5,False
visuotactile_height_seed1_rl,visuotactile_native_seed1_rl,primary,44,ood,intervention_force_budget_exceeded,10,0.0,0.0,0.0,"paired environment-seed bootstrap 95%, identical recorded physical parameters",0,10,0,False
visuotactile_height_seed1_rl,visuotactile_native_seed1_rl,primary,44,ood,intervention_peak_normal_N,10,0.5050573825836182,-0.7021011972427369,2.1510019671916956,"paired environment-seed bootstrap 95%, identical recorded physical parameters",4,0,6,False
visuotactile_height_seed1_rl,visuotactile_native_seed1_rl,primary,44,ood,native_shaped_return,10,0.9400702874376045,-0.22442350318410986,2.917639220739351,"paired environment-seed bootstrap 95%, identical recorded physical parameters",5,0,5,True
visuotactile_height_seed1_rl,visuotactile_native_seed1_rl,primary,44,ood,setup_force_budget_exceeded,10,0.0,0.0,0.0,"paired environment-seed bootstrap 95%, identical recorded physical parameters",0,10,0,False
visuotactile_height_seed1_rl,visuotactile_native_seed1_rl,primary,44,ood,setup_peak_normal_N,10,0.0,0.0,0.0,"paired environment-seed bootstrap 95%, identical recorded physical parameters",0,10,0,False
visuotactile_height_seed1_rl,visuotactile_native_seed1_rl,primary,44,ood,sustained_10cm_lift_success,10,0.0,0.0,0.0,"paired environment-seed bootstrap 95%, identical recorded physical parameters",0,10,0,True
visuotactile_height_seed1_rl,visuotactile_native_seed1_rl,primary,44,ood,sustained_10cm_lift_within_force_budget,10,0.0,0.0,0.0,"paired environment-seed bootstrap 95%, identical recorded physical parameters",0,10,0,True
visuotactile_height_seed1_rl,visuotactile_native_seed1_rl,primary,44,ood,sustained_native_success,10,0.0,0.0,0.0,"paired environment-seed bootstrap 95%, identical recorded physical parameters",0,10,0,True
visuotactile_height_seed1_rl,visuotactile_native_seed1_rl,primary,44,ood,sustained_success_within_force_budget,10,0.0,0.0,0.0,"paired environment-seed bootstrap 95%, identical recorded physical parameters",0,10,0,True
visuotactile_height_seed1_rl,visuotactile_seed1_bc,primary,44,all,any_native_success,20,0.1,0.0,0.25,"paired environment-seed bootstrap 95%, identical recorded physical parameters",2,18,0,True
visuotactile_height_seed1_rl,visuotactile_seed1_bc,primary,44,all,bilateral_contact_at_takeover,20,0.0,0.0,0.0,"paired environment-seed bootstrap 95%, identical recorded physical parameters",0,20,0,False
visuotactile_height_seed1_rl,visuotactile_seed1_bc,primary,44,all,final_native_success,20,0.1,0.0,0.25,"paired environment-seed bootstrap 95%, identical recorded physical parameters",2,18,0,True
visuotactile_height_seed1_rl,visuotactile_seed1_bc,primary,44,all,force_budget_exceeded,20,0.2,-0.05,0.45,"paired environment-seed bootstrap 95%, identical recorded physical parameters",6,12,2,False
visuotactile_height_seed1_rl,visuotactile_seed1_bc,primary,44,all,full_episode_peak_normal_N,20,-1.1546696484088899,-3.4752094864845278,1.1147731506824479,"paired environment-seed bootstrap 95%, identical recorded physical parameters",8,0,12,False
visuotactile_height_seed1_rl,visuotactile_seed1_bc,primary,44,all,intervention_force_budget_exceeded,20,0.25,0.0,0.5,"paired environment-seed bootstrap 95%, identical recorded physical parameters",6,13,1,False
visuotactile_height_seed1_rl,visuotactile_seed1_bc,primary,44,all,intervention_peak_normal_N,20,-0.31641634106636046,-2.4607505314052105,1.692171004265546,"paired environment-seed bootstrap 95%, identical recorded physical parameters",10,0,10,False
visuotactile_height_seed1_rl,visuotactile_seed1_bc,primary,44,all,native_shaped_return,20,9.609311789216182,-2.1761072206143925,23.424149761618846,"paired environment-seed bootstrap 95%, identical recorded physical parameters",13,0,7,True
visuotactile_height_seed1_rl,visuotactile_seed1_bc,primary,44,all,setup_force_budget_exceeded,20,0.0,0.0,0.0,"paired environment-seed bootstrap 95%, identical recorded physical parameters",0,20,0,False
visuotactile_height_seed1_rl,visuotactile_seed1_bc,primary,44,all,setup_peak_normal_N,20,0.0,0.0,0.0,"paired environment-seed bootstrap 95%, identical recorded physical parameters",0,20,0,False
visuotactile_height_seed1_rl,visuotactile_seed1_bc,primary,44,all,sustained_10cm_lift_success,20,0.2,0.05,0.4,"paired environment-seed bootstrap 95%, identical recorded physical parameters",4,16,0,True
visuotactile_height_seed1_rl,visuotactile_seed1_bc,primary,44,all,sustained_10cm_lift_within_force_budget,20,-0.05,-0.25,0.1,"paired environment-seed bootstrap 95%, identical recorded physical parameters",1,17,2,True
visuotactile_height_seed1_rl,visuotactile_seed1_bc,primary,44,all,sustained_native_success,20,0.2,0.05,0.4,"paired environment-seed bootstrap 95%, identical recorded physical parameters",4,16,0,True
visuotactile_height_seed1_rl,visuotactile_seed1_bc,primary,44,all,sustained_success_within_force_budget,20,-0.05,-0.2,0.1,"paired environment-seed bootstrap 95%, identical recorded physical parameters",1,17,2,True
visuotactile_height_seed1_rl,visuotactile_seed1_bc,primary,44,id,any_native_success,10,0.2,0.0,0.5,"paired environment-seed bootstrap 95%, identical recorded physical parameters",2,8,0,True
visuotactile_height_seed1_rl,visuotactile_seed1_bc,primary,44,id,bilateral_contact_at_takeover,10,0.0,0.0,0.0,"paired environment-seed bootstrap 95%, identical recorded physical parameters",0,10,0,False
visuotactile_height_seed1_rl,visuotactile_seed1_bc,primary,44,id,final_native_success,10,0.2,0.0,0.5,"paired environment-seed bootstrap 95%, identical recorded physical parameters",2,8,0,True
visuotactile_height_seed1_rl,visuotactile_seed1_bc,primary,44,id,force_budget_exceeded,10,0.3,-0.1,0.7,"paired environment-seed bootstrap 95%, identical recorded physical parameters",4,5,1,False
visuotactile_height_seed1_rl,visuotactile_seed1_bc,primary,44,id,full_episode_peak_normal_N,10,0.4603330969810486,-2.159864044189453,3.344216225147247,"paired environment-seed bootstrap 95%, identical recorded physical parameters",4,0,6,False
visuotactile_height_seed1_rl,visuotactile_seed1_bc,primary,44,id,intervention_force_budget_exceeded,10,0.3,-0.1,0.7,"paired environment-seed bootstrap 95%, identical recorded physical parameters",4,5,1,False
visuotactile_height_seed1_rl,visuotactile_seed1_bc,primary,44,id,intervention_peak_normal_N,10,-0.5275508046150208,-4.0262248387932775,2.8953490278124794,"paired environment-seed bootstrap 95%, identical recorded physical parameters",4,0,6,False
visuotactile_height_seed1_rl,visuotactile_seed1_bc,primary,44,id,native_shaped_return,10,28.894997087829495,12.529078712699175,47.062577528549426,"paired environment-seed bootstrap 95%, identical recorded physical parameters",10,0,0,True
visuotactile_height_seed1_rl,visuotactile_seed1_bc,primary,44,id,setup_force_budget_exceeded,10,0.0,0.0,0.0,"paired environment-seed bootstrap 95%, identical recorded physical parameters",0,10,0,False
visuotactile_height_seed1_rl,visuotactile_seed1_bc,primary,44,id,setup_peak_normal_N,10,0.0,0.0,0.0,"paired environment-seed bootstrap 95%, identical recorded physical parameters",0,10,0,False
visuotactile_height_seed1_rl,visuotactile_seed1_bc,primary,44,id,sustained_10cm_lift_success,10,0.4,0.1,0.7,"paired environment-seed bootstrap 95%, identical recorded physical parameters",4,6,0,True
visuotactile_height_seed1_rl,visuotactile_seed1_bc,primary,44,id,sustained_10cm_lift_within_force_budget,10,-0.1,-0.4,0.2,"paired environment-seed bootstrap 95%, identical recorded physical parameters",1,7,2,True
visuotactile_height_seed1_rl,visuotactile_seed1_bc,primary,44,id,sustained_native_success,10,0.4,0.1,0.7,"paired environment-seed bootstrap 95%, identical recorded physical parameters",4,6,0,True
visuotactile_height_seed1_rl,visuotactile_seed1_bc,primary,44,id,sustained_success_within_force_budget,10,-0.1,-0.4,0.2,"paired environment-seed bootstrap 95%, identical recorded physical parameters",1,7,2,True
visuotactile_height_seed1_rl,visuotactile_seed1_bc,primary,44,ood,any_native_success,10,0.0,0.0,0.0,"paired environment-seed bootstrap 95%, identical recorded physical parameters",0,10,0,True
visuotactile_height_seed1_rl,visuotactile_seed1_bc,primary,44,ood,bilateral_contact_at_takeover,10,0.0,0.0,0.0,"paired environment-seed bootstrap 95%, identical recorded physical parameters",0,10,0,False
visuotactile_height_seed1_rl,visuotactile_seed1_bc,primary,44,ood,final_native_success,10,0.0,0.0,0.0,"paired environment-seed bootstrap 95%, identical recorded physical parameters",0,10,0,True
visuotactile_height_seed1_rl,visuotactile_seed1_bc,primary,44,ood,force_budget_exceeded,10,0.1,-0.2,0.4,"paired environment-seed bootstrap 95%, identical recorded physical parameters",2,7,1,False
visuotactile_height_seed1_rl,visuotactile_seed1_bc,primary,44,ood,full_episode_peak_normal_N,10,-2.769672393798828,-6.37492582321167,0.7623179149627664,"paired environment-seed bootstrap 95%, identical recorded physical parameters",4,0,6,False
visuotactile_height_seed1_rl,visuotactile_seed1_bc,primary,44,ood,intervention_force_budget_exceeded,10,0.2,0.0,0.5,"paired environment-seed bootstrap 95%, identical recorded physical parameters",2,8,0,False
visuotactile_height_seed1_rl,visuotactile_seed1_bc,primary,44,ood,intervention_peak_normal_N,10,-0.1052818775177002,-2.3817390871047976,2.234834837913511,"paired environment-seed bootstrap 95%, identical recorded physical parameters",6,0,4,False
visuotactile_height_seed1_rl,visuotactile_seed1_bc,primary,44,ood,native_shaped_return,10,-9.676373509397129,-16.659160903004594,-2.2632156899127285,"paired environment-seed bootstrap 95%, identical recorded physical parameters",3,0,7,True
visuotactile_height_seed1_rl,visuotactile_seed1_bc,primary,44,ood,setup_force_budget_exceeded,10,0.0,0.0,0.0,"paired environment-seed bootstrap 95%, identical recorded physical parameters",0,10,0,False
visuotactile_height_seed1_rl,visuotactile_seed1_bc,primary,44,ood,setup_peak_normal_N,10,0.0,0.0,0.0,"paired environment-seed bootstrap 95%, identical recorded physical parameters",0,10,0,False
visuotactile_height_seed1_rl,visuotactile_seed1_bc,primary,44,ood,sustained_10cm_lift_success,10,0.0,0.0,0.0,"paired environment-seed bootstrap 95%, identical recorded physical parameters",0,10,0,True
visuotactile_height_seed1_rl,visuotactile_seed1_bc,primary,44,ood,sustained_10cm_lift_within_force_budget,10,0.0,0.0,0.0,"paired environment-seed bootstrap 95%, identical recorded physical parameters",0,10,0,True
visuotactile_height_seed1_rl,visuotactile_seed1_bc,primary,44,ood,sustained_native_success,10,0.0,0.0,0.0,"paired environment-seed bootstrap 95%, identical recorded physical parameters",0,10,0,True
visuotactile_height_seed1_rl,visuotactile_seed1_bc,primary,44,ood,sustained_success_within_force_budget,10,0.0,0.0,0.0,"paired environment-seed bootstrap 95%, identical recorded physical parameters",0,10,0,True
visuotactile_height_seed2_rl,force_feedback,primary,44,all,any_native_success,20,0.0,0.0,0.0,"paired environment-seed bootstrap 95%, identical recorded physical parameters",0,20,0,True
visuotactile_height_seed2_rl,force_feedback,primary,44,all,bilateral_contact_at_takeover,20,0.0,0.0,0.0,"paired environment-seed bootstrap 95%, identical recorded physical parameters",0,20,0,False
visuotactile_height_seed2_rl,force_feedback,primary,44,all,final_native_success,20,0.0,0.0,0.0,"paired environment-seed bootstrap 95%, identical recorded physical parameters",0,20,0,True
visuotactile_height_seed2_rl,force_feedback,primary,44,all,force_budget_exceeded,20,0.5,0.3,0.7,"paired environment-seed bootstrap 95%, identical recorded physical parameters",10,10,0,False
visuotactile_height_seed2_rl,force_feedback,primary,44,all,full_episode_peak_normal_N,20,3.3877498865127564,2.308986357450485,4.6804233402013775,"paired environment-seed bootstrap 95%, identical recorded physical parameters",18,0,2,False
visuotactile_height_seed2_rl,force_feedback,primary,44,all,intervention_force_budget_exceeded,20,0.55,0.35,0.75,"paired environment-seed bootstrap 95%, identical recorded physical parameters",11,9,0,False
visuotactile_height_seed2_rl,force_feedback,primary,44,all,intervention_peak_normal_N,20,3.5381976842880247,2.1996806770563126,4.937719830870628,"paired environment-seed bootstrap 95%, identical recorded physical parameters",15,0,5,False
visuotactile_height_seed2_rl,force_feedback,primary,44,all,native_shaped_return,20,13.671214434954559,8.218972470108309,18.20521259356611,"paired environment-seed bootstrap 95%, identical recorded physical parameters",19,0,1,True
visuotactile_height_seed2_rl,force_feedback,primary,44,all,setup_force_budget_exceeded,20,0.0,0.0,0.0,"paired environment-seed bootstrap 95%, identical recorded physical parameters",0,20,0,False
visuotactile_height_seed2_rl,force_feedback,primary,44,all,setup_peak_normal_N,20,0.0,0.0,0.0,"paired environment-seed bootstrap 95%, identical recorded physical parameters",0,20,0,False
visuotactile_height_seed2_rl,force_feedback,primary,44,all,sustained_10cm_lift_success,20,-0.05,-0.15,0.0,"paired environment-seed bootstrap 95%, identical recorded physical parameters",0,19,1,True
visuotactile_height_seed2_rl,force_feedback,primary,44,all,sustained_10cm_lift_within_force_budget,20,-0.2,-0.4,-0.05,"paired environment-seed bootstrap 95%, identical recorded physical parameters",0,16,4,True
visuotactile_height_seed2_rl,force_feedback,primary,44,all,sustained_native_success,20,-0.05,-0.15,0.0,"paired environment-seed bootstrap 95%, identical recorded physical parameters",0,19,1,True
visuotactile_height_seed2_rl,force_feedback,primary,44,all,sustained_success_within_force_budget,20,-0.2,-0.4,-0.05,"paired environment-seed bootstrap 95%, identical recorded physical parameters",0,16,4,True
visuotactile_height_seed2_rl,force_feedback,primary,44,id,any_native_success,10,0.0,0.0,0.0,"paired environment-seed bootstrap 95%, identical recorded physical parameters",0,10,0,True
visuotactile_height_seed2_rl,force_feedback,primary,44,id,bilateral_contact_at_takeover,10,0.0,0.0,0.0,"paired environment-seed bootstrap 95%, identical recorded physical parameters",0,10,0,False
visuotactile_height_seed2_rl,force_feedback,primary,44,id,final_native_success,10,0.0,0.0,0.0,"paired environment-seed bootstrap 95%, identical recorded physical parameters",0,10,0,True
visuotactile_height_seed2_rl,force_feedback,primary,44,id,force_budget_exceeded,10,0.3,0.0,0.6,"paired environment-seed bootstrap 95%, identical recorded physical parameters",3,7,0,False
visuotactile_height_seed2_rl,force_feedback,primary,44,id,full_episode_peak_normal_N,10,2.2303261280059816,1.2841037702560425,3.274246876239775,"paired environment-seed bootstrap 95%, identical recorded physical parameters",8,0,2,False
visuotactile_height_seed2_rl,force_feedback,primary,44,id,intervention_force_budget_exceeded,10,0.6,0.3,0.9,"paired environment-seed bootstrap 95%, identical recorded physical parameters",6,4,0,False
visuotactile_height_seed2_rl,force_feedback,primary,44,id,intervention_peak_normal_N,10,4.308602619171142,2.7656350243091583,5.809363491535186,"paired environment-seed bootstrap 95%, identical recorded physical parameters",9,0,1,False
visuotactile_height_seed2_rl,force_feedback,primary,44,id,native_shaped_return,10,10.604385927432395,2.6406694796647305,14.893084557439533,"paired environment-seed bootstrap 95%, identical recorded physical parameters",9,0,1,True
visuotactile_height_seed2_rl,force_feedback,primary,44,id,setup_force_budget_exceeded,10,0.0,0.0,0.0,"paired environment-seed bootstrap 95%, identical recorded physical parameters",0,10,0,False
visuotactile_height_seed2_rl,force_feedback,primary,44,id,setup_peak_normal_N,10,0.0,0.0,0.0,"paired environment-seed bootstrap 95%, identical recorded physical parameters",0,10,0,False
visuotactile_height_seed2_rl,force_feedback,primary,44,id,sustained_10cm_lift_success,10,-0.1,-0.3,0.0,"paired environment-seed bootstrap 95%, identical recorded physical parameters",0,9,1,True
visuotactile_height_seed2_rl,force_feedback,primary,44,id,sustained_10cm_lift_within_force_budget,10,-0.4,-0.7,-0.1,"paired environment-seed bootstrap 95%, identical recorded physical parameters",0,6,4,True
visuotactile_height_seed2_rl,force_feedback,primary,44,id,sustained_native_success,10,-0.1,-0.3,0.0,"paired environment-seed bootstrap 95%, identical recorded physical parameters",0,9,1,True
visuotactile_height_seed2_rl,force_feedback,primary,44,id,sustained_success_within_force_budget,10,-0.4,-0.7,-0.1,"paired environment-seed bootstrap 95%, identical recorded physical parameters",0,6,4,True
visuotactile_height_seed2_rl,force_feedback,primary,44,ood,any_native_success,10,0.0,0.0,0.0,"paired environment-seed bootstrap 95%, identical recorded physical parameters",0,10,0,True
visuotactile_height_seed2_rl,force_feedback,primary,44,ood,bilateral_contact_at_takeover,10,0.0,0.0,0.0,"paired environment-seed bootstrap 95%, identical recorded physical parameters",0,10,0,False
visuotactile_height_seed2_rl,force_feedback,primary,44,ood,final_native_success,10,0.0,0.0,0.0,"paired environment-seed bootstrap 95%, identical recorded physical parameters",0,10,0,True
visuotactile_height_seed2_rl,force_feedback,primary,44,ood,force_budget_exceeded,10,0.7,0.4,1.0,"paired environment-seed bootstrap 95%, identical recorded physical parameters",7,3,0,False
visuotactile_height_seed2_rl,force_feedback,primary,44,ood,full_episode_peak_normal_N,10,4.545173645019531,2.852481460571289,6.388410888910293,"paired environment-seed bootstrap 95%, identical recorded physical parameters",10,0,0,False
visuotactile_height_seed2_rl,force_feedback,primary,44,ood,intervention_force_budget_exceeded,10,0.5,0.2,0.8,"paired environment-seed bootstrap 95%, identical recorded physical parameters",5,5,0,False
visuotactile_height_seed2_rl,force_feedback,primary,44,ood,intervention_peak_normal_N,10,2.767792749404907,0.6530257797241211,4.969591292142861,"paired environment-seed bootstrap 95%, identical recorded physical parameters",6,0,4,False
visuotactile_height_seed2_rl,force_feedback,primary,44,ood,native_shaped_return,10,16.738042942476724,10.386865121997554,22.724502155791967,"paired environment-seed bootstrap 95%, identical recorded physical parameters",10,0,0,True
visuotactile_height_seed2_rl,force_feedback,primary,44,ood,setup_force_budget_exceeded,10,0.0,0.0,0.0,"paired environment-seed bootstrap 95%, identical recorded physical parameters",0,10,0,False
visuotactile_height_seed2_rl,force_feedback,primary,44,ood,setup_peak_normal_N,10,0.0,0.0,0.0,"paired environment-seed bootstrap 95%, identical recorded physical parameters",0,10,0,False
visuotactile_height_seed2_rl,force_feedback,primary,44,ood,sustained_10cm_lift_success,10,0.0,0.0,0.0,"paired environment-seed bootstrap 95%, identical recorded physical parameters",0,10,0,True
visuotactile_height_seed2_rl,force_feedback,primary,44,ood,sustained_10cm_lift_within_force_budget,10,0.0,0.0,0.0,"paired environment-seed bootstrap 95%, identical recorded physical parameters",0,10,0,True
visuotactile_height_seed2_rl,force_feedback,primary,44,ood,sustained_native_success,10,0.0,0.0,0.0,"paired environment-seed bootstrap 95%, identical recorded physical parameters",0,10,0,True
visuotactile_height_seed2_rl,force_feedback,primary,44,ood,sustained_success_within_force_budget,10,0.0,0.0,0.0,"paired environment-seed bootstrap 95%, identical recorded physical parameters",0,10,0,True
visuotactile_height_seed2_rl,script,primary,44,all,any_native_success,20,0.0,0.0,0.0,"paired environment-seed bootstrap 95%, identical recorded physical parameters",0,20,0,True
visuotactile_height_seed2_rl,script,primary,44,all,bilateral_contact_at_takeover,20,0.0,0.0,0.0,"paired environment-seed bootstrap 95%, identical recorded physical parameters",0,20,0,False
visuotactile_height_seed2_rl,script,primary,44,all,final_native_success,20,0.0,0.0,0.0,"paired environment-seed bootstrap 95%, identical recorded physical parameters",0,20,0,True
visuotactile_height_seed2_rl,script,primary,44,all,force_budget_exceeded,20,0.05,-0.15,0.25,"paired environment-seed bootstrap 95%, identical recorded physical parameters",3,15,2,False
visuotactile_height_seed2_rl,script,primary,44,all,full_episode_peak_normal_N,20,-0.779806661605835,-3.0477541321516037,1.2448868578672398,"paired environment-seed bootstrap 95%, identical recorded physical parameters",10,0,10,False
visuotactile_height_seed2_rl,script,primary,44,all,intervention_force_budget_exceeded,20,-0.05,-0.2,0.1,"paired environment-seed bootstrap 95%, identical recorded physical parameters",1,17,2,False
visuotactile_height_seed2_rl,script,primary,44,all,intervention_peak_normal_N,20,-1.668122363090515,-3.5934862607717517,0.3891495966911302,"paired environment-seed bootstrap 95%, identical recorded physical parameters",5,0,15,False
visuotactile_height_seed2_rl,script,primary,44,all,native_shaped_return,20,13.195785354576476,7.768096464168686,17.58465646737621,"paired environment-seed bootstrap 95%, identical recorded physical parameters",19,0,1,True
visuotactile_height_seed2_rl,script,primary,44,all,setup_force_budget_exceeded,20,0.0,0.0,0.0,"paired environment-seed bootstrap 95%, identical recorded physical parameters",0,20,0,False
visuotactile_height_seed2_rl,script,primary,44,all,setup_peak_normal_N,20,0.0,0.0,0.0,"paired environment-seed bootstrap 95%, identical recorded physical parameters",0,20,0,False
visuotactile_height_seed2_rl,script,primary,44,all,sustained_10cm_lift_success,20,-0.05,-0.15,0.0,"paired environment-seed bootstrap 95%, identical recorded physical parameters",0,19,1,True
visuotactile_height_seed2_rl,script,primary,44,all,sustained_10cm_lift_within_force_budget,20,0.05,-0.1,0.2,"paired environment-seed bootstrap 95%, identical recorded physical parameters",2,17,1,True
visuotactile_height_seed2_rl,script,primary,44,all,sustained_native_success,20,-0.05,-0.15,0.0,"paired environment-seed bootstrap 95%, identical recorded physical parameters",0,19,1,True
visuotactile_height_seed2_rl,script,primary,44,all,sustained_success_within_force_budget,20,0.05,-0.1,0.2,"paired environment-seed bootstrap 95%, identical recorded physical parameters",2,17,1,True
visuotactile_height_seed2_rl,script,primary,44,id,any_native_success,10,0.0,0.0,0.0,"paired environment-seed bootstrap 95%, identical recorded physical parameters",0,10,0,True
visuotactile_height_seed2_rl,script,primary,44,id,bilateral_contact_at_takeover,10,0.0,0.0,0.0,"paired environment-seed bootstrap 95%, identical recorded physical parameters",0,10,0,False
visuotactile_height_seed2_rl,script,primary,44,id,final_native_success,10,0.0,0.0,0.0,"paired environment-seed bootstrap 95%, identical recorded physical parameters",0,10,0,True
visuotactile_height_seed2_rl,script,primary,44,id,force_budget_exceeded,10,-0.2,-0.5,0.0,"paired environment-seed bootstrap 95%, identical recorded physical parameters",0,8,2,False
visuotactile_height_seed2_rl,script,primary,44,id,full_episode_peak_normal_N,10,-1.8691347122192383,-4.202459053993225,-0.009909335374834008,"paired environment-seed bootstrap 95%, identical recorded physical parameters",2,0,8,False
visuotactile_height_seed2_rl,script,primary,44,id,intervention_force_budget_exceeded,10,-0.2,-0.5,0.0,"paired environment-seed bootstrap 95%, identical recorded physical parameters",0,8,2,False
visuotactile_height_seed2_rl,script,primary,44,id,intervention_peak_normal_N,10,-1.8683852195739745,-4.195071009397506,-0.060069711208344256,"paired environment-seed bootstrap 95%, identical recorded physical parameters",2,0,8,False
visuotactile_height_seed2_rl,script,primary,44,id,native_shaped_return,10,10.00041955950319,2.220893881094856,14.198020128384242,"paired environment-seed bootstrap 95%, identical recorded physical parameters",9,0,1,True
visuotactile_height_seed2_rl,script,primary,44,id,setup_force_budget_exceeded,10,0.0,0.0,0.0,"paired environment-seed bootstrap 95%, identical recorded physical parameters",0,10,0,False
visuotactile_height_seed2_rl,script,primary,44,id,setup_peak_normal_N,10,0.0,0.0,0.0,"paired environment-seed bootstrap 95%, identical recorded physical parameters",0,10,0,False
visuotactile_height_seed2_rl,script,primary,44,id,sustained_10cm_lift_success,10,-0.1,-0.3,0.0,"paired environment-seed bootstrap 95%, identical recorded physical parameters",0,9,1,True
visuotactile_height_seed2_rl,script,primary,44,id,sustained_10cm_lift_within_force_budget,10,0.1,-0.2,0.4,"paired environment-seed bootstrap 95%, identical recorded physical parameters",2,7,1,True
visuotactile_height_seed2_rl,script,primary,44,id,sustained_native_success,10,-0.1,-0.3,0.0,"paired environment-seed bootstrap 95%, identical recorded physical parameters",0,9,1,True
visuotactile_height_seed2_rl,script,primary,44,id,sustained_success_within_force_budget,10,0.1,-0.2,0.4,"paired environment-seed bootstrap 95%, identical recorded physical parameters",2,7,1,True
visuotactile_height_seed2_rl,script,primary,44,ood,any_native_success,10,0.0,0.0,0.0,"paired environment-seed bootstrap 95%, identical recorded physical parameters",0,10,0,True
visuotactile_height_seed2_rl,script,primary,44,ood,bilateral_contact_at_takeover,10,0.0,0.0,0.0,"paired environment-seed bootstrap 95%, identical recorded physical parameters",0,10,0,False
visuotactile_height_seed2_rl,script,primary,44,ood,final_native_success,10,0.0,0.0,0.0,"paired environment-seed bootstrap 95%, identical recorded physical parameters",0,10,0,True
visuotactile_height_seed2_rl,script,primary,44,ood,force_budget_exceeded,10,0.3,0.0,0.6,"paired environment-seed bootstrap 95%, identical recorded physical parameters",3,7,0,False
visuotactile_height_seed2_rl,script,primary,44,ood,full_episode_peak_normal_N,10,0.30952138900756837,-3.3485216522216796,3.638560220003127,"paired environment-seed bootstrap 95%, identical recorded physical parameters",8,0,2,False
visuotactile_height_seed2_rl,script,primary,44,ood,intervention_force_budget_exceeded,10,0.1,0.0,0.3,"paired environment-seed bootstrap 95%, identical recorded physical parameters",1,9,0,False
visuotactile_height_seed2_rl,script,primary,44,ood,intervention_peak_normal_N,10,-1.4678595066070557,-4.957708915472031,1.9116981923580165,"paired environment-seed bootstrap 95%, identical recorded physical parameters",3,0,7,False
visuotactile_height_seed2_rl,script,primary,44,ood,native_shaped_return,10,16.391151149649755,9.95635963382998,22.26806289060601,"paired environment-seed bootstrap 95%, identical recorded physical parameters",10,0,0,True
visuotactile_height_seed2_rl,script,primary,44,ood,setup_force_budget_exceeded,10,0.0,0.0,0.0,"paired environment-seed bootstrap 95%, identical recorded physical parameters",0,10,0,False
visuotactile_height_seed2_rl,script,primary,44,ood,setup_peak_normal_N,10,0.0,0.0,0.0,"paired environment-seed bootstrap 95%, identical recorded physical parameters",0,10,0,False
visuotactile_height_seed2_rl,script,primary,44,ood,sustained_10cm_lift_success,10,0.0,0.0,0.0,"paired environment-seed bootstrap 95%, identical recorded physical parameters",0,10,0,True
visuotactile_height_seed2_rl,script,primary,44,ood,sustained_10cm_lift_within_force_budget,10,0.0,0.0,0.0,"paired environment-seed bootstrap 95%, identical recorded physical parameters",0,10,0,True
visuotactile_height_seed2_rl,script,primary,44,ood,sustained_native_success,10,0.0,0.0,0.0,"paired environment-seed bootstrap 95%, identical recorded physical parameters",0,10,0,True
visuotactile_height_seed2_rl,script,primary,44,ood,sustained_success_within_force_budget,10,0.0,0.0,0.0,"paired environment-seed bootstrap 95%, identical recorded physical parameters",0,10,0,True
visuotactile_height_seed2_rl,visuotactile_native_seed2_rl,primary,44,all,any_native_success,20,0.0,0.0,0.0,"paired environment-seed bootstrap 95%, identical recorded physical parameters",0,20,0,True
visuotactile_height_seed2_rl,visuotactile_native_seed2_rl,primary,44,all,bilateral_contact_at_takeover,20,0.0,0.0,0.0,"paired environment-seed bootstrap 95%, identical recorded physical parameters",0,20,0,False
visuotactile_height_seed2_rl,visuotactile_native_seed2_rl,primary,44,all,final_native_success,20,0.15,0.0,0.3,"paired environment-seed bootstrap 95%, identical recorded physical parameters",3,17,0,True
visuotactile_height_seed2_rl,visuotactile_native_seed2_rl,primary,44,all,force_budget_exceeded,20,0.0,-0.15,0.15,"paired environment-seed bootstrap 95%, identical recorded physical parameters",1,18,1,False
visuotactile_height_seed2_rl,visuotactile_native_seed2_rl,primary,44,all,full_episode_peak_normal_N,20,0.4239713191986084,-0.03257426321506499,0.9617583024501793,"paired environment-seed bootstrap 95%, identical recorded physical parameters",11,0,9,False
visuotactile_height_seed2_rl,visuotactile_native_seed2_rl,primary,44,all,intervention_force_budget_exceeded,20,-0.05,-0.15,0.0,"paired environment-seed bootstrap 95%, identical recorded physical parameters",0,19,1,False
visuotactile_height_seed2_rl,visuotactile_native_seed2_rl,primary,44,all,intervention_peak_normal_N,20,0.04750270843505859,-0.4325103783607483,0.5610672885179518,"paired environment-seed bootstrap 95%, identical recorded physical parameters",9,0,11,False
visuotactile_height_seed2_rl,visuotactile_native_seed2_rl,primary,44,all,native_shaped_return,20,9.966866156082016,2.2276055745937895,18.986803122645366,"paired environment-seed bootstrap 95%, identical recorded physical parameters",15,0,5,True
visuotactile_height_seed2_rl,visuotactile_native_seed2_rl,primary,44,all,setup_force_budget_exceeded,20,0.0,0.0,0.0,"paired environment-seed bootstrap 95%, identical recorded physical parameters",0,20,0,False
visuotactile_height_seed2_rl,visuotactile_native_seed2_rl,primary,44,all,setup_peak_normal_N,20,0.0,0.0,0.0,"paired environment-seed bootstrap 95%, identical recorded physical parameters",0,20,0,False
visuotactile_height_seed2_rl,visuotactile_native_seed2_rl,primary,44,all,sustained_10cm_lift_success,20,0.45,0.25,0.65,"paired environment-seed bootstrap 95%, identical recorded physical parameters",9,11,0,True
visuotactile_height_seed2_rl,visuotactile_native_seed2_rl,primary,44,all,sustained_10cm_lift_within_force_budget,20,0.15,0.0,0.3,"paired environment-seed bootstrap 95%, identical recorded physical parameters",3,17,0,True
visuotactile_height_seed2_rl,visuotactile_native_seed2_rl,primary,44,all,sustained_native_success,20,0.05,0.0,0.15,"paired environment-seed bootstrap 95%, identical recorded physical parameters",1,19,0,True
visuotactile_height_seed2_rl,visuotactile_native_seed2_rl,primary,44,all,sustained_success_within_force_budget,20,0.05,0.0,0.15,"paired environment-seed bootstrap 95%, identical recorded physical parameters",1,19,0,True
visuotactile_height_seed2_rl,visuotactile_native_seed2_rl,primary,44,id,any_native_success,10,0.0,0.0,0.0,"paired environment-seed bootstrap 95%, identical recorded physical parameters",0,10,0,True
visuotactile_height_seed2_rl,visuotactile_native_seed2_rl,primary,44,id,bilateral_contact_at_takeover,10,0.0,0.0,0.0,"paired environment-seed bootstrap 95%, identical recorded physical parameters",0,10,0,False
visuotactile_height_seed2_rl,visuotactile_native_seed2_rl,primary,44,id,final_native_success,10,0.3,0.1,0.6,"paired environment-seed bootstrap 95%, identical recorded physical parameters",3,7,0,True
visuotactile_height_seed2_rl,visuotactile_native_seed2_rl,primary,44,id,force_budget_exceeded,10,-0.1,-0.3,0.0,"paired environment-seed bootstrap 95%, identical recorded physical parameters",0,9,1,False
visuotactile_height_seed2_rl,visuotactile_native_seed2_rl,primary,44,id,full_episode_peak_normal_N,10,0.11515707969665527,-0.1972358798980713,0.5088954830169674,"paired environment-seed bootstrap 95%, identical recorded physical parameters",5,0,5,False
visuotactile_height_seed2_rl,visuotactile_native_seed2_rl,primary,44,id,intervention_force_budget_exceeded,10,-0.1,-0.3,0.0,"paired environment-seed bootstrap 95%, identical recorded physical parameters",0,9,1,False
visuotactile_height_seed2_rl,visuotactile_native_seed2_rl,primary,44,id,intervention_peak_normal_N,10,0.11515707969665527,-0.19147393584251401,0.5171283829212187,"paired environment-seed bootstrap 95%, identical recorded physical parameters",5,0,5,False
visuotactile_height_seed2_rl,visuotactile_native_seed2_rl,primary,44,id,native_shaped_return,10,16.305977284595063,1.4550742461963841,33.15597586729649,"paired environment-seed bootstrap 95%, identical recorded physical parameters",10,0,0,True
visuotactile_height_seed2_rl,visuotactile_native_seed2_rl,primary,44,id,setup_force_budget_exceeded,10,0.0,0.0,0.0,"paired environment-seed bootstrap 95%, identical recorded physical parameters",0,10,0,False
visuotactile_height_seed2_rl,visuotactile_native_seed2_rl,primary,44,id,setup_peak_normal_N,10,0.0,0.0,0.0,"paired environment-seed bootstrap 95%, identical recorded physical parameters",0,10,0,False
visuotactile_height_seed2_rl,visuotactile_native_seed2_rl,primary,44,id,sustained_10cm_lift_success,10,0.9,0.7,1.0,"paired environment-seed bootstrap 95%, identical recorded physical parameters",9,1,0,True
visuotactile_height_seed2_rl,visuotactile_native_seed2_rl,primary,44,id,sustained_10cm_lift_within_force_budget,10,0.3,0.0,0.6,"paired environment-seed bootstrap 95%, identical recorded physical parameters",3,7,0,True
visuotactile_height_seed2_rl,visuotactile_native_seed2_rl,primary,44,id,sustained_native_success,10,0.1,0.0,0.3,"paired environment-seed bootstrap 95%, identical recorded physical parameters",1,9,0,True
visuotactile_height_seed2_rl,visuotactile_native_seed2_rl,primary,44,id,sustained_success_within_force_budget,10,0.1,0.0,0.3,"paired environment-seed bootstrap 95%, identical recorded physical parameters",1,9,0,True
visuotactile_height_seed2_rl,visuotactile_native_seed2_rl,primary,44,ood,any_native_success,10,0.0,0.0,0.0,"paired environment-seed bootstrap 95%, identical recorded physical parameters",0,10,0,True
visuotactile_height_seed2_rl,visuotactile_native_seed2_rl,primary,44,ood,bilateral_contact_at_takeover,10,0.0,0.0,0.0,"paired environment-seed bootstrap 95%, identical recorded physical parameters",0,10,0,False
visuotactile_height_seed2_rl,visuotactile_native_seed2_rl,primary,44,ood,final_native_success,10,0.0,0.0,0.0,"paired environment-seed bootstrap 95%, identical recorded physical parameters",0,10,0,True
visuotactile_height_seed2_rl,visuotactile_native_seed2_rl,primary,44,ood,force_budget_exceeded,10,0.1,0.0,0.3,"paired environment-seed bootstrap 95%, identical recorded physical parameters",1,9,0,False
visuotactile_height_seed2_rl,visuotactile_native_seed2_rl,primary,44,ood,full_episode_peak_normal_N,10,0.7327855587005615,-0.1443480885028839,1.628058190345764,"paired environment-seed bootstrap 95%, identical recorded physical parameters",6,0,4,False
visuotactile_height_seed2_rl,visuotactile_native_seed2_rl,primary,44,ood,intervention_force_budget_exceeded,10,0.0,0.0,0.0,"paired environment-seed bootstrap 95%, identical recorded physical parameters",0,10,0,False
visuotactile_height_seed2_rl,visuotactile_native_seed2_rl,primary,44,ood,intervention_peak_normal_N,10,-0.020151662826538085,-0.907383452653885,0.896849507093429,"paired environment-seed bootstrap 95%, identical recorded physical parameters",4,0,6,False
visuotactile_height_seed2_rl,visuotactile_native_seed2_rl,primary,44,ood,native_shaped_return,10,3.62775502756897,-0.8622576636959516,9.52407009038471,"paired environment-seed bootstrap 95%, identical recorded physical parameters",5,0,5,True
visuotactile_height_seed2_rl,visuotactile_native_seed2_rl,primary,44,ood,setup_force_budget_exceeded,10,0.0,0.0,0.0,"paired environment-seed bootstrap 95%, identical recorded physical parameters",0,10,0,False
visuotactile_height_seed2_rl,visuotactile_native_seed2_rl,primary,44,ood,setup_peak_normal_N,10,0.0,0.0,0.0,"paired environment-seed bootstrap 95%, identical recorded physical parameters",0,10,0,False
visuotactile_height_seed2_rl,visuotactile_native_seed2_rl,primary,44,ood,sustained_10cm_lift_success,10,0.0,0.0,0.0,"paired environment-seed bootstrap 95%, identical recorded physical parameters",0,10,0,True
visuotactile_height_seed2_rl,visuotactile_native_seed2_rl,primary,44,ood,sustained_10cm_lift_within_force_budget,10,0.0,0.0,0.0,"paired environment-seed bootstrap 95%, identical recorded physical parameters",0,10,0,True
visuotactile_height_seed2_rl,visuotactile_native_seed2_rl,primary,44,ood,sustained_native_success,10,0.0,0.0,0.0,"paired environment-seed bootstrap 95%, identical recorded physical parameters",0,10,0,True
visuotactile_height_seed2_rl,visuotactile_native_seed2_rl,primary,44,ood,sustained_success_within_force_budget,10,0.0,0.0,0.0,"paired environment-seed bootstrap 95%, identical recorded physical parameters",0,10,0,True
visuotactile_height_seed2_rl,visuotactile_seed2_bc,primary,44,all,any_native_success,20,0.1,0.0,0.25,"paired environment-seed bootstrap 95%, identical recorded physical parameters",2,18,0,True
visuotactile_height_seed2_rl,visuotactile_seed2_bc,primary,44,all,bilateral_contact_at_takeover,20,0.0,0.0,0.0,"paired environment-seed bootstrap 95%, identical recorded physical parameters",0,20,0,False
visuotactile_height_seed2_rl,visuotactile_seed2_bc,primary,44,all,final_native_success,20,0.1,0.0,0.25,"paired environment-seed bootstrap 95%, identical recorded physical parameters",2,18,0,True
visuotactile_height_seed2_rl,visuotactile_seed2_bc,primary,44,all,force_budget_exceeded,20,0.15,0.0,0.3,"paired environment-seed bootstrap 95%, identical recorded physical parameters",3,17,0,False
visuotactile_height_seed2_rl,visuotactile_seed2_bc,primary,44,all,full_episode_peak_normal_N,20,-1.16225346326828,-3.565672945380211,1.071056678295135,"paired environment-seed bootstrap 95%, identical recorded physical parameters",7,0,13,False
visuotactile_height_seed2_rl,visuotactile_seed2_bc,primary,44,all,intervention_force_budget_exceeded,20,0.2,0.05,0.4,"paired environment-seed bootstrap 95%, identical recorded physical parameters",4,16,0,False
visuotactile_height_seed2_rl,visuotactile_seed2_bc,primary,44,all,intervention_peak_normal_N,20,-0.018817698955535887,-2.005396330654621,1.8782109382748602,"paired environment-seed bootstrap 95%, identical recorded physical parameters",12,0,8,False
visuotactile_height_seed2_rl,visuotactile_seed2_bc,primary,44,all,native_shaped_return,20,15.166690099141416,2.548561840718723,28.102439730375835,"paired environment-seed bootstrap 95%, identical recorded physical parameters",14,0,6,True
visuotactile_height_seed2_rl,visuotactile_seed2_bc,primary,44,all,setup_force_budget_exceeded,20,0.0,0.0,0.0,"paired environment-seed bootstrap 95%, identical recorded physical parameters",0,20,0,False
visuotactile_height_seed2_rl,visuotactile_seed2_bc,primary,44,all,setup_peak_normal_N,20,0.0,0.0,0.0,"paired environment-seed bootstrap 95%, identical recorded physical parameters",0,20,0,False
visuotactile_height_seed2_rl,visuotactile_seed2_bc,primary,44,all,sustained_10cm_lift_success,20,0.4,0.2,0.6,"paired environment-seed bootstrap 95%, identical recorded physical parameters",8,12,0,True
visuotactile_height_seed2_rl,visuotactile_seed2_bc,primary,44,all,sustained_10cm_lift_within_force_budget,20,0.1,-0.1,0.3,"paired environment-seed bootstrap 95%, identical recorded physical parameters",3,16,1,True
visuotactile_height_seed2_rl,visuotactile_seed2_bc,primary,44,all,sustained_native_success,20,0.35,0.15,0.55,"paired environment-seed bootstrap 95%, identical recorded physical parameters",7,13,0,True
visuotactile_height_seed2_rl,visuotactile_seed2_bc,primary,44,all,sustained_success_within_force_budget,20,0.1,-0.1,0.3,"paired environment-seed bootstrap 95%, identical recorded physical parameters",3,16,1,True
visuotactile_height_seed2_rl,visuotactile_seed2_bc,primary,44,id,any_native_success,10,0.2,0.0,0.5,"paired environment-seed bootstrap 95%, identical recorded physical parameters",2,8,0,True
visuotactile_height_seed2_rl,visuotactile_seed2_bc,primary,44,id,bilateral_contact_at_takeover,10,0.0,0.0,0.0,"paired environment-seed bootstrap 95%, identical recorded physical parameters",0,10,0,False
visuotactile_height_seed2_rl,visuotactile_seed2_bc,primary,44,id,final_native_success,10,0.2,0.0,0.5,"paired environment-seed bootstrap 95%, identical recorded physical parameters",2,8,0,True
visuotactile_height_seed2_rl,visuotactile_seed2_bc,primary,44,id,force_budget_exceeded,10,0.3,0.1,0.6,"paired environment-seed bootstrap 95%, identical recorded physical parameters",3,7,0,False
visuotactile_height_seed2_rl,visuotactile_seed2_bc,primary,44,id,full_episode_peak_normal_N,10,0.3501784086227417,-3.0364654141664507,3.907135757803913,"paired environment-seed bootstrap 95%, identical recorded physical parameters",7,0,3,False
visuotactile_height_seed2_rl,visuotactile_seed2_bc,primary,44,id,intervention_force_budget_exceeded,10,0.3,0.1,0.6,"paired environment-seed bootstrap 95%, identical recorded physical parameters",3,7,0,False
visuotactile_height_seed2_rl,visuotactile_seed2_bc,primary,44,id,intervention_peak_normal_N,10,0.3501784086227417,-3.003425621986389,3.89595281898975,"paired environment-seed bootstrap 95%, identical recorded physical parameters",7,0,3,False
visuotactile_height_seed2_rl,visuotactile_seed2_bc,primary,44,id,native_shaped_return,10,38.3178688660597,24.889247896430707,53.64177766330642,"paired environment-seed bootstrap 95%, identical recorded physical parameters",10,0,0,True
visuotactile_height_seed2_rl,visuotactile_seed2_bc,primary,44,id,setup_force_budget_exceeded,10,0.0,0.0,0.0,"paired environment-seed bootstrap 95%, identical recorded physical parameters",0,10,0,False
visuotactile_height_seed2_rl,visuotactile_seed2_bc,primary,44,id,setup_peak_normal_N,10,0.0,0.0,0.0,"paired environment-seed bootstrap 95%, identical recorded physical parameters",0,10,0,False
visuotactile_height_seed2_rl,visuotactile_seed2_bc,primary,44,id,sustained_10cm_lift_success,10,0.8,0.5,1.0,"paired environment-seed bootstrap 95%, identical recorded physical parameters",8,2,0,True
visuotactile_height_seed2_rl,visuotactile_seed2_bc,primary,44,id,sustained_10cm_lift_within_force_budget,10,0.2,-0.2,0.6,"paired environment-seed bootstrap 95%, identical recorded physical parameters",3,6,1,True
visuotactile_height_seed2_rl,visuotactile_seed2_bc,primary,44,id,sustained_native_success,10,0.7,0.4,1.0,"paired environment-seed bootstrap 95%, identical recorded physical parameters",7,3,0,True
visuotactile_height_seed2_rl,visuotactile_seed2_bc,primary,44,id,sustained_success_within_force_budget,10,0.2,-0.2,0.6,"paired environment-seed bootstrap 95%, identical recorded physical parameters",3,6,1,True
visuotactile_height_seed2_rl,visuotactile_seed2_bc,primary,44,ood,any_native_success,10,0.0,0.0,0.0,"paired environment-seed bootstrap 95%, identical recorded physical parameters",0,10,0,True
visuotactile_height_seed2_rl,visuotactile_seed2_bc,primary,44,ood,bilateral_contact_at_takeover,10,0.0,0.0,0.0,"paired environment-seed bootstrap 95%, identical recorded physical parameters",0,10,0,False
visuotactile_height_seed2_rl,visuotactile_seed2_bc,primary,44,ood,final_native_success,10,0.0,0.0,0.0,"paired environment-seed bootstrap 95%, identical recorded physical parameters",0,10,0,True
visuotactile_height_seed2_rl,visuotactile_seed2_bc,primary,44,ood,force_budget_exceeded,10,0.0,0.0,0.0,"paired environment-seed bootstrap 95%, identical recorded physical parameters",0,10,0,False
visuotactile_height_seed2_rl,visuotactile_seed2_bc,primary,44,ood,full_episode_peak_normal_N,10,-2.674685335159302,-5.770759108066559,-0.37068928837776344,"paired environment-seed bootstrap 95%, identical recorded physical parameters",0,0,10,False
visuotactile_height_seed2_rl,visuotactile_seed2_bc,primary,44,ood,intervention_force_budget_exceeded,10,0.1,0.0,0.3,"paired environment-seed bootstrap 95%, identical recorded physical parameters",1,9,0,False
visuotactile_height_seed2_rl,visuotactile_seed2_bc,primary,44,ood,intervention_peak_normal_N,10,-0.3878138065338135,-2.366336414813995,1.3858035194873797,"paired environment-seed bootstrap 95%, identical recorded physical parameters",5,0,5,False
visuotactile_height_seed2_rl,visuotactile_seed2_bc,primary,44,ood,native_shaped_return,10,-7.984488667776864,-14.461303705250478,-1.7688971803023388,"paired environment-seed bootstrap 95%, identical recorded physical parameters",4,0,6,True
visuotactile_height_seed2_rl,visuotactile_seed2_bc,primary,44,ood,setup_force_budget_exceeded,10,0.0,0.0,0.0,"paired environment-seed bootstrap 95%, identical recorded physical parameters",0,10,0,False
visuotactile_height_seed2_rl,visuotactile_seed2_bc,primary,44,ood,setup_peak_normal_N,10,0.0,0.0,0.0,"paired environment-seed bootstrap 95%, identical recorded physical parameters",0,10,0,False
visuotactile_height_seed2_rl,visuotactile_seed2_bc,primary,44,ood,sustained_10cm_lift_success,10,0.0,0.0,0.0,"paired environment-seed bootstrap 95%, identical recorded physical parameters",0,10,0,True
visuotactile_height_seed2_rl,visuotactile_seed2_bc,primary,44,ood,sustained_10cm_lift_within_force_budget,10,0.0,0.0,0.0,"paired environment-seed bootstrap 95%, identical recorded physical parameters",0,10,0,True
visuotactile_height_seed2_rl,visuotactile_seed2_bc,primary,44,ood,sustained_native_success,10,0.0,0.0,0.0,"paired environment-seed bootstrap 95%, identical recorded physical parameters",0,10,0,True
visuotactile_height_seed2_rl,visuotactile_seed2_bc,primary,44,ood,sustained_success_within_force_budget,10,0.0,0.0,0.0,"paired environment-seed bootstrap 95%, identical recorded physical parameters",0,10,0,True
visuotactile_margin_height_seed0_rl,force_feedback,primary,44,all,any_native_success,20,-0.45,-0.65,-0.25,"paired environment-seed bootstrap 95%, identical recorded physical parameters",0,11,9,True
visuotactile_margin_height_seed0_rl,force_feedback,primary,44,all,bilateral_contact_at_takeover,20,0.0,0.0,0.0,"paired environment-seed bootstrap 95%, identical recorded physical parameters",0,20,0,False
visuotactile_margin_height_seed0_rl,force_feedback,primary,44,all,final_native_success,20,-0.5,-0.75,-0.3,"paired environment-seed bootstrap 95%, identical recorded physical parameters",0,10,10,True
visuotactile_margin_height_seed0_rl,force_feedback,primary,44,all,force_budget_exceeded,20,-0.2,-0.4,-0.05,"paired environment-seed bootstrap 95%, identical recorded physical parameters",0,16,4,False
visuotactile_margin_height_seed0_rl,force_feedback,primary,44,all,full_episode_peak_normal_N,20,-3.4346635818481444,-4.934828552007676,-2.0114948353171362,"paired environment-seed bootstrap 95%, identical recorded physical parameters",5,0,15,False
visuotactile_margin_height_seed0_rl,force_feedback,primary,44,all,intervention_force_budget_exceeded,20,-0.05,-0.15,0.0,"paired environment-seed bootstrap 95%, identical recorded physical parameters",0,19,1,False
visuotactile_margin_height_seed0_rl,force_feedback,primary,44,all,intervention_peak_normal_N,20,-2.395525336265564,-3.389561368525028,-1.433930357694626,"paired environment-seed bootstrap 95%, identical recorded physical parameters",5,0,15,False
visuotactile_margin_height_seed0_rl,force_feedback,primary,44,all,native_shaped_return,20,-16.733922891071217,-28.761567183510834,-5.022381063195374,"paired environment-seed bootstrap 95%, identical recorded physical parameters",10,0,10,True
visuotactile_margin_height_seed0_rl,force_feedback,primary,44,all,setup_force_budget_exceeded,20,0.0,0.0,0.0,"paired environment-seed bootstrap 95%, identical recorded physical parameters",0,20,0,False
visuotactile_margin_height_seed0_rl,force_feedback,primary,44,all,setup_peak_normal_N,20,0.0,0.0,0.0,"paired environment-seed bootstrap 95%, identical recorded physical parameters",0,20,0,False
visuotactile_margin_height_seed0_rl,force_feedback,primary,44,all,sustained_10cm_lift_success,20,-0.5,-0.7,-0.3,"paired environment-seed bootstrap 95%, identical recorded physical parameters",0,10,10,True
visuotactile_margin_height_seed0_rl,force_feedback,primary,44,all,sustained_10cm_lift_within_force_budget,20,-0.35,-0.55,-0.15,"paired environment-seed bootstrap 95%, identical recorded physical parameters",0,13,7,True
visuotactile_margin_height_seed0_rl,force_feedback,primary,44,all,sustained_native_success,20,-0.45,-0.7,-0.25,"paired environment-seed bootstrap 95%, identical recorded physical parameters",0,11,9,True
visuotactile_margin_height_seed0_rl,force_feedback,primary,44,all,sustained_success_within_force_budget,20,-0.3,-0.5,-0.1,"paired environment-seed bootstrap 95%, identical recorded physical parameters",0,14,6,True
visuotactile_margin_height_seed0_rl,force_feedback,primary,44,id,any_native_success,10,-0.9,-1.0,-0.7,"paired environment-seed bootstrap 95%, identical recorded physical parameters",0,1,9,True
visuotactile_margin_height_seed0_rl,force_feedback,primary,44,id,bilateral_contact_at_takeover,10,0.0,0.0,0.0,"paired environment-seed bootstrap 95%, identical recorded physical parameters",0,10,0,False
visuotactile_margin_height_seed0_rl,force_feedback,primary,44,id,final_native_success,10,-1.0,-1.0,-1.0,"paired environment-seed bootstrap 95%, identical recorded physical parameters",0,0,10,True
visuotactile_margin_height_seed0_rl,force_feedback,primary,44,id,force_budget_exceeded,10,-0.3,-0.6,0.0,"paired environment-seed bootstrap 95%, identical recorded physical parameters",0,7,3,False
visuotactile_margin_height_seed0_rl,force_feedback,primary,44,id,full_episode_peak_normal_N,10,-6.028302764892578,-7.547760563492775,-4.362758838236332,"paired environment-seed bootstrap 95%, identical recorded physical parameters",0,0,10,False
visuotactile_margin_height_seed0_rl,force_feedback,primary,44,id,intervention_force_budget_exceeded,10,0.0,0.0,0.0,"paired environment-seed bootstrap 95%, identical recorded physical parameters",0,10,0,False
visuotactile_margin_height_seed0_rl,force_feedback,primary,44,id,intervention_peak_normal_N,10,-3.950026273727417,-4.838742052912712,-2.837367263436318,"paired environment-seed bootstrap 95%, identical recorded physical parameters",0,0,10,False
visuotactile_margin_height_seed0_rl,force_feedback,primary,44,id,native_shaped_return,10,-44.4639795955772,-45.96434916554659,-43.043920235292745,"paired environment-seed bootstrap 95%, identical recorded physical parameters",0,0,10,True
visuotactile_margin_height_seed0_rl,force_feedback,primary,44,id,setup_force_budget_exceeded,10,0.0,0.0,0.0,"paired environment-seed bootstrap 95%, identical recorded physical parameters",0,10,0,False
visuotactile_margin_height_seed0_rl,force_feedback,primary,44,id,setup_peak_normal_N,10,0.0,0.0,0.0,"paired environment-seed bootstrap 95%, identical recorded physical parameters",0,10,0,False
visuotactile_margin_height_seed0_rl,force_feedback,primary,44,id,sustained_10cm_lift_success,10,-1.0,-1.0,-1.0,"paired environment-seed bootstrap 95%, identical recorded physical parameters",0,0,10,True
visuotactile_margin_height_seed0_rl,force_feedback,primary,44,id,sustained_10cm_lift_within_force_budget,10,-0.7,-1.0,-0.4,"paired environment-seed bootstrap 95%, identical recorded physical parameters",0,3,7,True
visuotactile_margin_height_seed0_rl,force_feedback,primary,44,id,sustained_native_success,10,-0.9,-1.0,-0.7,"paired environment-seed bootstrap 95%, identical recorded physical parameters",0,1,9,True
visuotactile_margin_height_seed0_rl,force_feedback,primary,44,id,sustained_success_within_force_budget,10,-0.6,-0.9,-0.3,"paired environment-seed bootstrap 95%, identical recorded physical parameters",0,4,6,True
visuotactile_margin_height_seed0_rl,force_feedback,primary,44,ood,any_native_success,10,0.0,0.0,0.0,"paired environment-seed bootstrap 95%, identical recorded physical parameters",0,10,0,True
visuotactile_margin_height_seed0_rl,force_feedback,primary,44,ood,bilateral_contact_at_takeover,10,0.0,0.0,0.0,"paired environment-seed bootstrap 95%, identical recorded physical parameters",0,10,0,False
visuotactile_margin_height_seed0_rl,force_feedback,primary,44,ood,final_native_success,10,0.0,0.0,0.0,"paired environment-seed bootstrap 95%, identical recorded physical parameters",0,10,0,True
visuotactile_margin_height_seed0_rl,force_feedback,primary,44,ood,force_budget_exceeded,10,-0.1,-0.3,0.0,"paired environment-seed bootstrap 95%, identical recorded physical parameters",0,9,1,False
visuotactile_margin_height_seed0_rl,force_feedback,primary,44,ood,full_episode_peak_normal_N,10,-0.8410243988037109,-1.8351287317276002,0.11295234560966474,"paired environment-seed bootstrap 95%, identical recorded physical parameters",5,0,5,False
visuotactile_margin_height_seed0_rl,force_feedback,primary,44,ood,intervention_force_budget_exceeded,10,-0.1,-0.3,0.0,"paired environment-seed bootstrap 95%, identical recorded physical parameters",0,9,1,False
visuotactile_margin_height_seed0_rl,force_feedback,primary,44,ood,intervention_peak_normal_N,10,-0.8410243988037109,-1.8490250825881958,0.1005996167659749,"paired environment-seed bootstrap 95%, identical recorded physical parameters",5,0,5,False
visuotactile_margin_height_seed0_rl,force_feedback,primary,44,ood,native_shaped_return,10,10.996133813434763,9.151753314576295,12.907101660893769,"paired environment-seed bootstrap 95%, identical recorded physical parameters",10,0,0,True
visuotactile_margin_height_seed0_rl,force_feedback,primary,44,ood,setup_force_budget_exceeded,10,0.0,0.0,0.0,"paired environment-seed bootstrap 95%, identical recorded physical parameters",0,10,0,False
visuotactile_margin_height_seed0_rl,force_feedback,primary,44,ood,setup_peak_normal_N,10,0.0,0.0,0.0,"paired environment-seed bootstrap 95%, identical recorded physical parameters",0,10,0,False
visuotactile_margin_height_seed0_rl,force_feedback,primary,44,ood,sustained_10cm_lift_success,10,0.0,0.0,0.0,"paired environment-seed bootstrap 95%, identical recorded physical parameters",0,10,0,True
visuotactile_margin_height_seed0_rl,force_feedback,primary,44,ood,sustained_10cm_lift_within_force_budget,10,0.0,0.0,0.0,"paired environment-seed bootstrap 95%, identical recorded physical parameters",0,10,0,True
visuotactile_margin_height_seed0_rl,force_feedback,primary,44,ood,sustained_native_success,10,0.0,0.0,0.0,"paired environment-seed bootstrap 95%, identical recorded physical parameters",0,10,0,True
visuotactile_margin_height_seed0_rl,force_feedback,primary,44,ood,sustained_success_within_force_budget,10,0.0,0.0,0.0,"paired environment-seed bootstrap 95%, identical recorded physical parameters",0,10,0,True
visuotactile_margin_height_seed0_rl,script,primary,44,all,any_native_success,20,-0.45,-0.65,-0.25,"paired environment-seed bootstrap 95%, identical recorded physical parameters",0,11,9,True
visuotactile_margin_height_seed0_rl,script,primary,44,all,bilateral_contact_at_takeover,20,0.0,0.0,0.0,"paired environment-seed bootstrap 95%, identical recorded physical parameters",0,20,0,False
visuotactile_margin_height_seed0_rl,script,primary,44,all,final_native_success,20,-0.5,-0.75,-0.3,"paired environment-seed bootstrap 95%, identical recorded physical parameters",0,10,10,True
visuotactile_margin_height_seed0_rl,script,primary,44,all,force_budget_exceeded,20,-0.65,-0.85,-0.45,"paired environment-seed bootstrap 95%, identical recorded physical parameters",0,7,13,False
visuotactile_margin_height_seed0_rl,script,primary,44,all,full_episode_peak_normal_N,20,-7.602220129966736,-10.72142700508237,-4.478459300100803,"paired environment-seed bootstrap 95%, identical recorded physical parameters",5,0,15,False
visuotactile_margin_height_seed0_rl,script,primary,44,all,intervention_force_budget_exceeded,20,-0.65,-0.85,-0.45,"paired environment-seed bootstrap 95%, identical recorded physical parameters",0,7,13,False
visuotactile_margin_height_seed0_rl,script,primary,44,all,intervention_peak_normal_N,20,-7.601845383644104,-11.046142324209212,-4.390613938421011,"paired environment-seed bootstrap 95%, identical recorded physical parameters",5,0,15,False
visuotactile_margin_height_seed0_rl,script,primary,44,all,native_shaped_return,20,-17.209351971449305,-28.915146682938833,-5.555957050532617,"paired environment-seed bootstrap 95%, identical recorded physical parameters",10,0,10,True
visuotactile_margin_height_seed0_rl,script,primary,44,all,setup_force_budget_exceeded,20,0.0,0.0,0.0,"paired environment-seed bootstrap 95%, identical recorded physical parameters",0,20,0,False
visuotactile_margin_height_seed0_rl,script,primary,44,all,setup_peak_normal_N,20,0.0,0.0,0.0,"paired environment-seed bootstrap 95%, identical recorded physical parameters",0,20,0,False
visuotactile_margin_height_seed0_rl,script,primary,44,all,sustained_10cm_lift_success,20,-0.5,-0.7,-0.3,"paired environment-seed bootstrap 95%, identical recorded physical parameters",0,10,10,True
visuotactile_margin_height_seed0_rl,script,primary,44,all,sustained_10cm_lift_within_force_budget,20,-0.1,-0.25,0.0,"paired environment-seed bootstrap 95%, identical recorded physical parameters",0,18,2,True
visuotactile_margin_height_seed0_rl,script,primary,44,all,sustained_native_success,20,-0.45,-0.65,-0.25,"paired environment-seed bootstrap 95%, identical recorded physical parameters",0,11,9,True
visuotactile_margin_height_seed0_rl,script,primary,44,all,sustained_success_within_force_budget,20,-0.05,-0.15,0.0,"paired environment-seed bootstrap 95%, identical recorded physical parameters",0,19,1,True
visuotactile_margin_height_seed0_rl,script,primary,44,id,any_native_success,10,-0.9,-1.0,-0.7,"paired environment-seed bootstrap 95%, identical recorded physical parameters",0,1,9,True
visuotactile_margin_height_seed0_rl,script,primary,44,id,bilateral_contact_at_takeover,10,0.0,0.0,0.0,"paired environment-seed bootstrap 95%, identical recorded physical parameters",0,10,0,False
visuotactile_margin_height_seed0_rl,script,primary,44,id,final_native_success,10,-1.0,-1.0,-1.0,"paired environment-seed bootstrap 95%, identical recorded physical parameters",0,0,10,True
visuotactile_margin_height_seed0_rl,script,primary,44,id,force_budget_exceeded,10,-0.8,-1.0,-0.5,"paired environment-seed bootstrap 95%, identical recorded physical parameters",0,2,8,False
visuotactile_margin_height_seed0_rl,script,primary,44,id,full_episode_peak_normal_N,10,-10.127763605117797,-13.450553141534328,-6.961354860663416,"paired environment-seed bootstrap 95%, identical recorded physical parameters",0,0,10,False
visuotactile_margin_height_seed0_rl,script,primary,44,id,intervention_force_budget_exceeded,10,-0.8,-1.0,-0.5,"paired environment-seed bootstrap 95%, identical recorded physical parameters",0,2,8,False
visuotactile_margin_height_seed0_rl,script,primary,44,id,intervention_peak_normal_N,10,-10.127014112472533,-13.437500654757022,-6.752873702645303,"paired environment-seed bootstrap 95%, identical recorded physical parameters",0,0,10,False
visuotactile_margin_height_seed0_rl,script,primary,44,id,native_shaped_return,10,-45.0679459635064,-46.64730112529557,-43.472749311425076,"paired environment-seed bootstrap 95%, identical recorded physical parameters",0,0,10,True
visuotactile_margin_height_seed0_rl,script,primary,44,id,setup_force_budget_exceeded,10,0.0,0.0,0.0,"paired environment-seed bootstrap 95%, identical recorded physical parameters",0,10,0,False
visuotactile_margin_height_seed0_rl,script,primary,44,id,setup_peak_normal_N,10,0.0,0.0,0.0,"paired environment-seed bootstrap 95%, identical recorded physical parameters",0,10,0,False
visuotactile_margin_height_seed0_rl,script,primary,44,id,sustained_10cm_lift_success,10,-1.0,-1.0,-1.0,"paired environment-seed bootstrap 95%, identical recorded physical parameters",0,0,10,True
visuotactile_margin_height_seed0_rl,script,primary,44,id,sustained_10cm_lift_within_force_budget,10,-0.2,-0.5,0.0,"paired environment-seed bootstrap 95%, identical recorded physical parameters",0,8,2,True
visuotactile_margin_height_seed0_rl,script,primary,44,id,sustained_native_success,10,-0.9,-1.0,-0.7,"paired environment-seed bootstrap 95%, identical recorded physical parameters",0,1,9,True
visuotactile_margin_height_seed0_rl,script,primary,44,id,sustained_success_within_force_budget,10,-0.1,-0.3,0.0,"paired environment-seed bootstrap 95%, identical recorded physical parameters",0,9,1,True
visuotactile_margin_height_seed0_rl,script,primary,44,ood,any_native_success,10,0.0,0.0,0.0,"paired environment-seed bootstrap 95%, identical recorded physical parameters",0,10,0,True
visuotactile_margin_height_seed0_rl,script,primary,44,ood,bilateral_contact_at_takeover,10,0.0,0.0,0.0,"paired environment-seed bootstrap 95%, identical recorded physical parameters",0,10,0,False
visuotactile_margin_height_seed0_rl,script,primary,44,ood,final_native_success,10,0.0,0.0,0.0,"paired environment-seed bootstrap 95%, identical recorded physical parameters",0,10,0,True
visuotactile_margin_height_seed0_rl,script,primary,44,ood,force_budget_exceeded,10,-0.5,-0.8,-0.2,"paired environment-seed bootstrap 95%, identical recorded physical parameters",0,5,5,False
visuotactile_margin_height_seed0_rl,script,primary,44,ood,full_episode_peak_normal_N,10,-5.076676654815674,-10.408240158557893,-0.35421854853630386,"paired environment-seed bootstrap 95%, identical recorded physical parameters",5,0,5,False
visuotactile_margin_height_seed0_rl,script,primary,44,ood,intervention_force_budget_exceeded,10,-0.5,-0.8,-0.2,"paired environment-seed bootstrap 95%, identical recorded physical parameters",0,5,5,False
visuotactile_margin_height_seed0_rl,script,primary,44,ood,intervention_peak_normal_N,10,-5.076676654815674,-10.166142641305923,-0.2756224298477187,"paired environment-seed bootstrap 95%, identical recorded physical parameters",5,0,5,False
visuotactile_margin_height_seed0_rl,script,primary,44,ood,native_shaped_return,10,10.649242020607796,8.672579687094636,13.039121373749028,"paired environment-seed bootstrap 95%, identical recorded physical parameters",10,0,0,True
visuotactile_margin_height_seed0_rl,script,primary,44,ood,setup_force_budget_exceeded,10,0.0,0.0,0.0,"paired environment-seed bootstrap 95%, identical recorded physical parameters",0,10,0,False
visuotactile_margin_height_seed0_rl,script,primary,44,ood,setup_peak_normal_N,10,0.0,0.0,0.0,"paired environment-seed bootstrap 95%, identical recorded physical parameters",0,10,0,False
visuotactile_margin_height_seed0_rl,script,primary,44,ood,sustained_10cm_lift_success,10,0.0,0.0,0.0,"paired environment-seed bootstrap 95%, identical recorded physical parameters",0,10,0,True
visuotactile_margin_height_seed0_rl,script,primary,44,ood,sustained_10cm_lift_within_force_budget,10,0.0,0.0,0.0,"paired environment-seed bootstrap 95%, identical recorded physical parameters",0,10,0,True
visuotactile_margin_height_seed0_rl,script,primary,44,ood,sustained_native_success,10,0.0,0.0,0.0,"paired environment-seed bootstrap 95%, identical recorded physical parameters",0,10,0,True
visuotactile_margin_height_seed0_rl,script,primary,44,ood,sustained_success_within_force_budget,10,0.0,0.0,0.0,"paired environment-seed bootstrap 95%, identical recorded physical parameters",0,10,0,True
visuotactile_margin_height_seed0_rl,visuotactile_height_seed0_rl,primary,44,all,any_native_success,20,-0.45,-0.7,-0.25,"paired environment-seed bootstrap 95%, identical recorded physical parameters",0,11,9,True
visuotactile_margin_height_seed0_rl,visuotactile_height_seed0_rl,primary,44,all,bilateral_contact_at_takeover,20,0.0,0.0,0.0,"paired environment-seed bootstrap 95%, identical recorded physical parameters",0,20,0,False
visuotactile_margin_height_seed0_rl,visuotactile_height_seed0_rl,primary,44,all,final_native_success,20,-0.35,-0.55,-0.15,"paired environment-seed bootstrap 95%, identical recorded physical parameters",0,13,7,True
visuotactile_margin_height_seed0_rl,visuotactile_height_seed0_rl,primary,44,all,force_budget_exceeded,20,-0.55,-0.75,-0.35,"paired environment-seed bootstrap 95%, identical recorded physical parameters",0,9,11,False
visuotactile_margin_height_seed0_rl,visuotactile_height_seed0_rl,primary,44,all,full_episode_peak_normal_N,20,-5.752974367141723,-7.785350489467382,-3.7743673934042454,"paired environment-seed bootstrap 95%, identical recorded physical parameters",5,0,15,False
visuotactile_margin_height_seed0_rl,visuotactile_height_seed0_rl,primary,44,all,intervention_force_budget_exceeded,20,-0.55,-0.75,-0.3,"paired environment-seed bootstrap 95%, identical recorded physical parameters",0,9,11,False
visuotactile_margin_height_seed0_rl,visuotactile_height_seed0_rl,primary,44,all,intervention_peak_normal_N,20,-5.752974367141723,-7.71170041590929,-3.750964794605971,"paired environment-seed bootstrap 95%, identical recorded physical parameters",5,0,15,False
visuotactile_margin_height_seed0_rl,visuotactile_height_seed0_rl,primary,44,all,native_shaped_return,20,-24.461972904718543,-38.052336396543495,-11.760641640541332,"paired environment-seed bootstrap 95%, identical recorded physical parameters",7,0,13,True
visuotactile_margin_height_seed0_rl,visuotactile_height_seed0_rl,primary,44,all,setup_force_budget_exceeded,20,0.0,0.0,0.0,"paired environment-seed bootstrap 95%, identical recorded physical parameters",0,20,0,False
visuotactile_margin_height_seed0_rl,visuotactile_height_seed0_rl,primary,44,all,setup_peak_normal_N,20,0.0,0.0,0.0,"paired environment-seed bootstrap 95%, identical recorded physical parameters",0,20,0,False
visuotactile_margin_height_seed0_rl,visuotactile_height_seed0_rl,primary,44,all,sustained_10cm_lift_success,20,-0.45,-0.65,-0.25,"paired environment-seed bootstrap 95%, identical recorded physical parameters",0,11,9,True
visuotactile_margin_height_seed0_rl,visuotactile_height_seed0_rl,primary,44,all,sustained_10cm_lift_within_force_budget,20,-0.2,-0.4,-0.05,"paired environment-seed bootstrap 95%, identical recorded physical parameters",0,16,4,True
visuotactile_margin_height_seed0_rl,visuotactile_height_seed0_rl,primary,44,all,sustained_native_success,20,-0.45,-0.65,-0.25,"paired environment-seed bootstrap 95%, identical recorded physical parameters",0,11,9,True
visuotactile_margin_height_seed0_rl,visuotactile_height_seed0_rl,primary,44,all,sustained_success_within_force_budget,20,-0.2,-0.4,-0.05,"paired environment-seed bootstrap 95%, identical recorded physical parameters",0,16,4,True
visuotactile_margin_height_seed0_rl,visuotactile_height_seed0_rl,primary,44,id,any_native_success,10,-0.9,-1.0,-0.7,"paired environment-seed bootstrap 95%, identical recorded physical parameters",0,1,9,True
visuotactile_margin_height_seed0_rl,visuotactile_height_seed0_rl,primary,44,id,bilateral_contact_at_takeover,10,0.0,0.0,0.0,"paired environment-seed bootstrap 95%, identical recorded physical parameters",0,10,0,False
visuotactile_margin_height_seed0_rl,visuotactile_height_seed0_rl,primary,44,id,final_native_success,10,-0.7,-1.0,-0.4,"paired environment-seed bootstrap 95%, identical recorded physical parameters",0,3,7,True
visuotactile_margin_height_seed0_rl,visuotactile_height_seed0_rl,primary,44,id,force_budget_exceeded,10,-0.5,-0.8,-0.2,"paired environment-seed bootstrap 95%, identical recorded physical parameters",0,5,5,False
visuotactile_margin_height_seed0_rl,visuotactile_height_seed0_rl,primary,44,id,full_episode_peak_normal_N,10,-7.074155664443969,-8.823439839482308,-5.001525248587132,"paired environment-seed bootstrap 95%, identical recorded physical parameters",1,0,9,False
visuotactile_margin_height_seed0_rl,visuotactile_height_seed0_rl,primary,44,id,intervention_force_budget_exceeded,10,-0.5,-0.8,-0.2,"paired environment-seed bootstrap 95%, identical recorded physical parameters",0,5,5,False
visuotactile_margin_height_seed0_rl,visuotactile_height_seed0_rl,primary,44,id,intervention_peak_normal_N,10,-7.074155664443969,-8.797397249042987,-5.117051651477818,"paired environment-seed bootstrap 95%, identical recorded physical parameters",1,0,9,False
visuotactile_margin_height_seed0_rl,visuotactile_height_seed0_rl,primary,44,id,native_shaped_return,10,-52.94309381562819,-58.610151157469346,-45.86149664461382,"paired environment-seed bootstrap 95%, identical recorded physical parameters",0,0,10,True
visuotactile_margin_height_seed0_rl,visuotactile_height_seed0_rl,primary,44,id,setup_force_budget_exceeded,10,0.0,0.0,0.0,"paired environment-seed bootstrap 95%, identical recorded physical parameters",0,10,0,False
visuotactile_margin_height_seed0_rl,visuotactile_height_seed0_rl,primary,44,id,setup_peak_normal_N,10,0.0,0.0,0.0,"paired environment-seed bootstrap 95%, identical recorded physical parameters",0,10,0,False
visuotactile_margin_height_seed0_rl,visuotactile_height_seed0_rl,primary,44,id,sustained_10cm_lift_success,10,-0.9,-1.0,-0.7,"paired environment-seed bootstrap 95%, identical recorded physical parameters",0,1,9,True
visuotactile_margin_height_seed0_rl,visuotactile_height_seed0_rl,primary,44,id,sustained_10cm_lift_within_force_budget,10,-0.4,-0.7,-0.1,"paired environment-seed bootstrap 95%, identical recorded physical parameters",0,6,4,True
visuotactile_margin_height_seed0_rl,visuotactile_height_seed0_rl,primary,44,id,sustained_native_success,10,-0.9,-1.0,-0.7,"paired environment-seed bootstrap 95%, identical recorded physical parameters",0,1,9,True
visuotactile_margin_height_seed0_rl,visuotactile_height_seed0_rl,primary,44,id,sustained_success_within_force_budget,10,-0.4,-0.7,-0.1,"paired environment-seed bootstrap 95%, identical recorded physical parameters",0,6,4,True
visuotactile_margin_height_seed0_rl,visuotactile_height_seed0_rl,primary,44,ood,any_native_success,10,0.0,0.0,0.0,"paired environment-seed bootstrap 95%, identical recorded physical parameters",0,10,0,True
visuotactile_margin_height_seed0_rl,visuotactile_height_seed0_rl,primary,44,ood,bilateral_contact_at_takeover,10,0.0,0.0,0.0,"paired environment-seed bootstrap 95%, identical recorded physical parameters",0,10,0,False
visuotactile_margin_height_seed0_rl,visuotactile_height_seed0_rl,primary,44,ood,final_native_success,10,0.0,0.0,0.0,"paired environment-seed bootstrap 95%, identical recorded physical parameters",0,10,0,True
visuotactile_margin_height_seed0_rl,visuotactile_height_seed0_rl,primary,44,ood,force_budget_exceeded,10,-0.6,-0.9,-0.3,"paired environment-seed bootstrap 95%, identical recorded physical parameters",0,4,6,False
visuotactile_margin_height_seed0_rl,visuotactile_height_seed0_rl,primary,44,ood,full_episode_peak_normal_N,10,-4.431793069839477,-7.882192611694336,-1.3863263940811164,"paired environment-seed bootstrap 95%, identical recorded physical parameters",4,0,6,False
visuotactile_margin_height_seed0_rl,visuotactile_height_seed0_rl,primary,44,ood,intervention_force_budget_exceeded,10,-0.6,-0.9,-0.3,"paired environment-seed bootstrap 95%, identical recorded physical parameters",0,4,6,False
visuotactile_margin_height_seed0_rl,visuotactile_height_seed0_rl,primary,44,ood,intervention_peak_normal_N,10,-4.431793069839477,-8.061541880369186,-1.4374276912212385,"paired environment-seed bootstrap 95%, identical recorded physical parameters",4,0,6,False
visuotactile_margin_height_seed0_rl,visuotactile_height_seed0_rl,primary,44,ood,native_shaped_return,10,4.0191480061910925,1.321881351590335,6.903595590749253,"paired environment-seed bootstrap 95%, identical recorded physical parameters",7,0,3,True
visuotactile_margin_height_seed0_rl,visuotactile_height_seed0_rl,primary,44,ood,setup_force_budget_exceeded,10,0.0,0.0,0.0,"paired environment-seed bootstrap 95%, identical recorded physical parameters",0,10,0,False
visuotactile_margin_height_seed0_rl,visuotactile_height_seed0_rl,primary,44,ood,setup_peak_normal_N,10,0.0,0.0,0.0,"paired environment-seed bootstrap 95%, identical recorded physical parameters",0,10,0,False
visuotactile_margin_height_seed0_rl,visuotactile_height_seed0_rl,primary,44,ood,sustained_10cm_lift_success,10,0.0,0.0,0.0,"paired environment-seed bootstrap 95%, identical recorded physical parameters",0,10,0,True
visuotactile_margin_height_seed0_rl,visuotactile_height_seed0_rl,primary,44,ood,sustained_10cm_lift_within_force_budget,10,0.0,0.0,0.0,"paired environment-seed bootstrap 95%, identical recorded physical parameters",0,10,0,True
visuotactile_margin_height_seed0_rl,visuotactile_height_seed0_rl,primary,44,ood,sustained_native_success,10,0.0,0.0,0.0,"paired environment-seed bootstrap 95%, identical recorded physical parameters",0,10,0,True
visuotactile_margin_height_seed0_rl,visuotactile_height_seed0_rl,primary,44,ood,sustained_success_within_force_budget,10,0.0,0.0,0.0,"paired environment-seed bootstrap 95%, identical recorded physical parameters",0,10,0,True
visuotactile_margin_height_seed0_rl,visuotactile_margin_native_seed0_rl,primary,44,all,any_native_success,20,-0.05,-0.15,0.0,"paired environment-seed bootstrap 95%, identical recorded physical parameters",0,19,1,True
visuotactile_margin_height_seed0_rl,visuotactile_margin_native_seed0_rl,primary,44,all,bilateral_contact_at_takeover,20,0.0,0.0,0.0,"paired environment-seed bootstrap 95%, identical recorded physical parameters",0,20,0,False
visuotactile_margin_height_seed0_rl,visuotactile_margin_native_seed0_rl,primary,44,all,final_native_success,20,-0.05,-0.15,0.0,"paired environment-seed bootstrap 95%, identical recorded physical parameters",0,19,1,True
visuotactile_margin_height_seed0_rl,visuotactile_margin_native_seed0_rl,primary,44,all,force_budget_exceeded,20,0.0,0.0,0.0,"paired environment-seed bootstrap 95%, identical recorded physical parameters",0,20,0,False
visuotactile_margin_height_seed0_rl,visuotactile_margin_native_seed0_rl,primary,44,all,full_episode_peak_normal_N,20,0.9784185767173768,-0.2445441399514675,2.214716678410768,"paired environment-seed bootstrap 95%, identical recorded physical parameters",10,3,7,False
visuotactile_margin_height_seed0_rl,visuotactile_margin_native_seed0_rl,primary,44,all,intervention_force_budget_exceeded,20,0.0,0.0,0.0,"paired environment-seed bootstrap 95%, identical recorded physical parameters",0,20,0,False
visuotactile_margin_height_seed0_rl,visuotactile_margin_native_seed0_rl,primary,44,all,intervention_peak_normal_N,20,1.033748698234558,-0.13466245755553244,2.205716828852892,"paired environment-seed bootstrap 95%, identical recorded physical parameters",10,3,7,False
visuotactile_margin_height_seed0_rl,visuotactile_margin_native_seed0_rl,primary,44,all,native_shaped_return,20,-0.5855435061506717,-2.23998127314586,0.9732471171039165,"paired environment-seed bootstrap 95%, identical recorded physical parameters",10,0,10,True
visuotactile_margin_height_seed0_rl,visuotactile_margin_native_seed0_rl,primary,44,all,setup_force_budget_exceeded,20,0.0,0.0,0.0,"paired environment-seed bootstrap 95%, identical recorded physical parameters",0,20,0,False
visuotactile_margin_height_seed0_rl,visuotactile_margin_native_seed0_rl,primary,44,all,setup_peak_normal_N,20,0.0,0.0,0.0,"paired environment-seed bootstrap 95%, identical recorded physical parameters",0,20,0,False
visuotactile_margin_height_seed0_rl,visuotactile_margin_native_seed0_rl,primary,44,all,sustained_10cm_lift_success,20,0.0,0.0,0.0,"paired environment-seed bootstrap 95%, identical recorded physical parameters",0,20,0,True
visuotactile_margin_height_seed0_rl,visuotactile_margin_native_seed0_rl,primary,44,all,sustained_10cm_lift_within_force_budget,20,0.0,0.0,0.0,"paired environment-seed bootstrap 95%, identical recorded physical parameters",0,20,0,True
visuotactile_margin_height_seed0_rl,visuotactile_margin_native_seed0_rl,primary,44,all,sustained_native_success,20,0.0,0.0,0.0,"paired environment-seed bootstrap 95%, identical recorded physical parameters",0,20,0,True
visuotactile_margin_height_seed0_rl,visuotactile_margin_native_seed0_rl,primary,44,all,sustained_success_within_force_budget,20,0.0,0.0,0.0,"paired environment-seed bootstrap 95%, identical recorded physical parameters",0,20,0,True
visuotactile_margin_height_seed0_rl,visuotactile_margin_native_seed0_rl,primary,44,id,any_native_success,10,-0.1,-0.3,0.0,"paired environment-seed bootstrap 95%, identical recorded physical parameters",0,9,1,True
visuotactile_margin_height_seed0_rl,visuotactile_margin_native_seed0_rl,primary,44,id,bilateral_contact_at_takeover,10,0.0,0.0,0.0,"paired environment-seed bootstrap 95%, identical recorded physical parameters",0,10,0,False
visuotactile_margin_height_seed0_rl,visuotactile_margin_native_seed0_rl,primary,44,id,final_native_success,10,-0.1,-0.3,0.0,"paired environment-seed bootstrap 95%, identical recorded physical parameters",0,9,1,True
visuotactile_margin_height_seed0_rl,visuotactile_margin_native_seed0_rl,primary,44,id,force_budget_exceeded,10,0.0,0.0,0.0,"paired environment-seed bootstrap 95%, identical recorded physical parameters",0,10,0,False
visuotactile_margin_height_seed0_rl,visuotactile_margin_native_seed0_rl,primary,44,id,full_episode_peak_normal_N,10,-0.5454179048538208,-1.7830078640580178,0.5955878880619997,"paired environment-seed bootstrap 95%, identical recorded physical parameters",2,3,5,False
visuotactile_margin_height_seed0_rl,visuotactile_margin_native_seed0_rl,primary,44,id,intervention_force_budget_exceeded,10,0.0,0.0,0.0,"paired environment-seed bootstrap 95%, identical recorded physical parameters",0,10,0,False
visuotactile_margin_height_seed0_rl,visuotactile_margin_native_seed0_rl,primary,44,id,intervention_peak_normal_N,10,-0.434757661819458,-1.5714196407794954,0.6268865612149236,"paired environment-seed bootstrap 95%, identical recorded physical parameters",2,3,5,False
visuotactile_margin_height_seed0_rl,visuotactile_margin_native_seed0_rl,primary,44,id,native_shaped_return,10,-0.9404684278953184,-3.9172956518000577,1.846712398951705,"paired environment-seed bootstrap 95%, identical recorded physical parameters",6,0,4,True
visuotactile_margin_height_seed0_rl,visuotactile_margin_native_seed0_rl,primary,44,id,setup_force_budget_exceeded,10,0.0,0.0,0.0,"paired environment-seed bootstrap 95%, identical recorded physical parameters",0,10,0,False
visuotactile_margin_height_seed0_rl,visuotactile_margin_native_seed0_rl,primary,44,id,setup_peak_normal_N,10,0.0,0.0,0.0,"paired environment-seed bootstrap 95%, identical recorded physical parameters",0,10,0,False
visuotactile_margin_height_seed0_rl,visuotactile_margin_native_seed0_rl,primary,44,id,sustained_10cm_lift_success,10,0.0,0.0,0.0,"paired environment-seed bootstrap 95%, identical recorded physical parameters",0,10,0,True
visuotactile_margin_height_seed0_rl,visuotactile_margin_native_seed0_rl,primary,44,id,sustained_10cm_lift_within_force_budget,10,0.0,0.0,0.0,"paired environment-seed bootstrap 95%, identical recorded physical parameters",0,10,0,True
visuotactile_margin_height_seed0_rl,visuotactile_margin_native_seed0_rl,primary,44,id,sustained_native_success,10,0.0,0.0,0.0,"paired environment-seed bootstrap 95%, identical recorded physical parameters",0,10,0,True
visuotactile_margin_height_seed0_rl,visuotactile_margin_native_seed0_rl,primary,44,id,sustained_success_within_force_budget,10,0.0,0.0,0.0,"paired environment-seed bootstrap 95%, identical recorded physical parameters",0,10,0,True
visuotactile_margin_height_seed0_rl,visuotactile_margin_native_seed0_rl,primary,44,ood,any_native_success,10,0.0,0.0,0.0,"paired environment-seed bootstrap 95%, identical recorded physical parameters",0,10,0,True
visuotactile_margin_height_seed0_rl,visuotactile_margin_native_seed0_rl,primary,44,ood,bilateral_contact_at_takeover,10,0.0,0.0,0.0,"paired environment-seed bootstrap 95%, identical recorded physical parameters",0,10,0,False
visuotactile_margin_height_seed0_rl,visuotactile_margin_native_seed0_rl,primary,44,ood,final_native_success,10,0.0,0.0,0.0,"paired environment-seed bootstrap 95%, identical recorded physical parameters",0,10,0,True
visuotactile_margin_height_seed0_rl,visuotactile_margin_native_seed0_rl,primary,44,ood,force_budget_exceeded,10,0.0,0.0,0.0,"paired environment-seed bootstrap 95%, identical recorded physical parameters",0,10,0,False
visuotactile_margin_height_seed0_rl,visuotactile_margin_native_seed0_rl,primary,44,ood,full_episode_peak_normal_N,10,2.5022550582885743,0.899717777967453,4.220336114168166,"paired environment-seed bootstrap 95%, identical recorded physical parameters",8,0,2,False
visuotactile_margin_height_seed0_rl,visuotactile_margin_native_seed0_rl,primary,44,ood,intervention_force_budget_exceeded,10,0.0,0.0,0.0,"paired environment-seed bootstrap 95%, identical recorded physical parameters",0,10,0,False
visuotactile_margin_height_seed0_rl,visuotactile_margin_native_seed0_rl,primary,44,ood,intervention_peak_normal_N,10,2.5022550582885743,0.8529139149188996,4.26616712450981,"paired environment-seed bootstrap 95%, identical recorded physical parameters",8,0,2,False
visuotactile_margin_height_seed0_rl,visuotactile_margin_native_seed0_rl,primary,44,ood,native_shaped_return,10,-0.2306185844060252,-1.5767489237960965,1.1692245128612295,"paired environment-seed bootstrap 95%, identical recorded physical parameters",4,0,6,True
visuotactile_margin_height_seed0_rl,visuotactile_margin_native_seed0_rl,primary,44,ood,setup_force_budget_exceeded,10,0.0,0.0,0.0,"paired environment-seed bootstrap 95%, identical recorded physical parameters",0,10,0,False
visuotactile_margin_height_seed0_rl,visuotactile_margin_native_seed0_rl,primary,44,ood,setup_peak_normal_N,10,0.0,0.0,0.0,"paired environment-seed bootstrap 95%, identical recorded physical parameters",0,10,0,False
visuotactile_margin_height_seed0_rl,visuotactile_margin_native_seed0_rl,primary,44,ood,sustained_10cm_lift_success,10,0.0,0.0,0.0,"paired environment-seed bootstrap 95%, identical recorded physical parameters",0,10,0,True
visuotactile_margin_height_seed0_rl,visuotactile_margin_native_seed0_rl,primary,44,ood,sustained_10cm_lift_within_force_budget,10,0.0,0.0,0.0,"paired environment-seed bootstrap 95%, identical recorded physical parameters",0,10,0,True
visuotactile_margin_height_seed0_rl,visuotactile_margin_native_seed0_rl,primary,44,ood,sustained_native_success,10,0.0,0.0,0.0,"paired environment-seed bootstrap 95%, identical recorded physical parameters",0,10,0,True
visuotactile_margin_height_seed0_rl,visuotactile_margin_native_seed0_rl,primary,44,ood,sustained_success_within_force_budget,10,0.0,0.0,0.0,"paired environment-seed bootstrap 95%, identical recorded physical parameters",0,10,0,True
visuotactile_margin_height_seed0_rl,visuotactile_seed0_bc,primary,44,all,any_native_success,20,-0.35,-0.55,-0.15,"paired environment-seed bootstrap 95%, identical recorded physical parameters",0,13,7,True
visuotactile_margin_height_seed0_rl,visuotactile_seed0_bc,primary,44,all,bilateral_contact_at_takeover,20,0.0,0.0,0.0,"paired environment-seed bootstrap 95%, identical recorded physical parameters",0,20,0,False
visuotactile_margin_height_seed0_rl,visuotactile_seed0_bc,primary,44,all,final_native_success,20,-0.4,-0.6,-0.2,"paired environment-seed bootstrap 95%, identical recorded physical parameters",0,12,8,True
visuotactile_margin_height_seed0_rl,visuotactile_seed0_bc,primary,44,all,force_budget_exceeded,20,-0.4,-0.60125,-0.2,"paired environment-seed bootstrap 95%, identical recorded physical parameters",0,12,8,False
visuotactile_margin_height_seed0_rl,visuotactile_seed0_bc,primary,44,all,full_episode_peak_normal_N,20,-6.819772708415985,-9.890999202430248,-3.8662386341393,"paired environment-seed bootstrap 95%, identical recorded physical parameters",4,1,15,False
visuotactile_margin_height_seed0_rl,visuotactile_seed0_bc,primary,44,all,intervention_force_budget_exceeded,20,-0.35,-0.55,-0.15,"paired environment-seed bootstrap 95%, identical recorded physical parameters",0,13,7,False
visuotactile_margin_height_seed0_rl,visuotactile_seed0_bc,primary,44,all,intervention_peak_normal_N,20,-5.811641824245453,-8.807202385365962,-3.0354540185630325,"paired environment-seed bootstrap 95%, identical recorded physical parameters",6,1,13,False
visuotactile_margin_height_seed0_rl,visuotactile_seed0_bc,primary,44,all,native_shaped_return,20,-7.4623030418545655,-17.00284921195744,1.9751470214197424,"paired environment-seed bootstrap 95%, identical recorded physical parameters",7,0,13,True
visuotactile_margin_height_seed0_rl,visuotactile_seed0_bc,primary,44,all,setup_force_budget_exceeded,20,0.0,0.0,0.0,"paired environment-seed bootstrap 95%, identical recorded physical parameters",0,20,0,False
visuotactile_margin_height_seed0_rl,visuotactile_seed0_bc,primary,44,all,setup_peak_normal_N,20,0.0,0.0,0.0,"paired environment-seed bootstrap 95%, identical recorded physical parameters",0,20,0,False
visuotactile_margin_height_seed0_rl,visuotactile_seed0_bc,primary,44,all,sustained_10cm_lift_success,20,-0.05,-0.15,0.0,"paired environment-seed bootstrap 95%, identical recorded physical parameters",0,19,1,True
visuotactile_margin_height_seed0_rl,visuotactile_seed0_bc,primary,44,all,sustained_10cm_lift_within_force_budget,20,-0.05,-0.15,0.0,"paired environment-seed bootstrap 95%, identical recorded physical parameters",0,19,1,True
visuotactile_margin_height_seed0_rl,visuotactile_seed0_bc,primary,44,all,sustained_native_success,20,-0.05,-0.25,0.1,"paired environment-seed bootstrap 95%, identical recorded physical parameters",1,17,2,True
visuotactile_margin_height_seed0_rl,visuotactile_seed0_bc,primary,44,all,sustained_success_within_force_budget,20,0.0,-0.15,0.15,"paired environment-seed bootstrap 95%, identical recorded physical parameters",1,18,1,True
visuotactile_margin_height_seed0_rl,visuotactile_seed0_bc,primary,44,id,any_native_success,10,-0.7,-1.0,-0.4,"paired environment-seed bootstrap 95%, identical recorded physical parameters",0,3,7,True
visuotactile_margin_height_seed0_rl,visuotactile_seed0_bc,primary,44,id,bilateral_contact_at_takeover,10,0.0,0.0,0.0,"paired environment-seed bootstrap 95%, identical recorded physical parameters",0,10,0,False
visuotactile_margin_height_seed0_rl,visuotactile_seed0_bc,primary,44,id,final_native_success,10,-0.8,-1.0,-0.5,"paired environment-seed bootstrap 95%, identical recorded physical parameters",0,2,8,True
visuotactile_margin_height_seed0_rl,visuotactile_seed0_bc,primary,44,id,force_budget_exceeded,10,-0.3,-0.6,0.0,"paired environment-seed bootstrap 95%, identical recorded physical parameters",0,7,3,False
visuotactile_margin_height_seed0_rl,visuotactile_seed0_bc,primary,44,id,full_episode_peak_normal_N,10,-7.486518621444702,-11.44048262923956,-3.7275688555836686,"paired environment-seed bootstrap 95%, identical recorded physical parameters",0,1,9,False
visuotactile_margin_height_seed0_rl,visuotactile_seed0_bc,primary,44,id,intervention_force_budget_exceeded,10,-0.3,-0.6,-0.1,"paired environment-seed bootstrap 95%, identical recorded physical parameters",0,7,3,False
visuotactile_margin_height_seed0_rl,visuotactile_seed0_bc,primary,44,id,intervention_peak_normal_N,10,-7.486366224288941,-11.560315273106097,-3.8652591866254813,"paired environment-seed bootstrap 95%, identical recorded physical parameters",0,1,9,False
visuotactile_margin_height_seed0_rl,visuotactile_seed0_bc,primary,44,id,native_shaped_return,10,-16.11585623134518,-29.243899894102892,-2.1115088087801057,"paired environment-seed bootstrap 95%, identical recorded physical parameters",2,0,8,True
visuotactile_margin_height_seed0_rl,visuotactile_seed0_bc,primary,44,id,setup_force_budget_exceeded,10,0.0,0.0,0.0,"paired environment-seed bootstrap 95%, identical recorded physical parameters",0,10,0,False
visuotactile_margin_height_seed0_rl,visuotactile_seed0_bc,primary,44,id,setup_peak_normal_N,10,0.0,0.0,0.0,"paired environment-seed bootstrap 95%, identical recorded physical parameters",0,10,0,False
visuotactile_margin_height_seed0_rl,visuotactile_seed0_bc,primary,44,id,sustained_10cm_lift_success,10,-0.1,-0.3,0.0,"paired environment-seed bootstrap 95%, identical recorded physical parameters",0,9,1,True
visuotactile_margin_height_seed0_rl,visuotactile_seed0_bc,primary,44,id,sustained_10cm_lift_within_force_budget,10,-0.1,-0.3,0.0,"paired environment-seed bootstrap 95%, identical recorded physical parameters",0,9,1,True
visuotactile_margin_height_seed0_rl,visuotactile_seed0_bc,primary,44,id,sustained_native_success,10,-0.1,-0.4,0.2,"paired environment-seed bootstrap 95%, identical recorded physical parameters",1,7,2,True
visuotactile_margin_height_seed0_rl,visuotactile_seed0_bc,primary,44,id,sustained_success_within_force_budget,10,0.0,-0.3,0.3,"paired environment-seed bootstrap 95%, identical recorded physical parameters",1,8,1,True
visuotactile_margin_height_seed0_rl,visuotactile_seed0_bc,primary,44,ood,any_native_success,10,0.0,0.0,0.0,"paired environment-seed bootstrap 95%, identical recorded physical parameters",0,10,0,True
visuotactile_margin_height_seed0_rl,visuotactile_seed0_bc,primary,44,ood,bilateral_contact_at_takeover,10,0.0,0.0,0.0,"paired environment-seed bootstrap 95%, identical recorded physical parameters",0,10,0,False
visuotactile_margin_height_seed0_rl,visuotactile_seed0_bc,primary,44,ood,final_native_success,10,0.0,0.0,0.0,"paired environment-seed bootstrap 95%, identical recorded physical parameters",0,10,0,True
visuotactile_margin_height_seed0_rl,visuotactile_seed0_bc,primary,44,ood,force_budget_exceeded,10,-0.5,-0.8,-0.2,"paired environment-seed bootstrap 95%, identical recorded physical parameters",0,5,5,False
visuotactile_margin_height_seed0_rl,visuotactile_seed0_bc,primary,44,ood,full_episode_peak_normal_N,10,-6.153026795387268,-11.000570862293243,-1.6339367580413837,"paired environment-seed bootstrap 95%, identical recorded physical parameters",4,0,6,False
visuotactile_margin_height_seed0_rl,visuotactile_seed0_bc,primary,44,ood,intervention_force_budget_exceeded,10,-0.4,-0.7,-0.1,"paired environment-seed bootstrap 95%, identical recorded physical parameters",0,6,4,False
visuotactile_margin_height_seed0_rl,visuotactile_seed0_bc,primary,44,ood,intervention_peak_normal_N,10,-4.1369174242019655,-8.557599793672562,-0.6692871850728993,"paired environment-seed bootstrap 95%, identical recorded physical parameters",6,0,4,False
visuotactile_margin_height_seed0_rl,visuotactile_seed0_bc,primary,44,ood,native_shaped_return,10,1.1912501476360504,-8.203485070273478,10.03307118735226,"paired environment-seed bootstrap 95%, identical recorded physical parameters",5,0,5,True
visuotactile_margin_height_seed0_rl,visuotactile_seed0_bc,primary,44,ood,setup_force_budget_exceeded,10,0.0,0.0,0.0,"paired environment-seed bootstrap 95%, identical recorded physical parameters",0,10,0,False
visuotactile_margin_height_seed0_rl,visuotactile_seed0_bc,primary,44,ood,setup_peak_normal_N,10,0.0,0.0,0.0,"paired environment-seed bootstrap 95%, identical recorded physical parameters",0,10,0,False
visuotactile_margin_height_seed0_rl,visuotactile_seed0_bc,primary,44,ood,sustained_10cm_lift_success,10,0.0,0.0,0.0,"paired environment-seed bootstrap 95%, identical recorded physical parameters",0,10,0,True
visuotactile_margin_height_seed0_rl,visuotactile_seed0_bc,primary,44,ood,sustained_10cm_lift_within_force_budget,10,0.0,0.0,0.0,"paired environment-seed bootstrap 95%, identical recorded physical parameters",0,10,0,True
visuotactile_margin_height_seed0_rl,visuotactile_seed0_bc,primary,44,ood,sustained_native_success,10,0.0,0.0,0.0,"paired environment-seed bootstrap 95%, identical recorded physical parameters",0,10,0,True
visuotactile_margin_height_seed0_rl,visuotactile_seed0_bc,primary,44,ood,sustained_success_within_force_budget,10,0.0,0.0,0.0,"paired environment-seed bootstrap 95%, identical recorded physical parameters",0,10,0,True
visuotactile_margin_height_seed1_rl,force_feedback,primary,44,all,any_native_success,20,-0.05,-0.15,0.0,"paired environment-seed bootstrap 95%, identical recorded physical parameters",0,19,1,True
visuotactile_margin_height_seed1_rl,force_feedback,primary,44,all,bilateral_contact_at_takeover,20,0.0,0.0,0.0,"paired environment-seed bootstrap 95%, identical recorded physical parameters",0,20,0,False
visuotactile_margin_height_seed1_rl,force_feedback,primary,44,all,final_native_success,20,-0.2,-0.4,-0.05,"paired environment-seed bootstrap 95%, identical recorded physical parameters",0,16,4,True
visuotactile_margin_height_seed1_rl,force_feedback,primary,44,all,force_budget_exceeded,20,0.1,-0.1,0.3,"paired environment-seed bootstrap 95%, identical recorded physical parameters",3,16,1,False
visuotactile_margin_height_seed1_rl,force_feedback,primary,44,all,full_episode_peak_normal_N,20,-0.04470047950744629,-0.9425833171606064,0.7435620826482767,"paired environment-seed bootstrap 95%, identical recorded physical parameters",13,0,7,False
visuotactile_margin_height_seed1_rl,force_feedback,primary,44,all,intervention_force_budget_exceeded,20,0.15,0.0,0.3,"paired environment-seed bootstrap 95%, identical recorded physical parameters",3,17,0,False
visuotactile_margin_height_seed1_rl,force_feedback,primary,44,all,intervention_peak_normal_N,20,0.35939655303955076,-0.48810255646705625,1.1199162918329235,"paired environment-seed bootstrap 95%, identical recorded physical parameters",14,0,6,False
visuotactile_margin_height_seed1_rl,force_feedback,primary,44,all,native_shaped_return,20,-2.6056061969498012,-13.61555685614994,7.612264285166658,"paired environment-seed bootstrap 95%, identical recorded physical parameters",16,0,4,True
visuotactile_margin_height_seed1_rl,force_feedback,primary,44,all,setup_force_budget_exceeded,20,0.0,0.0,0.0,"paired environment-seed bootstrap 95%, identical recorded physical parameters",0,20,0,False
visuotactile_margin_height_seed1_rl,force_feedback,primary,44,all,setup_peak_normal_N,20,0.0,0.0,0.0,"paired environment-seed bootstrap 95%, identical recorded physical parameters",0,20,0,False
visuotactile_margin_height_seed1_rl,force_feedback,primary,44,all,sustained_10cm_lift_success,20,-0.2,-0.4,-0.05,"paired environment-seed bootstrap 95%, identical recorded physical parameters",0,16,4,True
visuotactile_margin_height_seed1_rl,force_feedback,primary,44,all,sustained_10cm_lift_within_force_budget,20,-0.15,-0.3,0.0,"paired environment-seed bootstrap 95%, identical recorded physical parameters",0,17,3,True
visuotactile_margin_height_seed1_rl,force_feedback,primary,44,all,sustained_native_success,20,-0.2,-0.4,-0.05,"paired environment-seed bootstrap 95%, identical recorded physical parameters",0,16,4,True
visuotactile_margin_height_seed1_rl,force_feedback,primary,44,all,sustained_success_within_force_budget,20,-0.15,-0.3,0.0,"paired environment-seed bootstrap 95%, identical recorded physical parameters",0,17,3,True
visuotactile_margin_height_seed1_rl,force_feedback,primary,44,id,any_native_success,10,-0.1,-0.3,0.0,"paired environment-seed bootstrap 95%, identical recorded physical parameters",0,9,1,True
visuotactile_margin_height_seed1_rl,force_feedback,primary,44,id,bilateral_contact_at_takeover,10,0.0,0.0,0.0,"paired environment-seed bootstrap 95%, identical recorded physical parameters",0,10,0,False
visuotactile_margin_height_seed1_rl,force_feedback,primary,44,id,final_native_success,10,-0.4,-0.7,-0.1,"paired environment-seed bootstrap 95%, identical recorded physical parameters",0,6,4,True
visuotactile_margin_height_seed1_rl,force_feedback,primary,44,id,force_budget_exceeded,10,-0.1,-0.3,0.0,"paired environment-seed bootstrap 95%, identical recorded physical parameters",0,9,1,False
visuotactile_margin_height_seed1_rl,force_feedback,primary,44,id,full_episode_peak_normal_N,10,-0.68333740234375,-2.11559879899025,0.5373761343955988,"paired environment-seed bootstrap 95%, identical recorded physical parameters",6,0,4,False
visuotactile_margin_height_seed1_rl,force_feedback,primary,44,id,intervention_force_budget_exceeded,10,0.0,0.0,0.0,"paired environment-seed bootstrap 95%, identical recorded physical parameters",0,10,0,False
visuotactile_margin_height_seed1_rl,force_feedback,primary,44,id,intervention_peak_normal_N,10,0.12485666275024414,-1.2923628556728364,1.1561062812805176,"paired environment-seed bootstrap 95%, identical recorded physical parameters",7,0,3,False
visuotactile_margin_height_seed1_rl,force_feedback,primary,44,id,native_shaped_return,10,-12.118058741895112,-33.29620252002177,7.2689301241218995,"paired environment-seed bootstrap 95%, identical recorded physical parameters",6,0,4,True
visuotactile_margin_height_seed1_rl,force_feedback,primary,44,id,setup_force_budget_exceeded,10,0.0,0.0,0.0,"paired environment-seed bootstrap 95%, identical recorded physical parameters",0,10,0,False
visuotactile_margin_height_seed1_rl,force_feedback,primary,44,id,setup_peak_normal_N,10,0.0,0.0,0.0,"paired environment-seed bootstrap 95%, identical recorded physical parameters",0,10,0,False
visuotactile_margin_height_seed1_rl,force_feedback,primary,44,id,sustained_10cm_lift_success,10,-0.4,-0.7,-0.1,"paired environment-seed bootstrap 95%, identical recorded physical parameters",0,6,4,True
visuotactile_margin_height_seed1_rl,force_feedback,primary,44,id,sustained_10cm_lift_within_force_budget,10,-0.3,-0.6,-0.09750000000001365,"paired environment-seed bootstrap 95%, identical recorded physical parameters",0,7,3,True
visuotactile_margin_height_seed1_rl,force_feedback,primary,44,id,sustained_native_success,10,-0.4,-0.7,-0.1,"paired environment-seed bootstrap 95%, identical recorded physical parameters",0,6,4,True
visuotactile_margin_height_seed1_rl,force_feedback,primary,44,id,sustained_success_within_force_budget,10,-0.3,-0.6,0.0,"paired environment-seed bootstrap 95%, identical recorded physical parameters",0,7,3,True
visuotactile_margin_height_seed1_rl,force_feedback,primary,44,ood,any_native_success,10,0.0,0.0,0.0,"paired environment-seed bootstrap 95%, identical recorded physical parameters",0,10,0,True
visuotactile_margin_height_seed1_rl,force_feedback,primary,44,ood,bilateral_contact_at_takeover,10,0.0,0.0,0.0,"paired environment-seed bootstrap 95%, identical recorded physical parameters",0,10,0,False
visuotactile_margin_height_seed1_rl,force_feedback,primary,44,ood,final_native_success,10,0.0,0.0,0.0,"paired environment-seed bootstrap 95%, identical recorded physical parameters",0,10,0,True
visuotactile_margin_height_seed1_rl,force_feedback,primary,44,ood,force_budget_exceeded,10,0.3,0.1,0.6,"paired environment-seed bootstrap 95%, identical recorded physical parameters",3,7,0,False
visuotactile_margin_height_seed1_rl,force_feedback,primary,44,ood,full_episode_peak_normal_N,10,0.5939364433288574,-0.43564708590507506,1.5305776965618134,"paired environment-seed bootstrap 95%, identical recorded physical parameters",7,0,3,False
visuotactile_margin_height_seed1_rl,force_feedback,primary,44,ood,intervention_force_budget_exceeded,10,0.3,0.1,0.6,"paired environment-seed bootstrap 95%, identical recorded physical parameters",3,7,0,False
visuotactile_margin_height_seed1_rl,force_feedback,primary,44,ood,intervention_peak_normal_N,10,0.5939364433288574,-0.46020545840263366,1.537695344686508,"paired environment-seed bootstrap 95%, identical recorded physical parameters",7,0,3,False
visuotactile_margin_height_seed1_rl,force_feedback,primary,44,ood,native_shaped_return,10,6.906846347995511,5.228946978389105,9.11710141756669,"paired environment-seed bootstrap 95%, identical recorded physical parameters",10,0,0,True
visuotactile_margin_height_seed1_rl,force_feedback,primary,44,ood,setup_force_budget_exceeded,10,0.0,0.0,0.0,"paired environment-seed bootstrap 95%, identical recorded physical parameters",0,10,0,False
visuotactile_margin_height_seed1_rl,force_feedback,primary,44,ood,setup_peak_normal_N,10,0.0,0.0,0.0,"paired environment-seed bootstrap 95%, identical recorded physical parameters",0,10,0,False
visuotactile_margin_height_seed1_rl,force_feedback,primary,44,ood,sustained_10cm_lift_success,10,0.0,0.0,0.0,"paired environment-seed bootstrap 95%, identical recorded physical parameters",0,10,0,True
visuotactile_margin_height_seed1_rl,force_feedback,primary,44,ood,sustained_10cm_lift_within_force_budget,10,0.0,0.0,0.0,"paired environment-seed bootstrap 95%, identical recorded physical parameters",0,10,0,True
visuotactile_margin_height_seed1_rl,force_feedback,primary,44,ood,sustained_native_success,10,0.0,0.0,0.0,"paired environment-seed bootstrap 95%, identical recorded physical parameters",0,10,0,True
visuotactile_margin_height_seed1_rl,force_feedback,primary,44,ood,sustained_success_within_force_budget,10,0.0,0.0,0.0,"paired environment-seed bootstrap 95%, identical recorded physical parameters",0,10,0,True
visuotactile_margin_height_seed1_rl,script,primary,44,all,any_native_success,20,-0.05,-0.15,0.0,"paired environment-seed bootstrap 95%, identical recorded physical parameters",0,19,1,True
visuotactile_margin_height_seed1_rl,script,primary,44,all,bilateral_contact_at_takeover,20,0.0,0.0,0.0,"paired environment-seed bootstrap 95%, identical recorded physical parameters",0,20,0,False
visuotactile_margin_height_seed1_rl,script,primary,44,all,final_native_success,20,-0.2,-0.4,-0.05,"paired environment-seed bootstrap 95%, identical recorded physical parameters",0,16,4,True
visuotactile_margin_height_seed1_rl,script,primary,44,all,force_budget_exceeded,20,-0.35,-0.6,-0.1,"paired environment-seed bootstrap 95%, identical recorded physical parameters",1,11,8,False
visuotactile_margin_height_seed1_rl,script,primary,44,all,full_episode_peak_normal_N,20,-4.212257027626038,-6.830610430240631,-1.7326798164844552,"paired environment-seed bootstrap 95%, identical recorded physical parameters",6,0,14,False
visuotactile_margin_height_seed1_rl,script,primary,44,all,intervention_force_budget_exceeded,20,-0.45,-0.7,-0.2,"paired environment-seed bootstrap 95%, identical recorded physical parameters",1,9,10,False
visuotactile_margin_height_seed1_rl,script,primary,44,all,intervention_peak_normal_N,20,-4.84692349433899,-7.830066931843757,-1.9172201770544057,"paired environment-seed bootstrap 95%, identical recorded physical parameters",6,0,14,False
visuotactile_margin_height_seed1_rl,script,primary,44,all,native_shaped_return,20,-3.0810352773278877,-14.12813092766279,6.742900694094053,"paired environment-seed bootstrap 95%, identical recorded physical parameters",16,0,4,True
visuotactile_margin_height_seed1_rl,script,primary,44,all,setup_force_budget_exceeded,20,0.0,0.0,0.0,"paired environment-seed bootstrap 95%, identical recorded physical parameters",0,20,0,False
visuotactile_margin_height_seed1_rl,script,primary,44,all,setup_peak_normal_N,20,0.0,0.0,0.0,"paired environment-seed bootstrap 95%, identical recorded physical parameters",0,20,0,False
visuotactile_margin_height_seed1_rl,script,primary,44,all,sustained_10cm_lift_success,20,-0.2,-0.4,-0.05,"paired environment-seed bootstrap 95%, identical recorded physical parameters",0,16,4,True
visuotactile_margin_height_seed1_rl,script,primary,44,all,sustained_10cm_lift_within_force_budget,20,0.1,-0.05,0.3,"paired environment-seed bootstrap 95%, identical recorded physical parameters",3,16,1,True
visuotactile_margin_height_seed1_rl,script,primary,44,all,sustained_native_success,20,-0.2,-0.3512499999999999,-0.05,"paired environment-seed bootstrap 95%, identical recorded physical parameters",0,16,4,True
visuotactile_margin_height_seed1_rl,script,primary,44,all,sustained_success_within_force_budget,20,0.1,-0.1,0.3,"paired environment-seed bootstrap 95%, identical recorded physical parameters",3,16,1,True
visuotactile_margin_height_seed1_rl,script,primary,44,id,any_native_success,10,-0.1,-0.3,0.0,"paired environment-seed bootstrap 95%, identical recorded physical parameters",0,9,1,True
visuotactile_margin_height_seed1_rl,script,primary,44,id,bilateral_contact_at_takeover,10,0.0,0.0,0.0,"paired environment-seed bootstrap 95%, identical recorded physical parameters",0,10,0,False
visuotactile_margin_height_seed1_rl,script,primary,44,id,final_native_success,10,-0.4,-0.7,-0.1,"paired environment-seed bootstrap 95%, identical recorded physical parameters",0,6,4,True
visuotactile_margin_height_seed1_rl,script,primary,44,id,force_budget_exceeded,10,-0.6,-0.9,-0.3,"paired environment-seed bootstrap 95%, identical recorded physical parameters",0,4,6,False
visuotactile_margin_height_seed1_rl,script,primary,44,id,full_episode_peak_normal_N,10,-4.78279824256897,-7.05191882610321,-2.438184887170793,"paired environment-seed bootstrap 95%, identical recorded physical parameters",1,0,9,False
visuotactile_margin_height_seed1_rl,script,primary,44,id,intervention_force_budget_exceeded,10,-0.8,-1.0,-0.5,"paired environment-seed bootstrap 95%, identical recorded physical parameters",0,2,8,False
visuotactile_margin_height_seed1_rl,script,primary,44,id,intervention_peak_normal_N,10,-6.052131175994873,-9.763273923397065,-2.8458830368518835,"paired environment-seed bootstrap 95%, identical recorded physical parameters",1,0,9,False
visuotactile_margin_height_seed1_rl,script,primary,44,id,native_shaped_return,10,-12.72202510982432,-33.424187346688115,7.162671650345641,"paired environment-seed bootstrap 95%, identical recorded physical parameters",6,0,4,True
visuotactile_margin_height_seed1_rl,script,primary,44,id,setup_force_budget_exceeded,10,0.0,0.0,0.0,"paired environment-seed bootstrap 95%, identical recorded physical parameters",0,10,0,False
visuotactile_margin_height_seed1_rl,script,primary,44,id,setup_peak_normal_N,10,0.0,0.0,0.0,"paired environment-seed bootstrap 95%, identical recorded physical parameters",0,10,0,False
visuotactile_margin_height_seed1_rl,script,primary,44,id,sustained_10cm_lift_success,10,-0.4,-0.7,-0.1,"paired environment-seed bootstrap 95%, identical recorded physical parameters",0,6,4,True
visuotactile_margin_height_seed1_rl,script,primary,44,id,sustained_10cm_lift_within_force_budget,10,0.2,-0.2,0.5,"paired environment-seed bootstrap 95%, identical recorded physical parameters",3,6,1,True
visuotactile_margin_height_seed1_rl,script,primary,44,id,sustained_native_success,10,-0.4,-0.7,-0.1,"paired environment-seed bootstrap 95%, identical recorded physical parameters",0,6,4,True
visuotactile_margin_height_seed1_rl,script,primary,44,id,sustained_success_within_force_budget,10,0.2,-0.2,0.6,"paired environment-seed bootstrap 95%, identical recorded physical parameters",3,6,1,True
visuotactile_margin_height_seed1_rl,script,primary,44,ood,any_native_success,10,0.0,0.0,0.0,"paired environment-seed bootstrap 95%, identical recorded physical parameters",0,10,0,True
visuotactile_margin_height_seed1_rl,script,primary,44,ood,bilateral_contact_at_takeover,10,0.0,0.0,0.0,"paired environment-seed bootstrap 95%, identical recorded physical parameters",0,10,0,False
visuotactile_margin_height_seed1_rl,script,primary,44,ood,final_native_success,10,0.0,0.0,0.0,"paired environment-seed bootstrap 95%, identical recorded physical parameters",0,10,0,True
visuotactile_margin_height_seed1_rl,script,primary,44,ood,force_budget_exceeded,10,-0.1,-0.4,0.2,"paired environment-seed bootstrap 95%, identical recorded physical parameters",1,7,2,False
visuotactile_margin_height_seed1_rl,script,primary,44,ood,full_episode_peak_normal_N,10,-3.6417158126831053,-8.527235021591187,0.8606689929962121,"paired environment-seed bootstrap 95%, identical recorded physical parameters",5,0,5,False
visuotactile_margin_height_seed1_rl,script,primary,44,ood,intervention_force_budget_exceeded,10,-0.1,-0.4,0.2,"paired environment-seed bootstrap 95%, identical recorded physical parameters",1,7,2,False
visuotactile_margin_height_seed1_rl,script,primary,44,ood,intervention_peak_normal_N,10,-3.6417158126831053,-8.716604994535446,1.0358163213729843,"paired environment-seed bootstrap 95%, identical recorded physical parameters",5,0,5,False
visuotactile_margin_height_seed1_rl,script,primary,44,ood,native_shaped_return,10,6.5599545551685425,4.590103748481512,8.880980439926521,"paired environment-seed bootstrap 95%, identical recorded physical parameters",10,0,0,True
visuotactile_margin_height_seed1_rl,script,primary,44,ood,setup_force_budget_exceeded,10,0.0,0.0,0.0,"paired environment-seed bootstrap 95%, identical recorded physical parameters",0,10,0,False
visuotactile_margin_height_seed1_rl,script,primary,44,ood,setup_peak_normal_N,10,0.0,0.0,0.0,"paired environment-seed bootstrap 95%, identical recorded physical parameters",0,10,0,False
visuotactile_margin_height_seed1_rl,script,primary,44,ood,sustained_10cm_lift_success,10,0.0,0.0,0.0,"paired environment-seed bootstrap 95%, identical recorded physical parameters",0,10,0,True
visuotactile_margin_height_seed1_rl,script,primary,44,ood,sustained_10cm_lift_within_force_budget,10,0.0,0.0,0.0,"paired environment-seed bootstrap 95%, identical recorded physical parameters",0,10,0,True
visuotactile_margin_height_seed1_rl,script,primary,44,ood,sustained_native_success,10,0.0,0.0,0.0,"paired environment-seed bootstrap 95%, identical recorded physical parameters",0,10,0,True
visuotactile_margin_height_seed1_rl,script,primary,44,ood,sustained_success_within_force_budget,10,0.0,0.0,0.0,"paired environment-seed bootstrap 95%, identical recorded physical parameters",0,10,0,True
visuotactile_margin_height_seed1_rl,visuotactile_height_seed1_rl,primary,44,all,any_native_success,20,-0.05,-0.15,0.0,"paired environment-seed bootstrap 95%, identical recorded physical parameters",0,19,1,True
visuotactile_margin_height_seed1_rl,visuotactile_height_seed1_rl,primary,44,all,bilateral_contact_at_takeover,20,0.0,0.0,0.0,"paired environment-seed bootstrap 95%, identical recorded physical parameters",0,20,0,False
visuotactile_margin_height_seed1_rl,visuotactile_height_seed1_rl,primary,44,all,final_native_success,20,-0.2,-0.4,-0.05,"paired environment-seed bootstrap 95%, identical recorded physical parameters",0,16,4,True
visuotactile_margin_height_seed1_rl,visuotactile_height_seed1_rl,primary,44,all,force_budget_exceeded,20,-0.4,-0.6,-0.2,"paired environment-seed bootstrap 95%, identical recorded physical parameters",0,12,8,False
visuotactile_margin_height_seed1_rl,visuotactile_height_seed1_rl,primary,44,all,full_episode_peak_normal_N,20,-2.696502983570099,-4.027865696549415,-1.4967631399631505,"paired environment-seed bootstrap 95%, identical recorded physical parameters",3,0,17,False
visuotactile_margin_height_seed1_rl,visuotactile_height_seed1_rl,primary,44,all,intervention_force_budget_exceeded,20,-0.45,-0.65,-0.25,"paired environment-seed bootstrap 95%, identical recorded physical parameters",0,11,9,False
visuotactile_margin_height_seed1_rl,visuotactile_height_seed1_rl,primary,44,all,intervention_peak_normal_N,20,-2.4903838515281675,-3.999657283127308,-1.058936333656312,"paired environment-seed bootstrap 95%, identical recorded physical parameters",5,0,15,False
visuotactile_margin_height_seed1_rl,visuotactile_height_seed1_rl,primary,44,all,native_shaped_return,20,-14.705373716364889,-26.58377076165044,-3.821170735329576,"paired environment-seed bootstrap 95%, identical recorded physical parameters",4,0,16,True
visuotactile_margin_height_seed1_rl,visuotactile_height_seed1_rl,primary,44,all,setup_force_budget_exceeded,20,0.0,0.0,0.0,"paired environment-seed bootstrap 95%, identical recorded physical parameters",0,20,0,False
visuotactile_margin_height_seed1_rl,visuotactile_height_seed1_rl,primary,44,all,setup_peak_normal_N,20,0.0,0.0,0.0,"paired environment-seed bootstrap 95%, identical recorded physical parameters",0,20,0,False
visuotactile_margin_height_seed1_rl,visuotactile_height_seed1_rl,primary,44,all,sustained_10cm_lift_success,20,-0.2,-0.4,-0.05,"paired environment-seed bootstrap 95%, identical recorded physical parameters",0,16,4,True
visuotactile_margin_height_seed1_rl,visuotactile_height_seed1_rl,primary,44,all,sustained_10cm_lift_within_force_budget,20,0.05,-0.1,0.2,"paired environment-seed bootstrap 95%, identical recorded physical parameters",2,17,1,True
visuotactile_margin_height_seed1_rl,visuotactile_height_seed1_rl,primary,44,all,sustained_native_success,20,-0.2,-0.4,-0.05,"paired environment-seed bootstrap 95%, identical recorded physical parameters",0,16,4,True
visuotactile_margin_height_seed1_rl,visuotactile_height_seed1_rl,primary,44,all,sustained_success_within_force_budget,20,0.05,-0.1,0.2,"paired environment-seed bootstrap 95%, identical recorded physical parameters",2,17,1,True
visuotactile_margin_height_seed1_rl,visuotactile_height_seed1_rl,primary,44,id,any_native_success,10,-0.1,-0.3,0.0,"paired environment-seed bootstrap 95%, identical recorded physical parameters",0,9,1,True
visuotactile_margin_height_seed1_rl,visuotactile_height_seed1_rl,primary,44,id,bilateral_contact_at_takeover,10,0.0,0.0,0.0,"paired environment-seed bootstrap 95%, identical recorded physical parameters",0,10,0,False
visuotactile_margin_height_seed1_rl,visuotactile_height_seed1_rl,primary,44,id,final_native_success,10,-0.4,-0.7,-0.1,"paired environment-seed bootstrap 95%, identical recorded physical parameters",0,6,4,True
visuotactile_margin_height_seed1_rl,visuotactile_height_seed1_rl,primary,44,id,force_budget_exceeded,10,-0.5,-0.8,-0.2,"paired environment-seed bootstrap 95%, identical recorded physical parameters",0,5,5,False
visuotactile_margin_height_seed1_rl,visuotactile_height_seed1_rl,primary,44,id,full_episode_peak_normal_N,10,-2.5958192586898803,-4.17464604973793,-1.1317449605464949,"paired environment-seed bootstrap 95%, identical recorded physical parameters",1,0,9,False
visuotactile_margin_height_seed1_rl,visuotactile_height_seed1_rl,primary,44,id,intervention_force_budget_exceeded,10,-0.7,-1.0,-0.4,"paired environment-seed bootstrap 95%, identical recorded physical parameters",0,3,7,False
visuotactile_margin_height_seed1_rl,visuotactile_height_seed1_rl,primary,44,id,intervention_peak_normal_N,10,-2.8760250329971315,-4.774893540143967,-1.286806097626686,"paired environment-seed bootstrap 95%, identical recorded physical parameters",1,0,9,False
visuotactile_margin_height_seed1_rl,visuotactile_height_seed1_rl,primary,44,id,native_shaped_return,10,-26.453617525849996,-48.08767015393295,-6.739807584066503,"paired environment-seed bootstrap 95%, identical recorded physical parameters",2,0,8,True
visuotactile_margin_height_seed1_rl,visuotactile_height_seed1_rl,primary,44,id,setup_force_budget_exceeded,10,0.0,0.0,0.0,"paired environment-seed bootstrap 95%, identical recorded physical parameters",0,10,0,False
visuotactile_margin_height_seed1_rl,visuotactile_height_seed1_rl,primary,44,id,setup_peak_normal_N,10,0.0,0.0,0.0,"paired environment-seed bootstrap 95%, identical recorded physical parameters",0,10,0,False
visuotactile_margin_height_seed1_rl,visuotactile_height_seed1_rl,primary,44,id,sustained_10cm_lift_success,10,-0.4,-0.7,-0.1,"paired environment-seed bootstrap 95%, identical recorded physical parameters",0,6,4,True
visuotactile_margin_height_seed1_rl,visuotactile_height_seed1_rl,primary,44,id,sustained_10cm_lift_within_force_budget,10,0.1,-0.2,0.5,"paired environment-seed bootstrap 95%, identical recorded physical parameters",2,7,1,True
visuotactile_margin_height_seed1_rl,visuotactile_height_seed1_rl,primary,44,id,sustained_native_success,10,-0.4,-0.7,-0.1,"paired environment-seed bootstrap 95%, identical recorded physical parameters",0,6,4,True
visuotactile_margin_height_seed1_rl,visuotactile_height_seed1_rl,primary,44,id,sustained_success_within_force_budget,10,0.1,-0.2,0.4,"paired environment-seed bootstrap 95%, identical recorded physical parameters",2,7,1,True
visuotactile_margin_height_seed1_rl,visuotactile_height_seed1_rl,primary,44,ood,any_native_success,10,0.0,0.0,0.0,"paired environment-seed bootstrap 95%, identical recorded physical parameters",0,10,0,True
visuotactile_margin_height_seed1_rl,visuotactile_height_seed1_rl,primary,44,ood,bilateral_contact_at_takeover,10,0.0,0.0,0.0,"paired environment-seed bootstrap 95%, identical recorded physical parameters",0,10,0,False
visuotactile_margin_height_seed1_rl,visuotactile_height_seed1_rl,primary,44,ood,final_native_success,10,0.0,0.0,0.0,"paired environment-seed bootstrap 95%, identical recorded physical parameters",0,10,0,True
visuotactile_margin_height_seed1_rl,visuotactile_height_seed1_rl,primary,44,ood,force_budget_exceeded,10,-0.3,-0.6,0.0,"paired environment-seed bootstrap 95%, identical recorded physical parameters",0,7,3,False
visuotactile_margin_height_seed1_rl,visuotactile_height_seed1_rl,primary,44,ood,full_episode_peak_normal_N,10,-2.7971867084503175,-5.213601438999176,-0.9072230672836306,"paired environment-seed bootstrap 95%, identical recorded physical parameters",2,0,8,False
visuotactile_margin_height_seed1_rl,visuotactile_height_seed1_rl,primary,44,ood,intervention_force_budget_exceeded,10,-0.2,-0.5,0.0,"paired environment-seed bootstrap 95%, identical recorded physical parameters",0,8,2,False
visuotactile_margin_height_seed1_rl,visuotactile_height_seed1_rl,primary,44,ood,intervention_peak_normal_N,10,-2.104742670059204,-4.76498459815979,0.08263867259025498,"paired environment-seed bootstrap 95%, identical recorded physical parameters",4,0,6,False
visuotactile_margin_height_seed1_rl,visuotactile_height_seed1_rl,primary,44,ood,native_shaped_return,10,-2.9571299068797723,-8.111280185526303,1.6944477064130519,"paired environment-seed bootstrap 95%, identical recorded physical parameters",2,0,8,True
visuotactile_margin_height_seed1_rl,visuotactile_height_seed1_rl,primary,44,ood,setup_force_budget_exceeded,10,0.0,0.0,0.0,"paired environment-seed bootstrap 95%, identical recorded physical parameters",0,10,0,False
visuotactile_margin_height_seed1_rl,visuotactile_height_seed1_rl,primary,44,ood,setup_peak_normal_N,10,0.0,0.0,0.0,"paired environment-seed bootstrap 95%, identical recorded physical parameters",0,10,0,False
visuotactile_margin_height_seed1_rl,visuotactile_height_seed1_rl,primary,44,ood,sustained_10cm_lift_success,10,0.0,0.0,0.0,"paired environment-seed bootstrap 95%, identical recorded physical parameters",0,10,0,True
visuotactile_margin_height_seed1_rl,visuotactile_height_seed1_rl,primary,44,ood,sustained_10cm_lift_within_force_budget,10,0.0,0.0,0.0,"paired environment-seed bootstrap 95%, identical recorded physical parameters",0,10,0,True
visuotactile_margin_height_seed1_rl,visuotactile_height_seed1_rl,primary,44,ood,sustained_native_success,10,0.0,0.0,0.0,"paired environment-seed bootstrap 95%, identical recorded physical parameters",0,10,0,True
visuotactile_margin_height_seed1_rl,visuotactile_height_seed1_rl,primary,44,ood,sustained_success_within_force_budget,10,0.0,0.0,0.0,"paired environment-seed bootstrap 95%, identical recorded physical parameters",0,10,0,True
visuotactile_margin_height_seed1_rl,visuotactile_margin_native_seed1_rl,primary,44,all,any_native_success,20,0.0,0.0,0.0,"paired environment-seed bootstrap 95%, identical recorded physical parameters",0,20,0,True
visuotactile_margin_height_seed1_rl,visuotactile_margin_native_seed1_rl,primary,44,all,bilateral_contact_at_takeover,20,0.0,0.0,0.0,"paired environment-seed bootstrap 95%, identical recorded physical parameters",0,20,0,False
visuotactile_margin_height_seed1_rl,visuotactile_margin_native_seed1_rl,primary,44,all,final_native_success,20,-0.05,-0.15,0.0,"paired environment-seed bootstrap 95%, identical recorded physical parameters",0,19,1,True
visuotactile_margin_height_seed1_rl,visuotactile_margin_native_seed1_rl,primary,44,all,force_budget_exceeded,20,0.0,-0.2,0.2,"paired environment-seed bootstrap 95%, identical recorded physical parameters",2,16,2,False
visuotactile_margin_height_seed1_rl,visuotactile_margin_native_seed1_rl,primary,44,all,full_episode_peak_normal_N,20,0.564069950580597,0.16743165731430054,0.946337093412876,"paired environment-seed bootstrap 95%, identical recorded physical parameters",14,1,5,False
visuotactile_margin_height_seed1_rl,visuotactile_margin_native_seed1_rl,primary,44,all,intervention_force_budget_exceeded,20,-0.05,-0.2,0.1,"paired environment-seed bootstrap 95%, identical recorded physical parameters",1,17,2,False
visuotactile_margin_height_seed1_rl,visuotactile_margin_native_seed1_rl,primary,44,all,intervention_peak_normal_N,20,0.47459169626235964,0.03748831123113632,0.9135927367210388,"paired environment-seed bootstrap 95%, identical recorded physical parameters",13,1,6,False
visuotactile_margin_height_seed1_rl,visuotactile_margin_native_seed1_rl,primary,44,all,native_shaped_return,20,-4.073925064122008,-10.814246749810328,-0.16626233037804172,"paired environment-seed bootstrap 95%, identical recorded physical parameters",6,0,14,True
visuotactile_margin_height_seed1_rl,visuotactile_margin_native_seed1_rl,primary,44,all,setup_force_budget_exceeded,20,0.0,0.0,0.0,"paired environment-seed bootstrap 95%, identical recorded physical parameters",0,20,0,False
visuotactile_margin_height_seed1_rl,visuotactile_margin_native_seed1_rl,primary,44,all,setup_peak_normal_N,20,0.0,0.0,0.0,"paired environment-seed bootstrap 95%, identical recorded physical parameters",0,20,0,False
visuotactile_margin_height_seed1_rl,visuotactile_margin_native_seed1_rl,primary,44,all,sustained_10cm_lift_success,20,-0.05,-0.15,0.0,"paired environment-seed bootstrap 95%, identical recorded physical parameters",0,19,1,True
visuotactile_margin_height_seed1_rl,visuotactile_margin_native_seed1_rl,primary,44,all,sustained_10cm_lift_within_force_budget,20,-0.1,-0.25,0.0,"paired environment-seed bootstrap 95%, identical recorded physical parameters",0,18,2,True
visuotactile_margin_height_seed1_rl,visuotactile_margin_native_seed1_rl,primary,44,all,sustained_native_success,20,-0.1,-0.25,0.0,"paired environment-seed bootstrap 95%, identical recorded physical parameters",0,18,2,True
visuotactile_margin_height_seed1_rl,visuotactile_margin_native_seed1_rl,primary,44,all,sustained_success_within_force_budget,20,-0.1,-0.25,0.0,"paired environment-seed bootstrap 95%, identical recorded physical parameters",0,18,2,True
visuotactile_margin_height_seed1_rl,visuotactile_margin_native_seed1_rl,primary,44,id,any_native_success,10,0.0,0.0,0.0,"paired environment-seed bootstrap 95%, identical recorded physical parameters",0,10,0,True
visuotactile_margin_height_seed1_rl,visuotactile_margin_native_seed1_rl,primary,44,id,bilateral_contact_at_takeover,10,0.0,0.0,0.0,"paired environment-seed bootstrap 95%, identical recorded physical parameters",0,10,0,False
visuotactile_margin_height_seed1_rl,visuotactile_margin_native_seed1_rl,primary,44,id,final_native_success,10,-0.1,-0.3,0.0,"paired environment-seed bootstrap 95%, identical recorded physical parameters",0,9,1,True
visuotactile_margin_height_seed1_rl,visuotactile_margin_native_seed1_rl,primary,44,id,force_budget_exceeded,10,0.0,-0.3,0.3,"paired environment-seed bootstrap 95%, identical recorded physical parameters",1,8,1,False
visuotactile_margin_height_seed1_rl,visuotactile_margin_native_seed1_rl,primary,44,id,full_episode_peak_normal_N,10,0.44425373077392577,-0.10271629929542542,0.8778676676750181,"paired environment-seed bootstrap 95%, identical recorded physical parameters",7,1,2,False
visuotactile_margin_height_seed1_rl,visuotactile_margin_native_seed1_rl,primary,44,id,intervention_force_budget_exceeded,10,-0.1,-0.3,0.0,"paired environment-seed bootstrap 95%, identical recorded physical parameters",0,9,1,False
visuotactile_margin_height_seed1_rl,visuotactile_margin_native_seed1_rl,primary,44,id,intervention_peak_normal_N,10,0.26529722213745116,-0.32174296855926515,0.861057230234146,"paired environment-seed bootstrap 95%, identical recorded physical parameters",6,1,3,False
visuotactile_margin_height_seed1_rl,visuotactile_margin_native_seed1_rl,primary,44,id,native_shaped_return,10,-5.351782267800819,-17.591611891419287,1.2516570864300243,"paired environment-seed bootstrap 95%, identical recorded physical parameters",6,0,4,True
visuotactile_margin_height_seed1_rl,visuotactile_margin_native_seed1_rl,primary,44,id,setup_force_budget_exceeded,10,0.0,0.0,0.0,"paired environment-seed bootstrap 95%, identical recorded physical parameters",0,10,0,False
visuotactile_margin_height_seed1_rl,visuotactile_margin_native_seed1_rl,primary,44,id,setup_peak_normal_N,10,0.0,0.0,0.0,"paired environment-seed bootstrap 95%, identical recorded physical parameters",0,10,0,False
visuotactile_margin_height_seed1_rl,visuotactile_margin_native_seed1_rl,primary,44,id,sustained_10cm_lift_success,10,-0.1,-0.3,0.0,"paired environment-seed bootstrap 95%, identical recorded physical parameters",0,9,1,True
visuotactile_margin_height_seed1_rl,visuotactile_margin_native_seed1_rl,primary,44,id,sustained_10cm_lift_within_force_budget,10,-0.2,-0.5,0.0,"paired environment-seed bootstrap 95%, identical recorded physical parameters",0,8,2,True
visuotactile_margin_height_seed1_rl,visuotactile_margin_native_seed1_rl,primary,44,id,sustained_native_success,10,-0.2,-0.5,0.0,"paired environment-seed bootstrap 95%, identical recorded physical parameters",0,8,2,True
visuotactile_margin_height_seed1_rl,visuotactile_margin_native_seed1_rl,primary,44,id,sustained_success_within_force_budget,10,-0.2,-0.5,0.0,"paired environment-seed bootstrap 95%, identical recorded physical parameters",0,8,2,True
visuotactile_margin_height_seed1_rl,visuotactile_margin_native_seed1_rl,primary,44,ood,any_native_success,10,0.0,0.0,0.0,"paired environment-seed bootstrap 95%, identical recorded physical parameters",0,10,0,True
visuotactile_margin_height_seed1_rl,visuotactile_margin_native_seed1_rl,primary,44,ood,bilateral_contact_at_takeover,10,0.0,0.0,0.0,"paired environment-seed bootstrap 95%, identical recorded physical parameters",0,10,0,False
visuotactile_margin_height_seed1_rl,visuotactile_margin_native_seed1_rl,primary,44,ood,final_native_success,10,0.0,0.0,0.0,"paired environment-seed bootstrap 95%, identical recorded physical parameters",0,10,0,True
visuotactile_margin_height_seed1_rl,visuotactile_margin_native_seed1_rl,primary,44,ood,force_budget_exceeded,10,0.0,-0.3,0.3,"paired environment-seed bootstrap 95%, identical recorded physical parameters",1,8,1,False
visuotactile_margin_height_seed1_rl,visuotactile_margin_native_seed1_rl,primary,44,ood,full_episode_peak_normal_N,10,0.6838861703872681,0.10224868655204772,1.2782483673095701,"paired environment-seed bootstrap 95%, identical recorded physical parameters",7,0,3,False
visuotactile_margin_height_seed1_rl,visuotactile_margin_native_seed1_rl,primary,44,ood,intervention_force_budget_exceeded,10,0.0,-0.3,0.3,"paired environment-seed bootstrap 95%, identical recorded physical parameters",1,8,1,False
visuotactile_margin_height_seed1_rl,visuotactile_margin_native_seed1_rl,primary,44,ood,intervention_peak_normal_N,10,0.6838861703872681,0.10902000606060029,1.2900579214096062,"paired environment-seed bootstrap 95%, identical recorded physical parameters",7,0,3,False
visuotactile_margin_height_seed1_rl,visuotactile_margin_native_seed1_rl,primary,44,ood,native_shaped_return,10,-2.7960678604431974,-5.71719941421457,-0.6329359336537119,"paired environment-seed bootstrap 95%, identical recorded physical parameters",0,0,10,True
visuotactile_margin_height_seed1_rl,visuotactile_margin_native_seed1_rl,primary,44,ood,setup_force_budget_exceeded,10,0.0,0.0,0.0,"paired environment-seed bootstrap 95%, identical recorded physical parameters",0,10,0,False
visuotactile_margin_height_seed1_rl,visuotactile_margin_native_seed1_rl,primary,44,ood,setup_peak_normal_N,10,0.0,0.0,0.0,"paired environment-seed bootstrap 95%, identical recorded physical parameters",0,10,0,False
visuotactile_margin_height_seed1_rl,visuotactile_margin_native_seed1_rl,primary,44,ood,sustained_10cm_lift_success,10,0.0,0.0,0.0,"paired environment-seed bootstrap 95%, identical recorded physical parameters",0,10,0,True
visuotactile_margin_height_seed1_rl,visuotactile_margin_native_seed1_rl,primary,44,ood,sustained_10cm_lift_within_force_budget,10,0.0,0.0,0.0,"paired environment-seed bootstrap 95%, identical recorded physical parameters",0,10,0,True
visuotactile_margin_height_seed1_rl,visuotactile_margin_native_seed1_rl,primary,44,ood,sustained_native_success,10,0.0,0.0,0.0,"paired environment-seed bootstrap 95%, identical recorded physical parameters",0,10,0,True
visuotactile_margin_height_seed1_rl,visuotactile_margin_native_seed1_rl,primary,44,ood,sustained_success_within_force_budget,10,0.0,0.0,0.0,"paired environment-seed bootstrap 95%, identical recorded physical parameters",0,10,0,True
visuotactile_margin_height_seed1_rl,visuotactile_seed1_bc,primary,44,all,any_native_success,20,0.05,-0.1,0.2,"paired environment-seed bootstrap 95%, identical recorded physical parameters",2,17,1,True
visuotactile_margin_height_seed1_rl,visuotactile_seed1_bc,primary,44,all,bilateral_contact_at_takeover,20,0.0,0.0,0.0,"paired environment-seed bootstrap 95%, identical recorded physical parameters",0,20,0,False
visuotactile_margin_height_seed1_rl,visuotactile_seed1_bc,primary,44,all,final_native_success,20,-0.1,-0.3,0.1,"paired environment-seed bootstrap 95%, identical recorded physical parameters",1,16,3,True
visuotactile_margin_height_seed1_rl,visuotactile_seed1_bc,primary,44,all,force_budget_exceeded,20,-0.2,-0.4,0.0,"paired environment-seed bootstrap 95%, identical recorded physical parameters",1,14,5,False
visuotactile_margin_height_seed1_rl,visuotactile_seed1_bc,primary,44,all,full_episode_peak_normal_N,20,-3.8511726319789887,-6.900002238899469,-0.941015297919516,"paired environment-seed bootstrap 95%, identical recorded physical parameters",6,0,14,False
visuotactile_margin_height_seed1_rl,visuotactile_seed1_bc,primary,44,all,intervention_force_budget_exceeded,20,-0.2,-0.45,0.0,"paired environment-seed bootstrap 95%, identical recorded physical parameters",1,14,5,False
visuotactile_margin_height_seed1_rl,visuotactile_seed1_bc,primary,44,all,intervention_peak_normal_N,20,-2.8068001925945283,-5.618000255525112,-0.0005037865042716742,"paired environment-seed bootstrap 95%, identical recorded physical parameters",10,0,10,False
visuotactile_margin_height_seed1_rl,visuotactile_seed1_bc,primary,44,all,native_shaped_return,20,-5.0960619271487015,-15.995833908776795,6.274897483538955,"paired environment-seed bootstrap 95%, identical recorded physical parameters",9,0,11,True
visuotactile_margin_height_seed1_rl,visuotactile_seed1_bc,primary,44,all,setup_force_budget_exceeded,20,0.0,0.0,0.0,"paired environment-seed bootstrap 95%, identical recorded physical parameters",0,20,0,False
visuotactile_margin_height_seed1_rl,visuotactile_seed1_bc,primary,44,all,setup_peak_normal_N,20,0.0,0.0,0.0,"paired environment-seed bootstrap 95%, identical recorded physical parameters",0,20,0,False
visuotactile_margin_height_seed1_rl,visuotactile_seed1_bc,primary,44,all,sustained_10cm_lift_success,20,0.0,-0.15,0.15,"paired environment-seed bootstrap 95%, identical recorded physical parameters",1,18,1,True
visuotactile_margin_height_seed1_rl,visuotactile_seed1_bc,primary,44,all,sustained_10cm_lift_within_force_budget,20,0.0,-0.15,0.15,"paired environment-seed bootstrap 95%, identical recorded physical parameters",1,18,1,True
visuotactile_margin_height_seed1_rl,visuotactile_seed1_bc,primary,44,all,sustained_native_success,20,0.0,-0.15,0.15,"paired environment-seed bootstrap 95%, identical recorded physical parameters",1,18,1,True
visuotactile_margin_height_seed1_rl,visuotactile_seed1_bc,primary,44,all,sustained_success_within_force_budget,20,0.0,-0.15,0.15,"paired environment-seed bootstrap 95%, identical recorded physical parameters",1,18,1,True
visuotactile_margin_height_seed1_rl,visuotactile_seed1_bc,primary,44,id,any_native_success,10,0.1,-0.2,0.4,"paired environment-seed bootstrap 95%, identical recorded physical parameters",2,7,1,True
visuotactile_margin_height_seed1_rl,visuotactile_seed1_bc,primary,44,id,bilateral_contact_at_takeover,10,0.0,0.0,0.0,"paired environment-seed bootstrap 95%, identical recorded physical parameters",0,10,0,False
visuotactile_margin_height_seed1_rl,visuotactile_seed1_bc,primary,44,id,final_native_success,10,-0.2,-0.6,0.2,"paired environment-seed bootstrap 95%, identical recorded physical parameters",1,6,3,True
visuotactile_margin_height_seed1_rl,visuotactile_seed1_bc,primary,44,id,force_budget_exceeded,10,-0.2,-0.5,0.0,"paired environment-seed bootstrap 95%, identical recorded physical parameters",0,8,2,False
visuotactile_margin_height_seed1_rl,visuotactile_seed1_bc,primary,44,id,full_episode_peak_normal_N,10,-2.135486161708832,-5.94688527226448,1.3972377258539184,"paired environment-seed bootstrap 95%, identical recorded physical parameters",4,0,6,False
visuotactile_margin_height_seed1_rl,visuotactile_seed1_bc,primary,44,id,intervention_force_budget_exceeded,10,-0.4,-0.7,-0.1,"paired environment-seed bootstrap 95%, identical recorded physical parameters",0,6,4,False
visuotactile_margin_height_seed1_rl,visuotactile_seed1_bc,primary,44,id,intervention_peak_normal_N,10,-3.403575837612152,-8.068699287176132,0.9160378405451736,"paired environment-seed bootstrap 95%, identical recorded physical parameters",4,0,6,False
visuotactile_margin_height_seed1_rl,visuotactile_seed1_bc,primary,44,id,native_shaped_return,10,2.441379561979499,-18.53838285938406,23.627152045370234,"paired environment-seed bootstrap 95%, identical recorded physical parameters",7,0,3,True
visuotactile_margin_height_seed1_rl,visuotactile_seed1_bc,primary,44,id,setup_force_budget_exceeded,10,0.0,0.0,0.0,"paired environment-seed bootstrap 95%, identical recorded physical parameters",0,10,0,False
visuotactile_margin_height_seed1_rl,visuotactile_seed1_bc,primary,44,id,setup_peak_normal_N,10,0.0,0.0,0.0,"paired environment-seed bootstrap 95%, identical recorded physical parameters",0,10,0,False
visuotactile_margin_height_seed1_rl,visuotactile_seed1_bc,primary,44,id,sustained_10cm_lift_success,10,0.0,-0.3,0.3,"paired environment-seed bootstrap 95%, identical recorded physical parameters",1,8,1,True
visuotactile_margin_height_seed1_rl,visuotactile_seed1_bc,primary,44,id,sustained_10cm_lift_within_force_budget,10,0.0,-0.3,0.3,"paired environment-seed bootstrap 95%, identical recorded physical parameters",1,8,1,True
visuotactile_margin_height_seed1_rl,visuotactile_seed1_bc,primary,44,id,sustained_native_success,10,0.0,-0.3,0.3,"paired environment-seed bootstrap 95%, identical recorded physical parameters",1,8,1,True
visuotactile_margin_height_seed1_rl,visuotactile_seed1_bc,primary,44,id,sustained_success_within_force_budget,10,0.0,-0.3,0.3,"paired environment-seed bootstrap 95%, identical recorded physical parameters",1,8,1,True
visuotactile_margin_height_seed1_rl,visuotactile_seed1_bc,primary,44,ood,any_native_success,10,0.0,0.0,0.0,"paired environment-seed bootstrap 95%, identical recorded physical parameters",0,10,0,True
visuotactile_margin_height_seed1_rl,visuotactile_seed1_bc,primary,44,ood,bilateral_contact_at_takeover,10,0.0,0.0,0.0,"paired environment-seed bootstrap 95%, identical recorded physical parameters",0,10,0,False
visuotactile_margin_height_seed1_rl,visuotactile_seed1_bc,primary,44,ood,final_native_success,10,0.0,0.0,0.0,"paired environment-seed bootstrap 95%, identical recorded physical parameters",0,10,0,True
visuotactile_margin_height_seed1_rl,visuotactile_seed1_bc,primary,44,ood,force_budget_exceeded,10,-0.2,-0.6,0.2,"paired environment-seed bootstrap 95%, identical recorded physical parameters",1,6,3,False
visuotactile_margin_height_seed1_rl,visuotactile_seed1_bc,primary,44,ood,full_episode_peak_normal_N,10,-5.566859102249145,-10.38607217669487,-1.1135225796699535,"paired environment-seed bootstrap 95%, identical recorded physical parameters",2,0,8,False
visuotactile_margin_height_seed1_rl,visuotactile_seed1_bc,primary,44,ood,intervention_force_budget_exceeded,10,0.0,-0.3,0.3,"paired environment-seed bootstrap 95%, identical recorded physical parameters",1,8,1,False
visuotactile_margin_height_seed1_rl,visuotactile_seed1_bc,primary,44,ood,intervention_peak_normal_N,10,-2.2100245475769045,-5.848075441122055,1.159314007759094,"paired environment-seed bootstrap 95%, identical recorded physical parameters",6,0,4,False
visuotactile_margin_height_seed1_rl,visuotactile_seed1_bc,primary,44,ood,native_shaped_return,10,-12.633503416276904,-18.6144840476577,-5.577310194294404,"paired environment-seed bootstrap 95%, identical recorded physical parameters",2,0,8,True
visuotactile_margin_height_seed1_rl,visuotactile_seed1_bc,primary,44,ood,setup_force_budget_exceeded,10,0.0,0.0,0.0,"paired environment-seed bootstrap 95%, identical recorded physical parameters",0,10,0,False
visuotactile_margin_height_seed1_rl,visuotactile_seed1_bc,primary,44,ood,setup_peak_normal_N,10,0.0,0.0,0.0,"paired environment-seed bootstrap 95%, identical recorded physical parameters",0,10,0,False
visuotactile_margin_height_seed1_rl,visuotactile_seed1_bc,primary,44,ood,sustained_10cm_lift_success,10,0.0,0.0,0.0,"paired environment-seed bootstrap 95%, identical recorded physical parameters",0,10,0,True
visuotactile_margin_height_seed1_rl,visuotactile_seed1_bc,primary,44,ood,sustained_10cm_lift_within_force_budget,10,0.0,0.0,0.0,"paired environment-seed bootstrap 95%, identical recorded physical parameters",0,10,0,True
visuotactile_margin_height_seed1_rl,visuotactile_seed1_bc,primary,44,ood,sustained_native_success,10,0.0,0.0,0.0,"paired environment-seed bootstrap 95%, identical recorded physical parameters",0,10,0,True
visuotactile_margin_height_seed1_rl,visuotactile_seed1_bc,primary,44,ood,sustained_success_within_force_budget,10,0.0,0.0,0.0,"paired environment-seed bootstrap 95%, identical recorded physical parameters",0,10,0,True
visuotactile_margin_height_seed2_rl,force_feedback,primary,44,all,any_native_success,20,-0.5,-0.7,-0.25,"paired environment-seed bootstrap 95%, identical recorded physical parameters",0,10,10,True
visuotactile_margin_height_seed2_rl,force_feedback,primary,44,all,bilateral_contact_at_takeover,20,0.0,0.0,0.0,"paired environment-seed bootstrap 95%, identical recorded physical parameters",0,20,0,False
visuotactile_margin_height_seed2_rl,force_feedback,primary,44,all,final_native_success,20,-0.5,-0.7,-0.3,"paired environment-seed bootstrap 95%, identical recorded physical parameters",0,10,10,True
visuotactile_margin_height_seed2_rl,force_feedback,primary,44,all,force_budget_exceeded,20,-0.2,-0.4,-0.05,"paired environment-seed bootstrap 95%, identical recorded physical parameters",0,16,4,False
visuotactile_margin_height_seed2_rl,force_feedback,primary,44,all,full_episode_peak_normal_N,20,-5.363914424180985,-6.722548301368952,-3.8258782657980923,"paired environment-seed bootstrap 95%, identical recorded physical parameters",2,0,18,False
visuotactile_margin_height_seed2_rl,force_feedback,primary,44,all,intervention_force_budget_exceeded,20,-0.05,-0.15,0.0,"paired environment-seed bootstrap 95%, identical recorded physical parameters",0,19,1,False
visuotactile_margin_height_seed2_rl,force_feedback,primary,44,all,intervention_peak_normal_N,20,-4.324776178598404,-5.491652052551508,-3.1122050654888165,"paired environment-seed bootstrap 95%, identical recorded physical parameters",2,0,18,False
visuotactile_margin_height_seed2_rl,force_feedback,primary,44,all,native_shaped_return,20,-38.88383306028652,-52.113156508130295,-25.284024584270735,"paired environment-seed bootstrap 95%, identical recorded physical parameters",1,0,19,True
visuotactile_margin_height_seed2_rl,force_feedback,primary,44,all,setup_force_budget_exceeded,20,0.0,0.0,0.0,"paired environment-seed bootstrap 95%, identical recorded physical parameters",0,20,0,False
visuotactile_margin_height_seed2_rl,force_feedback,primary,44,all,setup_peak_normal_N,20,0.0,0.0,0.0,"paired environment-seed bootstrap 95%, identical recorded physical parameters",0,20,0,False
visuotactile_margin_height_seed2_rl,force_feedback,primary,44,all,sustained_10cm_lift_success,20,-0.5,-0.7,-0.3,"paired environment-seed bootstrap 95%, identical recorded physical parameters",0,10,10,True
visuotactile_margin_height_seed2_rl,force_feedback,primary,44,all,sustained_10cm_lift_within_force_budget,20,-0.35,-0.55,-0.15,"paired environment-seed bootstrap 95%, identical recorded physical parameters",0,13,7,True
visuotactile_margin_height_seed2_rl,force_feedback,primary,44,all,sustained_native_success,20,-0.5,-0.7,-0.3,"paired environment-seed bootstrap 95%, identical recorded physical parameters",0,10,10,True
visuotactile_margin_height_seed2_rl,force_feedback,primary,44,all,sustained_success_within_force_budget,20,-0.35,-0.55,-0.15,"paired environment-seed bootstrap 95%, identical recorded physical parameters",0,13,7,True
visuotactile_margin_height_seed2_rl,force_feedback,primary,44,id,any_native_success,10,-1.0,-1.0,-1.0,"paired environment-seed bootstrap 95%, identical recorded physical parameters",0,0,10,True
visuotactile_margin_height_seed2_rl,force_feedback,primary,44,id,bilateral_contact_at_takeover,10,0.0,0.0,0.0,"paired environment-seed bootstrap 95%, identical recorded physical parameters",0,10,0,False
visuotactile_margin_height_seed2_rl,force_feedback,primary,44,id,final_native_success,10,-1.0,-1.0,-1.0,"paired environment-seed bootstrap 95%, identical recorded physical parameters",0,0,10,True
visuotactile_margin_height_seed2_rl,force_feedback,primary,44,id,force_budget_exceeded,10,-0.3,-0.6,0.0,"paired environment-seed bootstrap 95%, identical recorded physical parameters",0,7,3,False
visuotactile_margin_height_seed2_rl,force_feedback,primary,44,id,full_episode_peak_normal_N,10,-6.522047317028045,-8.038760058283806,-4.791411051452161,"paired environment-seed bootstrap 95%, identical recorded physical parameters",1,0,9,False
visuotactile_margin_height_seed2_rl,force_feedback,primary,44,id,intervention_force_budget_exceeded,10,0.0,0.0,0.0,"paired environment-seed bootstrap 95%, identical recorded physical parameters",0,10,0,False
visuotactile_margin_height_seed2_rl,force_feedback,primary,44,id,intervention_peak_normal_N,10,-4.4437708258628845,-5.307481876015664,-3.2917432406544695,"paired environment-seed bootstrap 95%, identical recorded physical parameters",1,0,9,False
visuotactile_margin_height_seed2_rl,force_feedback,primary,44,id,native_shaped_return,10,-67.8990852230758,-71.6330921484821,-62.0111057372702,"paired environment-seed bootstrap 95%, identical recorded physical parameters",0,0,10,True
visuotactile_margin_height_seed2_rl,force_feedback,primary,44,id,setup_force_budget_exceeded,10,0.0,0.0,0.0,"paired environment-seed bootstrap 95%, identical recorded physical parameters",0,10,0,False
visuotactile_margin_height_seed2_rl,force_feedback,primary,44,id,setup_peak_normal_N,10,0.0,0.0,0.0,"paired environment-seed bootstrap 95%, identical recorded physical parameters",0,10,0,False
visuotactile_margin_height_seed2_rl,force_feedback,primary,44,id,sustained_10cm_lift_success,10,-1.0,-1.0,-1.0,"paired environment-seed bootstrap 95%, identical recorded physical parameters",0,0,10,True
visuotactile_margin_height_seed2_rl,force_feedback,primary,44,id,sustained_10cm_lift_within_force_budget,10,-0.7,-0.9,-0.4,"paired environment-seed bootstrap 95%, identical recorded physical parameters",0,3,7,True
visuotactile_margin_height_seed2_rl,force_feedback,primary,44,id,sustained_native_success,10,-1.0,-1.0,-1.0,"paired environment-seed bootstrap 95%, identical recorded physical parameters",0,0,10,True
visuotactile_margin_height_seed2_rl,force_feedback,primary,44,id,sustained_success_within_force_budget,10,-0.7,-1.0,-0.4,"paired environment-seed bootstrap 95%, identical recorded physical parameters",0,3,7,True
visuotactile_margin_height_seed2_rl,force_feedback,primary,44,ood,any_native_success,10,0.0,0.0,0.0,"paired environment-seed bootstrap 95%, identical recorded physical parameters",0,10,0,True
visuotactile_margin_height_seed2_rl,force_feedback,primary,44,ood,bilateral_contact_at_takeover,10,0.0,0.0,0.0,"paired environment-seed bootstrap 95%, identical recorded physical parameters",0,10,0,False
visuotactile_margin_height_seed2_rl,force_feedback,primary,44,ood,final_native_success,10,0.0,0.0,0.0,"paired environment-seed bootstrap 95%, identical recorded physical parameters",0,10,0,True
visuotactile_margin_height_seed2_rl,force_feedback,primary,44,ood,force_budget_exceeded,10,-0.1,-0.3,0.0,"paired environment-seed bootstrap 95%, identical recorded physical parameters",0,9,1,False
visuotactile_margin_height_seed2_rl,force_feedback,primary,44,ood,full_episode_peak_normal_N,10,-4.2057815313339235,-6.392410958409309,-2.0428782832622527,"paired environment-seed bootstrap 95%, identical recorded physical parameters",1,0,9,False
visuotactile_margin_height_seed2_rl,force_feedback,primary,44,ood,intervention_force_budget_exceeded,10,-0.1,-0.3,0.0,"paired environment-seed bootstrap 95%, identical recorded physical parameters",0,9,1,False
visuotactile_margin_height_seed2_rl,force_feedback,primary,44,ood,intervention_peak_normal_N,10,-4.2057815313339235,-6.381727207899094,-1.9917506945133219,"paired environment-seed bootstrap 95%, identical recorded physical parameters",1,0,9,False
visuotactile_margin_height_seed2_rl,force_feedback,primary,44,ood,native_shaped_return,10,-9.86858089749723,-14.11282091515967,-3.568235205877897,"paired environment-seed bootstrap 95%, identical recorded physical parameters",1,0,9,True
visuotactile_margin_height_seed2_rl,force_feedback,primary,44,ood,setup_force_budget_exceeded,10,0.0,0.0,0.0,"paired environment-seed bootstrap 95%, identical recorded physical parameters",0,10,0,False
visuotactile_margin_height_seed2_rl,force_feedback,primary,44,ood,setup_peak_normal_N,10,0.0,0.0,0.0,"paired environment-seed bootstrap 95%, identical recorded physical parameters",0,10,0,False
visuotactile_margin_height_seed2_rl,force_feedback,primary,44,ood,sustained_10cm_lift_success,10,0.0,0.0,0.0,"paired environment-seed bootstrap 95%, identical recorded physical parameters",0,10,0,True
visuotactile_margin_height_seed2_rl,force_feedback,primary,44,ood,sustained_10cm_lift_within_force_budget,10,0.0,0.0,0.0,"paired environment-seed bootstrap 95%, identical recorded physical parameters",0,10,0,True
visuotactile_margin_height_seed2_rl,force_feedback,primary,44,ood,sustained_native_success,10,0.0,0.0,0.0,"paired environment-seed bootstrap 95%, identical recorded physical parameters",0,10,0,True
visuotactile_margin_height_seed2_rl,force_feedback,primary,44,ood,sustained_success_within_force_budget,10,0.0,0.0,0.0,"paired environment-seed bootstrap 95%, identical recorded physical parameters",0,10,0,True
visuotactile_margin_height_seed2_rl,script,primary,44,all,any_native_success,20,-0.5,-0.7,-0.3,"paired environment-seed bootstrap 95%, identical recorded physical parameters",0,10,10,True
visuotactile_margin_height_seed2_rl,script,primary,44,all,bilateral_contact_at_takeover,20,0.0,0.0,0.0,"paired environment-seed bootstrap 95%, identical recorded physical parameters",0,20,0,False
visuotactile_margin_height_seed2_rl,script,primary,44,all,final_native_success,20,-0.5,-0.75,-0.3,"paired environment-seed bootstrap 95%, identical recorded physical parameters",0,10,10,True
visuotactile_margin_height_seed2_rl,script,primary,44,all,force_budget_exceeded,20,-0.65,-0.85,-0.4,"paired environment-seed bootstrap 95%, identical recorded physical parameters",0,7,13,False
visuotactile_margin_height_seed2_rl,script,primary,44,all,full_episode_peak_normal_N,20,-9.531470972299577,-12.747222969383001,-6.490062334388499,"paired environment-seed bootstrap 95%, identical recorded physical parameters",2,1,17,False
visuotactile_margin_height_seed2_rl,script,primary,44,all,intervention_force_budget_exceeded,20,-0.65,-0.85,-0.45,"paired environment-seed bootstrap 95%, identical recorded physical parameters",0,7,13,False
visuotactile_margin_height_seed2_rl,script,primary,44,all,intervention_peak_normal_N,20,-9.531096225976944,-12.657767632603646,-6.564660267382861,"paired environment-seed bootstrap 95%, identical recorded physical parameters",2,1,17,False
visuotactile_margin_height_seed2_rl,script,primary,44,all,native_shaped_return,20,-39.35926214066462,-53.00438794823644,-25.936876334612705,"paired environment-seed bootstrap 95%, identical recorded physical parameters",1,0,19,True
visuotactile_margin_height_seed2_rl,script,primary,44,all,setup_force_budget_exceeded,20,0.0,0.0,0.0,"paired environment-seed bootstrap 95%, identical recorded physical parameters",0,20,0,False
visuotactile_margin_height_seed2_rl,script,primary,44,all,setup_peak_normal_N,20,0.0,0.0,0.0,"paired environment-seed bootstrap 95%, identical recorded physical parameters",0,20,0,False
visuotactile_margin_height_seed2_rl,script,primary,44,all,sustained_10cm_lift_success,20,-0.5,-0.7,-0.3,"paired environment-seed bootstrap 95%, identical recorded physical parameters",0,10,10,True
visuotactile_margin_height_seed2_rl,script,primary,44,all,sustained_10cm_lift_within_force_budget,20,-0.1,-0.25,0.0,"paired environment-seed bootstrap 95%, identical recorded physical parameters",0,18,2,True
visuotactile_margin_height_seed2_rl,script,primary,44,all,sustained_native_success,20,-0.5,-0.7,-0.3,"paired environment-seed bootstrap 95%, identical recorded physical parameters",0,10,10,True
visuotactile_margin_height_seed2_rl,script,primary,44,all,sustained_success_within_force_budget,20,-0.1,-0.25,0.0,"paired environment-seed bootstrap 95%, identical recorded physical parameters",0,18,2,True
visuotactile_margin_height_seed2_rl,script,primary,44,id,any_native_success,10,-1.0,-1.0,-1.0,"paired environment-seed bootstrap 95%, identical recorded physical parameters",0,0,10,True
visuotactile_margin_height_seed2_rl,script,primary,44,id,bilateral_contact_at_takeover,10,0.0,0.0,0.0,"paired environment-seed bootstrap 95%, identical recorded physical parameters",0,10,0,False
visuotactile_margin_height_seed2_rl,script,primary,44,id,final_native_success,10,-1.0,-1.0,-1.0,"paired environment-seed bootstrap 95%, identical recorded physical parameters",0,0,10,True
visuotactile_margin_height_seed2_rl,script,primary,44,id,force_budget_exceeded,10,-0.8,-1.0,-0.5,"paired environment-seed bootstrap 95%, identical recorded physical parameters",0,2,8,False
visuotactile_margin_height_seed2_rl,script,primary,44,id,full_episode_peak_normal_N,10,-10.621508157253265,-14.034496799707412,-7.285265991985798,"paired environment-seed bootstrap 95%, identical recorded physical parameters",1,0,9,False
visuotactile_margin_height_seed2_rl,script,primary,44,id,intervention_force_budget_exceeded,10,-0.8,-1.0,-0.5,"paired environment-seed bootstrap 95%, identical recorded physical parameters",0,2,8,False
visuotactile_margin_height_seed2_rl,script,primary,44,id,intervention_peak_normal_N,10,-10.620758664608001,-13.956428442597389,-7.358699270486833,"paired environment-seed bootstrap 95%, identical recorded physical parameters",1,0,9,False
visuotactile_margin_height_seed2_rl,script,primary,44,id,native_shaped_return,10,-68.503051591005,-72.37582835034276,-62.42446772835914,"paired environment-seed bootstrap 95%, identical recorded physical parameters",0,0,10,True
visuotactile_margin_height_seed2_rl,script,primary,44,id,setup_force_budget_exceeded,10,0.0,0.0,0.0,"paired environment-seed bootstrap 95%, identical recorded physical parameters",0,10,0,False
visuotactile_margin_height_seed2_rl,script,primary,44,id,setup_peak_normal_N,10,0.0,0.0,0.0,"paired environment-seed bootstrap 95%, identical recorded physical parameters",0,10,0,False
visuotactile_margin_height_seed2_rl,script,primary,44,id,sustained_10cm_lift_success,10,-1.0,-1.0,-1.0,"paired environment-seed bootstrap 95%, identical recorded physical parameters",0,0,10,True
visuotactile_margin_height_seed2_rl,script,primary,44,id,sustained_10cm_lift_within_force_budget,10,-0.2,-0.5,0.0,"paired environment-seed bootstrap 95%, identical recorded physical parameters",0,8,2,True
visuotactile_margin_height_seed2_rl,script,primary,44,id,sustained_native_success,10,-1.0,-1.0,-1.0,"paired environment-seed bootstrap 95%, identical recorded physical parameters",0,0,10,True
visuotactile_margin_height_seed2_rl,script,primary,44,id,sustained_success_within_force_budget,10,-0.2,-0.5,0.0,"paired environment-seed bootstrap 95%, identical recorded physical parameters",0,8,2,True
visuotactile_margin_height_seed2_rl,script,primary,44,ood,any_native_success,10,0.0,0.0,0.0,"paired environment-seed bootstrap 95%, identical recorded physical parameters",0,10,0,True
visuotactile_margin_height_seed2_rl,script,primary,44,ood,bilateral_contact_at_takeover,10,0.0,0.0,0.0,"paired environment-seed bootstrap 95%, identical recorded physical parameters",0,10,0,False
visuotactile_margin_height_seed2_rl,script,primary,44,ood,final_native_success,10,0.0,0.0,0.0,"paired environment-seed bootstrap 95%, identical recorded physical parameters",0,10,0,True
visuotactile_margin_height_seed2_rl,script,primary,44,ood,force_budget_exceeded,10,-0.5,-0.8,-0.2,"paired environment-seed bootstrap 95%, identical recorded physical parameters",0,5,5,False
visuotactile_margin_height_seed2_rl,script,primary,44,ood,full_episode_peak_normal_N,10,-8.441433787345886,-13.93874338746071,-3.72396183073521,"paired environment-seed bootstrap 95%, identical recorded physical parameters",1,1,8,False
visuotactile_margin_height_seed2_rl,script,primary,44,ood,intervention_force_budget_exceeded,10,-0.5,-0.8,-0.2,"paired environment-seed bootstrap 95%, identical recorded physical parameters",0,5,5,False
visuotactile_margin_height_seed2_rl,script,primary,44,ood,intervention_peak_normal_N,10,-8.441433787345886,-14.140874580144883,-3.829141221642494,"paired environment-seed bootstrap 95%, identical recorded physical parameters",1,1,8,False
visuotactile_margin_height_seed2_rl,script,primary,44,ood,native_shaped_return,10,-10.215472690324198,-14.580470787305819,-4.013755139952877,"paired environment-seed bootstrap 95%, identical recorded physical parameters",1,0,9,True
visuotactile_margin_height_seed2_rl,script,primary,44,ood,setup_force_budget_exceeded,10,0.0,0.0,0.0,"paired environment-seed bootstrap 95%, identical recorded physical parameters",0,10,0,False
visuotactile_margin_height_seed2_rl,script,primary,44,ood,setup_peak_normal_N,10,0.0,0.0,0.0,"paired environment-seed bootstrap 95%, identical recorded physical parameters",0,10,0,False
visuotactile_margin_height_seed2_rl,script,primary,44,ood,sustained_10cm_lift_success,10,0.0,0.0,0.0,"paired environment-seed bootstrap 95%, identical recorded physical parameters",0,10,0,True
visuotactile_margin_height_seed2_rl,script,primary,44,ood,sustained_10cm_lift_within_force_budget,10,0.0,0.0,0.0,"paired environment-seed bootstrap 95%, identical recorded physical parameters",0,10,0,True
visuotactile_margin_height_seed2_rl,script,primary,44,ood,sustained_native_success,10,0.0,0.0,0.0,"paired environment-seed bootstrap 95%, identical recorded physical parameters",0,10,0,True
visuotactile_margin_height_seed2_rl,script,primary,44,ood,sustained_success_within_force_budget,10,0.0,0.0,0.0,"paired environment-seed bootstrap 95%, identical recorded physical parameters",0,10,0,True
visuotactile_margin_height_seed2_rl,visuotactile_height_seed2_rl,primary,44,all,any_native_success,20,-0.5,-0.7,-0.25,"paired environment-seed bootstrap 95%, identical recorded physical parameters",0,10,10,True
visuotactile_margin_height_seed2_rl,visuotactile_height_seed2_rl,primary,44,all,bilateral_contact_at_takeover,20,0.0,0.0,0.0,"paired environment-seed bootstrap 95%, identical recorded physical parameters",0,20,0,False
visuotactile_margin_height_seed2_rl,visuotactile_height_seed2_rl,primary,44,all,final_native_success,20,-0.5,-0.75,-0.3,"paired environment-seed bootstrap 95%, identical recorded physical parameters",0,10,10,True
visuotactile_margin_height_seed2_rl,visuotactile_height_seed2_rl,primary,44,all,force_budget_exceeded,20,-0.7,-0.9,-0.5,"paired environment-seed bootstrap 95%, identical recorded physical parameters",0,6,14,False
visuotactile_margin_height_seed2_rl,visuotactile_height_seed2_rl,primary,44,all,full_episode_peak_normal_N,20,-8.75166431069374,-10.507226101756096,-6.964026418030262,"paired environment-seed bootstrap 95%, identical recorded physical parameters",1,0,19,False
visuotactile_margin_height_seed2_rl,visuotactile_height_seed2_rl,primary,44,all,intervention_force_budget_exceeded,20,-0.6,-0.8,-0.4,"paired environment-seed bootstrap 95%, identical recorded physical parameters",0,8,12,False
visuotactile_margin_height_seed2_rl,visuotactile_height_seed2_rl,primary,44,all,intervention_peak_normal_N,20,-7.862973862886429,-10.009897990077734,-5.649043514579535,"paired environment-seed bootstrap 95%, identical recorded physical parameters",2,0,18,False
visuotactile_margin_height_seed2_rl,visuotactile_height_seed2_rl,primary,44,all,native_shaped_return,20,-52.555047495241084,-65.6549444565639,-39.46098931820017,"paired environment-seed bootstrap 95%, identical recorded physical parameters",1,0,19,True
visuotactile_margin_height_seed2_rl,visuotactile_height_seed2_rl,primary,44,all,setup_force_budget_exceeded,20,0.0,0.0,0.0,"paired environment-seed bootstrap 95%, identical recorded physical parameters",0,20,0,False
visuotactile_margin_height_seed2_rl,visuotactile_height_seed2_rl,primary,44,all,setup_peak_normal_N,20,0.0,0.0,0.0,"paired environment-seed bootstrap 95%, identical recorded physical parameters",0,20,0,False
visuotactile_margin_height_seed2_rl,visuotactile_height_seed2_rl,primary,44,all,sustained_10cm_lift_success,20,-0.45,-0.65,-0.25,"paired environment-seed bootstrap 95%, identical recorded physical parameters",0,11,9,True
visuotactile_margin_height_seed2_rl,visuotactile_height_seed2_rl,primary,44,all,sustained_10cm_lift_within_force_budget,20,-0.15,-0.3,0.0,"paired environment-seed bootstrap 95%, identical recorded physical parameters",0,17,3,True
visuotactile_margin_height_seed2_rl,visuotactile_height_seed2_rl,primary,44,all,sustained_native_success,20,-0.45,-0.65,-0.25,"paired environment-seed bootstrap 95%, identical recorded physical parameters",0,11,9,True
visuotactile_margin_height_seed2_rl,visuotactile_height_seed2_rl,primary,44,all,sustained_success_within_force_budget,20,-0.15,-0.3,0.0,"paired environment-seed bootstrap 95%, identical recorded physical parameters",0,17,3,True
visuotactile_margin_height_seed2_rl,visuotactile_height_seed2_rl,primary,44,id,any_native_success,10,-1.0,-1.0,-1.0,"paired environment-seed bootstrap 95%, identical recorded physical parameters",0,0,10,True
visuotactile_margin_height_seed2_rl,visuotactile_height_seed2_rl,primary,44,id,bilateral_contact_at_takeover,10,0.0,0.0,0.0,"paired environment-seed bootstrap 95%, identical recorded physical parameters",0,10,0,False
visuotactile_margin_height_seed2_rl,visuotactile_height_seed2_rl,primary,44,id,final_native_success,10,-1.0,-1.0,-1.0,"paired environment-seed bootstrap 95%, identical recorded physical parameters",0,0,10,True
visuotactile_margin_height_seed2_rl,visuotactile_height_seed2_rl,primary,44,id,force_budget_exceeded,10,-0.6,-0.9,-0.3,"paired environment-seed bootstrap 95%, identical recorded physical parameters",0,4,6,False
visuotactile_margin_height_seed2_rl,visuotactile_height_seed2_rl,primary,44,id,full_episode_peak_normal_N,10,-8.752373445034028,-10.738814246058464,-6.2542622557282455,"paired environment-seed bootstrap 95%, identical recorded physical parameters",1,0,9,False
visuotactile_margin_height_seed2_rl,visuotactile_height_seed2_rl,primary,44,id,intervention_force_budget_exceeded,10,-0.6,-0.9,-0.3,"paired environment-seed bootstrap 95%, identical recorded physical parameters",0,4,6,False
visuotactile_margin_height_seed2_rl,visuotactile_height_seed2_rl,primary,44,id,intervention_peak_normal_N,10,-8.752373445034028,-10.745936890244485,-6.317490977942946,"paired environment-seed bootstrap 95%, identical recorded physical parameters",1,0,9,False
visuotactile_margin_height_seed2_rl,visuotactile_height_seed2_rl,primary,44,id,native_shaped_return,10,-78.5034711505082,-86.24202600504104,-68.44434713921514,"paired environment-seed bootstrap 95%, identical recorded physical parameters",0,0,10,True
visuotactile_margin_height_seed2_rl,visuotactile_height_seed2_rl,primary,44,id,setup_force_budget_exceeded,10,0.0,0.0,0.0,"paired environment-seed bootstrap 95%, identical recorded physical parameters",0,10,0,False
visuotactile_margin_height_seed2_rl,visuotactile_height_seed2_rl,primary,44,id,setup_peak_normal_N,10,0.0,0.0,0.0,"paired environment-seed bootstrap 95%, identical recorded physical parameters",0,10,0,False
visuotactile_margin_height_seed2_rl,visuotactile_height_seed2_rl,primary,44,id,sustained_10cm_lift_success,10,-0.9,-1.0,-0.7,"paired environment-seed bootstrap 95%, identical recorded physical parameters",0,1,9,True
visuotactile_margin_height_seed2_rl,visuotactile_height_seed2_rl,primary,44,id,sustained_10cm_lift_within_force_budget,10,-0.3,-0.6,-0.09750000000001365,"paired environment-seed bootstrap 95%, identical recorded physical parameters",0,7,3,True
visuotactile_margin_height_seed2_rl,visuotactile_height_seed2_rl,primary,44,id,sustained_native_success,10,-0.9,-1.0,-0.7,"paired environment-seed bootstrap 95%, identical recorded physical parameters",0,1,9,True
visuotactile_margin_height_seed2_rl,visuotactile_height_seed2_rl,primary,44,id,sustained_success_within_force_budget,10,-0.3,-0.6,0.0,"paired environment-seed bootstrap 95%, identical recorded physical parameters",0,7,3,True
visuotactile_margin_height_seed2_rl,visuotactile_height_seed2_rl,primary,44,ood,any_native_success,10,0.0,0.0,0.0,"paired environment-seed bootstrap 95%, identical recorded physical parameters",0,10,0,True
visuotactile_margin_height_seed2_rl,visuotactile_height_seed2_rl,primary,44,ood,bilateral_contact_at_takeover,10,0.0,0.0,0.0,"paired environment-seed bootstrap 95%, identical recorded physical parameters",0,10,0,False
visuotactile_margin_height_seed2_rl,visuotactile_height_seed2_rl,primary,44,ood,final_native_success,10,0.0,0.0,0.0,"paired environment-seed bootstrap 95%, identical recorded physical parameters",0,10,0,True
visuotactile_margin_height_seed2_rl,visuotactile_height_seed2_rl,primary,44,ood,force_budget_exceeded,10,-0.8,-1.0,-0.5,"paired environment-seed bootstrap 95%, identical recorded physical parameters",0,2,8,False
visuotactile_margin_height_seed2_rl,visuotactile_height_seed2_rl,primary,44,ood,full_episode_peak_normal_N,10,-8.750955176353454,-11.529629853367807,-6.002771903872495,"paired environment-seed bootstrap 95%, identical recorded physical parameters",0,0,10,False
visuotactile_margin_height_seed2_rl,visuotactile_height_seed2_rl,primary,44,ood,intervention_force_budget_exceeded,10,-0.6,-0.9,-0.3,"paired environment-seed bootstrap 95%, identical recorded physical parameters",0,4,6,False
visuotactile_margin_height_seed2_rl,visuotactile_height_seed2_rl,primary,44,ood,intervention_peak_normal_N,10,-6.973574280738831,-10.40110818564892,-3.533821682929993,"paired environment-seed bootstrap 95%, identical recorded physical parameters",1,0,9,False
visuotactile_margin_height_seed2_rl,visuotactile_height_seed2_rl,primary,44,ood,native_shaped_return,10,-26.606623839973953,-35.14519488347117,-14.931215592386694,"paired environment-seed bootstrap 95%, identical recorded physical parameters",1,0,9,True
visuotactile_margin_height_seed2_rl,visuotactile_height_seed2_rl,primary,44,ood,setup_force_budget_exceeded,10,0.0,0.0,0.0,"paired environment-seed bootstrap 95%, identical recorded physical parameters",0,10,0,False
visuotactile_margin_height_seed2_rl,visuotactile_height_seed2_rl,primary,44,ood,setup_peak_normal_N,10,0.0,0.0,0.0,"paired environment-seed bootstrap 95%, identical recorded physical parameters",0,10,0,False
visuotactile_margin_height_seed2_rl,visuotactile_height_seed2_rl,primary,44,ood,sustained_10cm_lift_success,10,0.0,0.0,0.0,"paired environment-seed bootstrap 95%, identical recorded physical parameters",0,10,0,True
visuotactile_margin_height_seed2_rl,visuotactile_height_seed2_rl,primary,44,ood,sustained_10cm_lift_within_force_budget,10,0.0,0.0,0.0,"paired environment-seed bootstrap 95%, identical recorded physical parameters",0,10,0,True
visuotactile_margin_height_seed2_rl,visuotactile_height_seed2_rl,primary,44,ood,sustained_native_success,10,0.0,0.0,0.0,"paired environment-seed bootstrap 95%, identical recorded physical parameters",0,10,0,True
visuotactile_margin_height_seed2_rl,visuotactile_height_seed2_rl,primary,44,ood,sustained_success_within_force_budget,10,0.0,0.0,0.0,"paired environment-seed bootstrap 95%, identical recorded physical parameters",0,10,0,True
visuotactile_margin_height_seed2_rl,visuotactile_margin_native_seed2_rl,primary,44,all,any_native_success,20,0.0,0.0,0.0,"paired environment-seed bootstrap 95%, identical recorded physical parameters",0,20,0,True
visuotactile_margin_height_seed2_rl,visuotactile_margin_native_seed2_rl,primary,44,all,bilateral_contact_at_takeover,20,0.0,0.0,0.0,"paired environment-seed bootstrap 95%, identical recorded physical parameters",0,20,0,False
visuotactile_margin_height_seed2_rl,visuotactile_margin_native_seed2_rl,primary,44,all,final_native_success,20,0.0,0.0,0.0,"paired environment-seed bootstrap 95%, identical recorded physical parameters",0,20,0,True
visuotactile_margin_height_seed2_rl,visuotactile_margin_native_seed2_rl,primary,44,all,force_budget_exceeded,20,0.0,0.0,0.0,"paired environment-seed bootstrap 95%, identical recorded physical parameters",0,20,0,False
visuotactile_margin_height_seed2_rl,visuotactile_margin_native_seed2_rl,primary,44,all,full_episode_peak_normal_N,20,0.18457304537296296,-0.7242517342418433,0.9093209923803798,"paired environment-seed bootstrap 95%, identical recorded physical parameters",7,10,3,False
visuotactile_margin_height_seed2_rl,visuotactile_margin_native_seed2_rl,primary,44,all,intervention_force_budget_exceeded,20,0.0,0.0,0.0,"paired environment-seed bootstrap 95%, identical recorded physical parameters",0,20,0,False
visuotactile_margin_height_seed2_rl,visuotactile_margin_native_seed2_rl,primary,44,all,intervention_peak_normal_N,20,0.18457304537296296,-0.6844426590949296,0.8942140112072224,"paired environment-seed bootstrap 95%, identical recorded physical parameters",7,10,3,False
visuotactile_margin_height_seed2_rl,visuotactile_margin_native_seed2_rl,primary,44,all,native_shaped_return,20,-21.487484896591514,-24.884292860945187,-17.57965109313214,"paired environment-seed bootstrap 95%, identical recorded physical parameters",1,0,19,True
visuotactile_margin_height_seed2_rl,visuotactile_margin_native_seed2_rl,primary,44,all,setup_force_budget_exceeded,20,0.0,0.0,0.0,"paired environment-seed bootstrap 95%, identical recorded physical parameters",0,20,0,False
visuotactile_margin_height_seed2_rl,visuotactile_margin_native_seed2_rl,primary,44,all,setup_peak_normal_N,20,0.0,0.0,0.0,"paired environment-seed bootstrap 95%, identical recorded physical parameters",0,20,0,False
visuotactile_margin_height_seed2_rl,visuotactile_margin_native_seed2_rl,primary,44,all,sustained_10cm_lift_success,20,0.0,0.0,0.0,"paired environment-seed bootstrap 95%, identical recorded physical parameters",0,20,0,True
visuotactile_margin_height_seed2_rl,visuotactile_margin_native_seed2_rl,primary,44,all,sustained_10cm_lift_within_force_budget,20,0.0,0.0,0.0,"paired environment-seed bootstrap 95%, identical recorded physical parameters",0,20,0,True
visuotactile_margin_height_seed2_rl,visuotactile_margin_native_seed2_rl,primary,44,all,sustained_native_success,20,0.0,0.0,0.0,"paired environment-seed bootstrap 95%, identical recorded physical parameters",0,20,0,True
visuotactile_margin_height_seed2_rl,visuotactile_margin_native_seed2_rl,primary,44,all,sustained_success_within_force_budget,20,0.0,0.0,0.0,"paired environment-seed bootstrap 95%, identical recorded physical parameters",0,20,0,True
visuotactile_margin_height_seed2_rl,visuotactile_margin_native_seed2_rl,primary,44,id,any_native_success,10,0.0,0.0,0.0,"paired environment-seed bootstrap 95%, identical recorded physical parameters",0,10,0,True
visuotactile_margin_height_seed2_rl,visuotactile_margin_native_seed2_rl,primary,44,id,bilateral_contact_at_takeover,10,0.0,0.0,0.0,"paired environment-seed bootstrap 95%, identical recorded physical parameters",0,10,0,False
visuotactile_margin_height_seed2_rl,visuotactile_margin_native_seed2_rl,primary,44,id,final_native_success,10,0.0,0.0,0.0,"paired environment-seed bootstrap 95%, identical recorded physical parameters",0,10,0,True
visuotactile_margin_height_seed2_rl,visuotactile_margin_native_seed2_rl,primary,44,id,force_budget_exceeded,10,0.0,0.0,0.0,"paired environment-seed bootstrap 95%, identical recorded physical parameters",0,10,0,False
visuotactile_margin_height_seed2_rl,visuotactile_margin_native_seed2_rl,primary,44,id,full_episode_peak_normal_N,10,0.7443399012088776,0.14227917194366455,1.4658636927604676,"paired environment-seed bootstrap 95%, identical recorded physical parameters",4,6,0,False
visuotactile_margin_height_seed2_rl,visuotactile_margin_native_seed2_rl,primary,44,id,intervention_force_budget_exceeded,10,0.0,0.0,0.0,"paired environment-seed bootstrap 95%, identical recorded physical parameters",0,10,0,False
visuotactile_margin_height_seed2_rl,visuotactile_margin_native_seed2_rl,primary,44,id,intervention_peak_normal_N,10,0.7443399012088776,0.14227917194366455,1.4478873908519745,"paired environment-seed bootstrap 95%, identical recorded physical parameters",4,6,0,False
visuotactile_margin_height_seed2_rl,visuotactile_margin_native_seed2_rl,primary,44,id,native_shaped_return,10,-23.281600195638184,-27.714458319709387,-17.58884185618927,"paired environment-seed bootstrap 95%, identical recorded physical parameters",0,0,10,True
visuotactile_margin_height_seed2_rl,visuotactile_margin_native_seed2_rl,primary,44,id,setup_force_budget_exceeded,10,0.0,0.0,0.0,"paired environment-seed bootstrap 95%, identical recorded physical parameters",0,10,0,False
visuotactile_margin_height_seed2_rl,visuotactile_margin_native_seed2_rl,primary,44,id,setup_peak_normal_N,10,0.0,0.0,0.0,"paired environment-seed bootstrap 95%, identical recorded physical parameters",0,10,0,False
visuotactile_margin_height_seed2_rl,visuotactile_margin_native_seed2_rl,primary,44,id,sustained_10cm_lift_success,10,0.0,0.0,0.0,"paired environment-seed bootstrap 95%, identical recorded physical parameters",0,10,0,True
visuotactile_margin_height_seed2_rl,visuotactile_margin_native_seed2_rl,primary,44,id,sustained_10cm_lift_within_force_budget,10,0.0,0.0,0.0,"paired environment-seed bootstrap 95%, identical recorded physical parameters",0,10,0,True
visuotactile_margin_height_seed2_rl,visuotactile_margin_native_seed2_rl,primary,44,id,sustained_native_success,10,0.0,0.0,0.0,"paired environment-seed bootstrap 95%, identical recorded physical parameters",0,10,0,True
visuotactile_margin_height_seed2_rl,visuotactile_margin_native_seed2_rl,primary,44,id,sustained_success_within_force_budget,10,0.0,0.0,0.0,"paired environment-seed bootstrap 95%, identical recorded physical parameters",0,10,0,True
visuotactile_margin_height_seed2_rl,visuotactile_margin_native_seed2_rl,primary,44,ood,any_native_success,10,0.0,0.0,0.0,"paired environment-seed bootstrap 95%, identical recorded physical parameters",0,10,0,True
visuotactile_margin_height_seed2_rl,visuotactile_margin_native_seed2_rl,primary,44,ood,bilateral_contact_at_takeover,10,0.0,0.0,0.0,"paired environment-seed bootstrap 95%, identical recorded physical parameters",0,10,0,False
visuotactile_margin_height_seed2_rl,visuotactile_margin_native_seed2_rl,primary,44,ood,final_native_success,10,0.0,0.0,0.0,"paired environment-seed bootstrap 95%, identical recorded physical parameters",0,10,0,True
visuotactile_margin_height_seed2_rl,visuotactile_margin_native_seed2_rl,primary,44,ood,force_budget_exceeded,10,0.0,0.0,0.0,"paired environment-seed bootstrap 95%, identical recorded physical parameters",0,10,0,False
visuotactile_margin_height_seed2_rl,visuotactile_margin_native_seed2_rl,primary,44,ood,full_episode_peak_normal_N,10,-0.37519381046295164,-1.9555944728851318,0.8581426560878753,"paired environment-seed bootstrap 95%, identical recorded physical parameters",3,4,3,False
visuotactile_margin_height_seed2_rl,visuotactile_margin_native_seed2_rl,primary,44,ood,intervention_force_budget_exceeded,10,0.0,0.0,0.0,"paired environment-seed bootstrap 95%, identical recorded physical parameters",0,10,0,False
visuotactile_margin_height_seed2_rl,visuotactile_margin_native_seed2_rl,primary,44,ood,intervention_peak_normal_N,10,-0.37519381046295164,-1.8185408854484557,0.8044681471586217,"paired environment-seed bootstrap 95%, identical recorded physical parameters",3,4,3,False
visuotactile_margin_height_seed2_rl,visuotactile_margin_native_seed2_rl,primary,44,ood,native_shaped_return,10,-19.69336959754484,-23.65251063789441,-14.723478691446466,"paired environment-seed bootstrap 95%, identical recorded physical parameters",1,0,9,True
visuotactile_margin_height_seed2_rl,visuotactile_margin_native_seed2_rl,primary,44,ood,setup_force_budget_exceeded,10,0.0,0.0,0.0,"paired environment-seed bootstrap 95%, identical recorded physical parameters",0,10,0,False
visuotactile_margin_height_seed2_rl,visuotactile_margin_native_seed2_rl,primary,44,ood,setup_peak_normal_N,10,0.0,0.0,0.0,"paired environment-seed bootstrap 95%, identical recorded physical parameters",0,10,0,False
visuotactile_margin_height_seed2_rl,visuotactile_margin_native_seed2_rl,primary,44,ood,sustained_10cm_lift_success,10,0.0,0.0,0.0,"paired environment-seed bootstrap 95%, identical recorded physical parameters",0,10,0,True
visuotactile_margin_height_seed2_rl,visuotactile_margin_native_seed2_rl,primary,44,ood,sustained_10cm_lift_within_force_budget,10,0.0,0.0,0.0,"paired environment-seed bootstrap 95%, identical recorded physical parameters",0,10,0,True
visuotactile_margin_height_seed2_rl,visuotactile_margin_native_seed2_rl,primary,44,ood,sustained_native_success,10,0.0,0.0,0.0,"paired environment-seed bootstrap 95%, identical recorded physical parameters",0,10,0,True
visuotactile_margin_height_seed2_rl,visuotactile_margin_native_seed2_rl,primary,44,ood,sustained_success_within_force_budget,10,0.0,0.0,0.0,"paired environment-seed bootstrap 95%, identical recorded physical parameters",0,10,0,True
visuotactile_margin_height_seed2_rl,visuotactile_seed2_bc,primary,44,all,any_native_success,20,-0.4,-0.65,-0.2,"paired environment-seed bootstrap 95%, identical recorded physical parameters",0,12,8,True
visuotactile_margin_height_seed2_rl,visuotactile_seed2_bc,primary,44,all,bilateral_contact_at_takeover,20,0.0,0.0,0.0,"paired environment-seed bootstrap 95%, identical recorded physical parameters",0,20,0,False
visuotactile_margin_height_seed2_rl,visuotactile_seed2_bc,primary,44,all,final_native_success,20,-0.4,-0.6,-0.2,"paired environment-seed bootstrap 95%, identical recorded physical parameters",0,12,8,True
visuotactile_margin_height_seed2_rl,visuotactile_seed2_bc,primary,44,all,force_budget_exceeded,20,-0.55,-0.75,-0.35,"paired environment-seed bootstrap 95%, identical recorded physical parameters",0,9,11,False
visuotactile_margin_height_seed2_rl,visuotactile_seed2_bc,primary,44,all,full_episode_peak_normal_N,20,-9.913917773962021,-12.97836540877819,-7.092329771518711,"paired environment-seed bootstrap 95%, identical recorded physical parameters",0,1,19,False
visuotactile_margin_height_seed2_rl,visuotactile_seed2_bc,primary,44,all,intervention_force_budget_exceeded,20,-0.4,-0.6,-0.2,"paired environment-seed bootstrap 95%, identical recorded physical parameters",0,12,8,False
visuotactile_margin_height_seed2_rl,visuotactile_seed2_bc,primary,44,all,intervention_peak_normal_N,20,-7.881791561841965,-10.687584883272647,-5.092513265162706,"paired environment-seed bootstrap 95%, identical recorded physical parameters",1,1,18,False
visuotactile_margin_height_seed2_rl,visuotactile_seed2_bc,primary,44,all,native_shaped_return,20,-37.388357396099664,-43.129901747566194,-30.89751179211312,"paired environment-seed bootstrap 95%, identical recorded physical parameters",0,0,20,True
visuotactile_margin_height_seed2_rl,visuotactile_seed2_bc,primary,44,all,setup_force_budget_exceeded,20,0.0,0.0,0.0,"paired environment-seed bootstrap 95%, identical recorded physical parameters",0,20,0,False
visuotactile_margin_height_seed2_rl,visuotactile_seed2_bc,primary,44,all,setup_peak_normal_N,20,0.0,0.0,0.0,"paired environment-seed bootstrap 95%, identical recorded physical parameters",0,20,0,False
visuotactile_margin_height_seed2_rl,visuotactile_seed2_bc,primary,44,all,sustained_10cm_lift_success,20,-0.05,-0.15,0.0,"paired environment-seed bootstrap 95%, identical recorded physical parameters",0,19,1,True
visuotactile_margin_height_seed2_rl,visuotactile_seed2_bc,primary,44,all,sustained_10cm_lift_within_force_budget,20,-0.05,-0.15,0.0,"paired environment-seed bootstrap 95%, identical recorded physical parameters",0,19,1,True
visuotactile_margin_height_seed2_rl,visuotactile_seed2_bc,primary,44,all,sustained_native_success,20,-0.1,-0.25,0.0,"paired environment-seed bootstrap 95%, identical recorded physical parameters",0,18,2,True
visuotactile_margin_height_seed2_rl,visuotactile_seed2_bc,primary,44,all,sustained_success_within_force_budget,20,-0.05,-0.15,0.0,"paired environment-seed bootstrap 95%, identical recorded physical parameters",0,19,1,True
visuotactile_margin_height_seed2_rl,visuotactile_seed2_bc,primary,44,id,any_native_success,10,-0.8,-1.0,-0.5,"paired environment-seed bootstrap 95%, identical recorded physical parameters",0,2,8,True
visuotactile_margin_height_seed2_rl,visuotactile_seed2_bc,primary,44,id,bilateral_contact_at_takeover,10,0.0,0.0,0.0,"paired environment-seed bootstrap 95%, identical recorded physical parameters",0,10,0,False
visuotactile_margin_height_seed2_rl,visuotactile_seed2_bc,primary,44,id,final_native_success,10,-0.8,-1.0,-0.5,"paired environment-seed bootstrap 95%, identical recorded physical parameters",0,2,8,True
visuotactile_margin_height_seed2_rl,visuotactile_seed2_bc,primary,44,id,force_budget_exceeded,10,-0.3,-0.6,0.0,"paired environment-seed bootstrap 95%, identical recorded physical parameters",0,7,3,False
visuotactile_margin_height_seed2_rl,visuotactile_seed2_bc,primary,44,id,full_episode_peak_normal_N,10,-8.402195036411285,-12.288694739341736,-4.6392365744710045,"paired environment-seed bootstrap 95%, identical recorded physical parameters",0,1,9,False
visuotactile_margin_height_seed2_rl,visuotactile_seed2_bc,primary,44,id,intervention_force_budget_exceeded,10,-0.3,-0.6,0.0,"paired environment-seed bootstrap 95%, identical recorded physical parameters",0,7,3,False
visuotactile_margin_height_seed2_rl,visuotactile_seed2_bc,primary,44,id,intervention_peak_normal_N,10,-8.402195036411285,-12.424681612849236,-4.747903694808488,"paired environment-seed bootstrap 95%, identical recorded physical parameters",0,1,9,False
visuotactile_margin_height_seed2_rl,visuotactile_seed2_bc,primary,44,id,native_shaped_return,10,-40.18560228444851,-49.500211158559885,-28.17054737770378,"paired environment-seed bootstrap 95%, identical recorded physical parameters",0,0,10,True
visuotactile_margin_height_seed2_rl,visuotactile_seed2_bc,primary,44,id,setup_force_budget_exceeded,10,0.0,0.0,0.0,"paired environment-seed bootstrap 95%, identical recorded physical parameters",0,10,0,False
visuotactile_margin_height_seed2_rl,visuotactile_seed2_bc,primary,44,id,setup_peak_normal_N,10,0.0,0.0,0.0,"paired environment-seed bootstrap 95%, identical recorded physical parameters",0,10,0,False
visuotactile_margin_height_seed2_rl,visuotactile_seed2_bc,primary,44,id,sustained_10cm_lift_success,10,-0.1,-0.3,0.0,"paired environment-seed bootstrap 95%, identical recorded physical parameters",0,9,1,True
visuotactile_margin_height_seed2_rl,visuotactile_seed2_bc,primary,44,id,sustained_10cm_lift_within_force_budget,10,-0.1,-0.3,0.0,"paired environment-seed bootstrap 95%, identical recorded physical parameters",0,9,1,True
visuotactile_margin_height_seed2_rl,visuotactile_seed2_bc,primary,44,id,sustained_native_success,10,-0.2,-0.5,0.0,"paired environment-seed bootstrap 95%, identical recorded physical parameters",0,8,2,True
visuotactile_margin_height_seed2_rl,visuotactile_seed2_bc,primary,44,id,sustained_success_within_force_budget,10,-0.1,-0.3,0.0,"paired environment-seed bootstrap 95%, identical recorded physical parameters",0,9,1,True
visuotactile_margin_height_seed2_rl,visuotactile_seed2_bc,primary,44,ood,any_native_success,10,0.0,0.0,0.0,"paired environment-seed bootstrap 95%, identical recorded physical parameters",0,10,0,True
visuotactile_margin_height_seed2_rl,visuotactile_seed2_bc,primary,44,ood,bilateral_contact_at_takeover,10,0.0,0.0,0.0,"paired environment-seed bootstrap 95%, identical recorded physical parameters",0,10,0,False
visuotactile_margin_height_seed2_rl,visuotactile_seed2_bc,primary,44,ood,final_native_success,10,0.0,0.0,0.0,"paired environment-seed bootstrap 95%, identical recorded physical parameters",0,10,0,True
visuotactile_margin_height_seed2_rl,visuotactile_seed2_bc,primary,44,ood,force_budget_exceeded,10,-0.8,-1.0,-0.5,"paired environment-seed bootstrap 95%, identical recorded physical parameters",0,2,8,False
visuotactile_margin_height_seed2_rl,visuotactile_seed2_bc,primary,44,ood,full_episode_peak_normal_N,10,-11.425640511512757,-16.190243239402772,-7.288581623435023,"paired environment-seed bootstrap 95%, identical recorded physical parameters",0,0,10,False
visuotactile_margin_height_seed2_rl,visuotactile_seed2_bc,primary,44,ood,intervention_force_budget_exceeded,10,-0.5,-0.8,-0.2,"paired environment-seed bootstrap 95%, identical recorded physical parameters",0,5,5,False
visuotactile_margin_height_seed2_rl,visuotactile_seed2_bc,primary,44,ood,intervention_peak_normal_N,10,-7.361388087272644,-11.462390874624253,-3.514902892708782,"paired environment-seed bootstrap 95%, identical recorded physical parameters",1,0,9,False
visuotactile_margin_height_seed2_rl,visuotactile_seed2_bc,primary,44,ood,native_shaped_return,10,-34.59111250775082,-38.80913697999233,-28.302222141809978,"paired environment-seed bootstrap 95%, identical recorded physical parameters",0,0,10,True
visuotactile_margin_height_seed2_rl,visuotactile_seed2_bc,primary,44,ood,setup_force_budget_exceeded,10,0.0,0.0,0.0,"paired environment-seed bootstrap 95%, identical recorded physical parameters",0,10,0,False
visuotactile_margin_height_seed2_rl,visuotactile_seed2_bc,primary,44,ood,setup_peak_normal_N,10,0.0,0.0,0.0,"paired environment-seed bootstrap 95%, identical recorded physical parameters",0,10,0,False
visuotactile_margin_height_seed2_rl,visuotactile_seed2_bc,primary,44,ood,sustained_10cm_lift_success,10,0.0,0.0,0.0,"paired environment-seed bootstrap 95%, identical recorded physical parameters",0,10,0,True
visuotactile_margin_height_seed2_rl,visuotactile_seed2_bc,primary,44,ood,sustained_10cm_lift_within_force_budget,10,0.0,0.0,0.0,"paired environment-seed bootstrap 95%, identical recorded physical parameters",0,10,0,True
visuotactile_margin_height_seed2_rl,visuotactile_seed2_bc,primary,44,ood,sustained_native_success,10,0.0,0.0,0.0,"paired environment-seed bootstrap 95%, identical recorded physical parameters",0,10,0,True
visuotactile_margin_height_seed2_rl,visuotactile_seed2_bc,primary,44,ood,sustained_success_within_force_budget,10,0.0,0.0,0.0,"paired environment-seed bootstrap 95%, identical recorded physical parameters",0,10,0,True
visuotactile_margin_native_seed0_rl,force_feedback,primary,44,all,any_native_success,20,-0.4,-0.6,-0.2,"paired environment-seed bootstrap 95%, identical recorded physical parameters",0,12,8,True
visuotactile_margin_native_seed0_rl,force_feedback,primary,44,all,bilateral_contact_at_takeover,20,0.0,0.0,0.0,"paired environment-seed bootstrap 95%, identical recorded physical parameters",0,20,0,False
visuotactile_margin_native_seed0_rl,force_feedback,primary,44,all,final_native_success,20,-0.45,-0.65,-0.25,"paired environment-seed bootstrap 95%, identical recorded physical parameters",0,11,9,True
visuotactile_margin_native_seed0_rl,force_feedback,primary,44,all,force_budget_exceeded,20,-0.2,-0.4,-0.05,"paired environment-seed bootstrap 95%, identical recorded physical parameters",0,16,4,False
visuotactile_margin_native_seed0_rl,force_feedback,primary,44,all,full_episode_peak_normal_N,20,-4.413082158565521,-5.963823048472404,-2.8822577184438707,"paired environment-seed bootstrap 95%, identical recorded physical parameters",4,0,16,False
visuotactile_margin_native_seed0_rl,force_feedback,primary,44,all,intervention_force_budget_exceeded,20,-0.05,-0.15,0.0,"paired environment-seed bootstrap 95%, identical recorded physical parameters",0,19,1,False
visuotactile_margin_native_seed0_rl,force_feedback,primary,44,all,intervention_peak_normal_N,20,-3.4292740345001222,-4.6391155639290815,-2.153854856193066,"paired environment-seed bootstrap 95%, identical recorded physical parameters",4,0,16,False
visuotactile_margin_native_seed0_rl,force_feedback,primary,44,all,native_shaped_return,20,-16.148379384920542,-28.132981962932945,-3.94818487289068,"paired environment-seed bootstrap 95%, identical recorded physical parameters",10,0,10,True
visuotactile_margin_native_seed0_rl,force_feedback,primary,44,all,setup_force_budget_exceeded,20,0.0,0.0,0.0,"paired environment-seed bootstrap 95%, identical recorded physical parameters",0,20,0,False
visuotactile_margin_native_seed0_rl,force_feedback,primary,44,all,setup_peak_normal_N,20,0.0,0.0,0.0,"paired environment-seed bootstrap 95%, identical recorded physical parameters",0,20,0,False
visuotactile_margin_native_seed0_rl,force_feedback,primary,44,all,sustained_10cm_lift_success,20,-0.5,-0.7,-0.3,"paired environment-seed bootstrap 95%, identical recorded physical parameters",0,10,10,True
visuotactile_margin_native_seed0_rl,force_feedback,primary,44,all,sustained_10cm_lift_within_force_budget,20,-0.35,-0.55,-0.15,"paired environment-seed bootstrap 95%, identical recorded physical parameters",0,13,7,True
visuotactile_margin_native_seed0_rl,force_feedback,primary,44,all,sustained_native_success,20,-0.45,-0.65,-0.25,"paired environment-seed bootstrap 95%, identical recorded physical parameters",0,11,9,True
visuotactile_margin_native_seed0_rl,force_feedback,primary,44,all,sustained_success_within_force_budget,20,-0.3,-0.5,-0.1,"paired environment-seed bootstrap 95%, identical recorded physical parameters",0,14,6,True
visuotactile_margin_native_seed0_rl,force_feedback,primary,44,id,any_native_success,10,-0.8,-1.0,-0.5,"paired environment-seed bootstrap 95%, identical recorded physical parameters",0,2,8,True
visuotactile_margin_native_seed0_rl,force_feedback,primary,44,id,bilateral_contact_at_takeover,10,0.0,0.0,0.0,"paired environment-seed bootstrap 95%, identical recorded physical parameters",0,10,0,False
visuotactile_margin_native_seed0_rl,force_feedback,primary,44,id,final_native_success,10,-0.9,-1.0,-0.7,"paired environment-seed bootstrap 95%, identical recorded physical parameters",0,1,9,True
visuotactile_margin_native_seed0_rl,force_feedback,primary,44,id,force_budget_exceeded,10,-0.3,-0.6,0.0,"paired environment-seed bootstrap 95%, identical recorded physical parameters",0,7,3,False
visuotactile_margin_native_seed0_rl,force_feedback,primary,44,id,full_episode_peak_normal_N,10,-5.482884860038757,-7.365182889103889,-3.4491463917493834,"paired environment-seed bootstrap 95%, identical recorded physical parameters",1,0,9,False
visuotactile_margin_native_seed0_rl,force_feedback,primary,44,id,intervention_force_budget_exceeded,10,0.0,0.0,0.0,"paired environment-seed bootstrap 95%, identical recorded physical parameters",0,10,0,False
visuotactile_margin_native_seed0_rl,force_feedback,primary,44,id,intervention_peak_normal_N,10,-3.515268611907959,-4.737893147468567,-2.1522984290123,"paired environment-seed bootstrap 95%, identical recorded physical parameters",1,0,9,False
visuotactile_margin_native_seed0_rl,force_feedback,primary,44,id,native_shaped_return,10,-43.52351116768188,-46.01747115401652,-41.17742790156511,"paired environment-seed bootstrap 95%, identical recorded physical parameters",0,0,10,True
visuotactile_margin_native_seed0_rl,force_feedback,primary,44,id,setup_force_budget_exceeded,10,0.0,0.0,0.0,"paired environment-seed bootstrap 95%, identical recorded physical parameters",0,10,0,False
visuotactile_margin_native_seed0_rl,force_feedback,primary,44,id,setup_peak_normal_N,10,0.0,0.0,0.0,"paired environment-seed bootstrap 95%, identical recorded physical parameters",0,10,0,False
visuotactile_margin_native_seed0_rl,force_feedback,primary,44,id,sustained_10cm_lift_success,10,-1.0,-1.0,-1.0,"paired environment-seed bootstrap 95%, identical recorded physical parameters",0,0,10,True
visuotactile_margin_native_seed0_rl,force_feedback,primary,44,id,sustained_10cm_lift_within_force_budget,10,-0.7,-1.0,-0.4,"paired environment-seed bootstrap 95%, identical recorded physical parameters",0,3,7,True
visuotactile_margin_native_seed0_rl,force_feedback,primary,44,id,sustained_native_success,10,-0.9,-1.0,-0.7,"paired environment-seed bootstrap 95%, identical recorded physical parameters",0,1,9,True
visuotactile_margin_native_seed0_rl,force_feedback,primary,44,id,sustained_success_within_force_budget,10,-0.6,-0.9,-0.3,"paired environment-seed bootstrap 95%, identical recorded physical parameters",0,4,6,True
visuotactile_margin_native_seed0_rl,force_feedback,primary,44,ood,any_native_success,10,0.0,0.0,0.0,"paired environment-seed bootstrap 95%, identical recorded physical parameters",0,10,0,True
visuotactile_margin_native_seed0_rl,force_feedback,primary,44,ood,bilateral_contact_at_takeover,10,0.0,0.0,0.0,"paired environment-seed bootstrap 95%, identical recorded physical parameters",0,10,0,False
visuotactile_margin_native_seed0_rl,force_feedback,primary,44,ood,final_native_success,10,0.0,0.0,0.0,"paired environment-seed bootstrap 95%, identical recorded physical parameters",0,10,0,True
visuotactile_margin_native_seed0_rl,force_feedback,primary,44,ood,force_budget_exceeded,10,-0.1,-0.3,0.0,"paired environment-seed bootstrap 95%, identical recorded physical parameters",0,9,1,False
visuotactile_margin_native_seed0_rl,force_feedback,primary,44,ood,full_episode_peak_normal_N,10,-3.3432794570922852,-5.594452165365219,-1.2728159785270696,"paired environment-seed bootstrap 95%, identical recorded physical parameters",3,0,7,False
visuotactile_margin_native_seed0_rl,force_feedback,primary,44,ood,intervention_force_budget_exceeded,10,-0.1,-0.3,0.0,"paired environment-seed bootstrap 95%, identical recorded physical parameters",0,9,1,False
visuotactile_margin_native_seed0_rl,force_feedback,primary,44,ood,intervention_peak_normal_N,10,-3.3432794570922852,-5.55068727016449,-1.2392988777160652,"paired environment-seed bootstrap 95%, identical recorded physical parameters",3,0,7,False
visuotactile_margin_native_seed0_rl,force_feedback,primary,44,ood,native_shaped_return,10,11.226752397840789,8.910902535620101,13.473011824998634,"paired environment-seed bootstrap 95%, identical recorded physical parameters",10,0,0,True
visuotactile_margin_native_seed0_rl,force_feedback,primary,44,ood,setup_force_budget_exceeded,10,0.0,0.0,0.0,"paired environment-seed bootstrap 95%, identical recorded physical parameters",0,10,0,False
visuotactile_margin_native_seed0_rl,force_feedback,primary,44,ood,setup_peak_normal_N,10,0.0,0.0,0.0,"paired environment-seed bootstrap 95%, identical recorded physical parameters",0,10,0,False
visuotactile_margin_native_seed0_rl,force_feedback,primary,44,ood,sustained_10cm_lift_success,10,0.0,0.0,0.0,"paired environment-seed bootstrap 95%, identical recorded physical parameters",0,10,0,True
visuotactile_margin_native_seed0_rl,force_feedback,primary,44,ood,sustained_10cm_lift_within_force_budget,10,0.0,0.0,0.0,"paired environment-seed bootstrap 95%, identical recorded physical parameters",0,10,0,True
visuotactile_margin_native_seed0_rl,force_feedback,primary,44,ood,sustained_native_success,10,0.0,0.0,0.0,"paired environment-seed bootstrap 95%, identical recorded physical parameters",0,10,0,True
visuotactile_margin_native_seed0_rl,force_feedback,primary,44,ood,sustained_success_within_force_budget,10,0.0,0.0,0.0,"paired environment-seed bootstrap 95%, identical recorded physical parameters",0,10,0,True
visuotactile_margin_native_seed0_rl,script,primary,44,all,any_native_success,20,-0.4,-0.6,-0.2,"paired environment-seed bootstrap 95%, identical recorded physical parameters",0,12,8,True
visuotactile_margin_native_seed0_rl,script,primary,44,all,bilateral_contact_at_takeover,20,0.0,0.0,0.0,"paired environment-seed bootstrap 95%, identical recorded physical parameters",0,20,0,False
visuotactile_margin_native_seed0_rl,script,primary,44,all,final_native_success,20,-0.45,-0.7,-0.25,"paired environment-seed bootstrap 95%, identical recorded physical parameters",0,11,9,True
visuotactile_margin_native_seed0_rl,script,primary,44,all,force_budget_exceeded,20,-0.65,-0.85,-0.45,"paired environment-seed bootstrap 95%, identical recorded physical parameters",0,7,13,False
visuotactile_margin_native_seed0_rl,script,primary,44,all,full_episode_peak_normal_N,20,-8.580638706684113,-12.21863417595625,-5.25710434406996,"paired environment-seed bootstrap 95%, identical recorded physical parameters",4,1,15,False
visuotactile_margin_native_seed0_rl,script,primary,44,all,intervention_force_budget_exceeded,20,-0.65,-0.85,-0.45,"paired environment-seed bootstrap 95%, identical recorded physical parameters",0,7,13,False
visuotactile_margin_native_seed0_rl,script,primary,44,all,intervention_peak_normal_N,20,-8.635594081878661,-11.844565215408801,-5.591267693936825,"paired environment-seed bootstrap 95%, identical recorded physical parameters",4,1,15,False
visuotactile_margin_native_seed0_rl,script,primary,44,all,native_shaped_return,20,-16.623808465298634,-28.962574272347197,-4.563589076167941,"paired environment-seed bootstrap 95%, identical recorded physical parameters",10,0,10,True
visuotactile_margin_native_seed0_rl,script,primary,44,all,setup_force_budget_exceeded,20,0.0,0.0,0.0,"paired environment-seed bootstrap 95%, identical recorded physical parameters",0,20,0,False
visuotactile_margin_native_seed0_rl,script,primary,44,all,setup_peak_normal_N,20,0.0,0.0,0.0,"paired environment-seed bootstrap 95%, identical recorded physical parameters",0,20,0,False
visuotactile_margin_native_seed0_rl,script,primary,44,all,sustained_10cm_lift_success,20,-0.5,-0.7,-0.3,"paired environment-seed bootstrap 95%, identical recorded physical parameters",0,10,10,True
visuotactile_margin_native_seed0_rl,script,primary,44,all,sustained_10cm_lift_within_force_budget,20,-0.1,-0.25,0.0,"paired environment-seed bootstrap 95%, identical recorded physical parameters",0,18,2,True
visuotactile_margin_native_seed0_rl,script,primary,44,all,sustained_native_success,20,-0.45,-0.65,-0.25,"paired environment-seed bootstrap 95%, identical recorded physical parameters",0,11,9,True
visuotactile_margin_native_seed0_rl,script,primary,44,all,sustained_success_within_force_budget,20,-0.05,-0.15,0.0,"paired environment-seed bootstrap 95%, identical recorded physical parameters",0,19,1,True
visuotactile_margin_native_seed0_rl,script,primary,44,id,any_native_success,10,-0.8,-1.0,-0.5,"paired environment-seed bootstrap 95%, identical recorded physical parameters",0,2,8,True
visuotactile_margin_native_seed0_rl,script,primary,44,id,bilateral_contact_at_takeover,10,0.0,0.0,0.0,"paired environment-seed bootstrap 95%, identical recorded physical parameters",0,10,0,False
visuotactile_margin_native_seed0_rl,script,primary,44,id,final_native_success,10,-0.9,-1.0,-0.7,"paired environment-seed bootstrap 95%, identical recorded physical parameters",0,1,9,True
visuotactile_margin_native_seed0_rl,script,primary,44,id,force_budget_exceeded,10,-0.8,-1.0,-0.5,"paired environment-seed bootstrap 95%, identical recorded physical parameters",0,2,8,False
visuotactile_margin_native_seed0_rl,script,primary,44,id,full_episode_peak_normal_N,10,-9.582345700263977,-12.8120119702816,-6.301600414514547,"paired environment-seed bootstrap 95%, identical recorded physical parameters",1,0,9,False
visuotactile_margin_native_seed0_rl,script,primary,44,id,intervention_force_budget_exceeded,10,-0.8,-1.0,-0.5,"paired environment-seed bootstrap 95%, identical recorded physical parameters",0,2,8,False
visuotactile_margin_native_seed0_rl,script,primary,44,id,intervention_peak_normal_N,10,-9.692256450653076,-12.967511194348337,-6.328723497986797,"paired environment-seed bootstrap 95%, identical recorded physical parameters",1,0,9,False
visuotactile_margin_native_seed0_rl,script,primary,44,id,native_shaped_return,10,-44.127477535611085,-46.86784570282579,-41.82347963673417,"paired environment-seed bootstrap 95%, identical recorded physical parameters",0,0,10,True
visuotactile_margin_native_seed0_rl,script,primary,44,id,setup_force_budget_exceeded,10,0.0,0.0,0.0,"paired environment-seed bootstrap 95%, identical recorded physical parameters",0,10,0,False
visuotactile_margin_native_seed0_rl,script,primary,44,id,setup_peak_normal_N,10,0.0,0.0,0.0,"paired environment-seed bootstrap 95%, identical recorded physical parameters",0,10,0,False
visuotactile_margin_native_seed0_rl,script,primary,44,id,sustained_10cm_lift_success,10,-1.0,-1.0,-1.0,"paired environment-seed bootstrap 95%, identical recorded physical parameters",0,0,10,True
visuotactile_margin_native_seed0_rl,script,primary,44,id,sustained_10cm_lift_within_force_budget,10,-0.2,-0.5,0.0,"paired environment-seed bootstrap 95%, identical recorded physical parameters",0,8,2,True
visuotactile_margin_native_seed0_rl,script,primary,44,id,sustained_native_success,10,-0.9,-1.0,-0.7,"paired environment-seed bootstrap 95%, identical recorded physical parameters",0,1,9,True
visuotactile_margin_native_seed0_rl,script,primary,44,id,sustained_success_within_force_budget,10,-0.1,-0.3,0.0,"paired environment-seed bootstrap 95%, identical recorded physical parameters",0,9,1,True
visuotactile_margin_native_seed0_rl,script,primary,44,ood,any_native_success,10,0.0,0.0,0.0,"paired environment-seed bootstrap 95%, identical recorded physical parameters",0,10,0,True
visuotactile_margin_native_seed0_rl,script,primary,44,ood,bilateral_contact_at_takeover,10,0.0,0.0,0.0,"paired environment-seed bootstrap 95%, identical recorded physical parameters",0,10,0,False
visuotactile_margin_native_seed0_rl,script,primary,44,ood,final_native_success,10,0.0,0.0,0.0,"paired environment-seed bootstrap 95%, identical recorded physical parameters",0,10,0,True
visuotactile_margin_native_seed0_rl,script,primary,44,ood,force_budget_exceeded,10,-0.5,-0.8,-0.2,"paired environment-seed bootstrap 95%, identical recorded physical parameters",0,5,5,False
visuotactile_margin_native_seed0_rl,script,primary,44,ood,full_episode_peak_normal_N,10,-7.578931713104248,-13.427605036497116,-2.5284309363365245,"paired environment-seed bootstrap 95%, identical recorded physical parameters",3,1,6,False
visuotactile_margin_native_seed0_rl,script,primary,44,ood,intervention_force_budget_exceeded,10,-0.5,-0.8,-0.2,"paired environment-seed bootstrap 95%, identical recorded physical parameters",0,5,5,False
visuotactile_margin_native_seed0_rl,script,primary,44,ood,intervention_peak_normal_N,10,-7.578931713104248,-13.482894603013992,-2.5801074004173326,"paired environment-seed bootstrap 95%, identical recorded physical parameters",3,1,6,False
visuotactile_margin_native_seed0_rl,script,primary,44,ood,native_shaped_return,10,10.879860605013821,8.435843404336111,13.410185950370076,"paired environment-seed bootstrap 95%, identical recorded physical parameters",10,0,0,True
visuotactile_margin_native_seed0_rl,script,primary,44,ood,setup_force_budget_exceeded,10,0.0,0.0,0.0,"paired environment-seed bootstrap 95%, identical recorded physical parameters",0,10,0,False
visuotactile_margin_native_seed0_rl,script,primary,44,ood,setup_peak_normal_N,10,0.0,0.0,0.0,"paired environment-seed bootstrap 95%, identical recorded physical parameters",0,10,0,False
visuotactile_margin_native_seed0_rl,script,primary,44,ood,sustained_10cm_lift_success,10,0.0,0.0,0.0,"paired environment-seed bootstrap 95%, identical recorded physical parameters",0,10,0,True
visuotactile_margin_native_seed0_rl,script,primary,44,ood,sustained_10cm_lift_within_force_budget,10,0.0,0.0,0.0,"paired environment-seed bootstrap 95%, identical recorded physical parameters",0,10,0,True
visuotactile_margin_native_seed0_rl,script,primary,44,ood,sustained_native_success,10,0.0,0.0,0.0,"paired environment-seed bootstrap 95%, identical recorded physical parameters",0,10,0,True
visuotactile_margin_native_seed0_rl,script,primary,44,ood,sustained_success_within_force_budget,10,0.0,0.0,0.0,"paired environment-seed bootstrap 95%, identical recorded physical parameters",0,10,0,True
visuotactile_margin_native_seed0_rl,visuotactile_native_seed0_rl,primary,44,all,any_native_success,20,-0.4,-0.6,-0.2,"paired environment-seed bootstrap 95%, identical recorded physical parameters",0,12,8,True
visuotactile_margin_native_seed0_rl,visuotactile_native_seed0_rl,primary,44,all,bilateral_contact_at_takeover,20,0.0,0.0,0.0,"paired environment-seed bootstrap 95%, identical recorded physical parameters",0,20,0,False
visuotactile_margin_native_seed0_rl,visuotactile_native_seed0_rl,primary,44,all,final_native_success,20,-0.45,-0.7,-0.25,"paired environment-seed bootstrap 95%, identical recorded physical parameters",0,11,9,True
visuotactile_margin_native_seed0_rl,visuotactile_native_seed0_rl,primary,44,all,force_budget_exceeded,20,-0.45,-0.65,-0.25,"paired environment-seed bootstrap 95%, identical recorded physical parameters",0,11,9,False
visuotactile_margin_native_seed0_rl,visuotactile_native_seed0_rl,primary,44,all,full_episode_peak_normal_N,20,-5.8028053641319275,-7.71861482411623,-3.9785235121846214,"paired environment-seed bootstrap 95%, identical recorded physical parameters",3,0,17,False
visuotactile_margin_native_seed0_rl,visuotactile_native_seed0_rl,primary,44,all,intervention_force_budget_exceeded,20,-0.45,-0.65,-0.25,"paired environment-seed bootstrap 95%, identical recorded physical parameters",0,11,9,False
visuotactile_margin_native_seed0_rl,visuotactile_native_seed0_rl,primary,44,all,intervention_peak_normal_N,20,-5.769258522987366,-7.715841782689094,-3.8786199334263816,"paired environment-seed bootstrap 95%, identical recorded physical parameters",4,0,16,False
visuotactile_margin_native_seed0_rl,visuotactile_native_seed0_rl,primary,44,all,native_shaped_return,20,-27.774615780525533,-40.388464904624975,-14.437443174726061,"paired environment-seed bootstrap 95%, identical recorded physical parameters",6,0,14,True
visuotactile_margin_native_seed0_rl,visuotactile_native_seed0_rl,primary,44,all,setup_force_budget_exceeded,20,0.0,0.0,0.0,"paired environment-seed bootstrap 95%, identical recorded physical parameters",0,20,0,False
visuotactile_margin_native_seed0_rl,visuotactile_native_seed0_rl,primary,44,all,setup_peak_normal_N,20,0.0,0.0,0.0,"paired environment-seed bootstrap 95%, identical recorded physical parameters",0,20,0,False
visuotactile_margin_native_seed0_rl,visuotactile_native_seed0_rl,primary,44,all,sustained_10cm_lift_success,20,-0.1,-0.25,0.0,"paired environment-seed bootstrap 95%, identical recorded physical parameters",0,18,2,True
visuotactile_margin_native_seed0_rl,visuotactile_native_seed0_rl,primary,44,all,sustained_10cm_lift_within_force_budget,20,-0.05,-0.15,0.0,"paired environment-seed bootstrap 95%, identical recorded physical parameters",0,19,1,True
visuotactile_margin_native_seed0_rl,visuotactile_native_seed0_rl,primary,44,all,sustained_native_success,20,-0.45,-0.65,-0.25,"paired environment-seed bootstrap 95%, identical recorded physical parameters",0,11,9,True
visuotactile_margin_native_seed0_rl,visuotactile_native_seed0_rl,primary,44,all,sustained_success_within_force_budget,20,-0.25,-0.45,-0.1,"paired environment-seed bootstrap 95%, identical recorded physical parameters",0,15,5,True
visuotactile_margin_native_seed0_rl,visuotactile_native_seed0_rl,primary,44,id,any_native_success,10,-0.8,-1.0,-0.5,"paired environment-seed bootstrap 95%, identical recorded physical parameters",0,2,8,True
visuotactile_margin_native_seed0_rl,visuotactile_native_seed0_rl,primary,44,id,bilateral_contact_at_takeover,10,0.0,0.0,0.0,"paired environment-seed bootstrap 95%, identical recorded physical parameters",0,10,0,False
visuotactile_margin_native_seed0_rl,visuotactile_native_seed0_rl,primary,44,id,final_native_success,10,-0.9,-1.0,-0.7,"paired environment-seed bootstrap 95%, identical recorded physical parameters",0,1,9,True
visuotactile_margin_native_seed0_rl,visuotactile_native_seed0_rl,primary,44,id,force_budget_exceeded,10,-0.4,-0.7,-0.1,"paired environment-seed bootstrap 95%, identical recorded physical parameters",0,6,4,False
visuotactile_margin_native_seed0_rl,visuotactile_native_seed0_rl,primary,44,id,full_episode_peak_normal_N,10,-5.411884188652039,-7.1698080778121955,-3.614651973843575,"paired environment-seed bootstrap 95%, identical recorded physical parameters",1,0,9,False
visuotactile_margin_native_seed0_rl,visuotactile_native_seed0_rl,primary,44,id,intervention_force_budget_exceeded,10,-0.4,-0.7,-0.1,"paired environment-seed bootstrap 95%, identical recorded physical parameters",0,6,4,False
visuotactile_margin_native_seed0_rl,visuotactile_native_seed0_rl,primary,44,id,intervention_peak_normal_N,10,-5.496739768981934,-7.184913232922554,-3.8246633821725857,"paired environment-seed bootstrap 95%, identical recorded physical parameters",1,0,9,False
visuotactile_margin_native_seed0_rl,visuotactile_native_seed0_rl,primary,44,id,native_shaped_return,10,-57.24152991128449,-60.24148444785449,-54.65568979737181,"paired environment-seed bootstrap 95%, identical recorded physical parameters",0,0,10,True
visuotactile_margin_native_seed0_rl,visuotactile_native_seed0_rl,primary,44,id,setup_force_budget_exceeded,10,0.0,0.0,0.0,"paired environment-seed bootstrap 95%, identical recorded physical parameters",0,10,0,False
visuotactile_margin_native_seed0_rl,visuotactile_native_seed0_rl,primary,44,id,setup_peak_normal_N,10,0.0,0.0,0.0,"paired environment-seed bootstrap 95%, identical recorded physical parameters",0,10,0,False
visuotactile_margin_native_seed0_rl,visuotactile_native_seed0_rl,primary,44,id,sustained_10cm_lift_success,10,-0.2,-0.5,0.0,"paired environment-seed bootstrap 95%, identical recorded physical parameters",0,8,2,True
visuotactile_margin_native_seed0_rl,visuotactile_native_seed0_rl,primary,44,id,sustained_10cm_lift_within_force_budget,10,-0.1,-0.3,0.0,"paired environment-seed bootstrap 95%, identical recorded physical parameters",0,9,1,True
visuotactile_margin_native_seed0_rl,visuotactile_native_seed0_rl,primary,44,id,sustained_native_success,10,-0.9,-1.0,-0.7,"paired environment-seed bootstrap 95%, identical recorded physical parameters",0,1,9,True
visuotactile_margin_native_seed0_rl,visuotactile_native_seed0_rl,primary,44,id,sustained_success_within_force_budget,10,-0.5,-0.8,-0.2,"paired environment-seed bootstrap 95%, identical recorded physical parameters",0,5,5,True
visuotactile_margin_native_seed0_rl,visuotactile_native_seed0_rl,primary,44,ood,any_native_success,10,0.0,0.0,0.0,"paired environment-seed bootstrap 95%, identical recorded physical parameters",0,10,0,True
visuotactile_margin_native_seed0_rl,visuotactile_native_seed0_rl,primary,44,ood,bilateral_contact_at_takeover,10,0.0,0.0,0.0,"paired environment-seed bootstrap 95%, identical recorded physical parameters",0,10,0,False
visuotactile_margin_native_seed0_rl,visuotactile_native_seed0_rl,primary,44,ood,final_native_success,10,0.0,0.0,0.0,"paired environment-seed bootstrap 95%, identical recorded physical parameters",0,10,0,True
visuotactile_margin_native_seed0_rl,visuotactile_native_seed0_rl,primary,44,ood,force_budget_exceeded,10,-0.5,-0.8,-0.2,"paired environment-seed bootstrap 95%, identical recorded physical parameters",0,5,5,False
visuotactile_margin_native_seed0_rl,visuotactile_native_seed0_rl,primary,44,ood,full_episode_peak_normal_N,10,-6.193726539611816,-9.47284283399582,-3.1201896393299107,"paired environment-seed bootstrap 95%, identical recorded physical parameters",2,0,8,False
visuotactile_margin_native_seed0_rl,visuotactile_native_seed0_rl,primary,44,ood,intervention_force_budget_exceeded,10,-0.5,-0.8,-0.2,"paired environment-seed bootstrap 95%, identical recorded physical parameters",0,5,5,False
visuotactile_margin_native_seed0_rl,visuotactile_native_seed0_rl,primary,44,ood,intervention_peak_normal_N,10,-6.041777276992798,-9.354664369821547,-2.7804073596000696,"paired environment-seed bootstrap 95%, identical recorded physical parameters",3,0,7,False
visuotactile_margin_native_seed0_rl,visuotactile_native_seed0_rl,primary,44,ood,native_shaped_return,10,1.6922983502334183,-2.7004913515266904,5.782284110138843,"paired environment-seed bootstrap 95%, identical recorded physical parameters",6,0,4,True
visuotactile_margin_native_seed0_rl,visuotactile_native_seed0_rl,primary,44,ood,setup_force_budget_exceeded,10,0.0,0.0,0.0,"paired environment-seed bootstrap 95%, identical recorded physical parameters",0,10,0,False
visuotactile_margin_native_seed0_rl,visuotactile_native_seed0_rl,primary,44,ood,setup_peak_normal_N,10,0.0,0.0,0.0,"paired environment-seed bootstrap 95%, identical recorded physical parameters",0,10,0,False
visuotactile_margin_native_seed0_rl,visuotactile_native_seed0_rl,primary,44,ood,sustained_10cm_lift_success,10,0.0,0.0,0.0,"paired environment-seed bootstrap 95%, identical recorded physical parameters",0,10,0,True
visuotactile_margin_native_seed0_rl,visuotactile_native_seed0_rl,primary,44,ood,sustained_10cm_lift_within_force_budget,10,0.0,0.0,0.0,"paired environment-seed bootstrap 95%, identical recorded physical parameters",0,10,0,True
visuotactile_margin_native_seed0_rl,visuotactile_native_seed0_rl,primary,44,ood,sustained_native_success,10,0.0,0.0,0.0,"paired environment-seed bootstrap 95%, identical recorded physical parameters",0,10,0,True
visuotactile_margin_native_seed0_rl,visuotactile_native_seed0_rl,primary,44,ood,sustained_success_within_force_budget,10,0.0,0.0,0.0,"paired environment-seed bootstrap 95%, identical recorded physical parameters",0,10,0,True
visuotactile_margin_native_seed0_rl,visuotactile_seed0_bc,primary,44,all,any_native_success,20,-0.3,-0.5,-0.1,"paired environment-seed bootstrap 95%, identical recorded physical parameters",0,14,6,True
visuotactile_margin_native_seed0_rl,visuotactile_seed0_bc,primary,44,all,bilateral_contact_at_takeover,20,0.0,0.0,0.0,"paired environment-seed bootstrap 95%, identical recorded physical parameters",0,20,0,False
visuotactile_margin_native_seed0_rl,visuotactile_seed0_bc,primary,44,all,final_native_success,20,-0.35,-0.55,-0.15,"paired environment-seed bootstrap 95%, identical recorded physical parameters",0,13,7,True
visuotactile_margin_native_seed0_rl,visuotactile_seed0_bc,primary,44,all,force_budget_exceeded,20,-0.4,-0.6,-0.2,"paired environment-seed bootstrap 95%, identical recorded physical parameters",0,12,8,False
visuotactile_margin_native_seed0_rl,visuotactile_seed0_bc,primary,44,all,full_episode_peak_normal_N,20,-7.7981912851333615,-11.249933970272542,-4.719823564291002,"paired environment-seed bootstrap 95%, identical recorded physical parameters",3,1,16,False
visuotactile_margin_native_seed0_rl,visuotactile_seed0_bc,primary,44,all,intervention_force_budget_exceeded,20,-0.35,-0.55,-0.15,"paired environment-seed bootstrap 95%, identical recorded physical parameters",0,13,7,False
visuotactile_margin_native_seed0_rl,visuotactile_seed0_bc,primary,44,all,intervention_peak_normal_N,20,-6.845390522480011,-9.818881186544894,-4.148679151535036,"paired environment-seed bootstrap 95%, identical recorded physical parameters",4,1,15,False
visuotactile_margin_native_seed0_rl,visuotactile_seed0_bc,primary,44,all,native_shaped_return,20,-6.876759535703893,-15.81425525181067,1.6505250499216866,"paired environment-seed bootstrap 95%, identical recorded physical parameters",7,0,13,True
visuotactile_margin_native_seed0_rl,visuotactile_seed0_bc,primary,44,all,setup_force_budget_exceeded,20,0.0,0.0,0.0,"paired environment-seed bootstrap 95%, identical recorded physical parameters",0,20,0,False
visuotactile_margin_native_seed0_rl,visuotactile_seed0_bc,primary,44,all,setup_peak_normal_N,20,0.0,0.0,0.0,"paired environment-seed bootstrap 95%, identical recorded physical parameters",0,20,0,False
visuotactile_margin_native_seed0_rl,visuotactile_seed0_bc,primary,44,all,sustained_10cm_lift_success,20,-0.05,-0.15,0.0,"paired environment-seed bootstrap 95%, identical recorded physical parameters",0,19,1,True
visuotactile_margin_native_seed0_rl,visuotactile_seed0_bc,primary,44,all,sustained_10cm_lift_within_force_budget,20,-0.05,-0.15,0.0,"paired environment-seed bootstrap 95%, identical recorded physical parameters",0,19,1,True
visuotactile_margin_native_seed0_rl,visuotactile_seed0_bc,primary,44,all,sustained_native_success,20,-0.05,-0.2,0.1,"paired environment-seed bootstrap 95%, identical recorded physical parameters",1,17,2,True
visuotactile_margin_native_seed0_rl,visuotactile_seed0_bc,primary,44,all,sustained_success_within_force_budget,20,0.0,-0.15,0.15,"paired environment-seed bootstrap 95%, identical recorded physical parameters",1,18,1,True
visuotactile_margin_native_seed0_rl,visuotactile_seed0_bc,primary,44,id,any_native_success,10,-0.6,-0.9,-0.3,"paired environment-seed bootstrap 95%, identical recorded physical parameters",0,4,6,True
visuotactile_margin_native_seed0_rl,visuotactile_seed0_bc,primary,44,id,bilateral_contact_at_takeover,10,0.0,0.0,0.0,"paired environment-seed bootstrap 95%, identical recorded physical parameters",0,10,0,False
visuotactile_margin_native_seed0_rl,visuotactile_seed0_bc,primary,44,id,final_native_success,10,-0.7,-1.0,-0.4,"paired environment-seed bootstrap 95%, identical recorded physical parameters",0,3,7,True
visuotactile_margin_native_seed0_rl,visuotactile_seed0_bc,primary,44,id,force_budget_exceeded,10,-0.3,-0.6,-0.1,"paired environment-seed bootstrap 95%, identical recorded physical parameters",0,7,3,False
visuotactile_margin_native_seed0_rl,visuotactile_seed0_bc,primary,44,id,full_episode_peak_normal_N,10,-6.941100716590881,-10.74326922237873,-3.2972897547483475,"paired environment-seed bootstrap 95%, identical recorded physical parameters",1,1,8,False
visuotactile_margin_native_seed0_rl,visuotactile_seed0_bc,primary,44,id,intervention_force_budget_exceeded,10,-0.3,-0.6,0.0,"paired environment-seed bootstrap 95%, identical recorded physical parameters",0,7,3,False
visuotactile_margin_native_seed0_rl,visuotactile_seed0_bc,primary,44,id,intervention_peak_normal_N,10,-7.051608562469482,-11.009232758879662,-3.5344694262743004,"paired environment-seed bootstrap 95%, identical recorded physical parameters",1,1,8,False
visuotactile_margin_native_seed0_rl,visuotactile_seed0_bc,primary,44,id,native_shaped_return,10,-15.17538780344986,-27.92651891664078,-1.4486264769494448,"paired environment-seed bootstrap 95%, identical recorded physical parameters",2,0,8,True
visuotactile_margin_native_seed0_rl,visuotactile_seed0_bc,primary,44,id,setup_force_budget_exceeded,10,0.0,0.0,0.0,"paired environment-seed bootstrap 95%, identical recorded physical parameters",0,10,0,False
visuotactile_margin_native_seed0_rl,visuotactile_seed0_bc,primary,44,id,setup_peak_normal_N,10,0.0,0.0,0.0,"paired environment-seed bootstrap 95%, identical recorded physical parameters",0,10,0,False
visuotactile_margin_native_seed0_rl,visuotactile_seed0_bc,primary,44,id,sustained_10cm_lift_success,10,-0.1,-0.3,0.0,"paired environment-seed bootstrap 95%, identical recorded physical parameters",0,9,1,True
visuotactile_margin_native_seed0_rl,visuotactile_seed0_bc,primary,44,id,sustained_10cm_lift_within_force_budget,10,-0.1,-0.3,0.0,"paired environment-seed bootstrap 95%, identical recorded physical parameters",0,9,1,True
visuotactile_margin_native_seed0_rl,visuotactile_seed0_bc,primary,44,id,sustained_native_success,10,-0.1,-0.4,0.2,"paired environment-seed bootstrap 95%, identical recorded physical parameters",1,7,2,True
visuotactile_margin_native_seed0_rl,visuotactile_seed0_bc,primary,44,id,sustained_success_within_force_budget,10,0.0,-0.3,0.3,"paired environment-seed bootstrap 95%, identical recorded physical parameters",1,8,1,True
visuotactile_margin_native_seed0_rl,visuotactile_seed0_bc,primary,44,ood,any_native_success,10,0.0,0.0,0.0,"paired environment-seed bootstrap 95%, identical recorded physical parameters",0,10,0,True
visuotactile_margin_native_seed0_rl,visuotactile_seed0_bc,primary,44,ood,bilateral_contact_at_takeover,10,0.0,0.0,0.0,"paired environment-seed bootstrap 95%, identical recorded physical parameters",0,10,0,False
visuotactile_margin_native_seed0_rl,visuotactile_seed0_bc,primary,44,ood,final_native_success,10,0.0,0.0,0.0,"paired environment-seed bootstrap 95%, identical recorded physical parameters",0,10,0,True
visuotactile_margin_native_seed0_rl,visuotactile_seed0_bc,primary,44,ood,force_budget_exceeded,10,-0.5,-0.8,-0.2,"paired environment-seed bootstrap 95%, identical recorded physical parameters",0,5,5,False
visuotactile_margin_native_seed0_rl,visuotactile_seed0_bc,primary,44,ood,full_episode_peak_normal_N,10,-8.655281853675842,-14.18150692999363,-3.6698578977584893,"paired environment-seed bootstrap 95%, identical recorded physical parameters",2,0,8,False
visuotactile_margin_native_seed0_rl,visuotactile_seed0_bc,primary,44,ood,intervention_force_budget_exceeded,10,-0.4,-0.7,-0.1,"paired environment-seed bootstrap 95%, identical recorded physical parameters",0,6,4,False
visuotactile_margin_native_seed0_rl,visuotactile_seed0_bc,primary,44,ood,intervention_peak_normal_N,10,-6.639172482490539,-11.442259771227837,-2.5274535429477747,"paired environment-seed bootstrap 95%, identical recorded physical parameters",3,0,7,False
visuotactile_margin_native_seed0_rl,visuotactile_seed0_bc,primary,44,ood,native_shaped_return,10,1.4218687320420755,-7.80614978652647,10.482501083123962,"paired environment-seed bootstrap 95%, identical recorded physical parameters",5,0,5,True
visuotactile_margin_native_seed0_rl,visuotactile_seed0_bc,primary,44,ood,setup_force_budget_exceeded,10,0.0,0.0,0.0,"paired environment-seed bootstrap 95%, identical recorded physical parameters",0,10,0,False
visuotactile_margin_native_seed0_rl,visuotactile_seed0_bc,primary,44,ood,setup_peak_normal_N,10,0.0,0.0,0.0,"paired environment-seed bootstrap 95%, identical recorded physical parameters",0,10,0,False
visuotactile_margin_native_seed0_rl,visuotactile_seed0_bc,primary,44,ood,sustained_10cm_lift_success,10,0.0,0.0,0.0,"paired environment-seed bootstrap 95%, identical recorded physical parameters",0,10,0,True
visuotactile_margin_native_seed0_rl,visuotactile_seed0_bc,primary,44,ood,sustained_10cm_lift_within_force_budget,10,0.0,0.0,0.0,"paired environment-seed bootstrap 95%, identical recorded physical parameters",0,10,0,True
visuotactile_margin_native_seed0_rl,visuotactile_seed0_bc,primary,44,ood,sustained_native_success,10,0.0,0.0,0.0,"paired environment-seed bootstrap 95%, identical recorded physical parameters",0,10,0,True
visuotactile_margin_native_seed0_rl,visuotactile_seed0_bc,primary,44,ood,sustained_success_within_force_budget,10,0.0,0.0,0.0,"paired environment-seed bootstrap 95%, identical recorded physical parameters",0,10,0,True
visuotactile_margin_native_seed1_rl,force_feedback,primary,44,all,any_native_success,20,-0.05,-0.15,0.0,"paired environment-seed bootstrap 95%, identical recorded physical parameters",0,19,1,True
visuotactile_margin_native_seed1_rl,force_feedback,primary,44,all,bilateral_contact_at_takeover,20,0.0,0.0,0.0,"paired environment-seed bootstrap 95%, identical recorded physical parameters",0,20,0,False
visuotactile_margin_native_seed1_rl,force_feedback,primary,44,all,final_native_success,20,-0.15,-0.35,0.0,"paired environment-seed bootstrap 95%, identical recorded physical parameters",0,17,3,True
visuotactile_margin_native_seed1_rl,force_feedback,primary,44,all,force_budget_exceeded,20,0.1,-0.15,0.35,"paired environment-seed bootstrap 95%, identical recorded physical parameters",4,14,2,False
visuotactile_margin_native_seed1_rl,force_feedback,primary,44,all,full_episode_peak_normal_N,20,-0.6087704300880432,-1.5343933430314065,0.18534415632486323,"paired environment-seed bootstrap 95%, identical recorded physical parameters",10,0,10,False
visuotactile_margin_native_seed1_rl,force_feedback,primary,44,all,intervention_force_budget_exceeded,20,0.2,0.05,0.4,"paired environment-seed bootstrap 95%, identical recorded physical parameters",4,16,0,False
visuotactile_margin_native_seed1_rl,force_feedback,primary,44,all,intervention_peak_normal_N,20,-0.11519514322280884,-1.001080276966095,0.6002048593759535,"paired environment-seed bootstrap 95%, identical recorded physical parameters",12,0,8,False
visuotactile_margin_native_seed1_rl,force_feedback,primary,44,all,native_shaped_return,20,1.4683188671722065,-8.985342604318873,10.448702999802732,"paired environment-seed bootstrap 95%, identical recorded physical parameters",17,0,3,True
visuotactile_margin_native_seed1_rl,force_feedback,primary,44,all,setup_force_budget_exceeded,20,0.0,0.0,0.0,"paired environment-seed bootstrap 95%, identical recorded physical parameters",0,20,0,False
visuotactile_margin_native_seed1_rl,force_feedback,primary,44,all,setup_peak_normal_N,20,0.0,0.0,0.0,"paired environment-seed bootstrap 95%, identical recorded physical parameters",0,20,0,False
visuotactile_margin_native_seed1_rl,force_feedback,primary,44,all,sustained_10cm_lift_success,20,-0.15,-0.3,0.0,"paired environment-seed bootstrap 95%, identical recorded physical parameters",0,17,3,True
visuotactile_margin_native_seed1_rl,force_feedback,primary,44,all,sustained_10cm_lift_within_force_budget,20,-0.05,-0.2,0.1,"paired environment-seed bootstrap 95%, identical recorded physical parameters",1,17,2,True
visuotactile_margin_native_seed1_rl,force_feedback,primary,44,all,sustained_native_success,20,-0.1,-0.25,0.0,"paired environment-seed bootstrap 95%, identical recorded physical parameters",0,18,2,True
visuotactile_margin_native_seed1_rl,force_feedback,primary,44,all,sustained_success_within_force_budget,20,-0.05,-0.2,0.1,"paired environment-seed bootstrap 95%, identical recorded physical parameters",1,17,2,True
visuotactile_margin_native_seed1_rl,force_feedback,primary,44,id,any_native_success,10,-0.1,-0.3,0.0,"paired environment-seed bootstrap 95%, identical recorded physical parameters",0,9,1,True
visuotactile_margin_native_seed1_rl,force_feedback,primary,44,id,bilateral_contact_at_takeover,10,0.0,0.0,0.0,"paired environment-seed bootstrap 95%, identical recorded physical parameters",0,10,0,False
visuotactile_margin_native_seed1_rl,force_feedback,primary,44,id,final_native_success,10,-0.3,-0.6,0.0,"paired environment-seed bootstrap 95%, identical recorded physical parameters",0,7,3,True
visuotactile_margin_native_seed1_rl,force_feedback,primary,44,id,force_budget_exceeded,10,-0.1,-0.40249999999999986,0.2,"paired environment-seed bootstrap 95%, identical recorded physical parameters",1,7,2,False
visuotactile_margin_native_seed1_rl,force_feedback,primary,44,id,full_episode_peak_normal_N,10,-1.1275911331176758,-2.537136524915695,0.06886775732040348,"paired environment-seed bootstrap 95%, identical recorded physical parameters",2,0,8,False
visuotactile_margin_native_seed1_rl,force_feedback,primary,44,id,intervention_force_budget_exceeded,10,0.1,0.0,0.3,"paired environment-seed bootstrap 95%, identical recorded physical parameters",1,9,0,False
visuotactile_margin_native_seed1_rl,force_feedback,primary,44,id,intervention_peak_normal_N,10,-0.14044055938720704,-1.5568017959594727,0.9806436038017267,"paired environment-seed bootstrap 95%, identical recorded physical parameters",4,0,6,False
visuotactile_margin_native_seed1_rl,force_feedback,primary,44,id,native_shaped_return,10,-6.766276474094295,-26.704973157653807,12.167566655626764,"paired environment-seed bootstrap 95%, identical recorded physical parameters",7,0,3,True
visuotactile_margin_native_seed1_rl,force_feedback,primary,44,id,setup_force_budget_exceeded,10,0.0,0.0,0.0,"paired environment-seed bootstrap 95%, identical recorded physical parameters",0,10,0,False
visuotactile_margin_native_seed1_rl,force_feedback,primary,44,id,setup_peak_normal_N,10,0.0,0.0,0.0,"paired environment-seed bootstrap 95%, identical recorded physical parameters",0,10,0,False
visuotactile_margin_native_seed1_rl,force_feedback,primary,44,id,sustained_10cm_lift_success,10,-0.3,-0.6,0.0,"paired environment-seed bootstrap 95%, identical recorded physical parameters",0,7,3,True
visuotactile_margin_native_seed1_rl,force_feedback,primary,44,id,sustained_10cm_lift_within_force_budget,10,-0.1,-0.4,0.2,"paired environment-seed bootstrap 95%, identical recorded physical parameters",1,7,2,True
visuotactile_margin_native_seed1_rl,force_feedback,primary,44,id,sustained_native_success,10,-0.2,-0.5,0.0,"paired environment-seed bootstrap 95%, identical recorded physical parameters",0,8,2,True
visuotactile_margin_native_seed1_rl,force_feedback,primary,44,id,sustained_success_within_force_budget,10,-0.1,-0.4,0.2,"paired environment-seed bootstrap 95%, identical recorded physical parameters",1,7,2,True
visuotactile_margin_native_seed1_rl,force_feedback,primary,44,ood,any_native_success,10,0.0,0.0,0.0,"paired environment-seed bootstrap 95%, identical recorded physical parameters",0,10,0,True
visuotactile_margin_native_seed1_rl,force_feedback,primary,44,ood,bilateral_contact_at_takeover,10,0.0,0.0,0.0,"paired environment-seed bootstrap 95%, identical recorded physical parameters",0,10,0,False
visuotactile_margin_native_seed1_rl,force_feedback,primary,44,ood,final_native_success,10,0.0,0.0,0.0,"paired environment-seed bootstrap 95%, identical recorded physical parameters",0,10,0,True
visuotactile_margin_native_seed1_rl,force_feedback,primary,44,ood,force_budget_exceeded,10,0.3,0.0,0.6,"paired environment-seed bootstrap 95%, identical recorded physical parameters",3,7,0,False
visuotactile_margin_native_seed1_rl,force_feedback,primary,44,ood,full_episode_peak_normal_N,10,-0.08994972705841064,-1.3201659393310547,0.752439090013504,"paired environment-seed bootstrap 95%, identical recorded physical parameters",8,0,2,False
visuotactile_margin_native_seed1_rl,force_feedback,primary,44,ood,intervention_force_budget_exceeded,10,0.3,0.0,0.6,"paired environment-seed bootstrap 95%, identical recorded physical parameters",3,7,0,False
visuotactile_margin_native_seed1_rl,force_feedback,primary,44,ood,intervention_peak_normal_N,10,-0.08994972705841064,-1.3532833540439606,0.7692307317256927,"paired environment-seed bootstrap 95%, identical recorded physical parameters",8,0,2,False
visuotactile_margin_native_seed1_rl,force_feedback,primary,44,ood,native_shaped_return,10,9.702914208438708,7.3635554747841026,12.269940963061595,"paired environment-seed bootstrap 95%, identical recorded physical parameters",10,0,0,True
visuotactile_margin_native_seed1_rl,force_feedback,primary,44,ood,setup_force_budget_exceeded,10,0.0,0.0,0.0,"paired environment-seed bootstrap 95%, identical recorded physical parameters",0,10,0,False
visuotactile_margin_native_seed1_rl,force_feedback,primary,44,ood,setup_peak_normal_N,10,0.0,0.0,0.0,"paired environment-seed bootstrap 95%, identical recorded physical parameters",0,10,0,False
visuotactile_margin_native_seed1_rl,force_feedback,primary,44,ood,sustained_10cm_lift_success,10,0.0,0.0,0.0,"paired environment-seed bootstrap 95%, identical recorded physical parameters",0,10,0,True
visuotactile_margin_native_seed1_rl,force_feedback,primary,44,ood,sustained_10cm_lift_within_force_budget,10,0.0,0.0,0.0,"paired environment-seed bootstrap 95%, identical recorded physical parameters",0,10,0,True
visuotactile_margin_native_seed1_rl,force_feedback,primary,44,ood,sustained_native_success,10,0.0,0.0,0.0,"paired environment-seed bootstrap 95%, identical recorded physical parameters",0,10,0,True
visuotactile_margin_native_seed1_rl,force_feedback,primary,44,ood,sustained_success_within_force_budget,10,0.0,0.0,0.0,"paired environment-seed bootstrap 95%, identical recorded physical parameters",0,10,0,True
visuotactile_margin_native_seed1_rl,script,primary,44,all,any_native_success,20,-0.05,-0.15,0.0,"paired environment-seed bootstrap 95%, identical recorded physical parameters",0,19,1,True
visuotactile_margin_native_seed1_rl,script,primary,44,all,bilateral_contact_at_takeover,20,0.0,0.0,0.0,"paired environment-seed bootstrap 95%, identical recorded physical parameters",0,20,0,False
visuotactile_margin_native_seed1_rl,script,primary,44,all,final_native_success,20,-0.15,-0.3,0.0,"paired environment-seed bootstrap 95%, identical recorded physical parameters",0,17,3,True
visuotactile_margin_native_seed1_rl,script,primary,44,all,force_budget_exceeded,20,-0.35,-0.6,-0.1,"paired environment-seed bootstrap 95%, identical recorded physical parameters",1,11,8,False
visuotactile_margin_native_seed1_rl,script,primary,44,all,full_episode_peak_normal_N,20,-4.776326978206635,-7.621142985224724,-1.9646467235684397,"paired environment-seed bootstrap 95%, identical recorded physical parameters",6,0,14,False
visuotactile_margin_native_seed1_rl,script,primary,44,all,intervention_force_budget_exceeded,20,-0.4,-0.65,-0.15,"paired environment-seed bootstrap 95%, identical recorded physical parameters",1,10,9,False
visuotactile_margin_native_seed1_rl,script,primary,44,all,intervention_peak_normal_N,20,-5.321515190601349,-8.41320291221142,-2.3306744101643577,"paired environment-seed bootstrap 95%, identical recorded physical parameters",6,0,14,False
visuotactile_margin_native_seed1_rl,script,primary,44,all,native_shaped_return,20,0.9928897867941199,-9.933156567997344,10.294056741180325,"paired environment-seed bootstrap 95%, identical recorded physical parameters",17,0,3,True
visuotactile_margin_native_seed1_rl,script,primary,44,all,setup_force_budget_exceeded,20,0.0,0.0,0.0,"paired environment-seed bootstrap 95%, identical recorded physical parameters",0,20,0,False
visuotactile_margin_native_seed1_rl,script,primary,44,all,setup_peak_normal_N,20,0.0,0.0,0.0,"paired environment-seed bootstrap 95%, identical recorded physical parameters",0,20,0,False
visuotactile_margin_native_seed1_rl,script,primary,44,all,sustained_10cm_lift_success,20,-0.15,-0.3,0.0,"paired environment-seed bootstrap 95%, identical recorded physical parameters",0,17,3,True
visuotactile_margin_native_seed1_rl,script,primary,44,all,sustained_10cm_lift_within_force_budget,20,0.2,0.0,0.45,"paired environment-seed bootstrap 95%, identical recorded physical parameters",5,14,1,True
visuotactile_margin_native_seed1_rl,script,primary,44,all,sustained_native_success,20,-0.1,-0.25,0.0,"paired environment-seed bootstrap 95%, identical recorded physical parameters",0,18,2,True
visuotactile_margin_native_seed1_rl,script,primary,44,all,sustained_success_within_force_budget,20,0.2,0.0,0.45,"paired environment-seed bootstrap 95%, identical recorded physical parameters",5,14,1,True
visuotactile_margin_native_seed1_rl,script,primary,44,id,any_native_success,10,-0.1,-0.3,0.0,"paired environment-seed bootstrap 95%, identical recorded physical parameters",0,9,1,True
visuotactile_margin_native_seed1_rl,script,primary,44,id,bilateral_contact_at_takeover,10,0.0,0.0,0.0,"paired environment-seed bootstrap 95%, identical recorded physical parameters",0,10,0,False
visuotactile_margin_native_seed1_rl,script,primary,44,id,final_native_success,10,-0.3,-0.6,0.0,"paired environment-seed bootstrap 95%, identical recorded physical parameters",0,7,3,True
visuotactile_margin_native_seed1_rl,script,primary,44,id,force_budget_exceeded,10,-0.6,-0.9,-0.3,"paired environment-seed bootstrap 95%, identical recorded physical parameters",0,4,6,False
visuotactile_margin_native_seed1_rl,script,primary,44,id,full_episode_peak_normal_N,10,-5.2270519733428955,-7.5558871340751645,-3.0853641188144687,"paired environment-seed bootstrap 95%, identical recorded physical parameters",0,0,10,False
visuotactile_margin_native_seed1_rl,script,primary,44,id,intervention_force_budget_exceeded,10,-0.7,-0.9024999999999999,-0.4,"paired environment-seed bootstrap 95%, identical recorded physical parameters",0,3,7,False
visuotactile_margin_native_seed1_rl,script,primary,44,id,intervention_peak_normal_N,10,-6.317428398132324,-9.61640659570694,-3.5535786342620868,"paired environment-seed bootstrap 95%, identical recorded physical parameters",0,0,10,False
visuotactile_margin_native_seed1_rl,script,primary,44,id,native_shaped_return,10,-7.370242842023501,-27.021760890729933,11.01397774758565,"paired environment-seed bootstrap 95%, identical recorded physical parameters",7,0,3,True
visuotactile_margin_native_seed1_rl,script,primary,44,id,setup_force_budget_exceeded,10,0.0,0.0,0.0,"paired environment-seed bootstrap 95%, identical recorded physical parameters",0,10,0,False
visuotactile_margin_native_seed1_rl,script,primary,44,id,setup_peak_normal_N,10,0.0,0.0,0.0,"paired environment-seed bootstrap 95%, identical recorded physical parameters",0,10,0,False
visuotactile_margin_native_seed1_rl,script,primary,44,id,sustained_10cm_lift_success,10,-0.3,-0.6,0.0,"paired environment-seed bootstrap 95%, identical recorded physical parameters",0,7,3,True
visuotactile_margin_native_seed1_rl,script,primary,44,id,sustained_10cm_lift_within_force_budget,10,0.4,0.0,0.8,"paired environment-seed bootstrap 95%, identical recorded physical parameters",5,4,1,True
visuotactile_margin_native_seed1_rl,script,primary,44,id,sustained_native_success,10,-0.2,-0.5,0.0,"paired environment-seed bootstrap 95%, identical recorded physical parameters",0,8,2,True
visuotactile_margin_native_seed1_rl,script,primary,44,id,sustained_success_within_force_budget,10,0.4,0.0,0.8,"paired environment-seed bootstrap 95%, identical recorded physical parameters",5,4,1,True
visuotactile_margin_native_seed1_rl,script,primary,44,ood,any_native_success,10,0.0,0.0,0.0,"paired environment-seed bootstrap 95%, identical recorded physical parameters",0,10,0,True
visuotactile_margin_native_seed1_rl,script,primary,44,ood,bilateral_contact_at_takeover,10,0.0,0.0,0.0,"paired environment-seed bootstrap 95%, identical recorded physical parameters",0,10,0,False
visuotactile_margin_native_seed1_rl,script,primary,44,ood,final_native_success,10,0.0,0.0,0.0,"paired environment-seed bootstrap 95%, identical recorded physical parameters",0,10,0,True
visuotactile_margin_native_seed1_rl,script,primary,44,ood,force_budget_exceeded,10,-0.1,-0.4,0.2,"paired environment-seed bootstrap 95%, identical recorded physical parameters",1,7,2,False
visuotactile_margin_native_seed1_rl,script,primary,44,ood,full_episode_peak_normal_N,10,-4.325601983070373,-9.463135901093482,0.6424235838651597,"paired environment-seed bootstrap 95%, identical recorded physical parameters",6,0,4,False
visuotactile_margin_native_seed1_rl,script,primary,44,ood,intervention_force_budget_exceeded,10,-0.1,-0.4,0.2,"paired environment-seed bootstrap 95%, identical recorded physical parameters",1,7,2,False
visuotactile_margin_native_seed1_rl,script,primary,44,ood,intervention_peak_normal_N,10,-4.325601983070373,-9.590797033905984,0.6382508468627923,"paired environment-seed bootstrap 95%, identical recorded physical parameters",6,0,4,False
visuotactile_margin_native_seed1_rl,script,primary,44,ood,native_shaped_return,10,9.356022415611738,7.020175511387229,11.777891223052382,"paired environment-seed bootstrap 95%, identical recorded physical parameters",10,0,0,True
visuotactile_margin_native_seed1_rl,script,primary,44,ood,setup_force_budget_exceeded,10,0.0,0.0,0.0,"paired environment-seed bootstrap 95%, identical recorded physical parameters",0,10,0,False
visuotactile_margin_native_seed1_rl,script,primary,44,ood,setup_peak_normal_N,10,0.0,0.0,0.0,"paired environment-seed bootstrap 95%, identical recorded physical parameters",0,10,0,False
visuotactile_margin_native_seed1_rl,script,primary,44,ood,sustained_10cm_lift_success,10,0.0,0.0,0.0,"paired environment-seed bootstrap 95%, identical recorded physical parameters",0,10,0,True
visuotactile_margin_native_seed1_rl,script,primary,44,ood,sustained_10cm_lift_within_force_budget,10,0.0,0.0,0.0,"paired environment-seed bootstrap 95%, identical recorded physical parameters",0,10,0,True
visuotactile_margin_native_seed1_rl,script,primary,44,ood,sustained_native_success,10,0.0,0.0,0.0,"paired environment-seed bootstrap 95%, identical recorded physical parameters",0,10,0,True
visuotactile_margin_native_seed1_rl,script,primary,44,ood,sustained_success_within_force_budget,10,0.0,0.0,0.0,"paired environment-seed bootstrap 95%, identical recorded physical parameters",0,10,0,True
visuotactile_margin_native_seed1_rl,visuotactile_native_seed1_rl,primary,44,all,any_native_success,20,-0.05,-0.15,0.0,"paired environment-seed bootstrap 95%, identical recorded physical parameters",0,19,1,True
visuotactile_margin_native_seed1_rl,visuotactile_native_seed1_rl,primary,44,all,bilateral_contact_at_takeover,20,0.0,0.0,0.0,"paired environment-seed bootstrap 95%, identical recorded physical parameters",0,20,0,False
visuotactile_margin_native_seed1_rl,visuotactile_native_seed1_rl,primary,44,all,final_native_success,20,-0.05,-0.2,0.1,"paired environment-seed bootstrap 95%, identical recorded physical parameters",1,17,2,True
visuotactile_margin_native_seed1_rl,visuotactile_native_seed1_rl,primary,44,all,force_budget_exceeded,20,-0.3,-0.5,-0.1,"paired environment-seed bootstrap 95%, identical recorded physical parameters",0,14,6,False
visuotactile_margin_native_seed1_rl,visuotactile_native_seed1_rl,primary,44,all,full_episode_peak_normal_N,20,-2.7636944890022277,-3.72040167093277,-1.7853334224224098,"paired environment-seed bootstrap 95%, identical recorded physical parameters",1,0,19,False
visuotactile_margin_native_seed1_rl,visuotactile_native_seed1_rl,primary,44,all,intervention_force_budget_exceeded,20,-0.35,-0.55,-0.15,"paired environment-seed bootstrap 95%, identical recorded physical parameters",0,13,7,False
visuotactile_margin_native_seed1_rl,visuotactile_native_seed1_rl,primary,44,all,intervention_peak_normal_N,20,-2.7197392106056215,-3.7605257952213287,-1.7126489844918256,"paired environment-seed bootstrap 95%, identical recorded physical parameters",2,0,18,False
visuotactile_margin_native_seed1_rl,visuotactile_native_seed1_rl,primary,44,all,native_shaped_return,20,-3.3471265957358525,-14.256340269967975,7.072776682663212,"paired environment-seed bootstrap 95%, identical recorded physical parameters",9,0,11,True
visuotactile_margin_native_seed1_rl,visuotactile_native_seed1_rl,primary,44,all,setup_force_budget_exceeded,20,0.0,0.0,0.0,"paired environment-seed bootstrap 95%, identical recorded physical parameters",0,20,0,False
visuotactile_margin_native_seed1_rl,visuotactile_native_seed1_rl,primary,44,all,setup_peak_normal_N,20,0.0,0.0,0.0,"paired environment-seed bootstrap 95%, identical recorded physical parameters",0,20,0,False
visuotactile_margin_native_seed1_rl,visuotactile_native_seed1_rl,primary,44,all,sustained_10cm_lift_success,20,0.15,0.0,0.3,"paired environment-seed bootstrap 95%, identical recorded physical parameters",3,17,0,True
visuotactile_margin_native_seed1_rl,visuotactile_native_seed1_rl,primary,44,all,sustained_10cm_lift_within_force_budget,20,0.2,0.05,0.4,"paired environment-seed bootstrap 95%, identical recorded physical parameters",4,16,0,True
visuotactile_margin_native_seed1_rl,visuotactile_native_seed1_rl,primary,44,all,sustained_native_success,20,-0.05,-0.15,0.0,"paired environment-seed bootstrap 95%, identical recorded physical parameters",0,19,1,True
visuotactile_margin_native_seed1_rl,visuotactile_native_seed1_rl,primary,44,all,sustained_success_within_force_budget,20,0.1,-0.1,0.3,"paired environment-seed bootstrap 95%, identical recorded physical parameters",3,16,1,True
visuotactile_margin_native_seed1_rl,visuotactile_native_seed1_rl,primary,44,id,any_native_success,10,-0.1,-0.3,0.0,"paired environment-seed bootstrap 95%, identical recorded physical parameters",0,9,1,True
visuotactile_margin_native_seed1_rl,visuotactile_native_seed1_rl,primary,44,id,bilateral_contact_at_takeover,10,0.0,0.0,0.0,"paired environment-seed bootstrap 95%, identical recorded physical parameters",0,10,0,False
visuotactile_margin_native_seed1_rl,visuotactile_native_seed1_rl,primary,44,id,final_native_success,10,-0.1,-0.4,0.2,"paired environment-seed bootstrap 95%, identical recorded physical parameters",1,7,2,True
visuotactile_margin_native_seed1_rl,visuotactile_native_seed1_rl,primary,44,id,force_budget_exceeded,10,-0.4,-0.7,-0.1,"paired environment-seed bootstrap 95%, identical recorded physical parameters",0,6,4,False
visuotactile_margin_native_seed1_rl,visuotactile_native_seed1_rl,primary,44,id,full_episode_peak_normal_N,10,-2.9747500896453856,-4.387089052200317,-1.5630393362045292,"paired environment-seed bootstrap 95%, identical recorded physical parameters",0,0,10,False
visuotactile_margin_native_seed1_rl,visuotactile_native_seed1_rl,primary,44,id,intervention_force_budget_exceeded,10,-0.5,-0.8,-0.2,"paired environment-seed bootstrap 95%, identical recorded physical parameters",0,5,5,False
visuotactile_margin_native_seed1_rl,visuotactile_native_seed1_rl,primary,44,id,intervention_peak_normal_N,10,-3.1559069633483885,-4.499953424930572,-1.8576388812065134,"paired environment-seed bootstrap 95%, identical recorded physical parameters",0,0,10,False
visuotactile_margin_native_seed1_rl,visuotactile_native_seed1_rl,primary,44,id,native_shaped_return,10,-7.473261432472737,-27.33686739300928,11.870802014551419,"paired environment-seed bootstrap 95%, identical recorded physical parameters",3,0,7,True
visuotactile_margin_native_seed1_rl,visuotactile_native_seed1_rl,primary,44,id,setup_force_budget_exceeded,10,0.0,0.0,0.0,"paired environment-seed bootstrap 95%, identical recorded physical parameters",0,10,0,False
visuotactile_margin_native_seed1_rl,visuotactile_native_seed1_rl,primary,44,id,setup_peak_normal_N,10,0.0,0.0,0.0,"paired environment-seed bootstrap 95%, identical recorded physical parameters",0,10,0,False
visuotactile_margin_native_seed1_rl,visuotactile_native_seed1_rl,primary,44,id,sustained_10cm_lift_success,10,0.3,0.0,0.6,"paired environment-seed bootstrap 95%, identical recorded physical parameters",3,7,0,True
visuotactile_margin_native_seed1_rl,visuotactile_native_seed1_rl,primary,44,id,sustained_10cm_lift_within_force_budget,10,0.4,0.1,0.7,"paired environment-seed bootstrap 95%, identical recorded physical parameters",4,6,0,True
visuotactile_margin_native_seed1_rl,visuotactile_native_seed1_rl,primary,44,id,sustained_native_success,10,-0.1,-0.3,0.0,"paired environment-seed bootstrap 95%, identical recorded physical parameters",0,9,1,True
visuotactile_margin_native_seed1_rl,visuotactile_native_seed1_rl,primary,44,id,sustained_success_within_force_budget,10,0.2,-0.2,0.6,"paired environment-seed bootstrap 95%, identical recorded physical parameters",3,6,1,True
visuotactile_margin_native_seed1_rl,visuotactile_native_seed1_rl,primary,44,ood,any_native_success,10,0.0,0.0,0.0,"paired environment-seed bootstrap 95%, identical recorded physical parameters",0,10,0,True
visuotactile_margin_native_seed1_rl,visuotactile_native_seed1_rl,primary,44,ood,bilateral_contact_at_takeover,10,0.0,0.0,0.0,"paired environment-seed bootstrap 95%, identical recorded physical parameters",0,10,0,False
visuotactile_margin_native_seed1_rl,visuotactile_native_seed1_rl,primary,44,ood,final_native_success,10,0.0,0.0,0.0,"paired environment-seed bootstrap 95%, identical recorded physical parameters",0,10,0,True
visuotactile_margin_native_seed1_rl,visuotactile_native_seed1_rl,primary,44,ood,force_budget_exceeded,10,-0.2,-0.5,0.0,"paired environment-seed bootstrap 95%, identical recorded physical parameters",0,8,2,False
visuotactile_margin_native_seed1_rl,visuotactile_native_seed1_rl,primary,44,ood,full_episode_peak_normal_N,10,-2.55263888835907,-3.9453104948997497,-1.2429787802696242,"paired environment-seed bootstrap 95%, identical recorded physical parameters",1,0,9,False
visuotactile_margin_native_seed1_rl,visuotactile_native_seed1_rl,primary,44,ood,intervention_force_budget_exceeded,10,-0.2,-0.5,0.0,"paired environment-seed bootstrap 95%, identical recorded physical parameters",0,8,2,False
visuotactile_margin_native_seed1_rl,visuotactile_native_seed1_rl,primary,44,ood,intervention_peak_normal_N,10,-2.283571457862854,-3.8340797382593155,-0.7765785300731661,"paired environment-seed bootstrap 95%, identical recorded physical parameters",2,0,8,False
visuotactile_margin_native_seed1_rl,visuotactile_native_seed1_rl,primary,44,ood,native_shaped_return,10,0.7790082410010299,-4.374966035472505,5.190352533518695,"paired environment-seed bootstrap 95%, identical recorded physical parameters",6,0,4,True
visuotactile_margin_native_seed1_rl,visuotactile_native_seed1_rl,primary,44,ood,setup_force_budget_exceeded,10,0.0,0.0,0.0,"paired environment-seed bootstrap 95%, identical recorded physical parameters",0,10,0,False
visuotactile_margin_native_seed1_rl,visuotactile_native_seed1_rl,primary,44,ood,setup_peak_normal_N,10,0.0,0.0,0.0,"paired environment-seed bootstrap 95%, identical recorded physical parameters",0,10,0,False
visuotactile_margin_native_seed1_rl,visuotactile_native_seed1_rl,primary,44,ood,sustained_10cm_lift_success,10,0.0,0.0,0.0,"paired environment-seed bootstrap 95%, identical recorded physical parameters",0,10,0,True
visuotactile_margin_native_seed1_rl,visuotactile_native_seed1_rl,primary,44,ood,sustained_10cm_lift_within_force_budget,10,0.0,0.0,0.0,"paired environment-seed bootstrap 95%, identical recorded physical parameters",0,10,0,True
visuotactile_margin_native_seed1_rl,visuotactile_native_seed1_rl,primary,44,ood,sustained_native_success,10,0.0,0.0,0.0,"paired environment-seed bootstrap 95%, identical recorded physical parameters",0,10,0,True
visuotactile_margin_native_seed1_rl,visuotactile_native_seed1_rl,primary,44,ood,sustained_success_within_force_budget,10,0.0,0.0,0.0,"paired environment-seed bootstrap 95%, identical recorded physical parameters",0,10,0,True
visuotactile_margin_native_seed1_rl,visuotactile_seed1_bc,primary,44,all,any_native_success,20,0.05,-0.1,0.2,"paired environment-seed bootstrap 95%, identical recorded physical parameters",2,17,1,True
visuotactile_margin_native_seed1_rl,visuotactile_seed1_bc,primary,44,all,bilateral_contact_at_takeover,20,0.0,0.0,0.0,"paired environment-seed bootstrap 95%, identical recorded physical parameters",0,20,0,False
visuotactile_margin_native_seed1_rl,visuotactile_seed1_bc,primary,44,all,final_native_success,20,-0.05,-0.2,0.1,"paired environment-seed bootstrap 95%, identical recorded physical parameters",1,17,2,True
visuotactile_margin_native_seed1_rl,visuotactile_seed1_bc,primary,44,all,force_budget_exceeded,20,-0.2,-0.5,0.1,"paired environment-seed bootstrap 95%, identical recorded physical parameters",3,10,7,False
visuotactile_margin_native_seed1_rl,visuotactile_seed1_bc,primary,44,all,full_episode_peak_normal_N,20,-4.415242582559586,-7.813451568186283,-1.3858293773233927,"paired environment-seed bootstrap 95%, identical recorded physical parameters",5,0,15,False
visuotactile_margin_native_seed1_rl,visuotactile_seed1_bc,primary,44,all,intervention_force_budget_exceeded,20,-0.15,-0.45,0.1,"paired environment-seed bootstrap 95%, identical recorded physical parameters",3,11,6,False
visuotactile_margin_native_seed1_rl,visuotactile_seed1_bc,primary,44,all,intervention_peak_normal_N,20,-3.281391888856888,-6.193281777948141,-0.3794311384856702,"paired environment-seed bootstrap 95%, identical recorded physical parameters",9,0,11,False
visuotactile_margin_native_seed1_rl,visuotactile_seed1_bc,primary,44,all,native_shaped_return,20,-1.0221368630266934,-9.504092597363202,10.9472442780963,"paired environment-seed bootstrap 95%, identical recorded physical parameters",10,0,10,True
visuotactile_margin_native_seed1_rl,visuotactile_seed1_bc,primary,44,all,setup_force_budget_exceeded,20,0.0,0.0,0.0,"paired environment-seed bootstrap 95%, identical recorded physical parameters",0,20,0,False
visuotactile_margin_native_seed1_rl,visuotactile_seed1_bc,primary,44,all,setup_peak_normal_N,20,0.0,0.0,0.0,"paired environment-seed bootstrap 95%, identical recorded physical parameters",0,20,0,False
visuotactile_margin_native_seed1_rl,visuotactile_seed1_bc,primary,44,all,sustained_10cm_lift_success,20,0.05,0.0,0.15,"paired environment-seed bootstrap 95%, identical recorded physical parameters",1,19,0,True
visuotactile_margin_native_seed1_rl,visuotactile_seed1_bc,primary,44,all,sustained_10cm_lift_within_force_budget,20,0.1,0.0,0.25,"paired environment-seed bootstrap 95%, identical recorded physical parameters",2,18,0,True
visuotactile_margin_native_seed1_rl,visuotactile_seed1_bc,primary,44,all,sustained_native_success,20,0.1,0.0,0.25,"paired environment-seed bootstrap 95%, identical recorded physical parameters",2,18,0,True
visuotactile_margin_native_seed1_rl,visuotactile_seed1_bc,primary,44,all,sustained_success_within_force_budget,20,0.1,0.0,0.25,"paired environment-seed bootstrap 95%, identical recorded physical parameters",2,18,0,True
visuotactile_margin_native_seed1_rl,visuotactile_seed1_bc,primary,44,id,any_native_success,10,0.1,-0.2,0.4,"paired environment-seed bootstrap 95%, identical recorded physical parameters",2,7,1,True
visuotactile_margin_native_seed1_rl,visuotactile_seed1_bc,primary,44,id,bilateral_contact_at_takeover,10,0.0,0.0,0.0,"paired environment-seed bootstrap 95%, identical recorded physical parameters",0,10,0,False
visuotactile_margin_native_seed1_rl,visuotactile_seed1_bc,primary,44,id,final_native_success,10,-0.1,-0.4,0.2,"paired environment-seed bootstrap 95%, identical recorded physical parameters",1,7,2,True
visuotactile_margin_native_seed1_rl,visuotactile_seed1_bc,primary,44,id,force_budget_exceeded,10,-0.2,-0.6,0.2,"paired environment-seed bootstrap 95%, identical recorded physical parameters",1,6,3,False
visuotactile_margin_native_seed1_rl,visuotactile_seed1_bc,primary,44,id,full_episode_peak_normal_N,10,-2.5797398924827575,-6.3803559187054635,0.9473336219787598,"paired environment-seed bootstrap 95%, identical recorded physical parameters",3,0,7,False
visuotactile_margin_native_seed1_rl,visuotactile_seed1_bc,primary,44,id,intervention_force_budget_exceeded,10,-0.3,-0.7,0.1,"paired environment-seed bootstrap 95%, identical recorded physical parameters",1,5,4,False
visuotactile_margin_native_seed1_rl,visuotactile_seed1_bc,primary,44,id,intervention_peak_normal_N,10,-3.668873059749603,-8.04804141819477,0.41273541688918547,"paired environment-seed bootstrap 95%, identical recorded physical parameters",3,0,7,False
visuotactile_margin_native_seed1_rl,visuotactile_seed1_bc,primary,44,id,native_shaped_return,10,7.793161829780317,-7.609259573636267,27.13915096818078,"paired environment-seed bootstrap 95%, identical recorded physical parameters",8,0,2,True
visuotactile_margin_native_seed1_rl,visuotactile_seed1_bc,primary,44,id,setup_force_budget_exceeded,10,0.0,0.0,0.0,"paired environment-seed bootstrap 95%, identical recorded physical parameters",0,10,0,False
visuotactile_margin_native_seed1_rl,visuotactile_seed1_bc,primary,44,id,setup_peak_normal_N,10,0.0,0.0,0.0,"paired environment-seed bootstrap 95%, identical recorded physical parameters",0,10,0,False
visuotactile_margin_native_seed1_rl,visuotactile_seed1_bc,primary,44,id,sustained_10cm_lift_success,10,0.1,0.0,0.3,"paired environment-seed bootstrap 95%, identical recorded physical parameters",1,9,0,True
visuotactile_margin_native_seed1_rl,visuotactile_seed1_bc,primary,44,id,sustained_10cm_lift_within_force_budget,10,0.2,0.0,0.5,"paired environment-seed bootstrap 95%, identical recorded physical parameters",2,8,0,True
visuotactile_margin_native_seed1_rl,visuotactile_seed1_bc,primary,44,id,sustained_native_success,10,0.2,0.0,0.5,"paired environment-seed bootstrap 95%, identical recorded physical parameters",2,8,0,True
visuotactile_margin_native_seed1_rl,visuotactile_seed1_bc,primary,44,id,sustained_success_within_force_budget,10,0.2,0.0,0.5,"paired environment-seed bootstrap 95%, identical recorded physical parameters",2,8,0,True
visuotactile_margin_native_seed1_rl,visuotactile_seed1_bc,primary,44,ood,any_native_success,10,0.0,0.0,0.0,"paired environment-seed bootstrap 95%, identical recorded physical parameters",0,10,0,True
visuotactile_margin_native_seed1_rl,visuotactile_seed1_bc,primary,44,ood,bilateral_contact_at_takeover,10,0.0,0.0,0.0,"paired environment-seed bootstrap 95%, identical recorded physical parameters",0,10,0,False
visuotactile_margin_native_seed1_rl,visuotactile_seed1_bc,primary,44,ood,final_native_success,10,0.0,0.0,0.0,"paired environment-seed bootstrap 95%, identical recorded physical parameters",0,10,0,True
visuotactile_margin_native_seed1_rl,visuotactile_seed1_bc,primary,44,ood,force_budget_exceeded,10,-0.2,-0.6,0.3,"paired environment-seed bootstrap 95%, identical recorded physical parameters",2,4,4,False
visuotactile_margin_native_seed1_rl,visuotactile_seed1_bc,primary,44,ood,full_episode_peak_normal_N,10,-6.250745272636413,-11.27906480371952,-1.2607453095912935,"paired environment-seed bootstrap 95%, identical recorded physical parameters",2,0,8,False
visuotactile_margin_native_seed1_rl,visuotactile_seed1_bc,primary,44,ood,intervention_force_budget_exceeded,10,0.0,-0.4,0.4,"paired environment-seed bootstrap 95%, identical recorded physical parameters",2,6,2,False
visuotactile_margin_native_seed1_rl,visuotactile_seed1_bc,primary,44,ood,intervention_peak_normal_N,10,-2.8939107179641725,-7.02062273979187,0.9176968097686767,"paired environment-seed bootstrap 95%, identical recorded physical parameters",6,0,4,False
visuotactile_margin_native_seed1_rl,visuotactile_seed1_bc,primary,44,ood,native_shaped_return,10,-9.837435555833704,-16.178972335838388,-1.80443095799711,"paired environment-seed bootstrap 95%, identical recorded physical parameters",2,0,8,True
visuotactile_margin_native_seed1_rl,visuotactile_seed1_bc,primary,44,ood,setup_force_budget_exceeded,10,0.0,0.0,0.0,"paired environment-seed bootstrap 95%, identical recorded physical parameters",0,10,0,False
visuotactile_margin_native_seed1_rl,visuotactile_seed1_bc,primary,44,ood,setup_peak_normal_N,10,0.0,0.0,0.0,"paired environment-seed bootstrap 95%, identical recorded physical parameters",0,10,0,False
visuotactile_margin_native_seed1_rl,visuotactile_seed1_bc,primary,44,ood,sustained_10cm_lift_success,10,0.0,0.0,0.0,"paired environment-seed bootstrap 95%, identical recorded physical parameters",0,10,0,True
visuotactile_margin_native_seed1_rl,visuotactile_seed1_bc,primary,44,ood,sustained_10cm_lift_within_force_budget,10,0.0,0.0,0.0,"paired environment-seed bootstrap 95%, identical recorded physical parameters",0,10,0,True
visuotactile_margin_native_seed1_rl,visuotactile_seed1_bc,primary,44,ood,sustained_native_success,10,0.0,0.0,0.0,"paired environment-seed bootstrap 95%, identical recorded physical parameters",0,10,0,True
visuotactile_margin_native_seed1_rl,visuotactile_seed1_bc,primary,44,ood,sustained_success_within_force_budget,10,0.0,0.0,0.0,"paired environment-seed bootstrap 95%, identical recorded physical parameters",0,10,0,True
visuotactile_margin_native_seed2_rl,force_feedback,primary,44,all,any_native_success,20,-0.5,-0.7,-0.3,"paired environment-seed bootstrap 95%, identical recorded physical parameters",0,10,10,True
visuotactile_margin_native_seed2_rl,force_feedback,primary,44,all,bilateral_contact_at_takeover,20,0.0,0.0,0.0,"paired environment-seed bootstrap 95%, identical recorded physical parameters",0,20,0,False
visuotactile_margin_native_seed2_rl,force_feedback,primary,44,all,final_native_success,20,-0.5,-0.7,-0.3,"paired environment-seed bootstrap 95%, identical recorded physical parameters",0,10,10,True
visuotactile_margin_native_seed2_rl,force_feedback,primary,44,all,force_budget_exceeded,20,-0.2,-0.4,-0.05,"paired environment-seed bootstrap 95%, identical recorded physical parameters",0,16,4,False
visuotactile_margin_native_seed2_rl,force_feedback,primary,44,all,full_episode_peak_normal_N,20,-5.5484874695539474,-7.083755361959338,-3.998850881308318,"paired environment-seed bootstrap 95%, identical recorded physical parameters",2,0,18,False
visuotactile_margin_native_seed2_rl,force_feedback,primary,44,all,intervention_force_budget_exceeded,20,-0.05,-0.15,0.0,"paired environment-seed bootstrap 95%, identical recorded physical parameters",0,19,1,False
visuotactile_margin_native_seed2_rl,force_feedback,primary,44,all,intervention_peak_normal_N,20,-4.509349223971367,-5.774893556758761,-3.249978588148952,"paired environment-seed bootstrap 95%, identical recorded physical parameters",2,0,18,False
visuotactile_margin_native_seed2_rl,force_feedback,primary,44,all,native_shaped_return,20,-17.396348163695013,-29.630197763275408,-5.515578120020413,"paired environment-seed bootstrap 95%, identical recorded physical parameters",10,0,10,True
visuotactile_margin_native_seed2_rl,force_feedback,primary,44,all,setup_force_budget_exceeded,20,0.0,0.0,0.0,"paired environment-seed bootstrap 95%, identical recorded physical parameters",0,20,0,False
visuotactile_margin_native_seed2_rl,force_feedback,primary,44,all,setup_peak_normal_N,20,0.0,0.0,0.0,"paired environment-seed bootstrap 95%, identical recorded physical parameters",0,20,0,False
visuotactile_margin_native_seed2_rl,force_feedback,primary,44,all,sustained_10cm_lift_success,20,-0.5,-0.7,-0.3,"paired environment-seed bootstrap 95%, identical recorded physical parameters",0,10,10,True
visuotactile_margin_native_seed2_rl,force_feedback,primary,44,all,sustained_10cm_lift_within_force_budget,20,-0.35,-0.55,-0.15,"paired environment-seed bootstrap 95%, identical recorded physical parameters",0,13,7,True
visuotactile_margin_native_seed2_rl,force_feedback,primary,44,all,sustained_native_success,20,-0.5,-0.7,-0.3,"paired environment-seed bootstrap 95%, identical recorded physical parameters",0,10,10,True
visuotactile_margin_native_seed2_rl,force_feedback,primary,44,all,sustained_success_within_force_budget,20,-0.35,-0.55,-0.15,"paired environment-seed bootstrap 95%, identical recorded physical parameters",0,13,7,True
visuotactile_margin_native_seed2_rl,force_feedback,primary,44,id,any_native_success,10,-1.0,-1.0,-1.0,"paired environment-seed bootstrap 95%, identical recorded physical parameters",0,0,10,True
visuotactile_margin_native_seed2_rl,force_feedback,primary,44,id,bilateral_contact_at_takeover,10,0.0,0.0,0.0,"paired environment-seed bootstrap 95%, identical recorded physical parameters",0,10,0,False
visuotactile_margin_native_seed2_rl,force_feedback,primary,44,id,final_native_success,10,-1.0,-1.0,-1.0,"paired environment-seed bootstrap 95%, identical recorded physical parameters",0,0,10,True
visuotactile_margin_native_seed2_rl,force_feedback,primary,44,id,force_budget_exceeded,10,-0.3,-0.6,0.0,"paired environment-seed bootstrap 95%, identical recorded physical parameters",0,7,3,False
visuotactile_margin_native_seed2_rl,force_feedback,primary,44,id,full_episode_peak_normal_N,10,-7.266387218236924,-8.835933589935303,-5.765852611064911,"paired environment-seed bootstrap 95%, identical recorded physical parameters",0,0,10,False
visuotactile_margin_native_seed2_rl,force_feedback,primary,44,id,intervention_force_budget_exceeded,10,0.0,0.0,0.0,"paired environment-seed bootstrap 95%, identical recorded physical parameters",0,10,0,False
visuotactile_margin_native_seed2_rl,force_feedback,primary,44,id,intervention_peak_normal_N,10,-5.188110727071762,-5.636177643537521,-4.604787966012955,"paired environment-seed bootstrap 95%, identical recorded physical parameters",0,0,10,False
visuotactile_margin_native_seed2_rl,force_feedback,primary,44,id,native_shaped_return,10,-44.61748502743764,-47.40669778495219,-42.24128232069169,"paired environment-seed bootstrap 95%, identical recorded physical parameters",0,0,10,True
visuotactile_margin_native_seed2_rl,force_feedback,primary,44,id,setup_force_budget_exceeded,10,0.0,0.0,0.0,"paired environment-seed bootstrap 95%, identical recorded physical parameters",0,10,0,False
visuotactile_margin_native_seed2_rl,force_feedback,primary,44,id,setup_peak_normal_N,10,0.0,0.0,0.0,"paired environment-seed bootstrap 95%, identical recorded physical parameters",0,10,0,False
visuotactile_margin_native_seed2_rl,force_feedback,primary,44,id,sustained_10cm_lift_success,10,-1.0,-1.0,-1.0,"paired environment-seed bootstrap 95%, identical recorded physical parameters",0,0,10,True
visuotactile_margin_native_seed2_rl,force_feedback,primary,44,id,sustained_10cm_lift_within_force_budget,10,-0.7,-1.0,-0.4,"paired environment-seed bootstrap 95%, identical recorded physical parameters",0,3,7,True
visuotactile_margin_native_seed2_rl,force_feedback,primary,44,id,sustained_native_success,10,-1.0,-1.0,-1.0,"paired environment-seed bootstrap 95%, identical recorded physical parameters",0,0,10,True
visuotactile_margin_native_seed2_rl,force_feedback,primary,44,id,sustained_success_within_force_budget,10,-0.7,-1.0,-0.4,"paired environment-seed bootstrap 95%, identical recorded physical parameters",0,3,7,True
visuotactile_margin_native_seed2_rl,force_feedback,primary,44,ood,any_native_success,10,0.0,0.0,0.0,"paired environment-seed bootstrap 95%, identical recorded physical parameters",0,10,0,True
visuotactile_margin_native_seed2_rl,force_feedback,primary,44,ood,bilateral_contact_at_takeover,10,0.0,0.0,0.0,"paired environment-seed bootstrap 95%, identical recorded physical parameters",0,10,0,False
visuotactile_margin_native_seed2_rl,force_feedback,primary,44,ood,final_native_success,10,0.0,0.0,0.0,"paired environment-seed bootstrap 95%, identical recorded physical parameters",0,10,0,True
visuotactile_margin_native_seed2_rl,force_feedback,primary,44,ood,force_budget_exceeded,10,-0.1,-0.3,0.0,"paired environment-seed bootstrap 95%, identical recorded physical parameters",0,9,1,False
visuotactile_margin_native_seed2_rl,force_feedback,primary,44,ood,full_episode_peak_normal_N,10,-3.8305877208709718,-6.310950016975403,-1.6984201240539556,"paired environment-seed bootstrap 95%, identical recorded physical parameters",2,0,8,False
visuotactile_margin_native_seed2_rl,force_feedback,primary,44,ood,intervention_force_budget_exceeded,10,-0.1,-0.3,0.0,"paired environment-seed bootstrap 95%, identical recorded physical parameters",0,9,1,False
visuotactile_margin_native_seed2_rl,force_feedback,primary,44,ood,intervention_peak_normal_N,10,-3.8305877208709718,-6.184135354757308,-1.6615884423255927,"paired environment-seed bootstrap 95%, identical recorded physical parameters",2,0,8,False
visuotactile_margin_native_seed2_rl,force_feedback,primary,44,ood,native_shaped_return,10,9.82478870004761,7.537643623911638,12.438944400717494,"paired environment-seed bootstrap 95%, identical recorded physical parameters",10,0,0,True
visuotactile_margin_native_seed2_rl,force_feedback,primary,44,ood,setup_force_budget_exceeded,10,0.0,0.0,0.0,"paired environment-seed bootstrap 95%, identical recorded physical parameters",0,10,0,False
visuotactile_margin_native_seed2_rl,force_feedback,primary,44,ood,setup_peak_normal_N,10,0.0,0.0,0.0,"paired environment-seed bootstrap 95%, identical recorded physical parameters",0,10,0,False
visuotactile_margin_native_seed2_rl,force_feedback,primary,44,ood,sustained_10cm_lift_success,10,0.0,0.0,0.0,"paired environment-seed bootstrap 95%, identical recorded physical parameters",0,10,0,True
visuotactile_margin_native_seed2_rl,force_feedback,primary,44,ood,sustained_10cm_lift_within_force_budget,10,0.0,0.0,0.0,"paired environment-seed bootstrap 95%, identical recorded physical parameters",0,10,0,True
visuotactile_margin_native_seed2_rl,force_feedback,primary,44,ood,sustained_native_success,10,0.0,0.0,0.0,"paired environment-seed bootstrap 95%, identical recorded physical parameters",0,10,0,True
visuotactile_margin_native_seed2_rl,force_feedback,primary,44,ood,sustained_success_within_force_budget,10,0.0,0.0,0.0,"paired environment-seed bootstrap 95%, identical recorded physical parameters",0,10,0,True
visuotactile_margin_native_seed2_rl,script,primary,44,all,any_native_success,20,-0.5,-0.7,-0.3,"paired environment-seed bootstrap 95%, identical recorded physical parameters",0,10,10,True
visuotactile_margin_native_seed2_rl,script,primary,44,all,bilateral_contact_at_takeover,20,0.0,0.0,0.0,"paired environment-seed bootstrap 95%, identical recorded physical parameters",0,20,0,False
visuotactile_margin_native_seed2_rl,script,primary,44,all,final_native_success,20,-0.5,-0.7,-0.3,"paired environment-seed bootstrap 95%, identical recorded physical parameters",0,10,10,True
visuotactile_margin_native_seed2_rl,script,primary,44,all,force_budget_exceeded,20,-0.65,-0.85,-0.4,"paired environment-seed bootstrap 95%, identical recorded physical parameters",0,7,13,False
visuotactile_margin_native_seed2_rl,script,primary,44,all,full_episode_peak_normal_N,20,-9.71604401767254,-13.103716792985797,-6.591776644140487,"paired environment-seed bootstrap 95%, identical recorded physical parameters",1,1,18,False
visuotactile_margin_native_seed2_rl,script,primary,44,all,intervention_force_budget_exceeded,20,-0.65,-0.85,-0.45,"paired environment-seed bootstrap 95%, identical recorded physical parameters",0,7,13,False
visuotactile_margin_native_seed2_rl,script,primary,44,all,intervention_peak_normal_N,20,-9.715669271349906,-13.000157744958996,-6.476878477185965,"paired environment-seed bootstrap 95%, identical recorded physical parameters",1,1,18,False
visuotactile_margin_native_seed2_rl,script,primary,44,all,native_shaped_return,20,-17.871777244073094,-30.424596691972038,-6.459361646256988,"paired environment-seed bootstrap 95%, identical recorded physical parameters",10,0,10,True
visuotactile_margin_native_seed2_rl,script,primary,44,all,setup_force_budget_exceeded,20,0.0,0.0,0.0,"paired environment-seed bootstrap 95%, identical recorded physical parameters",0,20,0,False
visuotactile_margin_native_seed2_rl,script,primary,44,all,setup_peak_normal_N,20,0.0,0.0,0.0,"paired environment-seed bootstrap 95%, identical recorded physical parameters",0,20,0,False
visuotactile_margin_native_seed2_rl,script,primary,44,all,sustained_10cm_lift_success,20,-0.5,-0.7,-0.3,"paired environment-seed bootstrap 95%, identical recorded physical parameters",0,10,10,True
visuotactile_margin_native_seed2_rl,script,primary,44,all,sustained_10cm_lift_within_force_budget,20,-0.1,-0.25,0.0,"paired environment-seed bootstrap 95%, identical recorded physical parameters",0,18,2,True
visuotactile_margin_native_seed2_rl,script,primary,44,all,sustained_native_success,20,-0.5,-0.7,-0.3,"paired environment-seed bootstrap 95%, identical recorded physical parameters",0,10,10,True
visuotactile_margin_native_seed2_rl,script,primary,44,all,sustained_success_within_force_budget,20,-0.1,-0.25,0.0,"paired environment-seed bootstrap 95%, identical recorded physical parameters",0,18,2,True
visuotactile_margin_native_seed2_rl,script,primary,44,id,any_native_success,10,-1.0,-1.0,-1.0,"paired environment-seed bootstrap 95%, identical recorded physical parameters",0,0,10,True
visuotactile_margin_native_seed2_rl,script,primary,44,id,bilateral_contact_at_takeover,10,0.0,0.0,0.0,"paired environment-seed bootstrap 95%, identical recorded physical parameters",0,10,0,False
visuotactile_margin_native_seed2_rl,script,primary,44,id,final_native_success,10,-1.0,-1.0,-1.0,"paired environment-seed bootstrap 95%, identical recorded physical parameters",0,0,10,True
visuotactile_margin_native_seed2_rl,script,primary,44,id,force_budget_exceeded,10,-0.8,-1.0,-0.5,"paired environment-seed bootstrap 95%, identical recorded physical parameters",0,2,8,False
visuotactile_margin_native_seed2_rl,script,primary,44,id,full_episode_peak_normal_N,10,-11.365848058462143,-14.68792064771056,-8.280917198807002,"paired environment-seed bootstrap 95%, identical recorded physical parameters",0,0,10,False
visuotactile_margin_native_seed2_rl,script,primary,44,id,intervention_force_budget_exceeded,10,-0.8,-1.0,-0.5,"paired environment-seed bootstrap 95%, identical recorded physical parameters",0,2,8,False
visuotactile_margin_native_seed2_rl,script,primary,44,id,intervention_peak_normal_N,10,-11.36509856581688,-14.72297699689865,-8.443394703865053,"paired environment-seed bootstrap 95%, identical recorded physical parameters",0,0,10,False
visuotactile_margin_native_seed2_rl,script,primary,44,id,native_shaped_return,10,-45.22145139536683,-47.97565504708971,-42.723621941229595,"paired environment-seed bootstrap 95%, identical recorded physical parameters",0,0,10,True
visuotactile_margin_native_seed2_rl,script,primary,44,id,setup_force_budget_exceeded,10,0.0,0.0,0.0,"paired environment-seed bootstrap 95%, identical recorded physical parameters",0,10,0,False
visuotactile_margin_native_seed2_rl,script,primary,44,id,setup_peak_normal_N,10,0.0,0.0,0.0,"paired environment-seed bootstrap 95%, identical recorded physical parameters",0,10,0,False
visuotactile_margin_native_seed2_rl,script,primary,44,id,sustained_10cm_lift_success,10,-1.0,-1.0,-1.0,"paired environment-seed bootstrap 95%, identical recorded physical parameters",0,0,10,True
visuotactile_margin_native_seed2_rl,script,primary,44,id,sustained_10cm_lift_within_force_budget,10,-0.2,-0.5,0.0,"paired environment-seed bootstrap 95%, identical recorded physical parameters",0,8,2,True
visuotactile_margin_native_seed2_rl,script,primary,44,id,sustained_native_success,10,-1.0,-1.0,-1.0,"paired environment-seed bootstrap 95%, identical recorded physical parameters",0,0,10,True
visuotactile_margin_native_seed2_rl,script,primary,44,id,sustained_success_within_force_budget,10,-0.2,-0.5,0.0,"paired environment-seed bootstrap 95%, identical recorded physical parameters",0,8,2,True
visuotactile_margin_native_seed2_rl,script,primary,44,ood,any_native_success,10,0.0,0.0,0.0,"paired environment-seed bootstrap 95%, identical recorded physical parameters",0,10,0,True
visuotactile_margin_native_seed2_rl,script,primary,44,ood,bilateral_contact_at_takeover,10,0.0,0.0,0.0,"paired environment-seed bootstrap 95%, identical recorded physical parameters",0,10,0,False
visuotactile_margin_native_seed2_rl,script,primary,44,ood,final_native_success,10,0.0,0.0,0.0,"paired environment-seed bootstrap 95%, identical recorded physical parameters",0,10,0,True
visuotactile_margin_native_seed2_rl,script,primary,44,ood,force_budget_exceeded,10,-0.5,-0.8,-0.2,"paired environment-seed bootstrap 95%, identical recorded physical parameters",0,5,5,False
visuotactile_margin_native_seed2_rl,script,primary,44,ood,full_episode_peak_normal_N,10,-8.066239976882935,-13.931303328275682,-2.941728447675707,"paired environment-seed bootstrap 95%, identical recorded physical parameters",1,1,8,False
visuotactile_margin_native_seed2_rl,script,primary,44,ood,intervention_force_budget_exceeded,10,-0.5,-0.8,-0.2,"paired environment-seed bootstrap 95%, identical recorded physical parameters",0,5,5,False
visuotactile_margin_native_seed2_rl,script,primary,44,ood,intervention_peak_normal_N,10,-8.066239976882935,-13.88371064066887,-2.7602237641811405,"paired environment-seed bootstrap 95%, identical recorded physical parameters",1,1,8,False
visuotactile_margin_native_seed2_rl,script,primary,44,ood,native_shaped_return,10,9.477896907220645,6.960374564108688,12.474117967553783,"paired environment-seed bootstrap 95%, identical recorded physical parameters",10,0,0,True
visuotactile_margin_native_seed2_rl,script,primary,44,ood,setup_force_budget_exceeded,10,0.0,0.0,0.0,"paired environment-seed bootstrap 95%, identical recorded physical parameters",0,10,0,False
visuotactile_margin_native_seed2_rl,script,primary,44,ood,setup_peak_normal_N,10,0.0,0.0,0.0,"paired environment-seed bootstrap 95%, identical recorded physical parameters",0,10,0,False
visuotactile_margin_native_seed2_rl,script,primary,44,ood,sustained_10cm_lift_success,10,0.0,0.0,0.0,"paired environment-seed bootstrap 95%, identical recorded physical parameters",0,10,0,True
visuotactile_margin_native_seed2_rl,script,primary,44,ood,sustained_10cm_lift_within_force_budget,10,0.0,0.0,0.0,"paired environment-seed bootstrap 95%, identical recorded physical parameters",0,10,0,True
visuotactile_margin_native_seed2_rl,script,primary,44,ood,sustained_native_success,10,0.0,0.0,0.0,"paired environment-seed bootstrap 95%, identical recorded physical parameters",0,10,0,True
visuotactile_margin_native_seed2_rl,script,primary,44,ood,sustained_success_within_force_budget,10,0.0,0.0,0.0,"paired environment-seed bootstrap 95%, identical recorded physical parameters",0,10,0,True
visuotactile_margin_native_seed2_rl,visuotactile_native_seed2_rl,primary,44,all,any_native_success,20,-0.5,-0.7,-0.2987500000000068,"paired environment-seed bootstrap 95%, identical recorded physical parameters",0,10,10,True
visuotactile_margin_native_seed2_rl,visuotactile_native_seed2_rl,primary,44,all,bilateral_contact_at_takeover,20,0.0,0.0,0.0,"paired environment-seed bootstrap 95%, identical recorded physical parameters",0,20,0,False
visuotactile_margin_native_seed2_rl,visuotactile_native_seed2_rl,primary,44,all,final_native_success,20,-0.35,-0.55,-0.15,"paired environment-seed bootstrap 95%, identical recorded physical parameters",0,13,7,True
visuotactile_margin_native_seed2_rl,visuotactile_native_seed2_rl,primary,44,all,force_budget_exceeded,20,-0.7,-0.9,-0.5,"paired environment-seed bootstrap 95%, identical recorded physical parameters",0,6,14,False
visuotactile_margin_native_seed2_rl,visuotactile_native_seed2_rl,primary,44,all,full_episode_peak_normal_N,20,-8.512266036868095,-10.172699459791183,-6.8344053185731175,"paired environment-seed bootstrap 95%, identical recorded physical parameters",0,0,20,False
visuotactile_margin_native_seed2_rl,visuotactile_native_seed2_rl,primary,44,all,intervention_force_budget_exceeded,20,-0.65,-0.85,-0.45,"paired environment-seed bootstrap 95%, identical recorded physical parameters",0,7,13,False
visuotactile_margin_native_seed2_rl,visuotactile_native_seed2_rl,primary,44,all,intervention_peak_normal_N,20,-8.000044199824334,-9.829700126498938,-5.936747246459127,"paired environment-seed bootstrap 95%, identical recorded physical parameters",2,0,18,False
visuotactile_margin_native_seed2_rl,visuotactile_native_seed2_rl,primary,44,all,native_shaped_return,20,-21.100696442567553,-33.7133467771368,-9.672757190167683,"paired environment-seed bootstrap 95%, identical recorded physical parameters",6,0,14,True
visuotactile_margin_native_seed2_rl,visuotactile_native_seed2_rl,primary,44,all,setup_force_budget_exceeded,20,0.0,0.0,0.0,"paired environment-seed bootstrap 95%, identical recorded physical parameters",0,20,0,False
visuotactile_margin_native_seed2_rl,visuotactile_native_seed2_rl,primary,44,all,setup_peak_normal_N,20,0.0,0.0,0.0,"paired environment-seed bootstrap 95%, identical recorded physical parameters",0,20,0,False
visuotactile_margin_native_seed2_rl,visuotactile_native_seed2_rl,primary,44,all,sustained_10cm_lift_success,20,0.0,0.0,0.0,"paired environment-seed bootstrap 95%, identical recorded physical parameters",0,20,0,True
visuotactile_margin_native_seed2_rl,visuotactile_native_seed2_rl,primary,44,all,sustained_10cm_lift_within_force_budget,20,0.0,0.0,0.0,"paired environment-seed bootstrap 95%, identical recorded physical parameters",0,20,0,True
visuotactile_margin_native_seed2_rl,visuotactile_native_seed2_rl,primary,44,all,sustained_native_success,20,-0.4,-0.6,-0.2,"paired environment-seed bootstrap 95%, identical recorded physical parameters",0,12,8,True
visuotactile_margin_native_seed2_rl,visuotactile_native_seed2_rl,primary,44,all,sustained_success_within_force_budget,20,-0.1,-0.25,0.0,"paired environment-seed bootstrap 95%, identical recorded physical parameters",0,18,2,True
visuotactile_margin_native_seed2_rl,visuotactile_native_seed2_rl,primary,44,id,any_native_success,10,-1.0,-1.0,-1.0,"paired environment-seed bootstrap 95%, identical recorded physical parameters",0,0,10,True
visuotactile_margin_native_seed2_rl,visuotactile_native_seed2_rl,primary,44,id,bilateral_contact_at_takeover,10,0.0,0.0,0.0,"paired environment-seed bootstrap 95%, identical recorded physical parameters",0,10,0,False
visuotactile_margin_native_seed2_rl,visuotactile_native_seed2_rl,primary,44,id,final_native_success,10,-0.7,-1.0,-0.4,"paired environment-seed bootstrap 95%, identical recorded physical parameters",0,3,7,True
visuotactile_margin_native_seed2_rl,visuotactile_native_seed2_rl,primary,44,id,force_budget_exceeded,10,-0.7,-1.0,-0.4,"paired environment-seed bootstrap 95%, identical recorded physical parameters",0,3,7,False
visuotactile_margin_native_seed2_rl,visuotactile_native_seed2_rl,primary,44,id,full_episode_peak_normal_N,10,-9.38155626654625,-11.057891161292792,-7.534364787042141,"paired environment-seed bootstrap 95%, identical recorded physical parameters",0,0,10,False
visuotactile_margin_native_seed2_rl,visuotactile_native_seed2_rl,primary,44,id,intervention_force_budget_exceeded,10,-0.7,-1.0,-0.4,"paired environment-seed bootstrap 95%, identical recorded physical parameters",0,3,7,False
visuotactile_margin_native_seed2_rl,visuotactile_native_seed2_rl,primary,44,id,intervention_peak_normal_N,10,-9.38155626654625,-11.119781992435456,-7.4546032977104195,"paired environment-seed bootstrap 95%, identical recorded physical parameters",0,0,10,False
visuotactile_margin_native_seed2_rl,visuotactile_native_seed2_rl,primary,44,id,native_shaped_return,10,-38.91589367027496,-53.10332840663236,-23.786426211439515,"paired environment-seed bootstrap 95%, identical recorded physical parameters",1,0,9,True
visuotactile_margin_native_seed2_rl,visuotactile_native_seed2_rl,primary,44,id,setup_force_budget_exceeded,10,0.0,0.0,0.0,"paired environment-seed bootstrap 95%, identical recorded physical parameters",0,10,0,False
visuotactile_margin_native_seed2_rl,visuotactile_native_seed2_rl,primary,44,id,setup_peak_normal_N,10,0.0,0.0,0.0,"paired environment-seed bootstrap 95%, identical recorded physical parameters",0,10,0,False
visuotactile_margin_native_seed2_rl,visuotactile_native_seed2_rl,primary,44,id,sustained_10cm_lift_success,10,0.0,0.0,0.0,"paired environment-seed bootstrap 95%, identical recorded physical parameters",0,10,0,True
visuotactile_margin_native_seed2_rl,visuotactile_native_seed2_rl,primary,44,id,sustained_10cm_lift_within_force_budget,10,0.0,0.0,0.0,"paired environment-seed bootstrap 95%, identical recorded physical parameters",0,10,0,True
visuotactile_margin_native_seed2_rl,visuotactile_native_seed2_rl,primary,44,id,sustained_native_success,10,-0.8,-1.0,-0.5,"paired environment-seed bootstrap 95%, identical recorded physical parameters",0,2,8,True
visuotactile_margin_native_seed2_rl,visuotactile_native_seed2_rl,primary,44,id,sustained_success_within_force_budget,10,-0.2,-0.5,0.0,"paired environment-seed bootstrap 95%, identical recorded physical parameters",0,8,2,True
visuotactile_margin_native_seed2_rl,visuotactile_native_seed2_rl,primary,44,ood,any_native_success,10,0.0,0.0,0.0,"paired environment-seed bootstrap 95%, identical recorded physical parameters",0,10,0,True
visuotactile_margin_native_seed2_rl,visuotactile_native_seed2_rl,primary,44,ood,bilateral_contact_at_takeover,10,0.0,0.0,0.0,"paired environment-seed bootstrap 95%, identical recorded physical parameters",0,10,0,False
visuotactile_margin_native_seed2_rl,visuotactile_native_seed2_rl,primary,44,ood,final_native_success,10,0.0,0.0,0.0,"paired environment-seed bootstrap 95%, identical recorded physical parameters",0,10,0,True
visuotactile_margin_native_seed2_rl,visuotactile_native_seed2_rl,primary,44,ood,force_budget_exceeded,10,-0.7,-1.0,-0.4,"paired environment-seed bootstrap 95%, identical recorded physical parameters",0,3,7,False
visuotactile_margin_native_seed2_rl,visuotactile_native_seed2_rl,primary,44,ood,full_episode_peak_normal_N,10,-7.642975807189941,-10.34964864730835,-5.158330080509186,"paired environment-seed bootstrap 95%, identical recorded physical parameters",0,0,10,False
visuotactile_margin_native_seed2_rl,visuotactile_native_seed2_rl,primary,44,ood,intervention_force_budget_exceeded,10,-0.6,-0.9,-0.3,"paired environment-seed bootstrap 95%, identical recorded physical parameters",0,4,6,False
visuotactile_margin_native_seed2_rl,visuotactile_native_seed2_rl,primary,44,ood,intervention_peak_normal_N,10,-6.618532133102417,-9.769821486473084,-3.0735391831398036,"paired environment-seed bootstrap 95%, identical recorded physical parameters",2,0,8,False
visuotactile_margin_native_seed2_rl,visuotactile_native_seed2_rl,primary,44,ood,native_shaped_return,10,-3.285499214860143,-10.548145902914682,3.5290445542845585,"paired environment-seed bootstrap 95%, identical recorded physical parameters",5,0,5,True
visuotactile_margin_native_seed2_rl,visuotactile_native_seed2_rl,primary,44,ood,setup_force_budget_exceeded,10,0.0,0.0,0.0,"paired environment-seed bootstrap 95%, identical recorded physical parameters",0,10,0,False
visuotactile_margin_native_seed2_rl,visuotactile_native_seed2_rl,primary,44,ood,setup_peak_normal_N,10,0.0,0.0,0.0,"paired environment-seed bootstrap 95%, identical recorded physical parameters",0,10,0,False
visuotactile_margin_native_seed2_rl,visuotactile_native_seed2_rl,primary,44,ood,sustained_10cm_lift_success,10,0.0,0.0,0.0,"paired environment-seed bootstrap 95%, identical recorded physical parameters",0,10,0,True
visuotactile_margin_native_seed2_rl,visuotactile_native_seed2_rl,primary,44,ood,sustained_10cm_lift_within_force_budget,10,0.0,0.0,0.0,"paired environment-seed bootstrap 95%, identical recorded physical parameters",0,10,0,True
visuotactile_margin_native_seed2_rl,visuotactile_native_seed2_rl,primary,44,ood,sustained_native_success,10,0.0,0.0,0.0,"paired environment-seed bootstrap 95%, identical recorded physical parameters",0,10,0,True
visuotactile_margin_native_seed2_rl,visuotactile_native_seed2_rl,primary,44,ood,sustained_success_within_force_budget,10,0.0,0.0,0.0,"paired environment-seed bootstrap 95%, identical recorded physical parameters",0,10,0,True
visuotactile_margin_native_seed2_rl,visuotactile_seed2_bc,primary,44,all,any_native_success,20,-0.4,-0.6,-0.2,"paired environment-seed bootstrap 95%, identical recorded physical parameters",0,12,8,True
visuotactile_margin_native_seed2_rl,visuotactile_seed2_bc,primary,44,all,bilateral_contact_at_takeover,20,0.0,0.0,0.0,"paired environment-seed bootstrap 95%, identical recorded physical parameters",0,20,0,False
visuotactile_margin_native_seed2_rl,visuotactile_seed2_bc,primary,44,all,final_native_success,20,-0.4,-0.6,-0.2,"paired environment-seed bootstrap 95%, identical recorded physical parameters",0,12,8,True
visuotactile_margin_native_seed2_rl,visuotactile_seed2_bc,primary,44,all,force_budget_exceeded,20,-0.55,-0.75,-0.35,"paired environment-seed bootstrap 95%, identical recorded physical parameters",0,9,11,False
visuotactile_margin_native_seed2_rl,visuotactile_seed2_bc,primary,44,all,full_episode_peak_normal_N,20,-10.098490819334984,-13.393862400874495,-6.976122992187739,"paired environment-seed bootstrap 95%, identical recorded physical parameters",0,1,19,False
visuotactile_margin_native_seed2_rl,visuotactile_seed2_bc,primary,44,all,intervention_force_budget_exceeded,20,-0.4,-0.6,-0.2,"paired environment-seed bootstrap 95%, identical recorded physical parameters",0,12,8,False
visuotactile_margin_native_seed2_rl,visuotactile_seed2_bc,primary,44,all,intervention_peak_normal_N,20,-8.066364607214927,-11.040804971829058,-5.10595682166517,"paired environment-seed bootstrap 95%, identical recorded physical parameters",3,1,16,False
visuotactile_margin_native_seed2_rl,visuotactile_seed2_bc,primary,44,all,native_shaped_return,20,-15.90087249950815,-22.0449697552089,-8.613321819986599,"paired environment-seed bootstrap 95%, identical recorded physical parameters",2,0,18,True
visuotactile_margin_native_seed2_rl,visuotactile_seed2_bc,primary,44,all,setup_force_budget_exceeded,20,0.0,0.0,0.0,"paired environment-seed bootstrap 95%, identical recorded physical parameters",0,20,0,False
visuotactile_margin_native_seed2_rl,visuotactile_seed2_bc,primary,44,all,setup_peak_normal_N,20,0.0,0.0,0.0,"paired environment-seed bootstrap 95%, identical recorded physical parameters",0,20,0,False
visuotactile_margin_native_seed2_rl,visuotactile_seed2_bc,primary,44,all,sustained_10cm_lift_success,20,-0.05,-0.15,0.0,"paired environment-seed bootstrap 95%, identical recorded physical parameters",0,19,1,True
visuotactile_margin_native_seed2_rl,visuotactile_seed2_bc,primary,44,all,sustained_10cm_lift_within_force_budget,20,-0.05,-0.15,0.0,"paired environment-seed bootstrap 95%, identical recorded physical parameters",0,19,1,True
visuotactile_margin_native_seed2_rl,visuotactile_seed2_bc,primary,44,all,sustained_native_success,20,-0.1,-0.25,0.0,"paired environment-seed bootstrap 95%, identical recorded physical parameters",0,18,2,True
visuotactile_margin_native_seed2_rl,visuotactile_seed2_bc,primary,44,all,sustained_success_within_force_budget,20,-0.05,-0.15,0.0,"paired environment-seed bootstrap 95%, identical recorded physical parameters",0,19,1,True
visuotactile_margin_native_seed2_rl,visuotactile_seed2_bc,primary,44,id,any_native_success,10,-0.8,-1.0,-0.5,"paired environment-seed bootstrap 95%, identical recorded physical parameters",0,2,8,True
visuotactile_margin_native_seed2_rl,visuotactile_seed2_bc,primary,44,id,bilateral_contact_at_takeover,10,0.0,0.0,0.0,"paired environment-seed bootstrap 95%, identical recorded physical parameters",0,10,0,False
visuotactile_margin_native_seed2_rl,visuotactile_seed2_bc,primary,44,id,final_native_success,10,-0.8,-1.0,-0.5,"paired environment-seed bootstrap 95%, identical recorded physical parameters",0,2,8,True
visuotactile_margin_native_seed2_rl,visuotactile_seed2_bc,primary,44,id,force_budget_exceeded,10,-0.3,-0.6,0.0,"paired environment-seed bootstrap 95%, identical recorded physical parameters",0,7,3,False
visuotactile_margin_native_seed2_rl,visuotactile_seed2_bc,primary,44,id,full_episode_peak_normal_N,10,-9.146534937620164,-13.112115378379821,-5.401466537266971,"paired environment-seed bootstrap 95%, identical recorded physical parameters",0,1,9,False
visuotactile_margin_native_seed2_rl,visuotactile_seed2_bc,primary,44,id,intervention_force_budget_exceeded,10,-0.3,-0.6,0.0,"paired environment-seed bootstrap 95%, identical recorded physical parameters",0,7,3,False
visuotactile_margin_native_seed2_rl,visuotactile_seed2_bc,primary,44,id,intervention_peak_normal_N,10,-9.146534937620164,-13.121386227607728,-5.385348179042345,"paired environment-seed bootstrap 95%, identical recorded physical parameters",0,1,9,False
visuotactile_margin_native_seed2_rl,visuotactile_seed2_bc,primary,44,id,native_shaped_return,10,-16.904002088810326,-28.75379594867391,-2.7182109361227065,"paired environment-seed bootstrap 95%, identical recorded physical parameters",2,0,8,True
visuotactile_margin_native_seed2_rl,visuotactile_seed2_bc,primary,44,id,setup_force_budget_exceeded,10,0.0,0.0,0.0,"paired environment-seed bootstrap 95%, identical recorded physical parameters",0,10,0,False
visuotactile_margin_native_seed2_rl,visuotactile_seed2_bc,primary,44,id,setup_peak_normal_N,10,0.0,0.0,0.0,"paired environment-seed bootstrap 95%, identical recorded physical parameters",0,10,0,False
visuotactile_margin_native_seed2_rl,visuotactile_seed2_bc,primary,44,id,sustained_10cm_lift_success,10,-0.1,-0.3,0.0,"paired environment-seed bootstrap 95%, identical recorded physical parameters",0,9,1,True
visuotactile_margin_native_seed2_rl,visuotactile_seed2_bc,primary,44,id,sustained_10cm_lift_within_force_budget,10,-0.1,-0.3,0.0,"paired environment-seed bootstrap 95%, identical recorded physical parameters",0,9,1,True
visuotactile_margin_native_seed2_rl,visuotactile_seed2_bc,primary,44,id,sustained_native_success,10,-0.2,-0.5,0.0,"paired environment-seed bootstrap 95%, identical recorded physical parameters",0,8,2,True
visuotactile_margin_native_seed2_rl,visuotactile_seed2_bc,primary,44,id,sustained_success_within_force_budget,10,-0.1,-0.3,0.0,"paired environment-seed bootstrap 95%, identical recorded physical parameters",0,9,1,True
visuotactile_margin_native_seed2_rl,visuotactile_seed2_bc,primary,44,ood,any_native_success,10,0.0,0.0,0.0,"paired environment-seed bootstrap 95%, identical recorded physical parameters",0,10,0,True
visuotactile_margin_native_seed2_rl,visuotactile_seed2_bc,primary,44,ood,bilateral_contact_at_takeover,10,0.0,0.0,0.0,"paired environment-seed bootstrap 95%, identical recorded physical parameters",0,10,0,False
visuotactile_margin_native_seed2_rl,visuotactile_seed2_bc,primary,44,ood,final_native_success,10,0.0,0.0,0.0,"paired environment-seed bootstrap 95%, identical recorded physical parameters",0,10,0,True
visuotactile_margin_native_seed2_rl,visuotactile_seed2_bc,primary,44,ood,force_budget_exceeded,10,-0.8,-1.0,-0.5,"paired environment-seed bootstrap 95%, identical recorded physical parameters",0,2,8,False
visuotactile_margin_native_seed2_rl,visuotactile_seed2_bc,primary,44,ood,full_episode_peak_normal_N,10,-11.050446701049804,-16.046362738609314,-6.425493385791782,"paired environment-seed bootstrap 95%, identical recorded physical parameters",0,0,10,False
visuotactile_margin_native_seed2_rl,visuotactile_seed2_bc,primary,44,ood,intervention_force_budget_exceeded,10,-0.5,-0.8,-0.2,"paired environment-seed bootstrap 95%, identical recorded physical parameters",0,5,5,False
visuotactile_margin_native_seed2_rl,visuotactile_seed2_bc,primary,44,ood,intervention_peak_normal_N,10,-6.986194276809693,-11.770371952056886,-2.7573631989955905,"paired environment-seed bootstrap 95%, identical recorded physical parameters",3,0,7,False
visuotactile_margin_native_seed2_rl,visuotactile_seed2_bc,primary,44,ood,native_shaped_return,10,-14.897742910205977,-17.690155121915,-12.012123693682469,"paired environment-seed bootstrap 95%, identical recorded physical parameters",0,0,10,True
visuotactile_margin_native_seed2_rl,visuotactile_seed2_bc,primary,44,ood,setup_force_budget_exceeded,10,0.0,0.0,0.0,"paired environment-seed bootstrap 95%, identical recorded physical parameters",0,10,0,False
visuotactile_margin_native_seed2_rl,visuotactile_seed2_bc,primary,44,ood,setup_peak_normal_N,10,0.0,0.0,0.0,"paired environment-seed bootstrap 95%, identical recorded physical parameters",0,10,0,False
visuotactile_margin_native_seed2_rl,visuotactile_seed2_bc,primary,44,ood,sustained_10cm_lift_success,10,0.0,0.0,0.0,"paired environment-seed bootstrap 95%, identical recorded physical parameters",0,10,0,True
visuotactile_margin_native_seed2_rl,visuotactile_seed2_bc,primary,44,ood,sustained_10cm_lift_within_force_budget,10,0.0,0.0,0.0,"paired environment-seed bootstrap 95%, identical recorded physical parameters",0,10,0,True
visuotactile_margin_native_seed2_rl,visuotactile_seed2_bc,primary,44,ood,sustained_native_success,10,0.0,0.0,0.0,"paired environment-seed bootstrap 95%, identical recorded physical parameters",0,10,0,True
visuotactile_margin_native_seed2_rl,visuotactile_seed2_bc,primary,44,ood,sustained_success_within_force_budget,10,0.0,0.0,0.0,"paired environment-seed bootstrap 95%, identical recorded physical parameters",0,10,0,True
visuotactile_native_seed0_rl,force_feedback,primary,44,all,any_native_success,20,0.0,0.0,0.0,"paired environment-seed bootstrap 95%, identical recorded physical parameters",0,20,0,True
visuotactile_native_seed0_rl,force_feedback,primary,44,all,bilateral_contact_at_takeover,20,0.0,0.0,0.0,"paired environment-seed bootstrap 95%, identical recorded physical parameters",0,20,0,False
visuotactile_native_seed0_rl,force_feedback,primary,44,all,final_native_success,20,0.0,0.0,0.0,"paired environment-seed bootstrap 95%, identical recorded physical parameters",0,20,0,True
visuotactile_native_seed0_rl,force_feedback,primary,44,all,force_budget_exceeded,20,0.25,0.09875000000000007,0.45,"paired environment-seed bootstrap 95%, identical recorded physical parameters",5,15,0,False
visuotactile_native_seed0_rl,force_feedback,primary,44,all,full_episode_peak_normal_N,20,1.3897232055664062,0.284140185713768,2.6366113293170925,"paired environment-seed bootstrap 95%, identical recorded physical parameters",13,0,7,False
visuotactile_native_seed0_rl,force_feedback,primary,44,all,intervention_force_budget_exceeded,20,0.4,0.2,0.6,"paired environment-seed bootstrap 95%, identical recorded physical parameters",8,12,0,False
visuotactile_native_seed0_rl,force_feedback,primary,44,all,intervention_peak_normal_N,20,2.339984488487244,1.3048434519767762,3.514976020455359,"paired environment-seed bootstrap 95%, identical recorded physical parameters",15,0,5,False
visuotactile_native_seed0_rl,force_feedback,primary,44,all,native_shaped_return,20,11.626236395604991,9.834726545205312,13.450657430243426,"paired environment-seed bootstrap 95%, identical recorded physical parameters",20,0,0,True
visuotactile_native_seed0_rl,force_feedback,primary,44,all,setup_force_budget_exceeded,20,0.0,0.0,0.0,"paired environment-seed bootstrap 95%, identical recorded physical parameters",0,20,0,False
visuotactile_native_seed0_rl,force_feedback,primary,44,all,setup_peak_normal_N,20,0.0,0.0,0.0,"paired environment-seed bootstrap 95%, identical recorded physical parameters",0,20,0,False
visuotactile_native_seed0_rl,force_feedback,primary,44,all,sustained_10cm_lift_success,20,-0.4,-0.6,-0.2,"paired environment-seed bootstrap 95%, identical recorded physical parameters",0,12,8,True
visuotactile_native_seed0_rl,force_feedback,primary,44,all,sustained_10cm_lift_within_force_budget,20,-0.3,-0.5,-0.1,"paired environment-seed bootstrap 95%, identical recorded physical parameters",0,14,6,True
visuotactile_native_seed0_rl,force_feedback,primary,44,all,sustained_native_success,20,0.0,0.0,0.0,"paired environment-seed bootstrap 95%, identical recorded physical parameters",0,20,0,True
visuotactile_native_seed0_rl,force_feedback,primary,44,all,sustained_success_within_force_budget,20,-0.05,-0.15,0.0,"paired environment-seed bootstrap 95%, identical recorded physical parameters",0,19,1,True
visuotactile_native_seed0_rl,force_feedback,primary,44,id,any_native_success,10,0.0,0.0,0.0,"paired environment-seed bootstrap 95%, identical recorded physical parameters",0,10,0,True
visuotactile_native_seed0_rl,force_feedback,primary,44,id,bilateral_contact_at_takeover,10,0.0,0.0,0.0,"paired environment-seed bootstrap 95%, identical recorded physical parameters",0,10,0,False
visuotactile_native_seed0_rl,force_feedback,primary,44,id,final_native_success,10,0.0,0.0,0.0,"paired environment-seed bootstrap 95%, identical recorded physical parameters",0,10,0,True
visuotactile_native_seed0_rl,force_feedback,primary,44,id,force_budget_exceeded,10,0.1,0.0,0.3,"paired environment-seed bootstrap 95%, identical recorded physical parameters",1,9,0,False
visuotactile_native_seed0_rl,force_feedback,primary,44,id,full_episode_peak_normal_N,10,-0.07100067138671876,-1.0477738308906555,0.9081186652183518,"paired environment-seed bootstrap 95%, identical recorded physical parameters",5,0,5,False
visuotactile_native_seed0_rl,force_feedback,primary,44,id,intervention_force_budget_exceeded,10,0.4,0.1,0.7,"paired environment-seed bootstrap 95%, identical recorded physical parameters",4,6,0,False
visuotactile_native_seed0_rl,force_feedback,primary,44,id,intervention_peak_normal_N,10,1.9814711570739747,0.9161788737773895,3.035003980398178,"paired environment-seed bootstrap 95%, identical recorded physical parameters",8,0,2,False
visuotactile_native_seed0_rl,force_feedback,primary,44,id,native_shaped_return,10,13.718018743602608,12.04102294481074,14.925472989595619,"paired environment-seed bootstrap 95%, identical recorded physical parameters",10,0,0,True
visuotactile_native_seed0_rl,force_feedback,primary,44,id,setup_force_budget_exceeded,10,0.0,0.0,0.0,"paired environment-seed bootstrap 95%, identical recorded physical parameters",0,10,0,False
visuotactile_native_seed0_rl,force_feedback,primary,44,id,setup_peak_normal_N,10,0.0,0.0,0.0,"paired environment-seed bootstrap 95%, identical recorded physical parameters",0,10,0,False
visuotactile_native_seed0_rl,force_feedback,primary,44,id,sustained_10cm_lift_success,10,-0.8,-1.0,-0.6,"paired environment-seed bootstrap 95%, identical recorded physical parameters",0,2,8,True
visuotactile_native_seed0_rl,force_feedback,primary,44,id,sustained_10cm_lift_within_force_budget,10,-0.6,-0.9,-0.3,"paired environment-seed bootstrap 95%, identical recorded physical parameters",0,4,6,True
visuotactile_native_seed0_rl,force_feedback,primary,44,id,sustained_native_success,10,0.0,0.0,0.0,"paired environment-seed bootstrap 95%, identical recorded physical parameters",0,10,0,True
visuotactile_native_seed0_rl,force_feedback,primary,44,id,sustained_success_within_force_budget,10,-0.1,-0.3,0.0,"paired environment-seed bootstrap 95%, identical recorded physical parameters",0,9,1,True
visuotactile_native_seed0_rl,force_feedback,primary,44,ood,any_native_success,10,0.0,0.0,0.0,"paired environment-seed bootstrap 95%, identical recorded physical parameters",0,10,0,True
visuotactile_native_seed0_rl,force_feedback,primary,44,ood,bilateral_contact_at_takeover,10,0.0,0.0,0.0,"paired environment-seed bootstrap 95%, identical recorded physical parameters",0,10,0,False
visuotactile_native_seed0_rl,force_feedback,primary,44,ood,final_native_success,10,0.0,0.0,0.0,"paired environment-seed bootstrap 95%, identical recorded physical parameters",0,10,0,True
visuotactile_native_seed0_rl,force_feedback,primary,44,ood,force_budget_exceeded,10,0.4,0.1,0.7,"paired environment-seed bootstrap 95%, identical recorded physical parameters",4,6,0,False
visuotactile_native_seed0_rl,force_feedback,primary,44,ood,full_episode_peak_normal_N,10,2.850447082519531,1.1152597665786743,4.77391033053398,"paired environment-seed bootstrap 95%, identical recorded physical parameters",8,0,2,False
visuotactile_native_seed0_rl,force_feedback,primary,44,ood,intervention_force_budget_exceeded,10,0.4,0.1,0.7,"paired environment-seed bootstrap 95%, identical recorded physical parameters",4,6,0,False
visuotactile_native_seed0_rl,force_feedback,primary,44,ood,intervention_peak_normal_N,10,2.6984978199005125,0.8738452005386352,4.6643783307075495,"paired environment-seed bootstrap 95%, identical recorded physical parameters",7,0,3,False
visuotactile_native_seed0_rl,force_feedback,primary,44,ood,native_shaped_return,10,9.534454047607372,6.909032112011456,12.800691236265408,"paired environment-seed bootstrap 95%, identical recorded physical parameters",10,0,0,True
visuotactile_native_seed0_rl,force_feedback,primary,44,ood,setup_force_budget_exceeded,10,0.0,0.0,0.0,"paired environment-seed bootstrap 95%, identical recorded physical parameters",0,10,0,False
visuotactile_native_seed0_rl,force_feedback,primary,44,ood,setup_peak_normal_N,10,0.0,0.0,0.0,"paired environment-seed bootstrap 95%, identical recorded physical parameters",0,10,0,False
visuotactile_native_seed0_rl,force_feedback,primary,44,ood,sustained_10cm_lift_success,10,0.0,0.0,0.0,"paired environment-seed bootstrap 95%, identical recorded physical parameters",0,10,0,True
visuotactile_native_seed0_rl,force_feedback,primary,44,ood,sustained_10cm_lift_within_force_budget,10,0.0,0.0,0.0,"paired environment-seed bootstrap 95%, identical recorded physical parameters",0,10,0,True
visuotactile_native_seed0_rl,force_feedback,primary,44,ood,sustained_native_success,10,0.0,0.0,0.0,"paired environment-seed bootstrap 95%, identical recorded physical parameters",0,10,0,True
visuotactile_native_seed0_rl,force_feedback,primary,44,ood,sustained_success_within_force_budget,10,0.0,0.0,0.0,"paired environment-seed bootstrap 95%, identical recorded physical parameters",0,10,0,True
visuotactile_native_seed0_rl,script,primary,44,all,any_native_success,20,0.0,0.0,0.0,"paired environment-seed bootstrap 95%, identical recorded physical parameters",0,20,0,True
visuotactile_native_seed0_rl,script,primary,44,all,bilateral_contact_at_takeover,20,0.0,0.0,0.0,"paired environment-seed bootstrap 95%, identical recorded physical parameters",0,20,0,False
visuotactile_native_seed0_rl,script,primary,44,all,final_native_success,20,0.0,0.0,0.0,"paired environment-seed bootstrap 95%, identical recorded physical parameters",0,20,0,True
visuotactile_native_seed0_rl,script,primary,44,all,force_budget_exceeded,20,-0.2,-0.45,0.0,"paired environment-seed bootstrap 95%, identical recorded physical parameters",1,14,5,False
visuotactile_native_seed0_rl,script,primary,44,all,full_episode_peak_normal_N,20,-2.777833342552185,-4.974975012540817,-0.6476789200305958,"paired environment-seed bootstrap 95%, identical recorded physical parameters",4,0,16,False
visuotactile_native_seed0_rl,script,primary,44,all,intervention_force_budget_exceeded,20,-0.2,-0.45,0.05,"paired environment-seed bootstrap 95%, identical recorded physical parameters",1,14,5,False
visuotactile_native_seed0_rl,script,primary,44,all,intervention_peak_normal_N,20,-2.866335558891296,-4.9329559302330015,-0.8213542693853385,"paired environment-seed bootstrap 95%, identical recorded physical parameters",3,0,17,False
visuotactile_native_seed0_rl,script,primary,44,all,native_shaped_return,20,11.150807315226903,9.275679101939163,13.083046217756428,"paired environment-seed bootstrap 95%, identical recorded physical parameters",20,0,0,True
visuotactile_native_seed0_rl,script,primary,44,all,setup_force_budget_exceeded,20,0.0,0.0,0.0,"paired environment-seed bootstrap 95%, identical recorded physical parameters",0,20,0,False
visuotactile_native_seed0_rl,script,primary,44,all,setup_peak_normal_N,20,0.0,0.0,0.0,"paired environment-seed bootstrap 95%, identical recorded physical parameters",0,20,0,False
visuotactile_native_seed0_rl,script,primary,44,all,sustained_10cm_lift_success,20,-0.4,-0.6,-0.2,"paired environment-seed bootstrap 95%, identical recorded physical parameters",0,12,8,True
visuotactile_native_seed0_rl,script,primary,44,all,sustained_10cm_lift_within_force_budget,20,-0.05,-0.2,0.1,"paired environment-seed bootstrap 95%, identical recorded physical parameters",1,17,2,True
visuotactile_native_seed0_rl,script,primary,44,all,sustained_native_success,20,0.0,0.0,0.0,"paired environment-seed bootstrap 95%, identical recorded physical parameters",0,20,0,True
visuotactile_native_seed0_rl,script,primary,44,all,sustained_success_within_force_budget,20,0.2,0.05,0.4,"paired environment-seed bootstrap 95%, identical recorded physical parameters",4,16,0,True
visuotactile_native_seed0_rl,script,primary,44,id,any_native_success,10,0.0,0.0,0.0,"paired environment-seed bootstrap 95%, identical recorded physical parameters",0,10,0,True
visuotactile_native_seed0_rl,script,primary,44,id,bilateral_contact_at_takeover,10,0.0,0.0,0.0,"paired environment-seed bootstrap 95%, identical recorded physical parameters",0,10,0,False
visuotactile_native_seed0_rl,script,primary,44,id,final_native_success,10,0.0,0.0,0.0,"paired environment-seed bootstrap 95%, identical recorded physical parameters",0,10,0,True
visuotactile_native_seed0_rl,script,primary,44,id,force_budget_exceeded,10,-0.4,-0.7,-0.1,"paired environment-seed bootstrap 95%, identical recorded physical parameters",0,6,4,False
visuotactile_native_seed0_rl,script,primary,44,id,full_episode_peak_normal_N,10,-4.170461511611938,-6.9224354577064515,-1.8459840440750164,"paired environment-seed bootstrap 95%, identical recorded physical parameters",0,0,10,False
visuotactile_native_seed0_rl,script,primary,44,id,intervention_force_budget_exceeded,10,-0.4,-0.7,-0.1,"paired environment-seed bootstrap 95%, identical recorded physical parameters",0,6,4,False
visuotactile_native_seed0_rl,script,primary,44,id,intervention_peak_normal_N,10,-4.195516681671142,-7.021647621393203,-1.7396276044845582,"paired environment-seed bootstrap 95%, identical recorded physical parameters",0,0,10,False
visuotactile_native_seed0_rl,script,primary,44,id,native_shaped_return,10,13.1140523756734,11.552441085561748,14.196254587775497,"paired environment-seed bootstrap 95%, identical recorded physical parameters",10,0,0,True
visuotactile_native_seed0_rl,script,primary,44,id,setup_force_budget_exceeded,10,0.0,0.0,0.0,"paired environment-seed bootstrap 95%, identical recorded physical parameters",0,10,0,False
visuotactile_native_seed0_rl,script,primary,44,id,setup_peak_normal_N,10,0.0,0.0,0.0,"paired environment-seed bootstrap 95%, identical recorded physical parameters",0,10,0,False
visuotactile_native_seed0_rl,script,primary,44,id,sustained_10cm_lift_success,10,-0.8,-1.0,-0.5,"paired environment-seed bootstrap 95%, identical recorded physical parameters",0,2,8,True
visuotactile_native_seed0_rl,script,primary,44,id,sustained_10cm_lift_within_force_budget,10,-0.1,-0.4,0.2,"paired environment-seed bootstrap 95%, identical recorded physical parameters",1,7,2,True
visuotactile_native_seed0_rl,script,primary,44,id,sustained_native_success,10,0.0,0.0,0.0,"paired environment-seed bootstrap 95%, identical recorded physical parameters",0,10,0,True
visuotactile_native_seed0_rl,script,primary,44,id,sustained_success_within_force_budget,10,0.4,0.1,0.7,"paired environment-seed bootstrap 95%, identical recorded physical parameters",4,6,0,True
visuotactile_native_seed0_rl,script,primary,44,ood,any_native_success,10,0.0,0.0,0.0,"paired environment-seed bootstrap 95%, identical recorded physical parameters",0,10,0,True
visuotactile_native_seed0_rl,script,primary,44,ood,bilateral_contact_at_takeover,10,0.0,0.0,0.0,"paired environment-seed bootstrap 95%, identical recorded physical parameters",0,10,0,False
visuotactile_native_seed0_rl,script,primary,44,ood,final_native_success,10,0.0,0.0,0.0,"paired environment-seed bootstrap 95%, identical recorded physical parameters",0,10,0,True
visuotactile_native_seed0_rl,script,primary,44,ood,force_budget_exceeded,10,0.0,-0.3,0.3,"paired environment-seed bootstrap 95%, identical recorded physical parameters",1,8,1,False
visuotactile_native_seed0_rl,script,primary,44,ood,full_episode_peak_normal_N,10,-1.3852051734924316,-4.5425423085689545,2.006265195608137,"paired environment-seed bootstrap 95%, identical recorded physical parameters",4,0,6,False
visuotactile_native_seed0_rl,script,primary,44,ood,intervention_force_budget_exceeded,10,0.0,-0.3,0.3,"paired environment-seed bootstrap 95%, identical recorded physical parameters",1,8,1,False
visuotactile_native_seed0_rl,script,primary,44,ood,intervention_peak_normal_N,10,-1.5371544361114502,-4.83283344745636,1.672468521595,"paired environment-seed bootstrap 95%, identical recorded physical parameters",3,0,7,False
visuotactile_native_seed0_rl,script,primary,44,ood,native_shaped_return,10,9.187562254780403,6.24248771878122,12.550159971916411,"paired environment-seed bootstrap 95%, identical recorded physical parameters",10,0,0,True
visuotactile_native_seed0_rl,script,primary,44,ood,setup_force_budget_exceeded,10,0.0,0.0,0.0,"paired environment-seed bootstrap 95%, identical recorded physical parameters",0,10,0,False
visuotactile_native_seed0_rl,script,primary,44,ood,setup_peak_normal_N,10,0.0,0.0,0.0,"paired environment-seed bootstrap 95%, identical recorded physical parameters",0,10,0,False
visuotactile_native_seed0_rl,script,primary,44,ood,sustained_10cm_lift_success,10,0.0,0.0,0.0,"paired environment-seed bootstrap 95%, identical recorded physical parameters",0,10,0,True
visuotactile_native_seed0_rl,script,primary,44,ood,sustained_10cm_lift_within_force_budget,10,0.0,0.0,0.0,"paired environment-seed bootstrap 95%, identical recorded physical parameters",0,10,0,True
visuotactile_native_seed0_rl,script,primary,44,ood,sustained_native_success,10,0.0,0.0,0.0,"paired environment-seed bootstrap 95%, identical recorded physical parameters",0,10,0,True
visuotactile_native_seed0_rl,script,primary,44,ood,sustained_success_within_force_budget,10,0.0,0.0,0.0,"paired environment-seed bootstrap 95%, identical recorded physical parameters",0,10,0,True
visuotactile_native_seed0_rl,visuotactile_seed0_bc,primary,44,all,any_native_success,20,0.1,0.0,0.25,"paired environment-seed bootstrap 95%, identical recorded physical parameters",2,18,0,True
visuotactile_native_seed0_rl,visuotactile_seed0_bc,primary,44,all,bilateral_contact_at_takeover,20,0.0,0.0,0.0,"paired environment-seed bootstrap 95%, identical recorded physical parameters",0,20,0,False
visuotactile_native_seed0_rl,visuotactile_seed0_bc,primary,44,all,final_native_success,20,0.1,0.0,0.25,"paired environment-seed bootstrap 95%, identical recorded physical parameters",2,18,0,True
visuotactile_native_seed0_rl,visuotactile_seed0_bc,primary,44,all,force_budget_exceeded,20,0.05,-0.1,0.2,"paired environment-seed bootstrap 95%, identical recorded physical parameters",2,17,1,False
visuotactile_native_seed0_rl,visuotactile_seed0_bc,primary,44,all,full_episode_peak_normal_N,20,-1.9953859210014344,-4.241122626960277,0.15964797914028145,"paired environment-seed bootstrap 95%, identical recorded physical parameters",5,0,15,False
visuotactile_native_seed0_rl,visuotactile_seed0_bc,primary,44,all,intervention_force_budget_exceeded,20,0.1,0.0,0.25,"paired environment-seed bootstrap 95%, identical recorded physical parameters",2,18,0,False
visuotactile_native_seed0_rl,visuotactile_seed0_bc,primary,44,all,intervention_peak_normal_N,20,-1.0761319994926453,-3.27697949051857,0.9366841575503321,"paired environment-seed bootstrap 95%, identical recorded physical parameters",7,0,13,False
visuotactile_native_seed0_rl,visuotactile_seed0_bc,primary,44,all,native_shaped_return,20,20.89785624482164,8.584846727063256,33.50080847070457,"paired environment-seed bootstrap 95%, identical recorded physical parameters",15,0,5,True
visuotactile_native_seed0_rl,visuotactile_seed0_bc,primary,44,all,setup_force_budget_exceeded,20,0.0,0.0,0.0,"paired environment-seed bootstrap 95%, identical recorded physical parameters",0,20,0,False
visuotactile_native_seed0_rl,visuotactile_seed0_bc,primary,44,all,setup_peak_normal_N,20,0.0,0.0,0.0,"paired environment-seed bootstrap 95%, identical recorded physical parameters",0,20,0,False
visuotactile_native_seed0_rl,visuotactile_seed0_bc,primary,44,all,sustained_10cm_lift_success,20,0.05,0.0,0.15,"paired environment-seed bootstrap 95%, identical recorded physical parameters",1,19,0,True
visuotactile_native_seed0_rl,visuotactile_seed0_bc,primary,44,all,sustained_10cm_lift_within_force_budget,20,0.0,0.0,0.0,"paired environment-seed bootstrap 95%, identical recorded physical parameters",0,20,0,True
visuotactile_native_seed0_rl,visuotactile_seed0_bc,primary,44,all,sustained_native_success,20,0.4,0.2,0.6,"paired environment-seed bootstrap 95%, identical recorded physical parameters",8,12,0,True
visuotactile_native_seed0_rl,visuotactile_seed0_bc,primary,44,all,sustained_success_within_force_budget,20,0.25,0.1,0.45,"paired environment-seed bootstrap 95%, identical recorded physical parameters",5,15,0,True
visuotactile_native_seed0_rl,visuotactile_seed0_bc,primary,44,id,any_native_success,10,0.2,0.0,0.5,"paired environment-seed bootstrap 95%, identical recorded physical parameters",2,8,0,True
visuotactile_native_seed0_rl,visuotactile_seed0_bc,primary,44,id,bilateral_contact_at_takeover,10,0.0,0.0,0.0,"paired environment-seed bootstrap 95%, identical recorded physical parameters",0,10,0,False
visuotactile_native_seed0_rl,visuotactile_seed0_bc,primary,44,id,final_native_success,10,0.2,0.0,0.5,"paired environment-seed bootstrap 95%, identical recorded physical parameters",2,8,0,True
visuotactile_native_seed0_rl,visuotactile_seed0_bc,primary,44,id,force_budget_exceeded,10,0.1,0.0,0.3,"paired environment-seed bootstrap 95%, identical recorded physical parameters",1,9,0,False
visuotactile_native_seed0_rl,visuotactile_seed0_bc,primary,44,id,full_episode_peak_normal_N,10,-1.5292165279388428,-5.236300060153008,1.7311274945735922,"paired environment-seed bootstrap 95%, identical recorded physical parameters",2,0,8,False
visuotactile_native_seed0_rl,visuotactile_seed0_bc,primary,44,id,intervention_force_budget_exceeded,10,0.1,0.0,0.3,"paired environment-seed bootstrap 95%, identical recorded physical parameters",1,9,0,False
visuotactile_native_seed0_rl,visuotactile_seed0_bc,primary,44,id,intervention_peak_normal_N,10,-1.554868793487549,-5.170554443597794,1.8001722657680488,"paired environment-seed bootstrap 95%, identical recorded physical parameters",2,0,8,False
visuotactile_native_seed0_rl,visuotactile_seed0_bc,primary,44,id,native_shaped_return,10,42.06614210783462,30.440917218561435,55.186303333333704,"paired environment-seed bootstrap 95%, identical recorded physical parameters",10,0,0,True
visuotactile_native_seed0_rl,visuotactile_seed0_bc,primary,44,id,setup_force_budget_exceeded,10,0.0,0.0,0.0,"paired environment-seed bootstrap 95%, identical recorded physical parameters",0,10,0,False
visuotactile_native_seed0_rl,visuotactile_seed0_bc,primary,44,id,setup_peak_normal_N,10,0.0,0.0,0.0,"paired environment-seed bootstrap 95%, identical recorded physical parameters",0,10,0,False
visuotactile_native_seed0_rl,visuotactile_seed0_bc,primary,44,id,sustained_10cm_lift_success,10,0.1,0.0,0.3,"paired environment-seed bootstrap 95%, identical recorded physical parameters",1,9,0,True
visuotactile_native_seed0_rl,visuotactile_seed0_bc,primary,44,id,sustained_10cm_lift_within_force_budget,10,0.0,0.0,0.0,"paired environment-seed bootstrap 95%, identical recorded physical parameters",0,10,0,True
visuotactile_native_seed0_rl,visuotactile_seed0_bc,primary,44,id,sustained_native_success,10,0.8,0.6,1.0,"paired environment-seed bootstrap 95%, identical recorded physical parameters",8,2,0,True
visuotactile_native_seed0_rl,visuotactile_seed0_bc,primary,44,id,sustained_success_within_force_budget,10,0.5,0.2,0.8,"paired environment-seed bootstrap 95%, identical recorded physical parameters",5,5,0,True
visuotactile_native_seed0_rl,visuotactile_seed0_bc,primary,44,ood,any_native_success,10,0.0,0.0,0.0,"paired environment-seed bootstrap 95%, identical recorded physical parameters",0,10,0,True
visuotactile_native_seed0_rl,visuotactile_seed0_bc,primary,44,ood,bilateral_contact_at_takeover,10,0.0,0.0,0.0,"paired environment-seed bootstrap 95%, identical recorded physical parameters",0,10,0,False
visuotactile_native_seed0_rl,visuotactile_seed0_bc,primary,44,ood,final_native_success,10,0.0,0.0,0.0,"paired environment-seed bootstrap 95%, identical recorded physical parameters",0,10,0,True
visuotactile_native_seed0_rl,visuotactile_seed0_bc,primary,44,ood,force_budget_exceeded,10,0.0,-0.3,0.3,"paired environment-seed bootstrap 95%, identical recorded physical parameters",1,8,1,False
visuotactile_native_seed0_rl,visuotactile_seed0_bc,primary,44,ood,full_episode_peak_normal_N,10,-2.461555314064026,-5.21035031080246,0.21210169613361285,"paired environment-seed bootstrap 95%, identical recorded physical parameters",3,0,7,False
visuotactile_native_seed0_rl,visuotactile_seed0_bc,primary,44,ood,intervention_force_budget_exceeded,10,0.1,0.0,0.3,"paired environment-seed bootstrap 95%, identical recorded physical parameters",1,9,0,False
visuotactile_native_seed0_rl,visuotactile_seed0_bc,primary,44,ood,intervention_peak_normal_N,10,-0.5973952054977417,-2.8499481856822966,1.5114417278766616,"paired environment-seed bootstrap 95%, identical recorded physical parameters",5,0,5,False
visuotactile_native_seed0_rl,visuotactile_seed0_bc,primary,44,ood,native_shaped_return,10,-0.27042961819134276,-11.218231158951545,10.277265522619597,"paired environment-seed bootstrap 95%, identical recorded physical parameters",5,0,5,True
visuotactile_native_seed0_rl,visuotactile_seed0_bc,primary,44,ood,setup_force_budget_exceeded,10,0.0,0.0,0.0,"paired environment-seed bootstrap 95%, identical recorded physical parameters",0,10,0,False
visuotactile_native_seed0_rl,visuotactile_seed0_bc,primary,44,ood,setup_peak_normal_N,10,0.0,0.0,0.0,"paired environment-seed bootstrap 95%, identical recorded physical parameters",0,10,0,False
visuotactile_native_seed0_rl,visuotactile_seed0_bc,primary,44,ood,sustained_10cm_lift_success,10,0.0,0.0,0.0,"paired environment-seed bootstrap 95%, identical recorded physical parameters",0,10,0,True
visuotactile_native_seed0_rl,visuotactile_seed0_bc,primary,44,ood,sustained_10cm_lift_within_force_budget,10,0.0,0.0,0.0,"paired environment-seed bootstrap 95%, identical recorded physical parameters",0,10,0,True
visuotactile_native_seed0_rl,visuotactile_seed0_bc,primary,44,ood,sustained_native_success,10,0.0,0.0,0.0,"paired environment-seed bootstrap 95%, identical recorded physical parameters",0,10,0,True
visuotactile_native_seed0_rl,visuotactile_seed0_bc,primary,44,ood,sustained_success_within_force_budget,10,0.0,0.0,0.0,"paired environment-seed bootstrap 95%, identical recorded physical parameters",0,10,0,True
visuotactile_native_seed1_rl,force_feedback,primary,44,all,any_native_success,20,0.0,0.0,0.0,"paired environment-seed bootstrap 95%, identical recorded physical parameters",0,20,0,True
visuotactile_native_seed1_rl,force_feedback,primary,44,all,bilateral_contact_at_takeover,20,0.0,0.0,0.0,"paired environment-seed bootstrap 95%, identical recorded physical parameters",0,20,0,False
visuotactile_native_seed1_rl,force_feedback,primary,44,all,final_native_success,20,-0.1,-0.25,0.0,"paired environment-seed bootstrap 95%, identical recorded physical parameters",0,18,2,True
visuotactile_native_seed1_rl,force_feedback,primary,44,all,force_budget_exceeded,20,0.4,0.2,0.6,"paired environment-seed bootstrap 95%, identical recorded physical parameters",8,12,0,False
visuotactile_native_seed1_rl,force_feedback,primary,44,all,full_episode_peak_normal_N,20,2.1549240589141845,1.4085421693325042,2.9640393179655073,"paired environment-seed bootstrap 95%, identical recorded physical parameters",18,0,2,False
visuotactile_native_seed1_rl,force_feedback,primary,44,all,intervention_force_budget_exceeded,20,0.55,0.35,0.75,"paired environment-seed bootstrap 95%, identical recorded physical parameters",11,9,0,False
visuotactile_native_seed1_rl,force_feedback,primary,44,all,intervention_peak_normal_N,20,2.6045440673828124,1.74980204641819,3.4454541653394695,"paired environment-seed bootstrap 95%, identical recorded physical parameters",18,0,2,False
visuotactile_native_seed1_rl,force_feedback,primary,44,all,native_shaped_return,20,4.815445462908059,-5.364884137329527,12.38984885189102,"paired environment-seed bootstrap 95%, identical recorded physical parameters",18,0,2,True
visuotactile_native_seed1_rl,force_feedback,primary,44,all,setup_force_budget_exceeded,20,0.0,0.0,0.0,"paired environment-seed bootstrap 95%, identical recorded physical parameters",0,20,0,False
visuotactile_native_seed1_rl,force_feedback,primary,44,all,setup_peak_normal_N,20,0.0,0.0,0.0,"paired environment-seed bootstrap 95%, identical recorded physical parameters",0,20,0,False
visuotactile_native_seed1_rl,force_feedback,primary,44,all,sustained_10cm_lift_success,20,-0.3,-0.5,-0.1,"paired environment-seed bootstrap 95%, identical recorded physical parameters",0,14,6,True
visuotactile_native_seed1_rl,force_feedback,primary,44,all,sustained_10cm_lift_within_force_budget,20,-0.25,-0.45,-0.1,"paired environment-seed bootstrap 95%, identical recorded physical parameters",0,15,5,True
visuotactile_native_seed1_rl,force_feedback,primary,44,all,sustained_native_success,20,-0.05,-0.15,0.0,"paired environment-seed bootstrap 95%, identical recorded physical parameters",0,19,1,True
visuotactile_native_seed1_rl,force_feedback,primary,44,all,sustained_success_within_force_budget,20,-0.15,-0.3,0.0,"paired environment-seed bootstrap 95%, identical recorded physical parameters",0,17,3,True
visuotactile_native_seed1_rl,force_feedback,primary,44,id,any_native_success,10,0.0,0.0,0.0,"paired environment-seed bootstrap 95%, identical recorded physical parameters",0,10,0,True
visuotactile_native_seed1_rl,force_feedback,primary,44,id,bilateral_contact_at_takeover,10,0.0,0.0,0.0,"paired environment-seed bootstrap 95%, identical recorded physical parameters",0,10,0,False
visuotactile_native_seed1_rl,force_feedback,primary,44,id,final_native_success,10,-0.2,-0.5,0.0,"paired environment-seed bootstrap 95%, identical recorded physical parameters",0,8,2,True
visuotactile_native_seed1_rl,force_feedback,primary,44,id,force_budget_exceeded,10,0.3,0.0,0.6,"paired environment-seed bootstrap 95%, identical recorded physical parameters",3,7,0,False
visuotactile_native_seed1_rl,force_feedback,primary,44,id,full_episode_peak_normal_N,10,1.84715895652771,0.5966538405418396,3.0329266393184655,"paired environment-seed bootstrap 95%, identical recorded physical parameters",8,0,2,False
visuotactile_native_seed1_rl,force_feedback,primary,44,id,intervention_force_budget_exceeded,10,0.6,0.3,0.9,"paired environment-seed bootstrap 95%, identical recorded physical parameters",6,4,0,False
visuotactile_native_seed1_rl,force_feedback,primary,44,id,intervention_peak_normal_N,10,3.015466403961182,1.7860062789916993,4.314360731840133,"paired environment-seed bootstrap 95%, identical recorded physical parameters",9,0,1,False
visuotactile_native_seed1_rl,force_feedback,primary,44,id,native_shaped_return,10,0.7069849583784411,-19.014449002302076,14.78761433891845,"paired environment-seed bootstrap 95%, identical recorded physical parameters",8,0,2,True
visuotactile_native_seed1_rl,force_feedback,primary,44,id,setup_force_budget_exceeded,10,0.0,0.0,0.0,"paired environment-seed bootstrap 95%, identical recorded physical parameters",0,10,0,False
visuotactile_native_seed1_rl,force_feedback,primary,44,id,setup_peak_normal_N,10,0.0,0.0,0.0,"paired environment-seed bootstrap 95%, identical recorded physical parameters",0,10,0,False
visuotactile_native_seed1_rl,force_feedback,primary,44,id,sustained_10cm_lift_success,10,-0.6,-0.9,-0.3,"paired environment-seed bootstrap 95%, identical recorded physical parameters",0,4,6,True
visuotactile_native_seed1_rl,force_feedback,primary,44,id,sustained_10cm_lift_within_force_budget,10,-0.5,-0.8,-0.2,"paired environment-seed bootstrap 95%, identical recorded physical parameters",0,5,5,True
visuotactile_native_seed1_rl,force_feedback,primary,44,id,sustained_native_success,10,-0.1,-0.3,0.0,"paired environment-seed bootstrap 95%, identical recorded physical parameters",0,9,1,True
visuotactile_native_seed1_rl,force_feedback,primary,44,id,sustained_success_within_force_budget,10,-0.3,-0.6,0.0,"paired environment-seed bootstrap 95%, identical recorded physical parameters",0,7,3,True
visuotactile_native_seed1_rl,force_feedback,primary,44,ood,any_native_success,10,0.0,0.0,0.0,"paired environment-seed bootstrap 95%, identical recorded physical parameters",0,10,0,True
visuotactile_native_seed1_rl,force_feedback,primary,44,ood,bilateral_contact_at_takeover,10,0.0,0.0,0.0,"paired environment-seed bootstrap 95%, identical recorded physical parameters",0,10,0,False
visuotactile_native_seed1_rl,force_feedback,primary,44,ood,final_native_success,10,0.0,0.0,0.0,"paired environment-seed bootstrap 95%, identical recorded physical parameters",0,10,0,True
visuotactile_native_seed1_rl,force_feedback,primary,44,ood,force_budget_exceeded,10,0.5,0.2,0.8,"paired environment-seed bootstrap 95%, identical recorded physical parameters",5,5,0,False
visuotactile_native_seed1_rl,force_feedback,primary,44,ood,full_episode_peak_normal_N,10,2.462689161300659,1.585778397321701,3.493428220748901,"paired environment-seed bootstrap 95%, identical recorded physical parameters",10,0,0,False
visuotactile_native_seed1_rl,force_feedback,primary,44,ood,intervention_force_budget_exceeded,10,0.5,0.2,0.8,"paired environment-seed bootstrap 95%, identical recorded physical parameters",5,5,0,False
visuotactile_native_seed1_rl,force_feedback,primary,44,ood,intervention_peak_normal_N,10,2.1936217308044434,1.0738376116752626,3.337012581825256,"paired environment-seed bootstrap 95%, identical recorded physical parameters",9,0,1,False
visuotactile_native_seed1_rl,force_feedback,primary,44,ood,native_shaped_return,10,8.92390596743768,5.855366275076385,13.131166129195483,"paired environment-seed bootstrap 95%, identical recorded physical parameters",10,0,0,True
visuotactile_native_seed1_rl,force_feedback,primary,44,ood,setup_force_budget_exceeded,10,0.0,0.0,0.0,"paired environment-seed bootstrap 95%, identical recorded physical parameters",0,10,0,False
visuotactile_native_seed1_rl,force_feedback,primary,44,ood,setup_peak_normal_N,10,0.0,0.0,0.0,"paired environment-seed bootstrap 95%, identical recorded physical parameters",0,10,0,False
visuotactile_native_seed1_rl,force_feedback,primary,44,ood,sustained_10cm_lift_success,10,0.0,0.0,0.0,"paired environment-seed bootstrap 95%, identical recorded physical parameters",0,10,0,True
visuotactile_native_seed1_rl,force_feedback,primary,44,ood,sustained_10cm_lift_within_force_budget,10,0.0,0.0,0.0,"paired environment-seed bootstrap 95%, identical recorded physical parameters",0,10,0,True
visuotactile_native_seed1_rl,force_feedback,primary,44,ood,sustained_native_success,10,0.0,0.0,0.0,"paired environment-seed bootstrap 95%, identical recorded physical parameters",0,10,0,True
visuotactile_native_seed1_rl,force_feedback,primary,44,ood,sustained_success_within_force_budget,10,0.0,0.0,0.0,"paired environment-seed bootstrap 95%, identical recorded physical parameters",0,10,0,True
visuotactile_native_seed1_rl,script,primary,44,all,any_native_success,20,0.0,0.0,0.0,"paired environment-seed bootstrap 95%, identical recorded physical parameters",0,20,0,True
visuotactile_native_seed1_rl,script,primary,44,all,bilateral_contact_at_takeover,20,0.0,0.0,0.0,"paired environment-seed bootstrap 95%, identical recorded physical parameters",0,20,0,False
visuotactile_native_seed1_rl,script,primary,44,all,final_native_success,20,-0.1,-0.25,0.0,"paired environment-seed bootstrap 95%, identical recorded physical parameters",0,18,2,True
visuotactile_native_seed1_rl,script,primary,44,all,force_budget_exceeded,20,-0.05,-0.2,0.1,"paired environment-seed bootstrap 95%, identical recorded physical parameters",1,17,2,False
visuotactile_native_seed1_rl,script,primary,44,all,full_episode_peak_normal_N,20,-2.0126324892044067,-4.173668590188027,0.10083169877529062,"paired environment-seed bootstrap 95%, identical recorded physical parameters",7,0,13,False
visuotactile_native_seed1_rl,script,primary,44,all,intervention_force_budget_exceeded,20,-0.05,-0.2,0.1,"paired environment-seed bootstrap 95%, identical recorded physical parameters",1,17,2,False
visuotactile_native_seed1_rl,script,primary,44,all,intervention_peak_normal_N,20,-2.6017759799957276,-4.898751661777497,-0.33562304198742,"paired environment-seed bootstrap 95%, identical recorded physical parameters",6,0,14,False
visuotactile_native_seed1_rl,script,primary,44,all,native_shaped_return,20,4.340016382529972,-5.690420526500074,11.918834382602544,"paired environment-seed bootstrap 95%, identical recorded physical parameters",18,0,2,True
visuotactile_native_seed1_rl,script,primary,44,all,setup_force_budget_exceeded,20,0.0,0.0,0.0,"paired environment-seed bootstrap 95%, identical recorded physical parameters",0,20,0,False
visuotactile_native_seed1_rl,script,primary,44,all,setup_peak_normal_N,20,0.0,0.0,0.0,"paired environment-seed bootstrap 95%, identical recorded physical parameters",0,20,0,False
visuotactile_native_seed1_rl,script,primary,44,all,sustained_10cm_lift_success,20,-0.3,-0.5,-0.1,"paired environment-seed bootstrap 95%, identical recorded physical parameters",0,14,6,True
visuotactile_native_seed1_rl,script,primary,44,all,sustained_10cm_lift_within_force_budget,20,0.0,-0.2,0.2,"paired environment-seed bootstrap 95%, identical recorded physical parameters",2,16,2,True
visuotactile_native_seed1_rl,script,primary,44,all,sustained_native_success,20,-0.05,-0.15,0.0,"paired environment-seed bootstrap 95%, identical recorded physical parameters",0,19,1,True
visuotactile_native_seed1_rl,script,primary,44,all,sustained_success_within_force_budget,20,0.1,0.0,0.25,"paired environment-seed bootstrap 95%, identical recorded physical parameters",2,18,0,True
visuotactile_native_seed1_rl,script,primary,44,id,any_native_success,10,0.0,0.0,0.0,"paired environment-seed bootstrap 95%, identical recorded physical parameters",0,10,0,True
visuotactile_native_seed1_rl,script,primary,44,id,bilateral_contact_at_takeover,10,0.0,0.0,0.0,"paired environment-seed bootstrap 95%, identical recorded physical parameters",0,10,0,False
visuotactile_native_seed1_rl,script,primary,44,id,final_native_success,10,-0.2,-0.5,0.0,"paired environment-seed bootstrap 95%, identical recorded physical parameters",0,8,2,True
visuotactile_native_seed1_rl,script,primary,44,id,force_budget_exceeded,10,-0.2,-0.5,0.0,"paired environment-seed bootstrap 95%, identical recorded physical parameters",0,8,2,False
visuotactile_native_seed1_rl,script,primary,44,id,full_episode_peak_normal_N,10,-2.25230188369751,-3.52718731880188,-1.003559823036194,"paired environment-seed bootstrap 95%, identical recorded physical parameters",1,0,9,False
visuotactile_native_seed1_rl,script,primary,44,id,intervention_force_budget_exceeded,10,-0.2,-0.5,0.0,"paired environment-seed bootstrap 95%, identical recorded physical parameters",0,8,2,False
visuotactile_native_seed1_rl,script,primary,44,id,intervention_peak_normal_N,10,-3.1615214347839355,-5.252916660308838,-1.216757833957673,"paired environment-seed bootstrap 95%, identical recorded physical parameters",1,0,9,False
visuotactile_native_seed1_rl,script,primary,44,id,native_shaped_return,10,0.10301859044923489,-20.050881454972565,14.105161879575437,"paired environment-seed bootstrap 95%, identical recorded physical parameters",8,0,2,True
visuotactile_native_seed1_rl,script,primary,44,id,setup_force_budget_exceeded,10,0.0,0.0,0.0,"paired environment-seed bootstrap 95%, identical recorded physical parameters",0,10,0,False
visuotactile_native_seed1_rl,script,primary,44,id,setup_peak_normal_N,10,0.0,0.0,0.0,"paired environment-seed bootstrap 95%, identical recorded physical parameters",0,10,0,False
visuotactile_native_seed1_rl,script,primary,44,id,sustained_10cm_lift_success,10,-0.6,-0.9,-0.3,"paired environment-seed bootstrap 95%, identical recorded physical parameters",0,4,6,True
visuotactile_native_seed1_rl,script,primary,44,id,sustained_10cm_lift_within_force_budget,10,0.0,-0.4,0.4,"paired environment-seed bootstrap 95%, identical recorded physical parameters",2,6,2,True
visuotactile_native_seed1_rl,script,primary,44,id,sustained_native_success,10,-0.1,-0.3,0.0,"paired environment-seed bootstrap 95%, identical recorded physical parameters",0,9,1,True
visuotactile_native_seed1_rl,script,primary,44,id,sustained_success_within_force_budget,10,0.2,0.0,0.5,"paired environment-seed bootstrap 95%, identical recorded physical parameters",2,8,0,True
visuotactile_native_seed1_rl,script,primary,44,ood,any_native_success,10,0.0,0.0,0.0,"paired environment-seed bootstrap 95%, identical recorded physical parameters",0,10,0,True
visuotactile_native_seed1_rl,script,primary,44,ood,bilateral_contact_at_takeover,10,0.0,0.0,0.0,"paired environment-seed bootstrap 95%, identical recorded physical parameters",0,10,0,False
visuotactile_native_seed1_rl,script,primary,44,ood,final_native_success,10,0.0,0.0,0.0,"paired environment-seed bootstrap 95%, identical recorded physical parameters",0,10,0,True
visuotactile_native_seed1_rl,script,primary,44,ood,force_budget_exceeded,10,0.1,0.0,0.3,"paired environment-seed bootstrap 95%, identical recorded physical parameters",1,9,0,False
visuotactile_native_seed1_rl,script,primary,44,ood,full_episode_peak_normal_N,10,-1.7729630947113038,-5.964080214500427,2.424969338178632,"paired environment-seed bootstrap 95%, identical recorded physical parameters",6,0,4,False
visuotactile_native_seed1_rl,script,primary,44,ood,intervention_force_budget_exceeded,10,0.1,0.0,0.3,"paired environment-seed bootstrap 95%, identical recorded physical parameters",1,9,0,False
visuotactile_native_seed1_rl,script,primary,44,ood,intervention_peak_normal_N,10,-2.0420305252075197,-6.335054556131364,1.7843243122100785,"paired environment-seed bootstrap 95%, identical recorded physical parameters",5,0,5,False
visuotactile_native_seed1_rl,script,primary,44,ood,native_shaped_return,10,8.57701417461071,5.326396633658492,13.244566836412863,"paired environment-seed bootstrap 95%, identical recorded physical parameters",10,0,0,True
visuotactile_native_seed1_rl,script,primary,44,ood,setup_force_budget_exceeded,10,0.0,0.0,0.0,"paired environment-seed bootstrap 95%, identical recorded physical parameters",0,10,0,False
visuotactile_native_seed1_rl,script,primary,44,ood,setup_peak_normal_N,10,0.0,0.0,0.0,"paired environment-seed bootstrap 95%, identical recorded physical parameters",0,10,0,False
visuotactile_native_seed1_rl,script,primary,44,ood,sustained_10cm_lift_success,10,0.0,0.0,0.0,"paired environment-seed bootstrap 95%, identical recorded physical parameters",0,10,0,True
visuotactile_native_seed1_rl,script,primary,44,ood,sustained_10cm_lift_within_force_budget,10,0.0,0.0,0.0,"paired environment-seed bootstrap 95%, identical recorded physical parameters",0,10,0,True
visuotactile_native_seed1_rl,script,primary,44,ood,sustained_native_success,10,0.0,0.0,0.0,"paired environment-seed bootstrap 95%, identical recorded physical parameters",0,10,0,True
visuotactile_native_seed1_rl,script,primary,44,ood,sustained_success_within_force_budget,10,0.0,0.0,0.0,"paired environment-seed bootstrap 95%, identical recorded physical parameters",0,10,0,True
visuotactile_native_seed1_rl,visuotactile_seed1_bc,primary,44,all,any_native_success,20,0.1,0.0,0.25,"paired environment-seed bootstrap 95%, identical recorded physical parameters",2,18,0,True
visuotactile_native_seed1_rl,visuotactile_seed1_bc,primary,44,all,bilateral_contact_at_takeover,20,0.0,0.0,0.0,"paired environment-seed bootstrap 95%, identical recorded physical parameters",0,20,0,False
visuotactile_native_seed1_rl,visuotactile_seed1_bc,primary,44,all,final_native_success,20,0.0,-0.2,0.2,"paired environment-seed bootstrap 95%, identical recorded physical parameters",2,16,2,True
visuotactile_native_seed1_rl,visuotactile_seed1_bc,primary,44,all,force_budget_exceeded,20,0.1,-0.15,0.35,"paired environment-seed bootstrap 95%, identical recorded physical parameters",5,12,3,False
visuotactile_native_seed1_rl,visuotactile_seed1_bc,primary,44,all,full_episode_peak_normal_N,20,-1.6515480935573579,-4.3432448093593115,1.0045359800755937,"paired environment-seed bootstrap 95%, identical recorded physical parameters",6,0,14,False
visuotactile_native_seed1_rl,visuotactile_seed1_bc,primary,44,all,intervention_force_budget_exceeded,20,0.2,0.0,0.45,"paired environment-seed bootstrap 95%, identical recorded physical parameters",5,14,1,False
visuotactile_native_seed1_rl,visuotactile_seed1_bc,primary,44,all,intervention_peak_normal_N,20,-0.5616526782512665,-2.8041076683998107,1.5877810320258086,"paired environment-seed bootstrap 95%, identical recorded physical parameters",9,0,11,False
visuotactile_native_seed1_rl,visuotactile_seed1_bc,primary,44,all,native_shaped_return,20,2.3249897327091595,-11.775424778099927,17.435295730501874,"paired environment-seed bootstrap 95%, identical recorded physical parameters",11,0,9,True
visuotactile_native_seed1_rl,visuotactile_seed1_bc,primary,44,all,setup_force_budget_exceeded,20,0.0,0.0,0.0,"paired environment-seed bootstrap 95%, identical recorded physical parameters",0,20,0,False
visuotactile_native_seed1_rl,visuotactile_seed1_bc,primary,44,all,setup_peak_normal_N,20,0.0,0.0,0.0,"paired environment-seed bootstrap 95%, identical recorded physical parameters",0,20,0,False
visuotactile_native_seed1_rl,visuotactile_seed1_bc,primary,44,all,sustained_10cm_lift_success,20,-0.1,-0.25,0.0,"paired environment-seed bootstrap 95%, identical recorded physical parameters",0,18,2,True
visuotactile_native_seed1_rl,visuotactile_seed1_bc,primary,44,all,sustained_10cm_lift_within_force_budget,20,-0.1,-0.25,0.0,"paired environment-seed bootstrap 95%, identical recorded physical parameters",0,18,2,True
visuotactile_native_seed1_rl,visuotactile_seed1_bc,primary,44,all,sustained_native_success,20,0.15,0.0,0.3,"paired environment-seed bootstrap 95%, identical recorded physical parameters",3,17,0,True
visuotactile_native_seed1_rl,visuotactile_seed1_bc,primary,44,all,sustained_success_within_force_budget,20,0.0,-0.15,0.15,"paired environment-seed bootstrap 95%, identical recorded physical parameters",1,18,1,True
visuotactile_native_seed1_rl,visuotactile_seed1_bc,primary,44,id,any_native_success,10,0.2,0.0,0.5,"paired environment-seed bootstrap 95%, identical recorded physical parameters",2,8,0,True
visuotactile_native_seed1_rl,visuotactile_seed1_bc,primary,44,id,bilateral_contact_at_takeover,10,0.0,0.0,0.0,"paired environment-seed bootstrap 95%, identical recorded physical parameters",0,10,0,False
visuotactile_native_seed1_rl,visuotactile_seed1_bc,primary,44,id,final_native_success,10,0.0,-0.4,0.4,"paired environment-seed bootstrap 95%, identical recorded physical parameters",2,6,2,True
visuotactile_native_seed1_rl,visuotactile_seed1_bc,primary,44,id,force_budget_exceeded,10,0.2,-0.2,0.5,"paired environment-seed bootstrap 95%, identical recorded physical parameters",3,6,1,False
visuotactile_native_seed1_rl,visuotactile_seed1_bc,primary,44,id,full_episode_peak_normal_N,10,0.3950101971626282,-2.3587528890371323,3.4325689524412133,"paired environment-seed bootstrap 95%, identical recorded physical parameters",3,0,7,False
visuotactile_native_seed1_rl,visuotactile_seed1_bc,primary,44,id,intervention_force_budget_exceeded,10,0.2,-0.2,0.6,"paired environment-seed bootstrap 95%, identical recorded physical parameters",3,6,1,False
visuotactile_native_seed1_rl,visuotactile_seed1_bc,primary,44,id,intervention_peak_normal_N,10,-0.5129660964012146,-3.766583811044693,2.889338838458057,"paired environment-seed bootstrap 95%, identical recorded physical parameters",3,0,7,False
visuotactile_native_seed1_rl,visuotactile_seed1_bc,primary,44,id,native_shaped_return,10,15.266423262253051,-9.79831124905519,40.56819075838706,"paired environment-seed bootstrap 95%, identical recorded physical parameters",8,0,2,True
visuotactile_native_seed1_rl,visuotactile_seed1_bc,primary,44,id,setup_force_budget_exceeded,10,0.0,0.0,0.0,"paired environment-seed bootstrap 95%, identical recorded physical parameters",0,10,0,False
visuotactile_native_seed1_rl,visuotactile_seed1_bc,primary,44,id,setup_peak_normal_N,10,0.0,0.0,0.0,"paired environment-seed bootstrap 95%, identical recorded physical parameters",0,10,0,False
visuotactile_native_seed1_rl,visuotactile_seed1_bc,primary,44,id,sustained_10cm_lift_success,10,-0.2,-0.5,0.0,"paired environment-seed bootstrap 95%, identical recorded physical parameters",0,8,2,True
visuotactile_native_seed1_rl,visuotactile_seed1_bc,primary,44,id,sustained_10cm_lift_within_force_budget,10,-0.2,-0.5,0.0,"paired environment-seed bootstrap 95%, identical recorded physical parameters",0,8,2,True
visuotactile_native_seed1_rl,visuotactile_seed1_bc,primary,44,id,sustained_native_success,10,0.3,0.0,0.6,"paired environment-seed bootstrap 95%, identical recorded physical parameters",3,7,0,True
visuotactile_native_seed1_rl,visuotactile_seed1_bc,primary,44,id,sustained_success_within_force_budget,10,0.0,-0.3,0.3,"paired environment-seed bootstrap 95%, identical recorded physical parameters",1,8,1,True
visuotactile_native_seed1_rl,visuotactile_seed1_bc,primary,44,ood,any_native_success,10,0.0,0.0,0.0,"paired environment-seed bootstrap 95%, identical recorded physical parameters",0,10,0,True
visuotactile_native_seed1_rl,visuotactile_seed1_bc,primary,44,ood,bilateral_contact_at_takeover,10,0.0,0.0,0.0,"paired environment-seed bootstrap 95%, identical recorded physical parameters",0,10,0,False
visuotactile_native_seed1_rl,visuotactile_seed1_bc,primary,44,ood,final_native_success,10,0.0,0.0,0.0,"paired environment-seed bootstrap 95%, identical recorded physical parameters",0,10,0,True
visuotactile_native_seed1_rl,visuotactile_seed1_bc,primary,44,ood,force_budget_exceeded,10,0.0,-0.4,0.4,"paired environment-seed bootstrap 95%, identical recorded physical parameters",2,6,2,False
visuotactile_native_seed1_rl,visuotactile_seed1_bc,primary,44,ood,full_episode_peak_normal_N,10,-3.698106384277344,-7.8158329224586485,0.18245218396186608,"paired environment-seed bootstrap 95%, identical recorded physical parameters",3,0,7,False
visuotactile_native_seed1_rl,visuotactile_seed1_bc,primary,44,ood,intervention_force_budget_exceeded,10,0.2,0.0,0.5,"paired environment-seed bootstrap 95%, identical recorded physical parameters",2,8,0,False
visuotactile_native_seed1_rl,visuotactile_seed1_bc,primary,44,ood,intervention_peak_normal_N,10,-0.6103392601013183,-3.388828719854355,2.1819381833076474,"paired environment-seed bootstrap 95%, identical recorded physical parameters",6,0,4,False
visuotactile_native_seed1_rl,visuotactile_seed1_bc,primary,44,ood,native_shaped_return,10,-10.616443796834735,-17.113970961504492,-3.4918061422438997,"paired environment-seed bootstrap 95%, identical recorded physical parameters",3,0,7,True
visuotactile_native_seed1_rl,visuotactile_seed1_bc,primary,44,ood,setup_force_budget_exceeded,10,0.0,0.0,0.0,"paired environment-seed bootstrap 95%, identical recorded physical parameters",0,10,0,False
visuotactile_native_seed1_rl,visuotactile_seed1_bc,primary,44,ood,setup_peak_normal_N,10,0.0,0.0,0.0,"paired environment-seed bootstrap 95%, identical recorded physical parameters",0,10,0,False
visuotactile_native_seed1_rl,visuotactile_seed1_bc,primary,44,ood,sustained_10cm_lift_success,10,0.0,0.0,0.0,"paired environment-seed bootstrap 95%, identical recorded physical parameters",0,10,0,True
visuotactile_native_seed1_rl,visuotactile_seed1_bc,primary,44,ood,sustained_10cm_lift_within_force_budget,10,0.0,0.0,0.0,"paired environment-seed bootstrap 95%, identical recorded physical parameters",0,10,0,True
visuotactile_native_seed1_rl,visuotactile_seed1_bc,primary,44,ood,sustained_native_success,10,0.0,0.0,0.0,"paired environment-seed bootstrap 95%, identical recorded physical parameters",0,10,0,True
visuotactile_native_seed1_rl,visuotactile_seed1_bc,primary,44,ood,sustained_success_within_force_budget,10,0.0,0.0,0.0,"paired environment-seed bootstrap 95%, identical recorded physical parameters",0,10,0,True
visuotactile_native_seed2_rl,force_feedback,primary,44,all,any_native_success,20,0.0,0.0,0.0,"paired environment-seed bootstrap 95%, identical recorded physical parameters",0,20,0,True
visuotactile_native_seed2_rl,force_feedback,primary,44,all,bilateral_contact_at_takeover,20,0.0,0.0,0.0,"paired environment-seed bootstrap 95%, identical recorded physical parameters",0,20,0,False
visuotactile_native_seed2_rl,force_feedback,primary,44,all,final_native_success,20,-0.15,-0.3,0.0,"paired environment-seed bootstrap 95%, identical recorded physical parameters",0,17,3,True
visuotactile_native_seed2_rl,force_feedback,primary,44,all,force_budget_exceeded,20,0.5,0.3,0.7,"paired environment-seed bootstrap 95%, identical recorded physical parameters",10,10,0,False
visuotactile_native_seed2_rl,force_feedback,primary,44,all,full_episode_peak_normal_N,20,2.963778567314148,2.080942797660828,3.9193043577671043,"paired environment-seed bootstrap 95%, identical recorded physical parameters",18,0,2,False
visuotactile_native_seed2_rl,force_feedback,primary,44,all,intervention_force_budget_exceeded,20,0.6,0.4,0.8,"paired environment-seed bootstrap 95%, identical recorded physical parameters",12,8,0,False
visuotactile_native_seed2_rl,force_feedback,primary,44,all,intervention_peak_normal_N,20,3.4906949758529664,2.2897206950187683,4.736762223243712,"paired environment-seed bootstrap 95%, identical recorded physical parameters",16,0,4,False
visuotactile_native_seed2_rl,force_feedback,primary,44,all,native_shaped_return,20,3.704348278872544,-6.233074286675885,12.042985558296435,"paired environment-seed bootstrap 95%, identical recorded physical parameters",16,0,4,True
visuotactile_native_seed2_rl,force_feedback,primary,44,all,setup_force_budget_exceeded,20,0.0,0.0,0.0,"paired environment-seed bootstrap 95%, identical recorded physical parameters",0,20,0,False
visuotactile_native_seed2_rl,force_feedback,primary,44,all,setup_peak_normal_N,20,0.0,0.0,0.0,"paired environment-seed bootstrap 95%, identical recorded physical parameters",0,20,0,False
visuotactile_native_seed2_rl,force_feedback,primary,44,all,sustained_10cm_lift_success,20,-0.5,-0.7,-0.3,"paired environment-seed bootstrap 95%, identical recorded physical parameters",0,10,10,True
visuotactile_native_seed2_rl,force_feedback,primary,44,all,sustained_10cm_lift_within_force_budget,20,-0.35,-0.55,-0.15,"paired environment-seed bootstrap 95%, identical recorded physical parameters",0,13,7,True
visuotactile_native_seed2_rl,force_feedback,primary,44,all,sustained_native_success,20,-0.1,-0.25,0.0,"paired environment-seed bootstrap 95%, identical recorded physical parameters",0,18,2,True
visuotactile_native_seed2_rl,force_feedback,primary,44,all,sustained_success_within_force_budget,20,-0.25,-0.45,-0.05,"paired environment-seed bootstrap 95%, identical recorded physical parameters",0,15,5,True
visuotactile_native_seed2_rl,force_feedback,primary,44,id,any_native_success,10,0.0,0.0,0.0,"paired environment-seed bootstrap 95%, identical recorded physical parameters",0,10,0,True
visuotactile_native_seed2_rl,force_feedback,primary,44,id,bilateral_contact_at_takeover,10,0.0,0.0,0.0,"paired environment-seed bootstrap 95%, identical recorded physical parameters",0,10,0,False
visuotactile_native_seed2_rl,force_feedback,primary,44,id,final_native_success,10,-0.3,-0.6,0.0,"paired environment-seed bootstrap 95%, identical recorded physical parameters",0,7,3,True
visuotactile_native_seed2_rl,force_feedback,primary,44,id,force_budget_exceeded,10,0.4,0.1,0.7,"paired environment-seed bootstrap 95%, identical recorded physical parameters",4,6,0,False
visuotactile_native_seed2_rl,force_feedback,primary,44,id,full_episode_peak_normal_N,10,2.115169048309326,1.200007370710373,2.9836509323120115,"paired environment-seed bootstrap 95%, identical recorded physical parameters",8,0,2,False
visuotactile_native_seed2_rl,force_feedback,primary,44,id,intervention_force_budget_exceeded,10,0.7,0.4,0.9,"paired environment-seed bootstrap 95%, identical recorded physical parameters",7,3,0,False
visuotactile_native_seed2_rl,force_feedback,primary,44,id,intervention_peak_normal_N,10,4.193445539474487,2.7546283447742463,5.664225728511808,"paired environment-seed bootstrap 95%, identical recorded physical parameters",9,0,1,False
visuotactile_native_seed2_rl,force_feedback,primary,44,id,native_shaped_return,10,-5.701591357162668,-21.437092885186654,9.820197249404902,"paired environment-seed bootstrap 95%, identical recorded physical parameters",6,0,4,True
visuotactile_native_seed2_rl,force_feedback,primary,44,id,setup_force_budget_exceeded,10,0.0,0.0,0.0,"paired environment-seed bootstrap 95%, identical recorded physical parameters",0,10,0,False
visuotactile_native_seed2_rl,force_feedback,primary,44,id,setup_peak_normal_N,10,0.0,0.0,0.0,"paired environment-seed bootstrap 95%, identical recorded physical parameters",0,10,0,False
visuotactile_native_seed2_rl,force_feedback,primary,44,id,sustained_10cm_lift_success,10,-1.0,-1.0,-1.0,"paired environment-seed bootstrap 95%, identical recorded physical parameters",0,0,10,True
visuotactile_native_seed2_rl,force_feedback,primary,44,id,sustained_10cm_lift_within_force_budget,10,-0.7,-1.0,-0.4,"paired environment-seed bootstrap 95%, identical recorded physical parameters",0,3,7,True
visuotactile_native_seed2_rl,force_feedback,primary,44,id,sustained_native_success,10,-0.2,-0.5,0.0,"paired environment-seed bootstrap 95%, identical recorded physical parameters",0,8,2,True
visuotactile_native_seed2_rl,force_feedback,primary,44,id,sustained_success_within_force_budget,10,-0.5,-0.8,-0.2,"paired environment-seed bootstrap 95%, identical recorded physical parameters",0,5,5,True
visuotactile_native_seed2_rl,force_feedback,primary,44,ood,any_native_success,10,0.0,0.0,0.0,"paired environment-seed bootstrap 95%, identical recorded physical parameters",0,10,0,True
visuotactile_native_seed2_rl,force_feedback,primary,44,ood,bilateral_contact_at_takeover,10,0.0,0.0,0.0,"paired environment-seed bootstrap 95%, identical recorded physical parameters",0,10,0,False
visuotactile_native_seed2_rl,force_feedback,primary,44,ood,final_native_success,10,0.0,0.0,0.0,"paired environment-seed bootstrap 95%, identical recorded physical parameters",0,10,0,True
visuotactile_native_seed2_rl,force_feedback,primary,44,ood,force_budget_exceeded,10,0.6,0.3,0.9,"paired environment-seed bootstrap 95%, identical recorded physical parameters",6,4,0,False
visuotactile_native_seed2_rl,force_feedback,primary,44,ood,full_episode_peak_normal_N,10,3.8123880863189696,2.532201751470566,5.322305686473846,"paired environment-seed bootstrap 95%, identical recorded physical parameters",10,0,0,False
visuotactile_native_seed2_rl,force_feedback,primary,44,ood,intervention_force_budget_exceeded,10,0.5,0.2,0.8,"paired environment-seed bootstrap 95%, identical recorded physical parameters",5,5,0,False
visuotactile_native_seed2_rl,force_feedback,primary,44,ood,intervention_peak_normal_N,10,2.7879444122314454,0.9157009720802307,4.727482897043226,"paired environment-seed bootstrap 95%, identical recorded physical parameters",7,0,3,False
visuotactile_native_seed2_rl,force_feedback,primary,44,ood,native_shaped_return,10,13.110287914907754,7.50149522326012,18.92461673890164,"paired environment-seed bootstrap 95%, identical recorded physical parameters",10,0,0,True
visuotactile_native_seed2_rl,force_feedback,primary,44,ood,setup_force_budget_exceeded,10,0.0,0.0,0.0,"paired environment-seed bootstrap 95%, identical recorded physical parameters",0,10,0,False
visuotactile_native_seed2_rl,force_feedback,primary,44,ood,setup_peak_normal_N,10,0.0,0.0,0.0,"paired environment-seed bootstrap 95%, identical recorded physical parameters",0,10,0,False
visuotactile_native_seed2_rl,force_feedback,primary,44,ood,sustained_10cm_lift_success,10,0.0,0.0,0.0,"paired environment-seed bootstrap 95%, identical recorded physical parameters",0,10,0,True
visuotactile_native_seed2_rl,force_feedback,primary,44,ood,sustained_10cm_lift_within_force_budget,10,0.0,0.0,0.0,"paired environment-seed bootstrap 95%, identical recorded physical parameters",0,10,0,True
visuotactile_native_seed2_rl,force_feedback,primary,44,ood,sustained_native_success,10,0.0,0.0,0.0,"paired environment-seed bootstrap 95%, identical recorded physical parameters",0,10,0,True
visuotactile_native_seed2_rl,force_feedback,primary,44,ood,sustained_success_within_force_budget,10,0.0,0.0,0.0,"paired environment-seed bootstrap 95%, identical recorded physical parameters",0,10,0,True
visuotactile_native_seed2_rl,script,primary,44,all,any_native_success,20,0.0,0.0,0.0,"paired environment-seed bootstrap 95%, identical recorded physical parameters",0,20,0,True
visuotactile_native_seed2_rl,script,primary,44,all,bilateral_contact_at_takeover,20,0.0,0.0,0.0,"paired environment-seed bootstrap 95%, identical recorded physical parameters",0,20,0,False
visuotactile_native_seed2_rl,script,primary,44,all,final_native_success,20,-0.15,-0.35,0.0,"paired environment-seed bootstrap 95%, identical recorded physical parameters",0,17,3,True
visuotactile_native_seed2_rl,script,primary,44,all,force_budget_exceeded,20,0.05,-0.1,0.25,"paired environment-seed bootstrap 95%, identical recorded physical parameters",2,17,1,False
visuotactile_native_seed2_rl,script,primary,44,all,full_episode_peak_normal_N,20,-1.2037779808044433,-3.4410837578773497,0.9543228995800004,"paired environment-seed bootstrap 95%, identical recorded physical parameters",9,0,11,False
visuotactile_native_seed2_rl,script,primary,44,all,intervention_force_budget_exceeded,20,0.0,-0.15,0.15,"paired environment-seed bootstrap 95%, identical recorded physical parameters",1,18,1,False
visuotactile_native_seed2_rl,script,primary,44,all,intervention_peak_normal_N,20,-1.7156250715255736,-3.804676303267479,0.2847813045978532,"paired environment-seed bootstrap 95%, identical recorded physical parameters",6,0,14,False
visuotactile_native_seed2_rl,script,primary,44,all,native_shaped_return,20,3.2289191984944567,-6.633550919331114,11.761979813107112,"paired environment-seed bootstrap 95%, identical recorded physical parameters",16,0,4,True
visuotactile_native_seed2_rl,script,primary,44,all,setup_force_budget_exceeded,20,0.0,0.0,0.0,"paired environment-seed bootstrap 95%, identical recorded physical parameters",0,20,0,False
visuotactile_native_seed2_rl,script,primary,44,all,setup_peak_normal_N,20,0.0,0.0,0.0,"paired environment-seed bootstrap 95%, identical recorded physical parameters",0,20,0,False
visuotactile_native_seed2_rl,script,primary,44,all,sustained_10cm_lift_success,20,-0.5,-0.7,-0.3,"paired environment-seed bootstrap 95%, identical recorded physical parameters",0,10,10,True
visuotactile_native_seed2_rl,script,primary,44,all,sustained_10cm_lift_within_force_budget,20,-0.1,-0.25,0.0,"paired environment-seed bootstrap 95%, identical recorded physical parameters",0,18,2,True
visuotactile_native_seed2_rl,script,primary,44,all,sustained_native_success,20,-0.1,-0.25,0.0,"paired environment-seed bootstrap 95%, identical recorded physical parameters",0,18,2,True
visuotactile_native_seed2_rl,script,primary,44,all,sustained_success_within_force_budget,20,0.0,-0.15,0.15,"paired environment-seed bootstrap 95%, identical recorded physical parameters",1,18,1,True
visuotactile_native_seed2_rl,script,primary,44,id,any_native_success,10,0.0,0.0,0.0,"paired environment-seed bootstrap 95%, identical recorded physical parameters",0,10,0,True
visuotactile_native_seed2_rl,script,primary,44,id,bilateral_contact_at_takeover,10,0.0,0.0,0.0,"paired environment-seed bootstrap 95%, identical recorded physical parameters",0,10,0,False
visuotactile_native_seed2_rl,script,primary,44,id,final_native_success,10,-0.3,-0.6,0.0,"paired environment-seed bootstrap 95%, identical recorded physical parameters",0,7,3,True
visuotactile_native_seed2_rl,script,primary,44,id,force_budget_exceeded,10,-0.1,-0.3,0.0,"paired environment-seed bootstrap 95%, identical recorded physical parameters",0,9,1,False
visuotactile_native_seed2_rl,script,primary,44,id,full_episode_peak_normal_N,10,-1.9842917919158936,-4.207650337219238,-0.22017008066177368,"paired environment-seed bootstrap 95%, identical recorded physical parameters",3,0,7,False
visuotactile_native_seed2_rl,script,primary,44,id,intervention_force_budget_exceeded,10,-0.1,-0.3,0.0,"paired environment-seed bootstrap 95%, identical recorded physical parameters",0,9,1,False
visuotactile_native_seed2_rl,script,primary,44,id,intervention_peak_normal_N,10,-1.98354229927063,-4.4003162312507635,-0.22421997070312527,"paired environment-seed bootstrap 95%, identical recorded physical parameters",3,0,7,False
visuotactile_native_seed2_rl,script,primary,44,id,native_shaped_return,10,-6.305557725091874,-22.804237901843535,8.64004068177663,"paired environment-seed bootstrap 95%, identical recorded physical parameters",6,0,4,True
visuotactile_native_seed2_rl,script,primary,44,id,setup_force_budget_exceeded,10,0.0,0.0,0.0,"paired environment-seed bootstrap 95%, identical recorded physical parameters",0,10,0,False
visuotactile_native_seed2_rl,script,primary,44,id,setup_peak_normal_N,10,0.0,0.0,0.0,"paired environment-seed bootstrap 95%, identical recorded physical parameters",0,10,0,False
visuotactile_native_seed2_rl,script,primary,44,id,sustained_10cm_lift_success,10,-1.0,-1.0,-1.0,"paired environment-seed bootstrap 95%, identical recorded physical parameters",0,0,10,True
visuotactile_native_seed2_rl,script,primary,44,id,sustained_10cm_lift_within_force_budget,10,-0.2,-0.5,0.0,"paired environment-seed bootstrap 95%, identical recorded physical parameters",0,8,2,True
visuotactile_native_seed2_rl,script,primary,44,id,sustained_native_success,10,-0.2,-0.5,0.0,"paired environment-seed bootstrap 95%, identical recorded physical parameters",0,8,2,True
visuotactile_native_seed2_rl,script,primary,44,id,sustained_success_within_force_budget,10,0.0,-0.3,0.3,"paired environment-seed bootstrap 95%, identical recorded physical parameters",1,8,1,True
visuotactile_native_seed2_rl,script,primary,44,ood,any_native_success,10,0.0,0.0,0.0,"paired environment-seed bootstrap 95%, identical recorded physical parameters",0,10,0,True
visuotactile_native_seed2_rl,script,primary,44,ood,bilateral_contact_at_takeover,10,0.0,0.0,0.0,"paired environment-seed bootstrap 95%, identical recorded physical parameters",0,10,0,False
visuotactile_native_seed2_rl,script,primary,44,ood,final_native_success,10,0.0,0.0,0.0,"paired environment-seed bootstrap 95%, identical recorded physical parameters",0,10,0,True
visuotactile_native_seed2_rl,script,primary,44,ood,force_budget_exceeded,10,0.2,0.0,0.5,"paired environment-seed bootstrap 95%, identical recorded physical parameters",2,8,0,False
visuotactile_native_seed2_rl,script,primary,44,ood,full_episode_peak_normal_N,10,-0.4232641696929932,-4.292151659727097,3.1254700851440425,"paired environment-seed bootstrap 95%, identical recorded physical parameters",6,0,4,False
visuotactile_native_seed2_rl,script,primary,44,ood,intervention_force_budget_exceeded,10,0.1,0.0,0.3,"paired environment-seed bootstrap 95%, identical recorded physical parameters",1,9,0,False
visuotactile_native_seed2_rl,script,primary,44,ood,intervention_peak_normal_N,10,-1.4477078437805175,-5.072497398853302,1.9448758292198178,"paired environment-seed bootstrap 95%, identical recorded physical parameters",3,0,7,False
visuotactile_native_seed2_rl,script,primary,44,ood,native_shaped_return,10,12.763396122080787,7.1576285720615,18.520458628051916,"paired environment-seed bootstrap 95%, identical recorded physical parameters",10,0,0,True
visuotactile_native_seed2_rl,script,primary,44,ood,setup_force_budget_exceeded,10,0.0,0.0,0.0,"paired environment-seed bootstrap 95%, identical recorded physical parameters",0,10,0,False
visuotactile_native_seed2_rl,script,primary,44,ood,setup_peak_normal_N,10,0.0,0.0,0.0,"paired environment-seed bootstrap 95%, identical recorded physical parameters",0,10,0,False
visuotactile_native_seed2_rl,script,primary,44,ood,sustained_10cm_lift_success,10,0.0,0.0,0.0,"paired environment-seed bootstrap 95%, identical recorded physical parameters",0,10,0,True
visuotactile_native_seed2_rl,script,primary,44,ood,sustained_10cm_lift_within_force_budget,10,0.0,0.0,0.0,"paired environment-seed bootstrap 95%, identical recorded physical parameters",0,10,0,True
visuotactile_native_seed2_rl,script,primary,44,ood,sustained_native_success,10,0.0,0.0,0.0,"paired environment-seed bootstrap 95%, identical recorded physical parameters",0,10,0,True
visuotactile_native_seed2_rl,script,primary,44,ood,sustained_success_within_force_budget,10,0.0,0.0,0.0,"paired environment-seed bootstrap 95%, identical recorded physical parameters",0,10,0,True
visuotactile_native_seed2_rl,visuotactile_seed2_bc,primary,44,all,any_native_success,20,0.1,0.0,0.25,"paired environment-seed bootstrap 95%, identical recorded physical parameters",2,18,0,True
visuotactile_native_seed2_rl,visuotactile_seed2_bc,primary,44,all,bilateral_contact_at_takeover,20,0.0,0.0,0.0,"paired environment-seed bootstrap 95%, identical recorded physical parameters",0,20,0,False
visuotactile_native_seed2_rl,visuotactile_seed2_bc,primary,44,all,final_native_success,20,-0.05,-0.2,0.1,"paired environment-seed bootstrap 95%, identical recorded physical parameters",1,17,2,True
visuotactile_native_seed2_rl,visuotactile_seed2_bc,primary,44,all,force_budget_exceeded,20,0.15,-0.05,0.35,"paired environment-seed bootstrap 95%, identical recorded physical parameters",4,15,1,False
visuotactile_native_seed2_rl,visuotactile_seed2_bc,primary,44,all,full_episode_peak_normal_N,20,-1.5862247824668885,-3.869994992613792,0.8866085651516895,"paired environment-seed bootstrap 95%, identical recorded physical parameters",9,0,11,False
visuotactile_native_seed2_rl,visuotactile_seed2_bc,primary,44,all,intervention_force_budget_exceeded,20,0.25,0.1,0.45,"paired environment-seed bootstrap 95%, identical recorded physical parameters",5,15,0,False
visuotactile_native_seed2_rl,visuotactile_seed2_bc,primary,44,all,intervention_peak_normal_N,20,-0.06632040739059449,-2.0282742750644687,1.9492316636443117,"paired environment-seed bootstrap 95%, identical recorded physical parameters",14,0,6,False
visuotactile_native_seed2_rl,visuotactile_seed2_bc,primary,44,all,native_shaped_return,20,5.1998239430594015,-6.471534405565978,17.447859568148793,"paired environment-seed bootstrap 95%, identical recorded physical parameters",11,0,9,True
visuotactile_native_seed2_rl,visuotactile_seed2_bc,primary,44,all,setup_force_budget_exceeded,20,0.0,0.0,0.0,"paired environment-seed bootstrap 95%, identical recorded physical parameters",0,20,0,False
visuotactile_native_seed2_rl,visuotactile_seed2_bc,primary,44,all,setup_peak_normal_N,20,0.0,0.0,0.0,"paired environment-seed bootstrap 95%, identical recorded physical parameters",0,20,0,False
visuotactile_native_seed2_rl,visuotactile_seed2_bc,primary,44,all,sustained_10cm_lift_success,20,-0.05,-0.15,0.0,"paired environment-seed bootstrap 95%, identical recorded physical parameters",0,19,1,True
visuotactile_native_seed2_rl,visuotactile_seed2_bc,primary,44,all,sustained_10cm_lift_within_force_budget,20,-0.05,-0.15,0.0,"paired environment-seed bootstrap 95%, identical recorded physical parameters",0,19,1,True
visuotactile_native_seed2_rl,visuotactile_seed2_bc,primary,44,all,sustained_native_success,20,0.3,0.1,0.5,"paired environment-seed bootstrap 95%, identical recorded physical parameters",6,14,0,True
visuotactile_native_seed2_rl,visuotactile_seed2_bc,primary,44,all,sustained_success_within_force_budget,20,0.05,-0.1,0.2,"paired environment-seed bootstrap 95%, identical recorded physical parameters",2,17,1,True
visuotactile_native_seed2_rl,visuotactile_seed2_bc,primary,44,id,any_native_success,10,0.2,0.0,0.5,"paired environment-seed bootstrap 95%, identical recorded physical parameters",2,8,0,True
visuotactile_native_seed2_rl,visuotactile_seed2_bc,primary,44,id,bilateral_contact_at_takeover,10,0.0,0.0,0.0,"paired environment-seed bootstrap 95%, identical recorded physical parameters",0,10,0,False
visuotactile_native_seed2_rl,visuotactile_seed2_bc,primary,44,id,final_native_success,10,-0.1,-0.4,0.2,"paired environment-seed bootstrap 95%, identical recorded physical parameters",1,7,2,True
visuotactile_native_seed2_rl,visuotactile_seed2_bc,primary,44,id,force_budget_exceeded,10,0.4,0.1,0.7,"paired environment-seed bootstrap 95%, identical recorded physical parameters",4,6,0,False
visuotactile_native_seed2_rl,visuotactile_seed2_bc,primary,44,id,full_episode_peak_normal_N,10,0.23502132892608643,-3.221268174648285,3.6248606932163216,"paired environment-seed bootstrap 95%, identical recorded physical parameters",7,0,3,False
visuotactile_native_seed2_rl,visuotactile_seed2_bc,primary,44,id,intervention_force_budget_exceeded,10,0.4,0.1,0.7,"paired environment-seed bootstrap 95%, identical recorded physical parameters",4,6,0,False
visuotactile_native_seed2_rl,visuotactile_seed2_bc,primary,44,id,intervention_peak_normal_N,10,0.23502132892608643,-3.3850142526626583,3.548822662234305,"paired environment-seed bootstrap 95%, identical recorded physical parameters",7,0,3,False
visuotactile_native_seed2_rl,visuotactile_seed2_bc,primary,44,id,native_shaped_return,10,22.011891581464635,2.7751726818036335,40.4774387463809,"paired environment-seed bootstrap 95%, identical recorded physical parameters",8,0,2,True
visuotactile_native_seed2_rl,visuotactile_seed2_bc,primary,44,id,setup_force_budget_exceeded,10,0.0,0.0,0.0,"paired environment-seed bootstrap 95%, identical recorded physical parameters",0,10,0,False
visuotactile_native_seed2_rl,visuotactile_seed2_bc,primary,44,id,setup_peak_normal_N,10,0.0,0.0,0.0,"paired environment-seed bootstrap 95%, identical recorded physical parameters",0,10,0,False
visuotactile_native_seed2_rl,visuotactile_seed2_bc,primary,44,id,sustained_10cm_lift_success,10,-0.1,-0.3,0.0,"paired environment-seed bootstrap 95%, identical recorded physical parameters",0,9,1,True
visuotactile_native_seed2_rl,visuotactile_seed2_bc,primary,44,id,sustained_10cm_lift_within_force_budget,10,-0.1,-0.3,0.0,"paired environment-seed bootstrap 95%, identical recorded physical parameters",0,9,1,True
visuotactile_native_seed2_rl,visuotactile_seed2_bc,primary,44,id,sustained_native_success,10,0.6,0.3,0.9,"paired environment-seed bootstrap 95%, identical recorded physical parameters",6,4,0,True
visuotactile_native_seed2_rl,visuotactile_seed2_bc,primary,44,id,sustained_success_within_force_budget,10,0.1,-0.2,0.4,"paired environment-seed bootstrap 95%, identical recorded physical parameters",2,7,1,True
visuotactile_native_seed2_rl,visuotactile_seed2_bc,primary,44,ood,any_native_success,10,0.0,0.0,0.0,"paired environment-seed bootstrap 95%, identical recorded physical parameters",0,10,0,True
visuotactile_native_seed2_rl,visuotactile_seed2_bc,primary,44,ood,bilateral_contact_at_takeover,10,0.0,0.0,0.0,"paired environment-seed bootstrap 95%, identical recorded physical parameters",0,10,0,False
visuotactile_native_seed2_rl,visuotactile_seed2_bc,primary,44,ood,final_native_success,10,0.0,0.0,0.0,"paired environment-seed bootstrap 95%, identical recorded physical parameters",0,10,0,True
visuotactile_native_seed2_rl,visuotactile_seed2_bc,primary,44,ood,force_budget_exceeded,10,-0.1,-0.3,0.0,"paired environment-seed bootstrap 95%, identical recorded physical parameters",0,9,1,False
visuotactile_native_seed2_rl,visuotactile_seed2_bc,primary,44,ood,full_episode_peak_normal_N,10,-3.4074708938598635,-6.253195812702179,-0.9034908604621897,"paired environment-seed bootstrap 95%, identical recorded physical parameters",2,0,8,False
visuotactile_native_seed2_rl,visuotactile_seed2_bc,primary,44,ood,intervention_force_budget_exceeded,10,0.1,0.0,0.3,"paired environment-seed bootstrap 95%, identical recorded physical parameters",1,9,0,False
visuotactile_native_seed2_rl,visuotactile_seed2_bc,primary,44,ood,intervention_peak_normal_N,10,-0.3676621437072754,-2.34543429851532,1.3921224379539485,"paired environment-seed bootstrap 95%, identical recorded physical parameters",7,0,3,False
visuotactile_native_seed2_rl,visuotactile_seed2_bc,primary,44,ood,native_shaped_return,10,-11.612243695345834,-17.68566675916676,-5.519112101130888,"paired environment-seed bootstrap 95%, identical recorded physical parameters",3,0,7,True
visuotactile_native_seed2_rl,visuotactile_seed2_bc,primary,44,ood,setup_force_budget_exceeded,10,0.0,0.0,0.0,"paired environment-seed bootstrap 95%, identical recorded physical parameters",0,10,0,False
visuotactile_native_seed2_rl,visuotactile_seed2_bc,primary,44,ood,setup_peak_normal_N,10,0.0,0.0,0.0,"paired environment-seed bootstrap 95%, identical recorded physical parameters",0,10,0,False
visuotactile_native_seed2_rl,visuotactile_seed2_bc,primary,44,ood,sustained_10cm_lift_success,10,0.0,0.0,0.0,"paired environment-seed bootstrap 95%, identical recorded physical parameters",0,10,0,True
visuotactile_native_seed2_rl,visuotactile_seed2_bc,primary,44,ood,sustained_10cm_lift_within_force_budget,10,0.0,0.0,0.0,"paired environment-seed bootstrap 95%, identical recorded physical parameters",0,10,0,True
visuotactile_native_seed2_rl,visuotactile_seed2_bc,primary,44,ood,sustained_native_success,10,0.0,0.0,0.0,"paired environment-seed bootstrap 95%, identical recorded physical parameters",0,10,0,True
visuotactile_native_seed2_rl,visuotactile_seed2_bc,primary,44,ood,sustained_success_within_force_budget,10,0.0,0.0,0.0,"paired environment-seed bootstrap 95%, identical recorded physical parameters",0,10,0,True
visuotactile_seed0_bc,force_feedback,primary,44,all,any_native_success,20,-0.1,-0.25,0.0,"paired environment-seed bootstrap 95%, identical recorded physical parameters",0,18,2,True
visuotactile_seed0_bc,force_feedback,primary,44,all,bilateral_contact_at_takeover,20,0.0,0.0,0.0,"paired environment-seed bootstrap 95%, identical recorded physical parameters",0,20,0,False
visuotactile_seed0_bc,force_feedback,primary,44,all,final_native_success,20,-0.1,-0.25,0.0,"paired environment-seed bootstrap 95%, identical recorded physical parameters",0,18,2,True
visuotactile_seed0_bc,force_feedback,primary,44,all,force_budget_exceeded,20,0.2,0.05,0.4,"paired environment-seed bootstrap 95%, identical recorded physical parameters",4,16,0,False
visuotactile_seed0_bc,force_feedback,primary,44,all,full_episode_peak_normal_N,20,3.3851091265678406,0.688605027794838,6.310369779169559,"paired environment-seed bootstrap 95%, identical recorded physical parameters",14,0,6,False
visuotactile_seed0_bc,force_feedback,primary,44,all,intervention_force_budget_exceeded,20,0.3,0.1,0.5,"paired environment-seed bootstrap 95%, identical recorded physical parameters",6,14,0,False
visuotactile_seed0_bc,force_feedback,primary,44,all,intervention_peak_normal_N,20,3.416116487979889,0.8157886576652527,6.029171032309528,"paired environment-seed bootstrap 95%, identical recorded physical parameters",12,0,8,False
visuotactile_seed0_bc,force_feedback,primary,44,all,native_shaped_return,20,-9.27161984921665,-21.236809102468303,2.2400083776116815,"paired environment-seed bootstrap 95%, identical recorded physical parameters",6,0,14,True
visuotactile_seed0_bc,force_feedback,primary,44,all,setup_force_budget_exceeded,20,0.0,0.0,0.0,"paired environment-seed bootstrap 95%, identical recorded physical parameters",0,20,0,False
visuotactile_seed0_bc,force_feedback,primary,44,all,setup_peak_normal_N,20,0.0,0.0,0.0,"paired environment-seed bootstrap 95%, identical recorded physical parameters",0,20,0,False
visuotactile_seed0_bc,force_feedback,primary,44,all,sustained_10cm_lift_success,20,-0.45,-0.65,-0.25,"paired environment-seed bootstrap 95%, identical recorded physical parameters",0,11,9,True
visuotactile_seed0_bc,force_feedback,primary,44,all,sustained_10cm_lift_within_force_budget,20,-0.3,-0.5,-0.1,"paired environment-seed bootstrap 95%, identical recorded physical parameters",0,14,6,True
visuotactile_seed0_bc,force_feedback,primary,44,all,sustained_native_success,20,-0.4,-0.6,-0.2,"paired environment-seed bootstrap 95%, identical recorded physical parameters",0,12,8,True
visuotactile_seed0_bc,force_feedback,primary,44,all,sustained_success_within_force_budget,20,-0.3,-0.5,-0.1,"paired environment-seed bootstrap 95%, identical recorded physical parameters",0,14,6,True
visuotactile_seed0_bc,force_feedback,primary,44,id,any_native_success,10,-0.2,-0.5,0.0,"paired environment-seed bootstrap 95%, identical recorded physical parameters",0,8,2,True
visuotactile_seed0_bc,force_feedback,primary,44,id,bilateral_contact_at_takeover,10,0.0,0.0,0.0,"paired environment-seed bootstrap 95%, identical recorded physical parameters",0,10,0,False
visuotactile_seed0_bc,force_feedback,primary,44,id,final_native_success,10,-0.2,-0.5,0.0,"paired environment-seed bootstrap 95%, identical recorded physical parameters",0,8,2,True
visuotactile_seed0_bc,force_feedback,primary,44,id,force_budget_exceeded,10,0.0,0.0,0.0,"paired environment-seed bootstrap 95%, identical recorded physical parameters",0,10,0,False
visuotactile_seed0_bc,force_feedback,primary,44,id,full_episode_peak_normal_N,10,1.458215856552124,-1.7096384000778198,4.499408775568008,"paired environment-seed bootstrap 95%, identical recorded physical parameters",7,0,3,False
visuotactile_seed0_bc,force_feedback,primary,44,id,intervention_force_budget_exceeded,10,0.3,0.0,0.6,"paired environment-seed bootstrap 95%, identical recorded physical parameters",3,7,0,False
visuotactile_seed0_bc,force_feedback,primary,44,id,intervention_peak_normal_N,10,3.5363399505615236,-0.3162642204761505,7.579281622767448,"paired environment-seed bootstrap 95%, identical recorded physical parameters",7,0,3,False
visuotactile_seed0_bc,force_feedback,primary,44,id,native_shaped_return,10,-28.348123364232016,-41.36679730485054,-16.860160741383588,"paired environment-seed bootstrap 95%, identical recorded physical parameters",1,0,9,True
visuotactile_seed0_bc,force_feedback,primary,44,id,setup_force_budget_exceeded,10,0.0,0.0,0.0,"paired environment-seed bootstrap 95%, identical recorded physical parameters",0,10,0,False
visuotactile_seed0_bc,force_feedback,primary,44,id,setup_peak_normal_N,10,0.0,0.0,0.0,"paired environment-seed bootstrap 95%, identical recorded physical parameters",0,10,0,False
visuotactile_seed0_bc,force_feedback,primary,44,id,sustained_10cm_lift_success,10,-0.9,-1.0,-0.7,"paired environment-seed bootstrap 95%, identical recorded physical parameters",0,1,9,True
visuotactile_seed0_bc,force_feedback,primary,44,id,sustained_10cm_lift_within_force_budget,10,-0.6,-0.9,-0.3,"paired environment-seed bootstrap 95%, identical recorded physical parameters",0,4,6,True
visuotactile_seed0_bc,force_feedback,primary,44,id,sustained_native_success,10,-0.8,-1.0,-0.5,"paired environment-seed bootstrap 95%, identical recorded physical parameters",0,2,8,True
visuotactile_seed0_bc,force_feedback,primary,44,id,sustained_success_within_force_budget,10,-0.6,-0.9,-0.3,"paired environment-seed bootstrap 95%, identical recorded physical parameters",0,4,6,True
visuotactile_seed0_bc,force_feedback,primary,44,ood,any_native_success,10,0.0,0.0,0.0,"paired environment-seed bootstrap 95%, identical recorded physical parameters",0,10,0,True
visuotactile_seed0_bc,force_feedback,primary,44,ood,bilateral_contact_at_takeover,10,0.0,0.0,0.0,"paired environment-seed bootstrap 95%, identical recorded physical parameters",0,10,0,False
visuotactile_seed0_bc,force_feedback,primary,44,ood,final_native_success,10,0.0,0.0,0.0,"paired environment-seed bootstrap 95%, identical recorded physical parameters",0,10,0,True
visuotactile_seed0_bc,force_feedback,primary,44,ood,force_budget_exceeded,10,0.4,0.1,0.7,"paired environment-seed bootstrap 95%, identical recorded physical parameters",4,6,0,False
visuotactile_seed0_bc,force_feedback,primary,44,ood,full_episode_peak_normal_N,10,5.312002396583557,1.3593514728546143,9.562026094198226,"paired environment-seed bootstrap 95%, identical recorded physical parameters",7,0,3,False
visuotactile_seed0_bc,force_feedback,primary,44,ood,intervention_force_budget_exceeded,10,0.3,0.0,0.6,"paired environment-seed bootstrap 95%, identical recorded physical parameters",3,7,0,False
visuotactile_seed0_bc,force_feedback,primary,44,ood,intervention_peak_normal_N,10,3.2958930253982546,-0.06362848758697509,7.214124875664708,"paired environment-seed bootstrap 95%, identical recorded physical parameters",5,0,5,False
visuotactile_seed0_bc,force_feedback,primary,44,ood,native_shaped_return,10,9.804883665798712,0.7459293458501965,19.004684430548057,"paired environment-seed bootstrap 95%, identical recorded physical parameters",5,0,5,True
visuotactile_seed0_bc,force_feedback,primary,44,ood,setup_force_budget_exceeded,10,0.0,0.0,0.0,"paired environment-seed bootstrap 95%, identical recorded physical parameters",0,10,0,False
visuotactile_seed0_bc,force_feedback,primary,44,ood,setup_peak_normal_N,10,0.0,0.0,0.0,"paired environment-seed bootstrap 95%, identical recorded physical parameters",0,10,0,False
visuotactile_seed0_bc,force_feedback,primary,44,ood,sustained_10cm_lift_success,10,0.0,0.0,0.0,"paired environment-seed bootstrap 95%, identical recorded physical parameters",0,10,0,True
visuotactile_seed0_bc,force_feedback,primary,44,ood,sustained_10cm_lift_within_force_budget,10,0.0,0.0,0.0,"paired environment-seed bootstrap 95%, identical recorded physical parameters",0,10,0,True
visuotactile_seed0_bc,force_feedback,primary,44,ood,sustained_native_success,10,0.0,0.0,0.0,"paired environment-seed bootstrap 95%, identical recorded physical parameters",0,10,0,True
visuotactile_seed0_bc,force_feedback,primary,44,ood,sustained_success_within_force_budget,10,0.0,0.0,0.0,"paired environment-seed bootstrap 95%, identical recorded physical parameters",0,10,0,True
visuotactile_seed0_bc,script,primary,44,all,any_native_success,20,-0.1,-0.25,0.0,"paired environment-seed bootstrap 95%, identical recorded physical parameters",0,18,2,True
visuotactile_seed0_bc,script,primary,44,all,bilateral_contact_at_takeover,20,0.0,0.0,0.0,"paired environment-seed bootstrap 95%, identical recorded physical parameters",0,20,0,False
visuotactile_seed0_bc,script,primary,44,all,final_native_success,20,-0.1,-0.25,0.0,"paired environment-seed bootstrap 95%, identical recorded physical parameters",0,18,2,True
visuotactile_seed0_bc,script,primary,44,all,force_budget_exceeded,20,-0.25,-0.45,-0.1,"paired environment-seed bootstrap 95%, identical recorded physical parameters",0,15,5,False
visuotactile_seed0_bc,script,primary,44,all,full_episode_peak_normal_N,20,-0.7824474215507508,-2.5608759668469427,0.6044398209452628,"paired environment-seed bootstrap 95%, identical recorded physical parameters",8,0,12,False
visuotactile_seed0_bc,script,primary,44,all,intervention_force_budget_exceeded,20,-0.3,-0.5,-0.1,"paired environment-seed bootstrap 95%, identical recorded physical parameters",0,14,6,False
visuotactile_seed0_bc,script,primary,44,all,intervention_peak_normal_N,20,-1.7902035593986512,-3.48845019698143,-0.34782248497009294,"paired environment-seed bootstrap 95%, identical recorded physical parameters",4,0,16,False
visuotactile_seed0_bc,script,primary,44,all,native_shaped_return,20,-9.747048929594738,-20.83853029633973,1.1195846058158136,"paired environment-seed bootstrap 95%, identical recorded physical parameters",6,0,14,True
visuotactile_seed0_bc,script,primary,44,all,setup_force_budget_exceeded,20,0.0,0.0,0.0,"paired environment-seed bootstrap 95%, identical recorded physical parameters",0,20,0,False
visuotactile_seed0_bc,script,primary,44,all,setup_peak_normal_N,20,0.0,0.0,0.0,"paired environment-seed bootstrap 95%, identical recorded physical parameters",0,20,0,False
visuotactile_seed0_bc,script,primary,44,all,sustained_10cm_lift_success,20,-0.45,-0.65,-0.25,"paired environment-seed bootstrap 95%, identical recorded physical parameters",0,11,9,True
visuotactile_seed0_bc,script,primary,44,all,sustained_10cm_lift_within_force_budget,20,-0.05,-0.2,0.1,"paired environment-seed bootstrap 95%, identical recorded physical parameters",1,17,2,True
visuotactile_seed0_bc,script,primary,44,all,sustained_native_success,20,-0.4,-0.6,-0.2,"paired environment-seed bootstrap 95%, identical recorded physical parameters",0,12,8,True
visuotactile_seed0_bc,script,primary,44,all,sustained_success_within_force_budget,20,-0.05,-0.2,0.1,"paired environment-seed bootstrap 95%, identical recorded physical parameters",1,17,2,True
visuotactile_seed0_bc,script,primary,44,id,any_native_success,10,-0.2,-0.5,0.0,"paired environment-seed bootstrap 95%, identical recorded physical parameters",0,8,2,True
visuotactile_seed0_bc,script,primary,44,id,bilateral_contact_at_takeover,10,0.0,0.0,0.0,"paired environment-seed bootstrap 95%, identical recorded physical parameters",0,10,0,False
visuotactile_seed0_bc,script,primary,44,id,final_native_success,10,-0.2,-0.5,0.0,"paired environment-seed bootstrap 95%, identical recorded physical parameters",0,8,2,True
visuotactile_seed0_bc,script,primary,44,id,force_budget_exceeded,10,-0.5,-0.8,-0.2,"paired environment-seed bootstrap 95%, identical recorded physical parameters",0,5,5,False
visuotactile_seed0_bc,script,primary,44,id,full_episode_peak_normal_N,10,-2.641244983673096,-5.713801077008247,-0.27028159677982333,"paired environment-seed bootstrap 95%, identical recorded physical parameters",2,0,8,False
visuotactile_seed0_bc,script,primary,44,id,intervention_force_budget_exceeded,10,-0.5,-0.8,-0.2,"paired environment-seed bootstrap 95%, identical recorded physical parameters",0,5,5,False
visuotactile_seed0_bc,script,primary,44,id,intervention_peak_normal_N,10,-2.6406478881835938,-5.759950114488602,-0.24448753356933597,"paired environment-seed bootstrap 95%, identical recorded physical parameters",2,0,8,False
visuotactile_seed0_bc,script,primary,44,id,native_shaped_return,10,-28.95208973216122,-41.525636128685974,-17.423741159216277,"paired environment-seed bootstrap 95%, identical recorded physical parameters",1,0,9,True
visuotactile_seed0_bc,script,primary,44,id,setup_force_budget_exceeded,10,0.0,0.0,0.0,"paired environment-seed bootstrap 95%, identical recorded physical parameters",0,10,0,False
visuotactile_seed0_bc,script,primary,44,id,setup_peak_normal_N,10,0.0,0.0,0.0,"paired environment-seed bootstrap 95%, identical recorded physical parameters",0,10,0,False
visuotactile_seed0_bc,script,primary,44,id,sustained_10cm_lift_success,10,-0.9,-1.0,-0.7,"paired environment-seed bootstrap 95%, identical recorded physical parameters",0,1,9,True
visuotactile_seed0_bc,script,primary,44,id,sustained_10cm_lift_within_force_budget,10,-0.1,-0.4,0.2,"paired environment-seed bootstrap 95%, identical recorded physical parameters",1,7,2,True
visuotactile_seed0_bc,script,primary,44,id,sustained_native_success,10,-0.8,-1.0,-0.5,"paired environment-seed bootstrap 95%, identical recorded physical parameters",0,2,8,True
visuotactile_seed0_bc,script,primary,44,id,sustained_success_within_force_budget,10,-0.1,-0.4,0.2,"paired environment-seed bootstrap 95%, identical recorded physical parameters",1,7,2,True
visuotactile_seed0_bc,script,primary,44,ood,any_native_success,10,0.0,0.0,0.0,"paired environment-seed bootstrap 95%, identical recorded physical parameters",0,10,0,True
visuotactile_seed0_bc,script,primary,44,ood,bilateral_contact_at_takeover,10,0.0,0.0,0.0,"paired environment-seed bootstrap 95%, identical recorded physical parameters",0,10,0,False
visuotactile_seed0_bc,script,primary,44,ood,final_native_success,10,0.0,0.0,0.0,"paired environment-seed bootstrap 95%, identical recorded physical parameters",0,10,0,True
visuotactile_seed0_bc,script,primary,44,ood,force_budget_exceeded,10,0.0,0.0,0.0,"paired environment-seed bootstrap 95%, identical recorded physical parameters",0,10,0,False
visuotactile_seed0_bc,script,primary,44,ood,full_episode_peak_normal_N,10,1.0763501405715943,0.29616059064865113,1.9490670746564853,"paired environment-seed bootstrap 95%, identical recorded physical parameters",6,0,4,False
visuotactile_seed0_bc,script,primary,44,ood,intervention_force_budget_exceeded,10,-0.1,-0.3,0.0,"paired environment-seed bootstrap 95%, identical recorded physical parameters",0,9,1,False
visuotactile_seed0_bc,script,primary,44,ood,intervention_peak_normal_N,10,-0.9397592306137085,-2.44925434589386,0.5698177278041837,"paired environment-seed bootstrap 95%, identical recorded physical parameters",2,0,8,False
visuotactile_seed0_bc,script,primary,44,ood,native_shaped_return,10,9.457991872971746,1.2251059150326324,17.954801014185055,"paired environment-seed bootstrap 95%, identical recorded physical parameters",5,0,5,True
visuotactile_seed0_bc,script,primary,44,ood,setup_force_budget_exceeded,10,0.0,0.0,0.0,"paired environment-seed bootstrap 95%, identical recorded physical parameters",0,10,0,False
visuotactile_seed0_bc,script,primary,44,ood,setup_peak_normal_N,10,0.0,0.0,0.0,"paired environment-seed bootstrap 95%, identical recorded physical parameters",0,10,0,False
visuotactile_seed0_bc,script,primary,44,ood,sustained_10cm_lift_success,10,0.0,0.0,0.0,"paired environment-seed bootstrap 95%, identical recorded physical parameters",0,10,0,True
visuotactile_seed0_bc,script,primary,44,ood,sustained_10cm_lift_within_force_budget,10,0.0,0.0,0.0,"paired environment-seed bootstrap 95%, identical recorded physical parameters",0,10,0,True
visuotactile_seed0_bc,script,primary,44,ood,sustained_native_success,10,0.0,0.0,0.0,"paired environment-seed bootstrap 95%, identical recorded physical parameters",0,10,0,True
visuotactile_seed0_bc,script,primary,44,ood,sustained_success_within_force_budget,10,0.0,0.0,0.0,"paired environment-seed bootstrap 95%, identical recorded physical parameters",0,10,0,True
visuotactile_seed1_bc,force_feedback,primary,44,all,any_native_success,20,-0.1,-0.25,0.0,"paired environment-seed bootstrap 95%, identical recorded physical parameters",0,18,2,True
visuotactile_seed1_bc,force_feedback,primary,44,all,bilateral_contact_at_takeover,20,0.0,0.0,0.0,"paired environment-seed bootstrap 95%, identical recorded physical parameters",0,20,0,False
visuotactile_seed1_bc,force_feedback,primary,44,all,final_native_success,20,-0.1,-0.25,0.0,"paired environment-seed bootstrap 95%, identical recorded physical parameters",0,18,2,True
visuotactile_seed1_bc,force_feedback,primary,44,all,force_budget_exceeded,20,0.3,0.1,0.5,"paired environment-seed bootstrap 95%, identical recorded physical parameters",6,14,0,False
visuotactile_seed1_bc,force_feedback,primary,44,all,full_episode_peak_normal_N,20,3.8064721524715424,0.9183369190990925,6.772713069021698,"paired environment-seed bootstrap 95%, identical recorded physical parameters",15,0,5,False
visuotactile_seed1_bc,force_feedback,primary,44,all,intervention_force_budget_exceeded,20,0.35,0.15,0.55,"paired environment-seed bootstrap 95%, identical recorded physical parameters",7,13,0,False
visuotactile_seed1_bc,force_feedback,primary,44,all,intervention_peak_normal_N,20,3.166196745634079,0.6821707710623741,5.889631831049918,"paired environment-seed bootstrap 95%, identical recorded physical parameters",11,0,9,False
visuotactile_seed1_bc,force_feedback,primary,44,all,native_shaped_return,20,2.490455730198901,-10.133588762762024,13.41358822668937,"paired environment-seed bootstrap 95%, identical recorded physical parameters",14,0,6,True
visuotactile_seed1_bc,force_feedback,primary,44,all,setup_force_budget_exceeded,20,0.0,0.0,0.0,"paired environment-seed bootstrap 95%, identical recorded physical parameters",0,20,0,False
visuotactile_seed1_bc,force_feedback,primary,44,all,setup_peak_normal_N,20,0.0,0.0,0.0,"paired environment-seed bootstrap 95%, identical recorded physical parameters",0,20,0,False
visuotactile_seed1_bc,force_feedback,primary,44,all,sustained_10cm_lift_success,20,-0.2,-0.4,-0.05,"paired environment-seed bootstrap 95%, identical recorded physical parameters",0,16,4,True
visuotactile_seed1_bc,force_feedback,primary,44,all,sustained_10cm_lift_within_force_budget,20,-0.15,-0.3,0.0,"paired environment-seed bootstrap 95%, identical recorded physical parameters",0,17,3,True
visuotactile_seed1_bc,force_feedback,primary,44,all,sustained_native_success,20,-0.2,-0.4,-0.05,"paired environment-seed bootstrap 95%, identical recorded physical parameters",0,16,4,True
visuotactile_seed1_bc,force_feedback,primary,44,all,sustained_success_within_force_budget,20,-0.15,-0.35,0.0,"paired environment-seed bootstrap 95%, identical recorded physical parameters",0,17,3,True
visuotactile_seed1_bc,force_feedback,primary,44,id,any_native_success,10,-0.2,-0.5,0.0,"paired environment-seed bootstrap 95%, identical recorded physical parameters",0,8,2,True
visuotactile_seed1_bc,force_feedback,primary,44,id,bilateral_contact_at_takeover,10,0.0,0.0,0.0,"paired environment-seed bootstrap 95%, identical recorded physical parameters",0,10,0,False
visuotactile_seed1_bc,force_feedback,primary,44,id,final_native_success,10,-0.2,-0.5,0.0,"paired environment-seed bootstrap 95%, identical recorded physical parameters",0,8,2,True
visuotactile_seed1_bc,force_feedback,primary,44,id,force_budget_exceeded,10,0.1,0.0,0.3,"paired environment-seed bootstrap 95%, identical recorded physical parameters",1,9,0,False
visuotactile_seed1_bc,force_feedback,primary,44,id,full_episode_peak_normal_N,10,1.4521487593650817,-1.7010212141275405,4.480108219385141,"paired environment-seed bootstrap 95%, identical recorded physical parameters",7,0,3,False
visuotactile_seed1_bc,force_feedback,primary,44,id,intervention_force_budget_exceeded,10,0.4,0.1,0.7,"paired environment-seed bootstrap 95%, identical recorded physical parameters",4,6,0,False
visuotactile_seed1_bc,force_feedback,primary,44,id,intervention_peak_normal_N,10,3.5284325003623964,-0.16995873183012009,7.733801751732826,"paired environment-seed bootstrap 95%, identical recorded physical parameters",7,0,3,False
visuotactile_seed1_bc,force_feedback,primary,44,id,native_shaped_return,10,-14.559438303874611,-32.630094192660124,2.2132950376610783,"paired environment-seed bootstrap 95%, identical recorded physical parameters",6,0,4,True
visuotactile_seed1_bc,force_feedback,primary,44,id,setup_force_budget_exceeded,10,0.0,0.0,0.0,"paired environment-seed bootstrap 95%, identical recorded physical parameters",0,10,0,False
visuotactile_seed1_bc,force_feedback,primary,44,id,setup_peak_normal_N,10,0.0,0.0,0.0,"paired environment-seed bootstrap 95%, identical recorded physical parameters",0,10,0,False
visuotactile_seed1_bc,force_feedback,primary,44,id,sustained_10cm_lift_success,10,-0.4,-0.7,-0.1,"paired environment-seed bootstrap 95%, identical recorded physical parameters",0,6,4,True
visuotactile_seed1_bc,force_feedback,primary,44,id,sustained_10cm_lift_within_force_budget,10,-0.3,-0.6,0.0,"paired environment-seed bootstrap 95%, identical recorded physical parameters",0,7,3,True
visuotactile_seed1_bc,force_feedback,primary,44,id,sustained_native_success,10,-0.4,-0.7,-0.1,"paired environment-seed bootstrap 95%, identical recorded physical parameters",0,6,4,True
visuotactile_seed1_bc,force_feedback,primary,44,id,sustained_success_within_force_budget,10,-0.3,-0.6,-0.09750000000001365,"paired environment-seed bootstrap 95%, identical recorded physical parameters",0,7,3,True
visuotactile_seed1_bc,force_feedback,primary,44,ood,any_native_success,10,0.0,0.0,0.0,"paired environment-seed bootstrap 95%, identical recorded physical parameters",0,10,0,True
visuotactile_seed1_bc,force_feedback,primary,44,ood,bilateral_contact_at_takeover,10,0.0,0.0,0.0,"paired environment-seed bootstrap 95%, identical recorded physical parameters",0,10,0,False
visuotactile_seed1_bc,force_feedback,primary,44,ood,final_native_success,10,0.0,0.0,0.0,"paired environment-seed bootstrap 95%, identical recorded physical parameters",0,10,0,True
visuotactile_seed1_bc,force_feedback,primary,44,ood,force_budget_exceeded,10,0.5,0.2,0.8,"paired environment-seed bootstrap 95%, identical recorded physical parameters",5,5,0,False
visuotactile_seed1_bc,force_feedback,primary,44,ood,full_episode_peak_normal_N,10,6.160795545578003,1.7430081748962403,10.592686408758162,"paired environment-seed bootstrap 95%, identical recorded physical parameters",8,0,2,False
visuotactile_seed1_bc,force_feedback,primary,44,ood,intervention_force_budget_exceeded,10,0.3,0.0,0.6,"paired environment-seed bootstrap 95%, identical recorded physical parameters",3,7,0,False
visuotactile_seed1_bc,force_feedback,primary,44,ood,intervention_peak_normal_N,10,2.803960990905762,-0.4443449652194976,6.325702732801436,"paired environment-seed bootstrap 95%, identical recorded physical parameters",4,0,6,False
visuotactile_seed1_bc,force_feedback,primary,44,ood,native_shaped_return,10,19.540349764272413,11.644661914684935,25.345487035361423,"paired environment-seed bootstrap 95%, identical recorded physical parameters",8,0,2,True
visuotactile_seed1_bc,force_feedback,primary,44,ood,setup_force_budget_exceeded,10,0.0,0.0,0.0,"paired environment-seed bootstrap 95%, identical recorded physical parameters",0,10,0,False
visuotactile_seed1_bc,force_feedback,primary,44,ood,setup_peak_normal_N,10,0.0,0.0,0.0,"paired environment-seed bootstrap 95%, identical recorded physical parameters",0,10,0,False
visuotactile_seed1_bc,force_feedback,primary,44,ood,sustained_10cm_lift_success,10,0.0,0.0,0.0,"paired environment-seed bootstrap 95%, identical recorded physical parameters",0,10,0,True
visuotactile_seed1_bc,force_feedback,primary,44,ood,sustained_10cm_lift_within_force_budget,10,0.0,0.0,0.0,"paired environment-seed bootstrap 95%, identical recorded physical parameters",0,10,0,True
visuotactile_seed1_bc,force_feedback,primary,44,ood,sustained_native_success,10,0.0,0.0,0.0,"paired environment-seed bootstrap 95%, identical recorded physical parameters",0,10,0,True
visuotactile_seed1_bc,force_feedback,primary,44,ood,sustained_success_within_force_budget,10,0.0,0.0,0.0,"paired environment-seed bootstrap 95%, identical recorded physical parameters",0,10,0,True
visuotactile_seed1_bc,script,primary,44,all,any_native_success,20,-0.1,-0.25,0.0,"paired environment-seed bootstrap 95%, identical recorded physical parameters",0,18,2,True
visuotactile_seed1_bc,script,primary,44,all,bilateral_contact_at_takeover,20,0.0,0.0,0.0,"paired environment-seed bootstrap 95%, identical recorded physical parameters",0,20,0,False
visuotactile_seed1_bc,script,primary,44,all,final_native_success,20,-0.1,-0.25,0.0,"paired environment-seed bootstrap 95%, identical recorded physical parameters",0,18,2,True
visuotactile_seed1_bc,script,primary,44,all,force_budget_exceeded,20,-0.15,-0.45,0.15,"paired environment-seed bootstrap 95%, identical recorded physical parameters",3,11,6,False
visuotactile_seed1_bc,script,primary,44,all,full_episode_peak_normal_N,20,-0.361084395647049,-2.387009599506855,1.3672223742306222,"paired environment-seed bootstrap 95%, identical recorded physical parameters",11,0,9,False
visuotactile_seed1_bc,script,primary,44,all,intervention_force_budget_exceeded,20,-0.25,-0.5,-0.05,"paired environment-seed bootstrap 95%, identical recorded physical parameters",1,13,6,False
visuotactile_seed1_bc,script,primary,44,all,intervention_peak_normal_N,20,-2.040123301744461,-3.9106696520745756,-0.2578243464231493,"paired environment-seed bootstrap 95%, identical recorded physical parameters",3,0,17,False
visuotactile_seed1_bc,script,primary,44,all,native_shaped_return,20,2.015026649820813,-10.777854753414127,12.714586832712122,"paired environment-seed bootstrap 95%, identical recorded physical parameters",15,0,5,True
visuotactile_seed1_bc,script,primary,44,all,setup_force_budget_exceeded,20,0.0,0.0,0.0,"paired environment-seed bootstrap 95%, identical recorded physical parameters",0,20,0,False
visuotactile_seed1_bc,script,primary,44,all,setup_peak_normal_N,20,0.0,0.0,0.0,"paired environment-seed bootstrap 95%, identical recorded physical parameters",0,20,0,False
visuotactile_seed1_bc,script,primary,44,all,sustained_10cm_lift_success,20,-0.2,-0.4,-0.05,"paired environment-seed bootstrap 95%, identical recorded physical parameters",0,16,4,True
visuotactile_seed1_bc,script,primary,44,all,sustained_10cm_lift_within_force_budget,20,0.1,-0.1,0.3,"paired environment-seed bootstrap 95%, identical recorded physical parameters",3,16,1,True
visuotactile_seed1_bc,script,primary,44,all,sustained_native_success,20,-0.2,-0.4,-0.05,"paired environment-seed bootstrap 95%, identical recorded physical parameters",0,16,4,True
visuotactile_seed1_bc,script,primary,44,all,sustained_success_within_force_budget,20,0.1,-0.1,0.3,"paired environment-seed bootstrap 95%, identical recorded physical parameters",3,16,1,True
visuotactile_seed1_bc,script,primary,44,id,any_native_success,10,-0.2,-0.5,0.0,"paired environment-seed bootstrap 95%, identical recorded physical parameters",0,8,2,True
visuotactile_seed1_bc,script,primary,44,id,bilateral_contact_at_takeover,10,0.0,0.0,0.0,"paired environment-seed bootstrap 95%, identical recorded physical parameters",0,10,0,False
visuotactile_seed1_bc,script,primary,44,id,final_native_success,10,-0.2,-0.5,0.0,"paired environment-seed bootstrap 95%, identical recorded physical parameters",0,8,2,True
visuotactile_seed1_bc,script,primary,44,id,force_budget_exceeded,10,-0.4,-0.8,0.0,"paired environment-seed bootstrap 95%, identical recorded physical parameters",1,4,5,False
visuotactile_seed1_bc,script,primary,44,id,full_episode_peak_normal_N,10,-2.647312080860138,-5.519181452095509,-0.2533567535877237,"paired environment-seed bootstrap 95%, identical recorded physical parameters",2,0,8,False
visuotactile_seed1_bc,script,primary,44,id,intervention_force_budget_exceeded,10,-0.4,-0.8,0.0,"paired environment-seed bootstrap 95%, identical recorded physical parameters",1,4,5,False
visuotactile_seed1_bc,script,primary,44,id,intervention_peak_normal_N,10,-2.648555338382721,-5.93896773904562,-0.2948907291889191,"paired environment-seed bootstrap 95%, identical recorded physical parameters",2,0,8,False
visuotactile_seed1_bc,script,primary,44,id,native_shaped_return,10,-15.163404671803818,-33.7536438796824,-0.09141477459660634,"paired environment-seed bootstrap 95%, identical recorded physical parameters",6,0,4,True
visuotactile_seed1_bc,script,primary,44,id,setup_force_budget_exceeded,10,0.0,0.0,0.0,"paired environment-seed bootstrap 95%, identical recorded physical parameters",0,10,0,False
visuotactile_seed1_bc,script,primary,44,id,setup_peak_normal_N,10,0.0,0.0,0.0,"paired environment-seed bootstrap 95%, identical recorded physical parameters",0,10,0,False
visuotactile_seed1_bc,script,primary,44,id,sustained_10cm_lift_success,10,-0.4,-0.7,-0.1,"paired environment-seed bootstrap 95%, identical recorded physical parameters",0,6,4,True
visuotactile_seed1_bc,script,primary,44,id,sustained_10cm_lift_within_force_budget,10,0.2,-0.2,0.6,"paired environment-seed bootstrap 95%, identical recorded physical parameters",3,6,1,True
visuotactile_seed1_bc,script,primary,44,id,sustained_native_success,10,-0.4,-0.7,-0.1,"paired environment-seed bootstrap 95%, identical recorded physical parameters",0,6,4,True
visuotactile_seed1_bc,script,primary,44,id,sustained_success_within_force_budget,10,0.2,-0.1,0.5,"paired environment-seed bootstrap 95%, identical recorded physical parameters",3,6,1,True
visuotactile_seed1_bc,script,primary,44,ood,any_native_success,10,0.0,0.0,0.0,"paired environment-seed bootstrap 95%, identical recorded physical parameters",0,10,0,True
visuotactile_seed1_bc,script,primary,44,ood,bilateral_contact_at_takeover,10,0.0,0.0,0.0,"paired environment-seed bootstrap 95%, identical recorded physical parameters",0,10,0,False
visuotactile_seed1_bc,script,primary,44,ood,final_native_success,10,0.0,0.0,0.0,"paired environment-seed bootstrap 95%, identical recorded physical parameters",0,10,0,True
visuotactile_seed1_bc,script,primary,44,ood,force_budget_exceeded,10,0.1,-0.2,0.4,"paired environment-seed bootstrap 95%, identical recorded physical parameters",2,7,1,False
visuotactile_seed1_bc,script,primary,44,ood,full_episode_peak_normal_N,10,1.92514328956604,0.017179292440414433,3.737919300794601,"paired environment-seed bootstrap 95%, identical recorded physical parameters",9,0,1,False
visuotactile_seed1_bc,script,primary,44,ood,intervention_force_budget_exceeded,10,-0.1,-0.3,0.0,"paired environment-seed bootstrap 95%, identical recorded physical parameters",0,9,1,False
visuotactile_seed1_bc,script,primary,44,ood,intervention_peak_normal_N,10,-1.4316912651062013,-3.3986416554450987,0.9833525717258452,"paired environment-seed bootstrap 95%, identical recorded physical parameters",1,0,9,False
visuotactile_seed1_bc,script,primary,44,ood,native_shaped_return,10,19.193457971445444,11.902599378773946,24.36551947157155,"paired environment-seed bootstrap 95%, identical recorded physical parameters",9,0,1,True
visuotactile_seed1_bc,script,primary,44,ood,setup_force_budget_exceeded,10,0.0,0.0,0.0,"paired environment-seed bootstrap 95%, identical recorded physical parameters",0,10,0,False
visuotactile_seed1_bc,script,primary,44,ood,setup_peak_normal_N,10,0.0,0.0,0.0,"paired environment-seed bootstrap 95%, identical recorded physical parameters",0,10,0,False
visuotactile_seed1_bc,script,primary,44,ood,sustained_10cm_lift_success,10,0.0,0.0,0.0,"paired environment-seed bootstrap 95%, identical recorded physical parameters",0,10,0,True
visuotactile_seed1_bc,script,primary,44,ood,sustained_10cm_lift_within_force_budget,10,0.0,0.0,0.0,"paired environment-seed bootstrap 95%, identical recorded physical parameters",0,10,0,True
visuotactile_seed1_bc,script,primary,44,ood,sustained_native_success,10,0.0,0.0,0.0,"paired environment-seed bootstrap 95%, identical recorded physical parameters",0,10,0,True
visuotactile_seed1_bc,script,primary,44,ood,sustained_success_within_force_budget,10,0.0,0.0,0.0,"paired environment-seed bootstrap 95%, identical recorded physical parameters",0,10,0,True
visuotactile_seed2_bc,force_feedback,primary,44,all,any_native_success,20,-0.1,-0.25,0.0,"paired environment-seed bootstrap 95%, identical recorded physical parameters",0,18,2,True
visuotactile_seed2_bc,force_feedback,primary,44,all,bilateral_contact_at_takeover,20,0.0,0.0,0.0,"paired environment-seed bootstrap 95%, identical recorded physical parameters",0,20,0,False
visuotactile_seed2_bc,force_feedback,primary,44,all,final_native_success,20,-0.1,-0.25,0.0,"paired environment-seed bootstrap 95%, identical recorded physical parameters",0,18,2,True
visuotactile_seed2_bc,force_feedback,primary,44,all,force_budget_exceeded,20,0.35,0.15,0.55,"paired environment-seed bootstrap 95%, identical recorded physical parameters",7,13,0,False
visuotactile_seed2_bc,force_feedback,primary,44,all,full_episode_peak_normal_N,20,4.550003349781036,2.1058319252729416,7.2012829476594895,"paired environment-seed bootstrap 95%, identical recorded physical parameters",18,0,2,False
visuotactile_seed2_bc,force_feedback,primary,44,all,intervention_force_budget_exceeded,20,0.35,0.15,0.55,"paired environment-seed bootstrap 95%, identical recorded physical parameters",7,13,0,False
visuotactile_seed2_bc,force_feedback,primary,44,all,intervention_peak_normal_N,20,3.5570153832435607,1.1965098735690118,6.21826436638832,"paired environment-seed bootstrap 95%, identical recorded physical parameters",14,0,6,False
visuotactile_seed2_bc,force_feedback,primary,44,all,native_shaped_return,20,-1.4954756641868585,-14.489016811027163,11.079145208766674,"paired environment-seed bootstrap 95%, identical recorded physical parameters",11,0,9,True
visuotactile_seed2_bc,force_feedback,primary,44,all,setup_force_budget_exceeded,20,0.0,0.0,0.0,"paired environment-seed bootstrap 95%, identical recorded physical parameters",0,20,0,False
visuotactile_seed2_bc,force_feedback,primary,44,all,setup_peak_normal_N,20,0.0,0.0,0.0,"paired environment-seed bootstrap 95%, identical recorded physical parameters",0,20,0,False
visuotactile_seed2_bc,force_feedback,primary,44,all,sustained_10cm_lift_success,20,-0.45,-0.65,-0.25,"paired environment-seed bootstrap 95%, identical recorded physical parameters",0,11,9,True
visuotactile_seed2_bc,force_feedback,primary,44,all,sustained_10cm_lift_within_force_budget,20,-0.3,-0.5,-0.1,"paired environment-seed bootstrap 95%, identical recorded physical parameters",0,14,6,True
visuotactile_seed2_bc,force_feedback,primary,44,all,sustained_native_success,20,-0.4,-0.6,-0.2,"paired environment-seed bootstrap 95%, identical recorded physical parameters",0,12,8,True
visuotactile_seed2_bc,force_feedback,primary,44,all,sustained_success_within_force_budget,20,-0.3,-0.5,-0.1,"paired environment-seed bootstrap 95%, identical recorded physical parameters",0,14,6,True
visuotactile_seed2_bc,force_feedback,primary,44,id,any_native_success,10,-0.2,-0.5,0.0,"paired environment-seed bootstrap 95%, identical recorded physical parameters",0,8,2,True
visuotactile_seed2_bc,force_feedback,primary,44,id,bilateral_contact_at_takeover,10,0.0,0.0,0.0,"paired environment-seed bootstrap 95%, identical recorded physical parameters",0,10,0,False
visuotactile_seed2_bc,force_feedback,primary,44,id,final_native_success,10,-0.2,-0.5,0.0,"paired environment-seed bootstrap 95%, identical recorded physical parameters",0,8,2,True
visuotactile_seed2_bc,force_feedback,primary,44,id,force_budget_exceeded,10,0.0,0.0,0.0,"paired environment-seed bootstrap 95%, identical recorded physical parameters",0,10,0,False
visuotactile_seed2_bc,force_feedback,primary,44,id,full_episode_peak_normal_N,10,1.8801477193832397,-0.97044562458992,4.800738690495486,"paired environment-seed bootstrap 95%, identical recorded physical parameters",8,0,2,False
visuotactile_seed2_bc,force_feedback,primary,44,id,intervention_force_budget_exceeded,10,0.3,0.0,0.6,"paired environment-seed bootstrap 95%, identical recorded physical parameters",3,7,0,False
visuotactile_seed2_bc,force_feedback,primary,44,id,intervention_peak_normal_N,10,3.958424210548401,0.4802446186542511,8.13876259446144,"paired environment-seed bootstrap 95%, identical recorded physical parameters",9,0,1,False
visuotactile_seed2_bc,force_feedback,primary,44,id,native_shaped_return,10,-27.713482938627305,-41.64453821442855,-16.858348932115927,"paired environment-seed bootstrap 95%, identical recorded physical parameters",1,0,9,True
visuotactile_seed2_bc,force_feedback,primary,44,id,setup_force_budget_exceeded,10,0.0,0.0,0.0,"paired environment-seed bootstrap 95%, identical recorded physical parameters",0,10,0,False
visuotactile_seed2_bc,force_feedback,primary,44,id,setup_peak_normal_N,10,0.0,0.0,0.0,"paired environment-seed bootstrap 95%, identical recorded physical parameters",0,10,0,False
visuotactile_seed2_bc,force_feedback,primary,44,id,sustained_10cm_lift_success,10,-0.9,-1.0,-0.7,"paired environment-seed bootstrap 95%, identical recorded physical parameters",0,1,9,True
visuotactile_seed2_bc,force_feedback,primary,44,id,sustained_10cm_lift_within_force_budget,10,-0.6,-0.9,-0.3,"paired environment-seed bootstrap 95%, identical recorded physical parameters",0,4,6,True
visuotactile_seed2_bc,force_feedback,primary,44,id,sustained_native_success,10,-0.8,-1.0,-0.5,"paired environment-seed bootstrap 95%, identical recorded physical parameters",0,2,8,True
visuotactile_seed2_bc,force_feedback,primary,44,id,sustained_success_within_force_budget,10,-0.6,-0.9,-0.3,"paired environment-seed bootstrap 95%, identical recorded physical parameters",0,4,6,True
visuotactile_seed2_bc,force_feedback,primary,44,ood,any_native_success,10,0.0,0.0,0.0,"paired environment-seed bootstrap 95%, identical recorded physical parameters",0,10,0,True
visuotactile_seed2_bc,force_feedback,primary,44,ood,bilateral_contact_at_takeover,10,0.0,0.0,0.0,"paired environment-seed bootstrap 95%, identical recorded physical parameters",0,10,0,False
visuotactile_seed2_bc,force_feedback,primary,44,ood,final_native_success,10,0.0,0.0,0.0,"paired environment-seed bootstrap 95%, identical recorded physical parameters",0,10,0,True
visuotactile_seed2_bc,force_feedback,primary,44,ood,force_budget_exceeded,10,0.7,0.4,1.0,"paired environment-seed bootstrap 95%, identical recorded physical parameters",7,3,0,False
visuotactile_seed2_bc,force_feedback,primary,44,ood,full_episode_peak_normal_N,10,7.219858980178833,3.699566526412964,10.891233316659928,"paired environment-seed bootstrap 95%, identical recorded physical parameters",10,0,0,False
visuotactile_seed2_bc,force_feedback,primary,44,ood,intervention_force_budget_exceeded,10,0.4,0.1,0.7,"paired environment-seed bootstrap 95%, identical recorded physical parameters",4,6,0,False
visuotactile_seed2_bc,force_feedback,primary,44,ood,intervention_peak_normal_N,10,3.1556065559387205,0.15511677145957953,6.656620961427684,"paired environment-seed bootstrap 95%, identical recorded physical parameters",5,0,5,False
visuotactile_seed2_bc,force_feedback,primary,44,ood,native_shaped_return,10,24.72253161025359,23.590134050690068,25.623026560314667,"paired environment-seed bootstrap 95%, identical recorded physical parameters",10,0,0,True
visuotactile_seed2_bc,force_feedback,primary,44,ood,setup_force_budget_exceeded,10,0.0,0.0,0.0,"paired environment-seed bootstrap 95%, identical recorded physical parameters",0,10,0,False
visuotactile_seed2_bc,force_feedback,primary,44,ood,setup_peak_normal_N,10,0.0,0.0,0.0,"paired environment-seed bootstrap 95%, identical recorded physical parameters",0,10,0,False
visuotactile_seed2_bc,force_feedback,primary,44,ood,sustained_10cm_lift_success,10,0.0,0.0,0.0,"paired environment-seed bootstrap 95%, identical recorded physical parameters",0,10,0,True
visuotactile_seed2_bc,force_feedback,primary,44,ood,sustained_10cm_lift_within_force_budget,10,0.0,0.0,0.0,"paired environment-seed bootstrap 95%, identical recorded physical parameters",0,10,0,True
visuotactile_seed2_bc,force_feedback,primary,44,ood,sustained_native_success,10,0.0,0.0,0.0,"paired environment-seed bootstrap 95%, identical recorded physical parameters",0,10,0,True
visuotactile_seed2_bc,force_feedback,primary,44,ood,sustained_success_within_force_budget,10,0.0,0.0,0.0,"paired environment-seed bootstrap 95%, identical recorded physical parameters",0,10,0,True
visuotactile_seed2_bc,script,primary,44,all,any_native_success,20,-0.1,-0.25,0.0,"paired environment-seed bootstrap 95%, identical recorded physical parameters",0,18,2,True
visuotactile_seed2_bc,script,primary,44,all,bilateral_contact_at_takeover,20,0.0,0.0,0.0,"paired environment-seed bootstrap 95%, identical recorded physical parameters",0,20,0,False
visuotactile_seed2_bc,script,primary,44,all,final_native_success,20,-0.1,-0.25,0.0,"paired environment-seed bootstrap 95%, identical recorded physical parameters",0,18,2,True
visuotactile_seed2_bc,script,primary,44,all,force_budget_exceeded,20,-0.1,-0.35,0.15,"paired environment-seed bootstrap 95%, identical recorded physical parameters",3,12,5,False
visuotactile_seed2_bc,script,primary,44,all,full_episode_peak_normal_N,20,0.38244680166244505,-1.6380137658119203,2.1581886628270146,"paired environment-seed bootstrap 95%, identical recorded physical parameters",14,0,6,False
visuotactile_seed2_bc,script,primary,44,all,intervention_force_budget_exceeded,20,-0.25,-0.45,-0.1,"paired environment-seed bootstrap 95%, identical recorded physical parameters",0,15,5,False
visuotactile_seed2_bc,script,primary,44,all,intervention_peak_normal_N,20,-1.6493046641349793,-3.367005425095558,-0.16546679526567512,"paired environment-seed bootstrap 95%, identical recorded physical parameters",6,0,14,False
visuotactile_seed2_bc,script,primary,44,all,native_shaped_return,20,-1.970904744564945,-15.522599701260145,10.260507180714658,"paired environment-seed bootstrap 95%, identical recorded physical parameters",11,0,9,True
visuotactile_seed2_bc,script,primary,44,all,setup_force_budget_exceeded,20,0.0,0.0,0.0,"paired environment-seed bootstrap 95%, identical recorded physical parameters",0,20,0,False
visuotactile_seed2_bc,script,primary,44,all,setup_peak_normal_N,20,0.0,0.0,0.0,"paired environment-seed bootstrap 95%, identical recorded physical parameters",0,20,0,False
visuotactile_seed2_bc,script,primary,44,all,sustained_10cm_lift_success,20,-0.45,-0.7,-0.25,"paired environment-seed bootstrap 95%, identical recorded physical parameters",0,11,9,True
visuotactile_seed2_bc,script,primary,44,all,sustained_10cm_lift_within_force_budget,20,-0.05,-0.2,0.1,"paired environment-seed bootstrap 95%, identical recorded physical parameters",1,17,2,True
visuotactile_seed2_bc,script,primary,44,all,sustained_native_success,20,-0.4,-0.6,-0.2,"paired environment-seed bootstrap 95%, identical recorded physical parameters",0,12,8,True
visuotactile_seed2_bc,script,primary,44,all,sustained_success_within_force_budget,20,-0.05,-0.20124999999999993,0.1,"paired environment-seed bootstrap 95%, identical recorded physical parameters",1,17,2,True
visuotactile_seed2_bc,script,primary,44,id,any_native_success,10,-0.2,-0.5,0.0,"paired environment-seed bootstrap 95%, identical recorded physical parameters",0,8,2,True
visuotactile_seed2_bc,script,primary,44,id,bilateral_contact_at_takeover,10,0.0,0.0,0.0,"paired environment-seed bootstrap 95%, identical recorded physical parameters",0,10,0,False
visuotactile_seed2_bc,script,primary,44,id,final_native_success,10,-0.2,-0.5,0.0,"paired environment-seed bootstrap 95%, identical recorded physical parameters",0,8,2,True
visuotactile_seed2_bc,script,primary,44,id,force_budget_exceeded,10,-0.5,-0.8,-0.2,"paired environment-seed bootstrap 95%, identical recorded physical parameters",0,5,5,False
visuotactile_seed2_bc,script,primary,44,id,full_episode_peak_normal_N,10,-2.21931312084198,-4.762955458760262,-0.2762706226110459,"paired environment-seed bootstrap 95%, identical recorded physical parameters",4,0,6,False
visuotactile_seed2_bc,script,primary,44,id,intervention_force_budget_exceeded,10,-0.5,-0.8,-0.2,"paired environment-seed bootstrap 95%, identical recorded physical parameters",0,5,5,False
visuotactile_seed2_bc,script,primary,44,id,intervention_peak_normal_N,10,-2.2185636281967165,-4.867677021026611,-0.2968161875009537,"paired environment-seed bootstrap 95%, identical recorded physical parameters",4,0,6,False
visuotactile_seed2_bc,script,primary,44,id,native_shaped_return,10,-28.31744930655651,-41.00197967370022,-17.507208896125487,"paired environment-seed bootstrap 95%, identical recorded physical parameters",1,0,9,True
visuotactile_seed2_bc,script,primary,44,id,setup_force_budget_exceeded,10,0.0,0.0,0.0,"paired environment-seed bootstrap 95%, identical recorded physical parameters",0,10,0,False
visuotactile_seed2_bc,script,primary,44,id,setup_peak_normal_N,10,0.0,0.0,0.0,"paired environment-seed bootstrap 95%, identical recorded physical parameters",0,10,0,False
visuotactile_seed2_bc,script,primary,44,id,sustained_10cm_lift_success,10,-0.9,-1.0,-0.7,"paired environment-seed bootstrap 95%, identical recorded physical parameters",0,1,9,True
visuotactile_seed2_bc,script,primary,44,id,sustained_10cm_lift_within_force_budget,10,-0.1,-0.4,0.2,"paired environment-seed bootstrap 95%, identical recorded physical parameters",1,7,2,True
visuotactile_seed2_bc,script,primary,44,id,sustained_native_success,10,-0.8,-1.0,-0.5,"paired environment-seed bootstrap 95%, identical recorded physical parameters",0,2,8,True
visuotactile_seed2_bc,script,primary,44,id,sustained_success_within_force_budget,10,-0.1,-0.4,0.2,"paired environment-seed bootstrap 95%, identical recorded physical parameters",1,7,2,True
visuotactile_seed2_bc,script,primary,44,ood,any_native_success,10,0.0,0.0,0.0,"paired environment-seed bootstrap 95%, identical recorded physical parameters",0,10,0,True
visuotactile_seed2_bc,script,primary,44,ood,bilateral_contact_at_takeover,10,0.0,0.0,0.0,"paired environment-seed bootstrap 95%, identical recorded physical parameters",0,10,0,False
visuotactile_seed2_bc,script,primary,44,ood,final_native_success,10,0.0,0.0,0.0,"paired environment-seed bootstrap 95%, identical recorded physical parameters",0,10,0,True
visuotactile_seed2_bc,script,primary,44,ood,force_budget_exceeded,10,0.3,0.0,0.6,"paired environment-seed bootstrap 95%, identical recorded physical parameters",3,7,0,False
visuotactile_seed2_bc,script,primary,44,ood,full_episode_peak_normal_N,10,2.98420672416687,1.697389006614685,5.005432971715926,"paired environment-seed bootstrap 95%, identical recorded physical parameters",10,0,0,False
visuotactile_seed2_bc,script,primary,44,ood,intervention_force_budget_exceeded,10,0.0,0.0,0.0,"paired environment-seed bootstrap 95%, identical recorded physical parameters",0,10,0,False
visuotactile_seed2_bc,script,primary,44,ood,intervention_peak_normal_N,10,-1.0800457000732422,-2.868904807567596,0.7603388571739196,"paired environment-seed bootstrap 95%, identical recorded physical parameters",2,0,8,False
visuotactile_seed2_bc,script,primary,44,ood,native_shaped_return,10,24.37563981742662,23.350697763074635,25.338527385590698,"paired environment-seed bootstrap 95%, identical recorded physical parameters",10,0,0,True
visuotactile_seed2_bc,script,primary,44,ood,setup_force_budget_exceeded,10,0.0,0.0,0.0,"paired environment-seed bootstrap 95%, identical recorded physical parameters",0,10,0,False
visuotactile_seed2_bc,script,primary,44,ood,setup_peak_normal_N,10,0.0,0.0,0.0,"paired environment-seed bootstrap 95%, identical recorded physical parameters",0,10,0,False
visuotactile_seed2_bc,script,primary,44,ood,sustained_10cm_lift_success,10,0.0,0.0,0.0,"paired environment-seed bootstrap 95%, identical recorded physical parameters",0,10,0,True
visuotactile_seed2_bc,script,primary,44,ood,sustained_10cm_lift_within_force_budget,10,0.0,0.0,0.0,"paired environment-seed bootstrap 95%, identical recorded physical parameters",0,10,0,True
visuotactile_seed2_bc,script,primary,44,ood,sustained_native_success,10,0.0,0.0,0.0,"paired environment-seed bootstrap 95%, identical recorded physical parameters",0,10,0,True
visuotactile_seed2_bc,script,primary,44,ood,sustained_success_within_force_budget,10,0.0,0.0,0.0,"paired environment-seed bootstrap 95%, identical recorded physical parameters",0,10,0,True
